{
  "type": "FeatureCollection",
  "bosc:provenance": {
    "subject": "Findlay's PUBLIC places \u2014 the three civic/flood land holdings the Blanchard River story walks, Hancock County OH (FIPS 39063), 26 parcels / 1,921.77 ac county-CAMA: the Maumee Watershed Conservancy District's EAGLE CREEK DRY STORAGE BASIN acquisition (18 parcels, 795.35 ac, Eagle Township), the City of Findlay WATER POLLUTION CONTROL CENTER at 1201 S River Rd (2 parcels, 77.85 ac) and the City's UPGROUND RESERVOIR holding on TR 207/205 (6 parcels, 1,048.57 ac, Marion Township). #1462, sub-issue of #1265. Deliberately a SEPARATE file from parcel-assemblage.geojson \u2014 see caveats.",
    "source": "OGRIP \u2014 Ohio Statewide Parcels Public View (owner ogrip_agol), FeatureServer layer 0, scoped County='Hancock', read through the ohio_parcels connector (OHIO_STATEWIDE_PARCEL_SCHEMA). Waterbody names/areas cross-checked against the USGS NHD Waterbody - Large Scale layer; township attribution against the Census TIGER county-subdivision layer.",
    "source_url": "https://services2.arcgis.com/MlJ0G8iWUyC7jAmu/arcgis/rest/services/OhioStatewidePacels_full_view/FeatureServer/0",
    "read": "2026-08-02",
    "cama_current_to": "2023-05-08",
    "crs": "EPSG:4326 (WGS84)",
    "count": 26,
    "distinct_parcels": 26,
    "flood_storage_basin_cama_acres": 795.35,
    "flood_storage_basin_planar_acres": 782.77,
    "wwtp_cama_acres": 77.85,
    "wwtp_planar_acres": 68.495,
    "water_supply_reservoir_cama_acres": 1048.57,
    "water_supply_reservoir_planar_acres": 1019.565,
    "total_cama_acres": 1921.77,
    "total_planar_acres": 1870.83,
    "caveats": [
      "\u26a0\ufe0f THIS FILE IS NOT THE SITE'S CAMPUS AND IS DELIBERATELY NOT WIRED TO ONE. `SiteProfile.parcels_relpath` points at parcel-assemblage.geojson (the One Power / One Energy holding) and nothing else, because that path drives the `geo/campus` map feed, the SSURGO dominant-HSG sample and the stormwater screen's total area. Folding 1,921 ac of reservoir, WWTP and flood-basin ground into it would draw public infrastructure as 'campus', sample soils 13 km from the hub, and inflate a runoff denominator. These are the site's other PLACES; they are committed as evidence and read by citation.",
      "\u26a0\ufe0f SAME 2023-05-08 VINTAGE AS THE HUB FILE. The OGRIP Hancock slice carries CurrentTo 2023-05-08. For these three holdings that matters less than it does for the hub \u2014 a conservancy district and a municipal water system do not turn over \u2014 but the Eagle Creek acquisition was still in progress when this export was cut, so 795.35 ac is a FLOOR on what MWCD holds today, not a closing figure.",
      "\u26a0\ufe0f THE OGRIP LAYER SERVES ONE ROW PER POLYGON PART, NOT ONE ROW PER PARCEL. Five of these 26 parcels come back as 2-4 separate rows (the Wood-County CAMA shape, #1436); each is merged here into a single MultiPolygon feature and `geometry_parts` records how many rows it took. Deduping the query result by parcel id \u2014 the obvious defensive move \u2014 silently DROPS real geometry: it would have cost this file 220 ac.",
      "THE 765-ACRE IMPOUNDMENT AND THE 795-ACRE HOLDING ARE DIFFERENT MEASUREMENTS. hancockcountyflooding.com publishes 'approximately 765 acres' for the Eagle Creek Dry Storage Basin \u2014 the area WITHIN THE DAM ALIGNMENT that the impoundment floods. This file carries 795.35 CAMA ac / 782.77 planar ac of LAND ACQUIRED, in three non-contiguous blocks. Acquired land properly exceeds the impoundment (embankment, access, buffer), so the two are consistent \u2014 but they are not the same number and neither is derived from the other. THE DAM ALIGNMENT ITSELF IS STILL [open]: no surveyed impoundment polygon or ODNR Dam Safety permit exhibit is in the corpus, so nothing here is the basin outline. See data/extracted/findlay/flood/eagle-creek-basin-footprint.handoff.yaml.",
      "THE PUBLISHED VERBAL BOUNDS CHECK OUT, AND SO DOES THE CREEK. The handoff records the basin as bounded west by TR 76 and east by US-68 in Eagle Township, ~4 mi south of downtown Findlay; #1462's own issue text quotes 'west of U.S. 68 and just north of Township Road 49'. The 18 MWCD parcels carry situs addresses on exactly those four roads (TR 76, TR 77, TR 49, US RT 68); their POLYGON extent spans 40.9681-40.9902 N and their parcel CENTROIDS 40.9738-40.9890 N, against downtown Findlay at 41.0440 \u2014 3.0-4.6 mi south by polygon extent, 3.4-4.5 by centroid. (Quote whichever you mean: the centroid span is what reads as the published '~4 miles south', the polygon extent is the committed geometry's actual bounds.) The USGS NHD large-scale flowline layer puts seven Eagle Creek segments through the block. Township confirmed via Census TIGER. [verified]",
      "THE WPCC PARCEL CONTAINS THE PERMITTED OUTFALL \u2014 a point-in-polygon test, [verified]. The profile's cited outfall 2PD00008001 (Blanchard River RM 56.42, 41.049722/-83.667778, Ohio EPA fact sheet 2PD00008*UD p.7) falls inside parcel 610000926490, situs 1201 S River Rd. `contains_wpcc_outfall` records the test. The adjoining 27.33-ac city parcel 610000926560 ('0 RIVER RD') is carried as the second wwtp-role feature on ADJACENCY and common ownership only \u2014 no instrument in the corpus assigns it to the plant, so read it as city land next to the WPCC, not as plant land.",
      "\u26a0\ufe0f THE WPCC PARCEL'S GEOMETRY UNDER-COVERS ITS DEEDED ACREAGE BY 21%. 610000926490 reads 50.52 ac in CAMA but its three polygon parts measure 39.758 ac planar \u2014 a 10.76-ac, -21.3% gap, the largest in the file. It is NOT a lone outlier, and the spread it sits in is worth reading before trusting any single planar figure here: 200001032776 is -17.5% (3.25 ac CAMA -> 2.68 planar), and the other 24 parcels run -7.2% to +5.2%. Two readings fit that spread and this file does not choose between them: served geometry that under-covers the deed (a missing part, a river-bounded edge, a stale split), or CAMA acreages never re-surveyed. Either way cite 50.52 ac as the deeded figure and do NOT use this polygon as a plant-area measurement.",
      "THE TWO RESERVOIRS ARE NAMED BY NHD, NOT BY THE PARCEL LAYER. The parcel rows say only 'CITY OF FINDLAY' on TR 207 / TR 205 in Marion Township. The USGS NHD Waterbody - Large Scale layer carries exactly two reservoirs (FType 436) over this block: 'Findlay Reservoir' at 177.9 ac and 'Findlay Upground Reservoir Number Two' at 628.9 ac \u2014 806.8 ac of WATER SURFACE inside 1,048.57 ac of city LAND. Which parcel underlies which reservoir is NOT asserted: the parcel boundaries and the waterbody boundaries are different geometries from different producers and were not reconciled. \u26a0\ufe0f This is the same Findlay Reservoir whose diversion and low-flow augmentation release make USGS gage 04189000 a REGULATED station \u2014 the defect that retired the derived 8.67 cfs 7Q10 for the WPCC reach in #1458.",
      "acres is the county CAMA (auditor) figure from the OGRIP LandArea column; planar_acres is measured from this geometry in UTM 17N (EPSG:32617). The two are NOT reconciled and neither is adjusted to the other.",
      "THERE IS NO OWNER FIELD HERE, AND THE PROPERTY NAMES SAY SO. The OGRIP public view is owner-redacted (owner_field=''), so this file carries `owner_mailing_name` \u2014 the recipient line of the tax-bill mailing label, trailing city/ZIP stripped \u2014 and NOT an `owner` or `owner_of_record` property, because a tax-bill recipient is not the same thing as an owner of record. `owner_mailing_address` carries the label verbatim. Note the conservancy district's label is truncated inconsistently by the source itself \u2014 some rows read 'MAUMEE WATERSHED CONSERVANCY', others 'MAUMEE WATERSHED CONSERVANCY DISTRICT'; both are the same entity and neither is corrected here.",
      "Right-county guard: Hancock County OHIO (FIPS 39063). Tax-district prefixes are '20' (Eagle Township), '33' (Marion Township) and '61' (City of Findlay)."
    ]
  },
  "features": [
    {
      "type": "Feature",
      "geometry": {
        "type": "MultiPolygon",
        "coordinates": [
          [
            [
              [
                -83.6595396607183,
                40.9899812776129
              ],
              [
                -83.6571397513131,
                40.9899483905489
              ],
              [
                -83.6571290803009,
                40.9864632913301
              ],
              [
                -83.6601635021312,
                40.9865506372719
              ],
              [
                -83.6601440220488,
                40.9899888007498
              ],
              [
                -83.6600845068396,
                40.9899887166809
              ],
              [
                -83.6595396607183,
                40.9899812776129
              ]
            ]
          ],
          [
            [
              [
                -83.6611407569215,
                40.9900055381534
              ],
              [
                -83.660301837661,
                40.9899889692528
              ],
              [
                -83.6602635497981,
                40.9899889405498
              ],
              [
                -83.660283036712,
                40.9865499928148
              ],
              [
                -83.667854161408,
                40.9867774338725
              ],
              [
                -83.668519514572,
                40.9867973979548
              ],
              [
                -83.6685050872096,
                40.9901507246689
              ],
              [
                -83.668451336405,
                40.9901496664025
              ],
              [
                -83.6611407569215,
                40.9900055381534
              ]
            ]
          ]
        ]
      },
      "properties": {
        "parcel_id": "200000044800",
        "state_parcel_id": "39063-200000044800",
        "place_role": "flood_storage_basin",
        "owner_mailing_name": "MAUMEE WATERSHED CONSERVANCY",
        "owner_mailing_address": "MAUMEE WATERSHED CONSERVANCY DEFIANCE 43512",
        "situs_address": "12320 TOWNSHIP RD 77 FINDLAY 45840",
        "land_use_code": 740,
        "land_use_name": "Abt-Othe Tax-C.C. 165. 165.41",
        "acres": 89.89,
        "planar_acres": 88.793,
        "cama_current_to": "2023-05-08",
        "geometry_parts": 2,
        "contains_wpcc_outfall": false
      }
    },
    {
      "type": "Feature",
      "geometry": {
        "type": "Polygon",
        "coordinates": [
          [
            [
              -83.6602844769561,
              40.9858141385844
            ],
            [
              -83.6602855351143,
              40.9852721591392
            ],
            [
              -83.6610289448601,
              40.9852933502195
            ],
            [
              -83.6610288352703,
              40.9858315133423
            ],
            [
              -83.6602844769561,
              40.9858141385844
            ]
          ]
        ]
      },
      "properties": {
        "parcel_id": "200000044820",
        "state_parcel_id": "39063-200000044820",
        "place_role": "flood_storage_basin",
        "owner_mailing_name": "MAUMEE WATERSHED CONSERVANCY",
        "owner_mailing_address": "MAUMEE WATERSHED CONSERVANCY DEFIANCE 43512",
        "situs_address": "12536 TOWNSHIP RD 77 FINDLAY 45840",
        "land_use_code": 740,
        "land_use_name": "Abt-Othe Tax-C.C. 165. 165.41",
        "acres": 1,
        "planar_acres": 0.928,
        "cama_current_to": "2023-05-08",
        "geometry_parts": 1,
        "contains_wpcc_outfall": false
      }
    },
    {
      "type": "Feature",
      "geometry": {
        "type": "Polygon",
        "coordinates": [
          [
            [
              -83.6603000541495,
              40.9829440879929
            ],
            [
              -83.6603377310513,
              40.9793208730795
            ],
            [
              -83.66507347889,
              40.9794733985659
            ],
            [
              -83.6661950227044,
              40.9795074547428
            ],
            [
              -83.6661934234839,
              40.9831043353419
            ],
            [
              -83.6603000541495,
              40.9829440879929
            ]
          ]
        ]
      },
      "properties": {
        "parcel_id": "200000044840",
        "state_parcel_id": "39063-200000044840",
        "place_role": "flood_storage_basin",
        "owner_mailing_name": "MAUMEE WATERSHED CONSERVANCY",
        "owner_mailing_address": "MAUMEE WATERSHED CONSERVANCY DEFIANCE 43512",
        "situs_address": "0 TOWNSHIP RD 77 FINDLAY 45840",
        "land_use_code": 740,
        "land_use_name": "Abt-Othe Tax-C.C. 165. 165.41",
        "acres": 50.34,
        "planar_acres": 49.003,
        "cama_current_to": "2023-05-08",
        "geometry_parts": 1,
        "contains_wpcc_outfall": false
      }
    },
    {
      "type": "Feature",
      "geometry": {
        "type": "Polygon",
        "coordinates": [
          [
            [
              -83.6693018601621,
              40.9741770826008
            ],
            [
              -83.6693182084122,
              40.9735001549735
            ],
            [
              -83.6697974507994,
              40.9735048055798
            ],
            [
              -83.6697972438049,
              40.9741818737093
            ],
            [
              -83.6693018601621,
              40.9741770826008
            ]
          ]
        ]
      },
      "properties": {
        "parcel_id": "200000045310",
        "state_parcel_id": "39063-200000045310",
        "place_role": "flood_storage_basin",
        "owner_mailing_name": "MAUMEE WATERSHED CONSERVANCY",
        "owner_mailing_address": "MAUMEE WATERSHED CONSERVANCY DEFIANCE 43512",
        "situs_address": "13401 TOWNSHIP RD 76 FINDLAY 45840",
        "land_use_code": 501,
        "land_use_name": "Res-Custom Code",
        "acres": 0.79,
        "planar_acres": 0.762,
        "cama_current_to": "2023-05-08",
        "geometry_parts": 1,
        "contains_wpcc_outfall": false
      }
    },
    {
      "type": "Feature",
      "geometry": {
        "type": "Polygon",
        "coordinates": [
          [
            [
              -83.6674791796853,
              40.9794640259196
            ],
            [
              -83.6674785592544,
              40.9785911830063
            ],
            [
              -83.6672350965868,
              40.9785834964503
            ],
            [
              -83.6662481107889,
              40.9785523291817
            ],
            [
              -83.6662474797189,
              40.9776458085189
            ],
            [
              -83.6657665316139,
              40.9776399771251
            ],
            [
              -83.6650726970785,
              40.9776315543873
            ],
            [
              -83.665070381328,
              40.9721772973601
            ],
            [
              -83.6697978065271,
              40.9723255658766
            ],
            [
              -83.6697974507994,
              40.9735048055798
            ],
            [
              -83.6693182084122,
              40.9735001549735
            ],
            [
              -83.6693018601621,
              40.9741770826008
            ],
            [
              -83.6697972438049,
              40.9741818737093
            ],
            [
              -83.66979722716,
              40.9742340579424
            ],
            [
              -83.6697888521997,
              40.9759140195509
            ],
            [
              -83.669784398996,
              40.9773183081877
            ],
            [
              -83.6697881861389,
              40.9795340802038
            ],
            [
              -83.6674791796853,
              40.9794640259196
            ]
          ]
        ]
      },
      "properties": {
        "parcel_id": "200001005227",
        "state_parcel_id": "39063-200001005227",
        "place_role": "flood_storage_basin",
        "owner_mailing_name": "MAUMEE WATERSHED CONSERVANCY",
        "owner_mailing_address": "MAUMEE WATERSHED CONSERVANCY DEFIANCE 43512",
        "situs_address": "0 TOWNSHIP RD 49 FINDLAY 45840",
        "land_use_code": 110,
        "land_use_name": "Agr-CAUV-Vacant Land",
        "acres": 71.71,
        "planar_acres": 70.58,
        "cama_current_to": "2023-05-08",
        "geometry_parts": 1,
        "contains_wpcc_outfall": false
      }
    },
    {
      "type": "Feature",
      "geometry": {
        "type": "Polygon",
        "coordinates": [
          [
            [
              -83.660283036712,
              40.9865499928148
            ],
            [
              -83.6602844769561,
              40.9858141385844
            ],
            [
              -83.6610288352703,
              40.9858315133423
            ],
            [
              -83.6610289448601,
              40.9852933502195
            ],
            [
              -83.6602855351143,
              40.9852721591392
            ],
            [
              -83.6603000541495,
              40.9829440879929
            ],
            [
              -83.6661934234839,
              40.9831043353419
            ],
            [
              -83.6697602595744,
              40.9832011748589
            ],
            [
              -83.6697526512026,
              40.9850810456898
            ],
            [
              -83.6678594636945,
              40.9850297256672
            ],
            [
              -83.6678559125436,
              40.98619799171
            ],
            [
              -83.667854161408,
              40.9867774338725
            ],
            [
              -83.660283036712,
              40.9865499928148
            ]
          ]
        ]
      },
      "properties": {
        "parcel_id": "200001006822",
        "state_parcel_id": "39063-200001006822",
        "place_role": "flood_storage_basin",
        "owner_mailing_name": "MAUMEE WATERSHED CONSERVANCY",
        "owner_mailing_address": "MAUMEE WATERSHED CONSERVANCY DEFIANCE 43512",
        "situs_address": "0 TOWNSHIP RD 77 FINDLAY 45840",
        "land_use_code": 740,
        "land_use_name": "Abt-Othe Tax-C.C. 165. 165.41",
        "acres": 71.51,
        "planar_acres": 70.562,
        "cama_current_to": "2023-05-08",
        "geometry_parts": 1,
        "contains_wpcc_outfall": false
      }
    },
    {
      "type": "Feature",
      "geometry": {
        "type": "Polygon",
        "coordinates": [
          [
            [
              -83.665767757001,
              40.9794120721074
            ],
            [
              -83.6657665316139,
              40.9776399771251
            ],
            [
              -83.6662474797189,
              40.9776458085189
            ],
            [
              -83.6662481107889,
              40.9785523291817
            ],
            [
              -83.6672350965868,
              40.9785834964503
            ],
            [
              -83.6672352556406,
              40.978808843688
            ],
            [
              -83.6671503263657,
              40.9788088780822
            ],
            [
              -83.667150458256,
              40.9789970605346
            ],
            [
              -83.6658760362485,
              40.9789568141688
            ],
            [
              -83.6658763534242,
              40.9794153694023
            ],
            [
              -83.665767757001,
              40.9794120721074
            ]
          ]
        ]
      },
      "properties": {
        "parcel_id": "200001007552",
        "state_parcel_id": "39063-200001007552",
        "place_role": "flood_storage_basin",
        "owner_mailing_name": "MAUMEE WATERSHED CONSERVANCY",
        "owner_mailing_address": "MAUMEE WATERSHED CONSERVANCY DEFIANCE 43512",
        "situs_address": "0 TOWNSHIP RD 49 FINDLAY 45840",
        "land_use_code": 599,
        "land_use_name": "Res-Other",
        "acres": 2.5,
        "planar_acres": 2.492,
        "cama_current_to": "2023-05-08",
        "geometry_parts": 1,
        "contains_wpcc_outfall": false
      }
    },
    {
      "type": "Feature",
      "geometry": {
        "type": "Polygon",
        "coordinates": [
          [
            [
              -83.6571290803009,
              40.9864632913301
            ],
            [
              -83.6527298717215,
              40.9863365173935
            ],
            [
              -83.6534398597917,
              40.9827485189026
            ],
            [
              -83.6601805576694,
              40.9829404424839
            ],
            [
              -83.6601660124667,
              40.9852687515012
            ],
            [
              -83.6601635021312,
              40.9865506372719
            ],
            [
              -83.6571290803009,
              40.9864632913301
            ]
          ]
        ]
      },
      "properties": {
        "parcel_id": "200001008917",
        "state_parcel_id": "39063-200001008917",
        "place_role": "flood_storage_basin",
        "owner_mailing_name": "MAUMEE WATERSHED CONSERVANCY DISTRICT",
        "owner_mailing_address": "MAUMEE WATERSHED CONSERVANCY DISTRICT DEFIANCE 43512",
        "situs_address": "0 TOWNSHIP RD 77 FINDLAY 45840",
        "land_use_code": 740,
        "land_use_name": "Abt-Othe Tax-C.C. 165. 165.41",
        "acres": 59.26,
        "planar_acres": 59.087,
        "cama_current_to": "2023-05-08",
        "geometry_parts": 1,
        "contains_wpcc_outfall": false
      }
    },
    {
      "type": "Feature",
      "geometry": {
        "type": "Polygon",
        "coordinates": [
          [
            [
              -83.6658763534242,
              40.9794153694023
            ],
            [
              -83.6658760362485,
              40.9789568141688
            ],
            [
              -83.667150458256,
              40.9789970605346
            ],
            [
              -83.6671503263657,
              40.9788088780822
            ],
            [
              -83.6672352556406,
              40.978808843688
            ],
            [
              -83.6672350965868,
              40.9785834964503
            ],
            [
              -83.6674785592544,
              40.9785911830063
            ],
            [
              -83.6674791796853,
              40.9794640259196
            ],
            [
              -83.6658763534242,
              40.9794153694023
            ]
          ]
        ]
      },
      "properties": {
        "parcel_id": "200001022426",
        "state_parcel_id": "39063-200001022426",
        "place_role": "flood_storage_basin",
        "owner_mailing_name": "MAUMEE WATERSHED CONSERVANCY",
        "owner_mailing_address": "MAUMEE WATERSHED CONSERVANCY DEFIANCE 43512",
        "situs_address": "11145 TOWNSHIP RD 49 FINDLAY 45840",
        "land_use_code": 501,
        "land_use_name": "Res-Custom Code",
        "acres": 2.11,
        "planar_acres": 1.966,
        "cama_current_to": "2023-05-08",
        "geometry_parts": 1,
        "contains_wpcc_outfall": false
      }
    },
    {
      "type": "Feature",
      "geometry": {
        "type": "Polygon",
        "coordinates": [
          [
            [
              -83.6650734442025,
              40.979390987379
            ],
            [
              -83.6650726970785,
              40.9776315543873
            ],
            [
              -83.6657665316139,
              40.9776399771251
            ],
            [
              -83.665767757001,
              40.9794120721074
            ],
            [
              -83.6650734442025,
              40.979390987379
            ]
          ]
        ]
      },
      "properties": {
        "parcel_id": "200001022427",
        "state_parcel_id": "39063-200001022427",
        "place_role": "flood_storage_basin",
        "owner_mailing_name": "MAUMEE WATERSHED CONSERVANCY",
        "owner_mailing_address": "MAUMEE WATERSHED CONSERVANCY DEFIANCE 43512",
        "situs_address": "0 TOWNSHIP RD 49 FINDLAY 45840",
        "land_use_code": 501,
        "land_use_name": "Res-Custom Code",
        "acres": 2.89,
        "planar_acres": 2.832,
        "cama_current_to": "2023-05-08",
        "geometry_parts": 1,
        "contains_wpcc_outfall": false
      }
    },
    {
      "type": "Feature",
      "geometry": {
        "type": "Polygon",
        "coordinates": [
          [
            [
              -83.6602181490076,
              40.979234600957
            ],
            [
              -83.6602189595926,
              40.9792080735329
            ],
            [
              -83.6557480470313,
              40.9791295336982
            ],
            [
              -83.6556994484605,
              40.9764792900055
            ],
            [
              -83.6557137046526,
              40.9755934756872
            ],
            [
              -83.6558845028309,
              40.9754514921571
            ],
            [
              -83.6560538142284,
              40.9754516768616
            ],
            [
              -83.6560540681184,
              40.9753185552409
            ],
            [
              -83.6558331494358,
              40.9753183130757
            ],
            [
              -83.6558341654867,
              40.9747858246882
            ],
            [
              -83.655405009453,
              40.9747853530185
            ],
            [
              -83.6554051118598,
              40.9747318294086
            ],
            [
              -83.6536019621307,
              40.9745972462672
            ],
            [
              -83.6532423112565,
              40.9744075020379
            ],
            [
              -83.653082980878,
              40.9743706305658
            ],
            [
              -83.652080183738,
              40.9742702819534
            ],
            [
              -83.6518465955371,
              40.9742078530939
            ],
            [
              -83.6517881654417,
              40.9741922368996
            ],
            [
              -83.6516636741248,
              40.9741702094386
            ],
            [
              -83.6515211038237,
              40.9741559142007
            ],
            [
              -83.6506960707013,
              40.9741415362488
            ],
            [
              -83.6506927357133,
              40.972201681871
            ],
            [
              -83.6506737301156,
              40.9687880994876
            ],
            [
              -83.6506716480362,
              40.9681035006971
            ],
            [
              -83.6527700838395,
              40.9681686528886
            ],
            [
              -83.6602291035412,
              40.9683999272432
            ],
            [
              -83.6602291753172,
              40.9684120079703
            ],
            [
              -83.6602297807493,
              40.9685117566587
            ],
            [
              -83.6602426458488,
              40.9707013953069
            ],
            [
              -83.6602504302879,
              40.9720259318454
            ],
            [
              -83.665070381328,
              40.9721772973601
            ],
            [
              -83.6650726970785,
              40.9776315543873
            ],
            [
              -83.6650734442025,
              40.979390987379
            ],
            [
              -83.6602181490076,
              40.979234600957
            ]
          ],
          [
            [
              -83.6535494338758,
              40.9726914619056
            ],
            [
              -83.653709567804,
              40.9721607061499
            ],
            [
              -83.6536198067398,
              40.9718168156669
            ],
            [
              -83.6520856477158,
              40.9717683752452
            ],
            [
              -83.6520242759937,
              40.9728816206976
            ],
            [
              -83.6534096581304,
              40.9729254853447
            ],
            [
              -83.6535494338758,
              40.9726914619056
            ]
          ]
        ]
      },
      "properties": {
        "parcel_id": "200001028381",
        "state_parcel_id": "39063-200001028381",
        "place_role": "flood_storage_basin",
        "owner_mailing_name": "MAUMEE WATERSHED CONSERVANCY DISTRICT",
        "owner_mailing_address": "MAUMEE WATERSHED CONSERVANCY DISTRICT DEFIANCE 43512",
        "situs_address": "0 US RT 68 FINDLAY 45840",
        "land_use_code": 740,
        "land_use_name": "Abt-Othe Tax-C.C. 165. 165.41",
        "acres": 264.29,
        "planar_acres": 262.33,
        "cama_current_to": "2023-05-08",
        "geometry_parts": 1,
        "contains_wpcc_outfall": false
      }
    },
    {
      "type": "Feature",
      "geometry": {
        "type": "Polygon",
        "coordinates": [
          [
            [
              -83.6507051174715,
              40.9810869054967
            ],
            [
              -83.6507052318812,
              40.9800507788052
            ],
            [
              -83.6519563389419,
              40.9800515742968
            ],
            [
              -83.6538287320002,
              40.9802625045323
            ],
            [
              -83.6536946321752,
              40.9804012150585
            ],
            [
              -83.6536161581008,
              40.9804515281111
            ],
            [
              -83.6531363424832,
              40.9804829372431
            ],
            [
              -83.652870066717,
              40.9806612990008
            ],
            [
              -83.6523267497229,
              40.9807604876019
            ],
            [
              -83.6521605912174,
              40.9808259210908
            ],
            [
              -83.6520133146617,
              40.9810641622926
            ],
            [
              -83.6520551275149,
              40.9810832114354
            ],
            [
              -83.6520515179715,
              40.981087761974
            ],
            [
              -83.6507051174715,
              40.9810869054967
            ]
          ]
        ]
      },
      "properties": {
        "parcel_id": "200001028570",
        "state_parcel_id": "39063-200001028570",
        "place_role": "flood_storage_basin",
        "owner_mailing_name": "MAUMEE WATERSHED CONSERVANCY",
        "owner_mailing_address": "MAUMEE WATERSHED CONSERVANCY DEFIANCE 43512",
        "situs_address": "12906 US RT 68 FINDLAY 45840",
        "land_use_code": 501,
        "land_use_name": "Res-Custom Code",
        "acres": 5.4,
        "planar_acres": 5.029,
        "cama_current_to": "2023-05-08",
        "geometry_parts": 1,
        "contains_wpcc_outfall": false
      }
    },
    {
      "type": "Feature",
      "geometry": {
        "type": "Polygon",
        "coordinates": [
          [
            [
              -83.6534398597917,
              40.9827485189026
            ],
            [
              -83.6517145342035,
              40.9826993276197
            ],
            [
              -83.6514441010529,
              40.9825467236763
            ],
            [
              -83.6513377234046,
              40.9818787959992
            ],
            [
              -83.6512498080218,
              40.9815581621716
            ],
            [
              -83.6511647482692,
              40.9813791165967
            ],
            [
              -83.6513214491605,
              40.9811853080553
            ],
            [
              -83.651447213944,
              40.9812344687206
            ],
            [
              -83.6514700317804,
              40.9813134599958
            ],
            [
              -83.6518385930534,
              40.981356160336
            ],
            [
              -83.6520515179715,
              40.981087761974
            ],
            [
              -83.6520551275149,
              40.9810832114354
            ],
            [
              -83.6520133146617,
              40.9810641622926
            ],
            [
              -83.6521605912174,
              40.9808259210908
            ],
            [
              -83.6523267497229,
              40.9807604876019
            ],
            [
              -83.652870066717,
              40.9806612990008
            ],
            [
              -83.6531363424832,
              40.9804829372431
            ],
            [
              -83.6536161581008,
              40.9804515281111
            ],
            [
              -83.6536946321752,
              40.9804012150585
            ],
            [
              -83.6538287320002,
              40.9802625045323
            ],
            [
              -83.6538444694744,
              40.9802462259948
            ],
            [
              -83.6539057745596,
              40.9802532780829
            ],
            [
              -83.653946096443,
              40.9801960990564
            ],
            [
              -83.653942959299,
              40.9799787241627
            ],
            [
              -83.6533575154796,
              40.9796182864474
            ],
            [
              -83.6532848324093,
              40.9793126933035
            ],
            [
              -83.6533159518749,
              40.9792444665636
            ],
            [
              -83.6533101298313,
              40.9791819421832
            ],
            [
              -83.6533979865195,
              40.9791842407671
            ],
            [
              -83.6533958825595,
              40.9792528726344
            ],
            [
              -83.6548450427831,
              40.979250921677
            ],
            [
              -83.6602179523374,
              40.9793453280742
            ],
            [
              -83.6601805576694,
              40.9829404424839
            ],
            [
              -83.6534398597917,
              40.9827485189026
            ]
          ]
        ]
      },
      "properties": {
        "parcel_id": "200001031968",
        "state_parcel_id": "39063-200001031968",
        "place_role": "flood_storage_basin",
        "owner_mailing_name": "MAUMEE WATERSHED CONSERVANCY DISTRICT",
        "owner_mailing_address": "MAUMEE WATERSHED CONSERVANCY DISTRICT DEFIANCE 43512",
        "situs_address": "0 US RT 68 FINDLAY 45840",
        "land_use_code": 740,
        "land_use_name": "Abt-Othe Tax-C.C. 165. 165.41",
        "acres": 65.79,
        "planar_acres": 63.978,
        "cama_current_to": "2023-05-08",
        "geometry_parts": 1,
        "contains_wpcc_outfall": false
      }
    },
    {
      "type": "Feature",
      "geometry": {
        "type": "Polygon",
        "coordinates": [
          [
            [
              -83.6548492453226,
              40.9791137227295
            ],
            [
              -83.6534017715333,
              40.979060790022
            ],
            [
              -83.6534005106063,
              40.979101913857
            ],
            [
              -83.6532977583406,
              40.9790992265175
            ],
            [
              -83.6532429264364,
              40.9788307001184
            ],
            [
              -83.6532774996703,
              40.9787565262036
            ],
            [
              -83.6533519257554,
              40.9786631314942
            ],
            [
              -83.6537447383238,
              40.9784164304299
            ],
            [
              -83.6540128384782,
              40.9782802658337
            ],
            [
              -83.6540929949379,
              40.9781485059294
            ],
            [
              -83.6541214306381,
              40.9778651004306
            ],
            [
              -83.6539642561689,
              40.9776719998608
            ],
            [
              -83.6538637859331,
              40.9775117455467
            ],
            [
              -83.653575277357,
              40.9774978973639
            ],
            [
              -83.6533621974494,
              40.977371913388
            ],
            [
              -83.6532891195414,
              40.9772183928322
            ],
            [
              -83.6532795846389,
              40.977095336442
            ],
            [
              -83.653352015905,
              40.9769309834652
            ],
            [
              -83.653588390233,
              40.9766550083324
            ],
            [
              -83.6535921866671,
              40.9762461817064
            ],
            [
              -83.6535045499093,
              40.9760455120186
            ],
            [
              -83.6531975630457,
              40.9757603282939
            ],
            [
              -83.6530844774923,
              40.9757903893006
            ],
            [
              -83.6530179597659,
              40.9757678435404
            ],
            [
              -83.6527288357806,
              40.9756012250935
            ],
            [
              -83.6525728104676,
              40.9753455484823
            ],
            [
              -83.6525515859434,
              40.9752293721665
            ],
            [
              -83.6524710241485,
              40.9750858008778
            ],
            [
              -83.652020089505,
              40.9747854220117
            ],
            [
              -83.6519232515887,
              40.9748077591292
            ],
            [
              -83.6517516412927,
              40.9747559254234
            ],
            [
              -83.6516431369983,
              40.9746953558035
            ],
            [
              -83.6516189570584,
              40.9746337693401
            ],
            [
              -83.6518465955371,
              40.9742078530939
            ],
            [
              -83.652080183738,
              40.9742702819534
            ],
            [
              -83.653082980878,
              40.9743706305658
            ],
            [
              -83.6532423112565,
              40.9744075020379
            ],
            [
              -83.6536019621307,
              40.9745972462672
            ],
            [
              -83.6554051118598,
              40.9747318294086
            ],
            [
              -83.655405009453,
              40.9747853530185
            ],
            [
              -83.6558341654867,
              40.9747858246882
            ],
            [
              -83.6558331494358,
              40.9753183130757
            ],
            [
              -83.6560540681184,
              40.9753185552409
            ],
            [
              -83.6560538142284,
              40.9754516768616
            ],
            [
              -83.6558845028309,
              40.9754514921571
            ],
            [
              -83.6557137046526,
              40.9755934756872
            ],
            [
              -83.6556994484605,
              40.9764792900055
            ],
            [
              -83.6557480470313,
              40.9791295336982
            ],
            [
              -83.6548492453226,
              40.9791137227295
            ]
          ]
        ]
      },
      "properties": {
        "parcel_id": "200001031970",
        "state_parcel_id": "39063-200001031970",
        "place_role": "flood_storage_basin",
        "owner_mailing_name": "MAUMEE WATERSHED CONSERVANCY DISTRICT",
        "owner_mailing_address": "MAUMEE WATERSHED CONSERVANCY DISTRICT DEFIANCE 43512",
        "situs_address": "13338 US RT 68 FINDLAY 45840",
        "land_use_code": 740,
        "land_use_name": "Abt-Othe Tax-C.C. 165. 165.41",
        "acres": 26.67,
        "planar_acres": 26.337,
        "cama_current_to": "2023-05-08",
        "geometry_parts": 1,
        "contains_wpcc_outfall": false
      }
    },
    {
      "type": "Feature",
      "geometry": {
        "type": "Polygon",
        "coordinates": [
          [
            [
              -83.652984208321,
              40.979091023439
            ],
            [
              -83.652984051893,
              40.9790418363012
            ],
            [
              -83.6507051887138,
              40.978993696055
            ],
            [
              -83.6506991037598,
              40.975906528378
            ],
            [
              -83.6506960707013,
              40.9741415362488
            ],
            [
              -83.6515211038237,
              40.9741559142007
            ],
            [
              -83.6516636741248,
              40.9741702094386
            ],
            [
              -83.6517881654417,
              40.9741922368996
            ],
            [
              -83.6518465955371,
              40.9742078530939
            ],
            [
              -83.6516189570584,
              40.9746337693401
            ],
            [
              -83.6516431369983,
              40.9746953558035
            ],
            [
              -83.6517516412927,
              40.9747559254234
            ],
            [
              -83.6519232515887,
              40.9748077591292
            ],
            [
              -83.652020089505,
              40.9747854220117
            ],
            [
              -83.6524710241485,
              40.9750858008778
            ],
            [
              -83.6525515859434,
              40.9752293721665
            ],
            [
              -83.6525728104676,
              40.9753455484823
            ],
            [
              -83.6527288357806,
              40.9756012250935
            ],
            [
              -83.6530179597659,
              40.9757678435404
            ],
            [
              -83.6530844774923,
              40.9757903893006
            ],
            [
              -83.6531975630457,
              40.9757603282939
            ],
            [
              -83.6535045499093,
              40.9760455120186
            ],
            [
              -83.6535921866671,
              40.9762461817064
            ],
            [
              -83.653588390233,
              40.9766550083324
            ],
            [
              -83.653352015905,
              40.9769309834652
            ],
            [
              -83.6532795846389,
              40.977095336442
            ],
            [
              -83.6532891195414,
              40.9772183928322
            ],
            [
              -83.6533621974494,
              40.977371913388
            ],
            [
              -83.653575277357,
              40.9774978973639
            ],
            [
              -83.6538637859331,
              40.9775117455467
            ],
            [
              -83.6539642561689,
              40.9776719998608
            ],
            [
              -83.6541214306381,
              40.9778651004306
            ],
            [
              -83.6540929949379,
              40.9781485059294
            ],
            [
              -83.6540128384782,
              40.9782802658337
            ],
            [
              -83.6537447383238,
              40.9784164304299
            ],
            [
              -83.6533519257554,
              40.9786631314942
            ],
            [
              -83.6532774996703,
              40.9787565262036
            ],
            [
              -83.6532429264364,
              40.9788307001184
            ],
            [
              -83.6532977583406,
              40.9790992265175
            ],
            [
              -83.652984208321,
              40.979091023439
            ]
          ]
        ]
      },
      "properties": {
        "parcel_id": "200001031971",
        "state_parcel_id": "39063-200001031971",
        "place_role": "flood_storage_basin",
        "owner_mailing_name": "MAUMEE WATERSHED CONSERVANCY",
        "owner_mailing_address": "MAUMEE WATERSHED CONSERVANCY DEFIANCE 43512",
        "situs_address": "0 US RT 68 FINDLAY 45840",
        "land_use_code": 110,
        "land_use_name": "Agr-CAUV-Vacant Land",
        "acres": 29.25,
        "planar_acres": 27.453,
        "cama_current_to": "2023-05-08",
        "geometry_parts": 1,
        "contains_wpcc_outfall": false
      }
    },
    {
      "type": "Feature",
      "geometry": {
        "type": "Polygon",
        "coordinates": [
          [
            [
              -83.652494639419,
              40.9898721295653
            ],
            [
              -83.6522035882013,
              40.9889313872694
            ],
            [
              -83.6517817376657,
              40.9886588202237
            ],
            [
              -83.6518397033638,
              40.9885248782471
            ],
            [
              -83.6518985935231,
              40.9881444697383
            ],
            [
              -83.6519104399054,
              40.9877800135551
            ],
            [
              -83.6520354124502,
              40.9876407549635
            ],
            [
              -83.6521946763596,
              40.987589478474
            ],
            [
              -83.6524934386403,
              40.9876058085389
            ],
            [
              -83.6526490649359,
              40.9875545675197
            ],
            [
              -83.6527521982668,
              40.9874155274925
            ],
            [
              -83.6526851021835,
              40.9873251151857
            ],
            [
              -83.6524981480607,
              40.987249703399
            ],
            [
              -83.6520470173639,
              40.9872625002459
            ],
            [
              -83.6516497828435,
              40.987234973856
            ],
            [
              -83.6514588547819,
              40.9871402796406
            ],
            [
              -83.6513875924878,
              40.9870195470686
            ],
            [
              -83.6514478248781,
              40.9869250994003
            ],
            [
              -83.6518263446589,
              40.9867143014181
            ],
            [
              -83.6519549061025,
              40.9865722470565
            ],
            [
              -83.6518653495392,
              40.9864461775895
            ],
            [
              -83.6516357815596,
              40.98630496256
            ],
            [
              -83.6527298717215,
              40.9863365173935
            ],
            [
              -83.6571290803009,
              40.9864632913301
            ],
            [
              -83.6571397513131,
              40.9899483905489
            ],
            [
              -83.652494639419,
              40.9898721295653
            ]
          ]
        ]
      },
      "properties": {
        "parcel_id": "200001032774",
        "state_parcel_id": "39063-200001032774",
        "place_role": "flood_storage_basin",
        "owner_mailing_name": "MAUMEE WATERSHED CONSERVANCY DISTRICT",
        "owner_mailing_address": "MAUMEE WATERSHED CONSERVANCY DISTRICT DEFIANCE 43512",
        "situs_address": "0 US RT 68 FINDLAY 45840",
        "land_use_code": 110,
        "land_use_name": "Agr-CAUV-Vacant Land",
        "acres": 41.99,
        "planar_acres": 41.4,
        "cama_current_to": "2023-05-08",
        "geometry_parts": 1,
        "contains_wpcc_outfall": false
      }
    },
    {
      "type": "Feature",
      "geometry": {
        "type": "Polygon",
        "coordinates": [
          [
            [
              -83.6507049431808,
              40.9826705336032
            ],
            [
              -83.6507051174715,
              40.9810869054967
            ],
            [
              -83.6520515179715,
              40.981087761974
            ],
            [
              -83.6518385930534,
              40.981356160336
            ],
            [
              -83.6514700317804,
              40.9813134599958
            ],
            [
              -83.651447213944,
              40.9812344687206
            ],
            [
              -83.6513214491605,
              40.9811853080553
            ],
            [
              -83.6511647482692,
              40.9813791165967
            ],
            [
              -83.6512498080218,
              40.9815581621716
            ],
            [
              -83.6513377234046,
              40.9818787959992
            ],
            [
              -83.6514441010529,
              40.9825467236763
            ],
            [
              -83.6517145342035,
              40.9826993276197
            ],
            [
              -83.6507049431808,
              40.9826705336032
            ]
          ]
        ]
      },
      "properties": {
        "parcel_id": "200001032776",
        "state_parcel_id": "39063-200001032776",
        "place_role": "flood_storage_basin",
        "owner_mailing_name": "MAUMEE WATERSHED CONSERVANCY DISTRICT",
        "owner_mailing_address": "MAUMEE WATERSHED CONSERVANCY DISTRICT DEFIANCE 43512",
        "situs_address": "0 US RT 68 FINDLAY 45840",
        "land_use_code": 110,
        "land_use_name": "Agr-CAUV-Vacant Land",
        "acres": 3.25,
        "planar_acres": 2.68,
        "cama_current_to": "2023-05-08",
        "geometry_parts": 1,
        "contains_wpcc_outfall": false
      }
    },
    {
      "type": "Feature",
      "geometry": {
        "type": "Polygon",
        "coordinates": [
          [
            [
              -83.6519563389419,
              40.9800515742968
            ],
            [
              -83.6507052318812,
              40.9800507788052
            ],
            [
              -83.6507053386061,
              40.9790760753785
            ],
            [
              -83.6528756524407,
              40.979121922535
            ],
            [
              -83.652875808188,
              40.9791705803303
            ],
            [
              -83.6533101298313,
              40.9791819421832
            ],
            [
              -83.6533159518749,
              40.9792444665636
            ],
            [
              -83.6532848324093,
              40.9793126933035
            ],
            [
              -83.6533575154796,
              40.9796182864474
            ],
            [
              -83.653942959299,
              40.9799787241627
            ],
            [
              -83.653946096443,
              40.9801960990564
            ],
            [
              -83.6539057745596,
              40.9802532780829
            ],
            [
              -83.6538444694744,
              40.9802462259948
            ],
            [
              -83.6538287320002,
              40.9802625045323
            ],
            [
              -83.6519563389419,
              40.9800515742968
            ]
          ]
        ]
      },
      "properties": {
        "parcel_id": "200001032777",
        "state_parcel_id": "39063-200001032777",
        "place_role": "flood_storage_basin",
        "owner_mailing_name": "MAUMEE WATERSHED CONSERVANCY DISTRICT",
        "owner_mailing_address": "MAUMEE WATERSHED CONSERVANCY DISTRICT DEFIANCE 43512",
        "situs_address": "0 US RT 68 FINDLAY 45840",
        "land_use_code": 199,
        "land_use_name": "Agr-CAUV-Other",
        "acres": 6.71,
        "planar_acres": 6.558,
        "cama_current_to": "2023-05-08",
        "geometry_parts": 1,
        "contains_wpcc_outfall": false
      }
    },
    {
      "type": "Feature",
      "geometry": {
        "type": "Polygon",
        "coordinates": [
          [
            [
              -83.5736746830297,
              41.0217696073792
            ],
            [
              -83.573754958665,
              41.0105303250236
            ],
            [
              -83.5737572032861,
              41.0102154656598
            ],
            [
              -83.5808845153123,
              41.0129483717216
            ],
            [
              -83.5808562475198,
              41.0146407501857
            ],
            [
              -83.5820849748101,
              41.0146616922861
            ],
            [
              -83.5820029049978,
              41.020068996005
            ],
            [
              -83.5819761008993,
              41.0218348091513
            ],
            [
              -83.580618953145,
              41.0218177484656
            ],
            [
              -83.5806185494911,
              41.0218674988103
            ],
            [
              -83.5736746830297,
              41.0217696073792
            ]
          ]
        ]
      },
      "properties": {
        "parcel_id": "330001006644",
        "state_parcel_id": "39063-330001006644",
        "place_role": "water_supply_reservoir",
        "owner_mailing_name": "CITY OF FINDLAY",
        "owner_mailing_address": "CITY OF FINDLAY FINDLAY 45840",
        "situs_address": "0 TOWNSHIP RD 207 FINDLAY 45840",
        "land_use_code": 640,
        "land_use_name": "Exm-Municipality",
        "acres": 189.89,
        "planar_acres": 188.518,
        "cama_current_to": "2023-05-08",
        "geometry_parts": 1,
        "contains_wpcc_outfall": false
      }
    },
    {
      "type": "Feature",
      "geometry": {
        "type": "MultiPolygon",
        "coordinates": [
          [
            [
              [
                -83.5787778777382,
                41.0289180308358
              ],
              [
                -83.5787668321466,
                41.0289180497512
              ],
              [
                -83.5787557850398,
                41.0289180479744
              ],
              [
                -83.5787447399552,
                41.0289180236732
              ],
              [
                -83.578733692181,
                41.0289179795907
              ],
              [
                -83.5787226452263,
                41.0289179120942
              ],
              [
                -83.5787115991619,
                41.0289178256844
              ],
              [
                -83.5787005527568,
                41.0289177176716
              ],
              [
                -83.5786895072137,
                41.0289175889451
              ],
              [
                -83.5786784625326,
                41.0289174395051
              ],
              [
                -83.5786674186994,
                41.0289172684514
              ],
              [
                -83.5786563757283,
                41.0289170766839
              ],
              [
                -83.5786469212438,
                41.0289169047535
              ],
              [
                -83.578637465599,
                41.0289167346331
              ],
              [
                -83.5786280111287,
                41.0289165636012
              ],
              [
                -83.5786185566727,
                41.0289163934686
              ],
              [
                -83.5786091010423,
                41.0289162242461
              ],
              [
                -83.5785996478033,
                41.0289160559014
              ],
              [
                -83.5785901933474,
                41.0289158857666
              ],
              [
                -83.578580737703,
                41.0289157156417
              ],
              [
                -83.5785712832472,
                41.0289155455053
              ],
              [
                -83.5785618287772,
                41.0289153744682
              ],
              [
                -83.5785523742931,
                41.0289152025302
              ],
              [
                -83.5785429209693,
                41.0289150287805
              ],
              [
                -83.5785334652399,
                41.0289148532515
              ],
              [
                -83.5785240118877,
                41.0289146777001
              ],
              [
                -83.5785145584788,
                41.0289144985477
              ],
              [
                -83.5785051026644,
                41.0289143176159
              ],
              [
                -83.5784956491846,
                41.0289141339616
              ],
              [
                -83.5784861956764,
                41.0289139485064
              ],
              [
                -83.5784767421116,
                41.0289137594502
              ],
              [
                -83.5784672885041,
                41.0289135676929
              ],
              [
                -83.5784578348258,
                41.0289133714344
              ],
              [
                -83.5784483811049,
                41.0289131724751
              ],
              [
                -83.5784389273273,
                41.0289129699146
              ],
              [
                -83.5784294746674,
                41.0289127628422
              ],
              [
                -83.5784200231393,
                41.028912552158
              ],
              [
                -83.5784105691489,
                41.0289123360941
              ],
              [
                -83.578401117479,
                41.0289121164076
              ],
              [
                -83.5783916633326,
                41.0289118904413
              ],
              [
                -83.5783822114925,
                41.0289116599523
              ],
              [
                -83.5783727607416,
                41.0289114231512
              ],
              [
                -83.5783633075426,
                41.0289111818706
              ],
              [
                -83.5783538566216,
                41.0289109342671
              ],
              [
                -83.5783462418379,
                41.0289107312713
              ],
              [
                -83.5783386258657,
                41.0289105282858
              ],
              [
                -83.5783310110396,
                41.0289103225888
              ],
              [
                -83.5783233973879,
                41.0289101159804
              ],
              [
                -83.5783157813449,
                41.028909908493
              ],
              [
                -83.5783081664763,
                41.0289097000944
              ],
              [
                -83.5783005515935,
                41.0289094907951
              ],
              [
                -83.578292937871,
                41.0289092796844
              ],
              [
                -83.57828532296,
                41.028909068584
              ],
              [
                -83.5782777092092,
                41.0289088556722
              ],
              [
                -83.5782700942699,
                41.0289086427707
              ],
              [
                -83.5782624804908,
                41.0289084280578
              ],
              [
                -83.5782548655374,
                41.0289082142552
              ],
              [
                -83.5782472517442,
                41.0289079986412
              ],
              [
                -83.5782396367483,
                41.0289077821374
              ],
              [
                -83.5782320229411,
                41.0289075656224
              ],
              [
                -83.5782244091197,
                41.0289073482067
              ],
              [
                -83.5782167941097,
                41.0289071308014
              ],
              [
                -83.5782091802742,
                41.0289069124847
              ],
              [
                -83.5782015664387,
                41.0289066941676
              ],
              [
                -83.5781939525891,
                41.0289064749499
              ],
              [
                -83.5781863375509,
                41.0289062557424
              ],
              [
                -83.5781787237015,
                41.0289060365238
              ],
              [
                -83.5781711110264,
                41.0289058163938
              ],
              [
                -83.5781406532234,
                41.0289049377335
              ],
              [
                -83.5781254266853,
                41.0289044974789
              ],
              [
                -83.5781178116334,
                41.028904277367
              ],
              [
                -83.5781101977843,
                41.028904058144
              ],
              [
                -83.5781025851239,
                41.0289038389097
              ],
              [
                -83.5780949700863,
                41.0289036196964
              ],
              [
                -83.5780873562516,
                41.028903401372
              ],
              [
                -83.5780797412283,
                41.0289031830578
              ],
              [
                -83.5780721285964,
                41.0289029656217
              ],
              [
                -83.5780645135875,
                41.0289027482066
              ],
              [
                -83.5780568997812,
                41.0289025316804
              ],
              [
                -83.5780492847866,
                41.0289023151645
              ],
              [
                -83.5780416721833,
                41.0289020995266
              ],
              [
                -83.5780340572313,
                41.0289018857099
              ],
              [
                -83.5780264434537,
                41.028901670982
              ],
              [
                -83.5780188285159,
                41.0289014580643
              ],
              [
                -83.5780112147668,
                41.0289012451355
              ],
              [
                -83.5780036010461,
                41.0289010340064
              ],
              [
                -83.5779959861369,
                41.0289008228875
              ],
              [
                -83.5779883712561,
                41.0289006135683
              ],
              [
                -83.5779807575782,
                41.028900405138
              ],
              [
                -83.5779731427258,
                41.0289001976179
              ],
              [
                -83.577965527902,
                41.0288999918976
              ],
              [
                -83.5779579130781,
                41.0288997861768
              ],
              [
                -83.5779502994713,
                41.0288995822448
              ],
              [
                -83.5779426846901,
                41.0288993792233
              ],
              [
                -83.5779350687487,
                41.0288991780121
              ],
              [
                -83.5779274540244,
                41.0288989785899
              ],
              [
                -83.5779198381115,
                41.028898779178
              ],
              [
                -83.5779122246327,
                41.0288985833443
              ],
              [
                -83.5779046087624,
                41.0288983866316
              ],
              [
                -83.5778969941376,
                41.028898193508
              ],
              [
                -83.5778893783384,
                41.0288980012948
              ],
              [
                -83.577881763742,
                41.0288978099704
              ],
              [
                -83.5778741480139,
                41.0288976222566
              ],
              [
                -83.5778665322857,
                41.0288974345422
              ],
              [
                -83.5773313674915,
                41.0288843524891
              ],
              [
                -83.5760175508153,
                41.028856938142
              ],
              [
                -83.5736242309738,
                41.0288316320826
              ],
              [
                -83.5736746599811,
                41.0217727574304
              ],
              [
                -83.5736746830297,
                41.0217696073792
              ],
              [
                -83.5806185494911,
                41.0218674988103
              ],
              [
                -83.5806081589045,
                41.0231498760082
              ],
              [
                -83.5806050119273,
                41.0246163292285
              ],
              [
                -83.5806042078193,
                41.0272159004268
              ],
              [
                -83.5806041725701,
                41.0272557179342
              ],
              [
                -83.5806041330504,
                41.0272955660863
              ],
              [
                -83.5806040504025,
                41.0273752597194
              ],
              [
                -83.5806038839458,
                41.0275346487836
              ],
              [
                -83.5806038590523,
                41.0275408964652
              ],
              [
                -83.5806037949221,
                41.0275471436022
              ],
              [
                -83.5806036962953,
                41.0275533892514
              ],
              [
                -83.5806035608089,
                41.0275596343344
              ],
              [
                -83.580603389623,
                41.0275658770403
              ],
              [
                -83.5806031827803,
                41.0275721200693
              ],
              [
                -83.5806029402666,
                41.0275783625214
              ],
              [
                -83.5806026632561,
                41.0275846034857
              ],
              [
                -83.5806023529517,
                41.0275908438514
              ],
              [
                -83.5806020081506,
                41.0275970827294
              ],
              [
                -83.5806016312582,
                41.0276033218982
              ],
              [
                -83.5806012198692,
                41.0276095595792
              ],
              [
                -83.5806007763604,
                41.0276157957508
              ],
              [
                -83.580600301949,
                41.0276220322025
              ],
              [
                -83.580599795418,
                41.0276282671449
              ],
              [
                -83.58059925681,
                41.0276345032781
              ],
              [
                -83.5805986884451,
                41.0276407369803
              ],
              [
                -83.580598090352,
                41.0276469700517
              ],
              [
                -83.5805974625305,
                41.0276532024923
              ],
              [
                -83.580596803792,
                41.0276594343129
              ],
              [
                -83.5805961165137,
                41.0276656654919
              ],
              [
                -83.5805954007099,
                41.0276718969293
              ],
              [
                -83.5805946587291,
                41.0276781268036
              ],
              [
                -83.5805938882086,
                41.0276843560363
              ],
              [
                -83.5805930891766,
                41.0276905864275
              ],
              [
                -83.5805922639534,
                41.0276968143554
              ],
              [
                -83.5805914137703,
                41.0277030425096
              ],
              [
                -83.5805905362359,
                41.0277092700113
              ],
              [
                -83.5805896337273,
                41.0277154968392
              ],
              [
                -83.5805887050702,
                41.027721723904
              ],
              [
                -83.5805877538302,
                41.0277279511734
              ],
              [
                -83.5805867764133,
                41.0277341768796
              ],
              [
                -83.5805853679857,
                41.0277426156065
              ],
              [
                -83.5805838284318,
                41.027751031216
              ],
              [
                -83.580582164883,
                41.0277594236436
              ],
              [
                -83.580580386933,
                41.0277677982034
              ],
              [
                -83.5805784993077,
                41.0277761530523
              ],
              [
                -83.5805765080351,
                41.0277844935369
              ],
              [
                -83.5805744237839,
                41.02779281776
              ],
              [
                -83.5805722501907,
                41.0278011301898
              ],
              [
                -83.5805699967641,
                41.02780943074
              ],
              [
                -83.5805676706924,
                41.0278177229465
              ],
              [
                -83.5805652779325,
                41.0278260076553
              ],
              [
                -83.5805628256443,
                41.0278342866021
              ],
              [
                -83.580560319799,
                41.027842561533
              ],
              [
                -83.5805577699477,
                41.0278508350623
              ],
              [
                -83.5805551820476,
                41.027859108036
              ],
              [
                -83.5805525632583,
                41.0278673821898
              ],
              [
                -83.5805501170166,
                41.0278750660426
              ],
              [
                -83.5805476587464,
                41.0278827410023
              ],
              [
                -83.580545178925,
                41.0278904062549
              ],
              [
                -83.5805426692184,
                41.0278980609758
              ],
              [
                -83.5805401224664,
                41.0279057034293
              ],
              [
                -83.5805375267836,
                41.0279133337232
              ],
              [
                -83.580534876156,
                41.027920947411
              ],
              [
                -83.5805321587405,
                41.0279285473005
              ],
              [
                -83.5805293673346,
                41.0279361289561
              ],
              [
                -83.5805264924298,
                41.0279436924638
              ],
              [
                -83.5805235256777,
                41.027951236099
              ],
              [
                -83.5805204575555,
                41.0279587590476
              ],
              [
                -83.5805172785261,
                41.0279662595958
              ],
              [
                -83.5805139802554,
                41.0279737369187
              ],
              [
                -83.5805105532063,
                41.0279811893025
              ],
              [
                -83.5805069914217,
                41.0279886159008
              ],
              [
                -83.5805046324774,
                41.027993399386
              ],
              [
                -83.5805022519964,
                41.0279981740644
              ],
              [
                -83.5804998523414,
                41.0280029390141
              ],
              [
                -83.580497431164,
                41.0280076960568
              ],
              [
                -83.5804949932182,
                41.0280124451496
              ],
              [
                -83.5804925337499,
                41.0280171863355
              ],
              [
                -83.5804900575276,
                41.0280219204714
              ],
              [
                -83.5804875645512,
                41.0280266475574
              ],
              [
                -83.5804850536463,
                41.0280313685044
              ],
              [
                -83.5804825271902,
                41.0280360832907
              ],
              [
                -83.5804799851686,
                41.0280407910164
              ],
              [
                -83.580477429987,
                41.0280454934599
              ],
              [
                -83.5804748580656,
                41.0280501897537
              ],
              [
                -83.5804722742013,
                41.0280548825547
              ],
              [
                -83.5804696783656,
                41.0280595700629
              ],
              [
                -83.5804670681956,
                41.0280642531998
              ],
              [
                -83.580464447257,
                41.0280689319332
              ],
              [
                -83.5804618155783,
                41.0280736080632
              ],
              [
                -83.5804591743196,
                41.028078279779
              ],
              [
                -83.5804565223349,
                41.0280829497914
              ],
              [
                -83.580453861973,
                41.0280876162788
              ],
              [
                -83.5804511932624,
                41.0280922810414
              ],
              [
                -83.5804485185943,
                41.0280969449577
              ],
              [
                -83.5804458343746,
                41.0281016062598
              ],
              [
                -83.5804431441975,
                41.0281062667156
              ],
              [
                -83.5804404492515,
                41.0281109263143
              ],
              [
                -83.5804377483481,
                41.0281155850667
              ],
              [
                -83.5804350450672,
                41.0281202438407
              ],
              [
                -83.5804323358431,
                41.0281249026683
              ],
              [
                -83.5804296242557,
                41.0281295624176
              ],
              [
                -83.5804241951654,
                41.0281388837698
              ],
              [
                -83.5804195158356,
                41.0281469803445
              ],
              [
                -83.5804148674786,
                41.0281550811394
              ],
              [
                -83.5804101963528,
                41.0281631704376
              ],
              [
                -83.5804054498625,
                41.0281712298114
              ],
              [
                -83.5804005754404,
                41.028179242633
              ],
              [
                -83.5803955181276,
                41.0281871913963
              ],
              [
                -83.580390225357,
                41.0281950594736
              ],
              [
                -83.5803846421698,
                41.0282028293587
              ],
              [
                -83.5803803643036,
                41.0282084980299
              ],
              [
                -83.5803760085111,
                41.0282141250973
              ],
              [
                -83.5803715796036,
                41.0282197141179
              ],
              [
                -83.5803670859579,
                41.0282252686168
              ],
              [
                -83.5803625347766,
                41.0282307930296
              ],
              [
                -83.5803579308424,
                41.0282362891136
              ],
              [
                -83.5803532813719,
                41.0282417622044
              ],
              [
                -83.5803485923508,
                41.0282472149487
              ],
              [
                -83.5803438709816,
                41.028252651782
              ],
              [
                -83.5803391244525,
                41.0282580762402
              ],
              [
                -83.5803343587633,
                41.0282634918697
              ],
              [
                -83.5803295799279,
                41.028268903117
              ],
              [
                -83.5803247951062,
                41.0282743117176
              ],
              [
                -83.5803200091522,
                41.0282797239292
              ],
              [
                -83.5803152303999,
                41.0282851405764
              ],
              [
                -83.5803104648917,
                41.0282905679058
              ],
              [
                -83.5803048660864,
                41.0282969741109
              ],
              [
                -83.5802992792084,
                41.0283033829082
              ],
              [
                -83.5802936982438,
                41.0283097898512
              ],
              [
                -83.5802881160611,
                41.0283161950046
              ],
              [
                -83.5802825266322,
                41.0283225930216
              ],
              [
                -83.5802769228114,
                41.0283289830668
              ],
              [
                -83.5802713009902,
                41.0283353624723
              ],
              [
                -83.5802656516034,
                41.0283417277239
              ],
              [
                -83.5802599698539,
                41.0283480761645
              ],
              [
                -83.5802542485817,
                41.0283544060583
              ],
              [
                -83.5802484829759,
                41.0283607138484
              ],
              [
                -83.5802426646878,
                41.0283669978097
              ],
              [
                -83.5802367889205,
                41.0283732552852
              ],
              [
                -83.5802308472971,
                41.0283794827498
              ],
              [
                -83.5802248362235,
                41.0283856784359
              ],
              [
                -83.5802187461484,
                41.0283918397291
              ],
              [
                -83.5802134180626,
                41.0283970984105
              ],
              [
                -83.5802079950549,
                41.0284022931366
              ],
              [
                -83.5802024843135,
                41.0284074274429
              ],
              [
                -83.5801968894896,
                41.0284125066978
              ],
              [
                -83.5801912213655,
                41.0284175362047
              ],
              [
                -83.5801854811441,
                41.0284225168529
              ],
              [
                -83.5801796760563,
                41.0284274548784
              ],
              [
                -83.5801738132906,
                41.028432353817
              ],
              [
                -83.5801679000351,
                41.0284372172042
              ],
              [
                -83.5801619387239,
                41.028442048619
              ],
              [
                -83.5801559377907,
                41.0284468551866
              ],
              [
                -83.58014990199,
                41.0284516368637
              ],
              [
                -83.580143837364,
                41.0284563998974
              ],
              [
                -83.5801377511154,
                41.0284611487232
              ],
              [
                -83.5801316492295,
                41.0284658859876
              ],
              [
                -83.580125536532,
                41.028470616148
              ],
              [
                -83.5801205358216,
                41.0284744756348
              ],
              [
                -83.5801155290257,
                41.0284783261744
              ],
              [
                -83.5801105137954,
                41.0284821695885
              ],
              [
                -83.5801054924937,
                41.0284860049555
              ],
              [
                -83.5801004615691,
                41.0284898332077
              ],
              [
                -83.5800954246016,
                41.028493655213
              ],
              [
                -83.5800903779827,
                41.0284974683035
              ],
              [
                -83.5800853241464,
                41.0285012760578
              ],
              [
                -83.5800802618759,
                41.0285050766866
              ],
              [
                -83.5800751911852,
                41.02850887109
              ],
              [
                -83.5800701108859,
                41.0285126592787
              ],
              [
                -83.5800650221806,
                41.0285164421422
              ],
              [
                -83.5800599250552,
                41.0285202187801
              ],
              [
                -83.5800548183496,
                41.0285239910036
              ],
              [
                -83.5800497020353,
                41.0285277570124
              ],
              [
                -83.5800445761407,
                41.0285315186067
              ],
              [
                -83.5800381138335,
                41.0285362420268
              ],
              [
                -83.5800316394405,
                41.028540952953
              ],
              [
                -83.5800251517306,
                41.028545648696
              ],
              [
                -83.5800186483266,
                41.0285503292771
              ],
              [
                -83.5800121268372,
                41.028554993818
              ],
              [
                -83.580005588451,
                41.0285596423077
              ],
              [
                -83.5799990283709,
                41.0285642720892
              ],
              [
                -83.5799924442483,
                41.0285688849841
              ],
              [
                -83.5799858384319,
                41.0285734791707
              ],
              [
                -83.5799792061531,
                41.0285780537919
              ],
              [
                -83.5799725462377,
                41.0285826097588
              ],
              [
                -83.5799658586286,
                41.0285871434708
              ],
              [
                -83.5799591374116,
                41.0285916567821
              ],
              [
                -83.579952384921,
                41.0285961469707
              ],
              [
                -83.5799455976197,
                41.0286006158693
              ],
              [
                -83.5799387742763,
                41.0286050607882
              ],
              [
                -83.5799298985037,
                41.0286107440792
              ],
              [
                -83.5799209417728,
                41.0286163443833
              ],
              [
                -83.5799119100835,
                41.028621865247
              ],
              [
                -83.579902801087,
                41.028627308492
              ],
              [
                -83.5798936207547,
                41.0286326758646
              ],
              [
                -83.5798843703036,
                41.0286379691542
              ],
              [
                -83.5798750509791,
                41.0286431919502
              ],
              [
                -83.5798656651726,
                41.0286483451313
              ],
              [
                -83.5798562152897,
                41.028653430476
              ],
              [
                -83.5798467037787,
                41.0286584524632
              ],
              [
                -83.5798371318282,
                41.0286634110822
              ],
              [
                -83.5798275030323,
                41.0286683081007
              ],
              [
                -83.5798178198393,
                41.0286731479978
              ],
              [
                -83.5798080834377,
                41.0286779307625
              ],
              [
                -83.5797982938845,
                41.0286826599951
              ],
              [
                -83.5797884571509,
                41.0286873374421
              ],
              [
                -83.5797786171861,
                41.028691960905
              ],
              [
                -83.5797687625447,
                41.0286965583938
              ],
              [
                -83.5797588908071,
                41.02870112723
              ],
              [
                -83.5797490055959,
                41.0287056709815
              ],
              [
                -83.5797391021424,
                41.0287101887913
              ],
              [
                -83.5797291839983,
                41.0287146797269
              ],
              [
                -83.5797192500318,
                41.0287191473996
              ],
              [
                -83.5797092978516,
                41.0287235909307
              ],
              [
                -83.579699329849,
                41.0287280111989
              ],
              [
                -83.5796893424726,
                41.0287324091363
              ],
              [
                -83.5796793393022,
                41.0287367856108
              ],
              [
                -83.5796693155694,
                41.0287411397655
              ],
              [
                -83.5796592760711,
                41.0287454742575
              ],
              [
                -83.579649216053,
                41.0287497891299
              ],
              [
                -83.5796391378923,
                41.028754084361
              ],
              [
                -83.579629039226,
                41.0287583608725
              ],
              [
                -83.5796213657294,
                41.0287615909866
              ],
              [
                -83.5796136824249,
                41.0287648022845
              ],
              [
                -83.579605991704,
                41.0287679956449
              ],
              [
                -83.5795982912179,
                41.0287711728895
              ],
              [
                -83.5795905809667,
                41.0287743340182
              ],
              [
                -83.5795828633701,
                41.0287774817098
              ],
              [
                -83.5795751372112,
                41.0287806141747
              ],
              [
                -83.5795674001554,
                41.028783734135
              ],
              [
                -83.5795596545798,
                41.028786841569
              ],
              [
                -83.5795518993244,
                41.0287899382876
              ],
              [
                -83.5795441343891,
                41.0287930242907
              ],
              [
                -83.5795363609767,
                41.0287961004678
              ],
              [
                -83.5795285755499,
                41.0287991686513
              ],
              [
                -83.5795207816745,
                41.0288022288089
              ],
              [
                -83.579512978176,
                41.0288052818515
              ],
              [
                -83.5795051626916,
                41.0288083287005
              ],
              [
                -83.5794957022791,
                41.0288119971822
              ],
              [
                -83.5794862259309,
                41.0288156352003
              ],
              [
                -83.5794767323733,
                41.028819237365
              ],
              [
                -83.5794672167238,
                41.0288227956188
              ],
              [
                -83.5794576729403,
                41.0288263037148
              ],
              [
                -83.5794480973574,
                41.0288297553848
              ],
              [
                -83.5794384863102,
                41.0288331443604
              ],
              [
                -83.5794288337418,
                41.0288364634948
              ],
              [
                -83.5794191347845,
                41.0288397056303
              ],
              [
                -83.57940938699,
                41.0288428662883
              ],
              [
                -83.5793995830705,
                41.0288459356321
              ],
              [
                -83.5793897217949,
                41.0288489109724
              ],
              [
                -83.5793797958755,
                41.0288517824729
              ],
              [
                -83.5793698016754,
                41.0288545456654
              ],
              [
                -83.5793597355153,
                41.0288571933815
              ],
              [
                -83.579349592513,
                41.0288597175635
              ],
              [
                -83.5793390944744,
                41.0288621918462
              ],
              [
                -83.5793285708162,
                41.0288645493326
              ],
              [
                -83.5793180204355,
                41.0288667954341
              ],
              [
                -83.5793074458086,
                41.0288689364298
              ],
              [
                -83.5792968493983,
                41.0288709776985
              ],
              [
                -83.5792862301152,
                41.0288729255515
              ],
              [
                -83.5792755892191,
                41.0288747844786
              ],
              [
                -83.5792649280123,
                41.0288765616696
              ],
              [
                -83.5792542477544,
                41.0288782616141
              ],
              [
                -83.5792435497478,
                41.0288798915019
              ],
              [
                -83.5792328340492,
                41.0288814549335
              ],
              [
                -83.5792221031494,
                41.0288829590879
              ],
              [
                -83.5792113583083,
                41.0288844084548
              ],
              [
                -83.5792005984649,
                41.0288858111457
              ],
              [
                -83.5791898272136,
                41.0288871689284
              ],
              [
                -83.579179043522,
                41.0288884917146
              ],
              [
                -83.579171352697,
                41.0288894210222
              ],
              [
                -83.5791636642063,
                41.0288903476076
              ],
              [
                -83.5791559756728,
                41.0288912714922
              ],
              [
                -83.5791482870539,
                41.0288921899758
              ],
              [
                -83.5791405971893,
                41.0288931048693
              ],
              [
                -83.5791329084279,
                41.0288940143512
              ],
              [
                -83.5791252183925,
                41.0288949184428
              ],
              [
                -83.5791175258802,
                41.0288958162549
              ],
              [
                -83.5791098332542,
                41.0288967068658
              ],
              [
                -83.5791021393115,
                41.0288975893863
              ],
              [
                -83.5790944428494,
                41.028898462927
              ],
              [
                -83.5790867438678,
                41.0288993274879
              ],
              [
                -83.5790790435555,
                41.0289001830583
              ],
              [
                -83.5790713395068,
                41.0289010278595
              ],
              [
                -83.5790636317074,
                41.0289018609913
              ],
              [
                -83.5790559225489,
                41.0289026833325
              ],
              [
                -83.5790469160589,
                41.02890363084
              ],
              [
                -83.579037912893,
                41.0289045630132
              ],
              [
                -83.5790289082684,
                41.028905478095
              ],
              [
                -83.5790198997795,
                41.0289063743066
              ],
              [
                -83.5790108873979,
                41.0289072498481
              ],
              [
                -83.5790018663268,
                41.028908102062
              ],
              [
                -83.5789928365234,
                41.0289089282482
              ],
              [
                -83.5789837944221,
                41.0289097284389
              ],
              [
                -83.5789743956605,
                41.0289105264551
              ],
              [
                -83.5789649939676,
                41.028911289389
              ],
              [
                -83.5789555893435,
                41.0289120172406
              ],
              [
                -83.5789461817454,
                41.0289127073096
              ],
              [
                -83.5789367711592,
                41.0289133586958
              ],
              [
                -83.5789273575851,
                41.0289139713994
              ],
              [
                -83.5789179421546,
                41.0289145418092
              ],
              [
                -83.5789085236793,
                41.028915069936
              ],
              [
                -83.5788991033336,
                41.028915554869
              ],
              [
                -83.5788896799005,
                41.0289159948187
              ],
              [
                -83.5788802545402,
                41.0289163879743
              ],
              [
                -83.5788708272527,
                41.0289167343357
              ],
              [
                -83.5788613979954,
                41.0289170312026
              ],
              [
                -83.578851965594,
                41.028917279486
              ],
              [
                -83.5788425299775,
                41.0289174746855
              ],
              [
                -83.5788330947259,
                41.0289176176688
              ],
              [
                -83.5788220531873,
                41.0289177427772
              ],
              [
                -83.5788110113219,
                41.0289178471829
              ],
              [
                -83.5787999679273,
                41.0289179299963
              ],
              [
                -83.5787889230031,
                41.0289179912175
              ],
              [
                -83.5787778777382,
                41.0289180308358
              ]
            ]
          ],
          [
            [
              [
                -83.579231632827,
                41.02904891994
              ],
              [
                -83.5792441540412,
                41.029047341967
              ],
              [
                -83.5792566613991,
                41.0290457146066
              ],
              [
                -83.5792691511927,
                41.0290440288903
              ],
              [
                -83.5792816245253,
                41.0290422794069
              ],
              [
                -83.5792940777603,
                41.0290404616882
              ],
              [
                -83.5793065131325,
                41.0290385667119
              ],
              [
                -83.5793189269909,
                41.0290365891099
              ],
              [
                -83.5793313180191,
                41.0290345207921
              ],
              [
                -83.5793436873488,
                41.0290323581476
              ],
              [
                -83.5793560300977,
                41.0290300931186
              ],
              [
                -83.5793683473264,
                41.0290277175936
              ],
              [
                -83.5793806377896,
                41.0290252279832
              ],
              [
                -83.5793929013591,
                41.0290226161865
              ],
              [
                -83.5794051343841,
                41.0290198768354
              ],
              [
                -83.5794173367223,
                41.0290170009291
              ],
              [
                -83.579429240535,
                41.0290140404039
              ],
              [
                -83.5794410552781,
                41.0290109348499
              ],
              [
                -83.5794527834707,
                41.0290076932466
              ],
              [
                -83.5794644335894,
                41.0290043254195
              ],
              [
                -83.5794760069078,
                41.0290008367584
              ],
              [
                -83.5794875130623,
                41.0289972352779
              ],
              [
                -83.5794989533696,
                41.028993529068
              ],
              [
                -83.5795103362631,
                41.0289897252539
              ],
              [
                -83.5795216642482,
                41.0289858319151
              ],
              [
                -83.5795329457726,
                41.0289818570768
              ],
              [
                -83.5795441833272,
                41.0289778079181
              ],
              [
                -83.5795553841571,
                41.0289736915753
              ],
              [
                -83.579566551956,
                41.0289695161166
              ],
              [
                -83.5795776916061,
                41.0289652895998
              ],
              [
                -83.5795888103525,
                41.028961019161
              ],
              [
                -83.5795999118747,
                41.0289567119686
              ],
              [
                -83.5796084563224,
                41.0289533794486
              ],
              [
                -83.5796169887555,
                41.028950038935
              ],
              [
                -83.5796255115796,
                41.0289466922063
              ],
              [
                -83.5796340211721,
                41.0289433356944
              ],
              [
                -83.579642521113,
                41.0289399702673
              ],
              [
                -83.5796510101853,
                41.0289365941354
              ],
              [
                -83.5796594883747,
                41.0289332063988
              ],
              [
                -83.5796679580584,
                41.0289298070358
              ],
              [
                -83.5796764156424,
                41.0289263942786
              ],
              [
                -83.5796848634893,
                41.0289229672057
              ],
              [
                -83.5796933027737,
                41.0289195249061
              ],
              [
                -83.5797017311043,
                41.0289160665014
              ],
              [
                -83.5797101484666,
                41.0289125910914
              ],
              [
                -83.5797185584124,
                41.0289090977437
              ],
              [
                -83.5797269585359,
                41.0289055846798
              ],
              [
                -83.5797353488515,
                41.0289020527997
              ],
              [
                -83.5797462551928,
                41.0288974313874
              ],
              [
                -83.5797571410141,
                41.0288927903553
              ],
              [
                -83.5797680051267,
                41.0288881297142
              ],
              [
                -83.5797788498651,
                41.0288834467423
              ],
              [
                -83.5797896740551,
                41.0288787423505
              ],
              [
                -83.5798004800594,
                41.0288740156171
              ],
              [
                -83.5798112666612,
                41.0288692647527
              ],
              [
                -83.5798220338605,
                41.0288644897575
              ],
              [
                -83.5798327840342,
                41.0288596906098
              ],
              [
                -83.5798435147769,
                41.028854865531
              ],
              [
                -83.5798542284515,
                41.0288500135995
              ],
              [
                -83.5798649250722,
                41.0288451357154
              ],
              [
                -83.5798756034078,
                41.0288402291893
              ],
              [
                -83.5798862658354,
                41.0288352939996
              ],
              [
                -83.5798969111664,
                41.028830330157
              ],
              [
                -83.5799075417497,
                41.0288253358399
              ],
              [
                -83.5799185961691,
                41.0288200811236
              ],
              [
                -83.5799295973795,
                41.0288147692747
              ],
              [
                -83.5799405405554,
                41.0288093958361
              ],
              [
                -83.5799514244797,
                41.0288039590182
              ],
              [
                -83.5799622455584,
                41.0287984570532
              ],
              [
                -83.5799730037487,
                41.0287928872411
              ],
              [
                -83.5799836942394,
                41.0287872460243
              ],
              [
                -83.5799943146391,
                41.0287815325244
              ],
              [
                -83.5800048624997,
                41.0287757422627
              ],
              [
                -83.5800153366323,
                41.0287698752499
              ],
              [
                -83.5800257334145,
                41.0287639279179
              ],
              [
                -83.5800360492095,
                41.0287578957987
              ],
              [
                -83.5800462840313,
                41.0287517797924
              ],
              [
                -83.580056434229,
                41.0287455745308
              ],
              [
                -83.580066496251,
                41.0287392809463
              ],
              [
                -83.5800764688092,
                41.0287328927492
              ],
              [
                -83.5800840981298,
                41.0287279211013
              ],
              [
                -83.580091686611,
                41.0287229228166
              ],
              [
                -83.5800992366442,
                41.0287178987736
              ],
              [
                -83.5801067494466,
                41.0287128507617
              ],
              [
                -83.5801142285836,
                41.0287077787486
              ],
              [
                -83.5801216752583,
                41.0287026836237
              ],
              [
                -83.5801290906733,
                41.0286975662762
              ],
              [
                -83.5801364784087,
                41.0286924275739
              ],
              [
                -83.5801438384786,
                41.028687268417
              ],
              [
                -83.5801511732745,
                41.028682089684
              ],
              [
                -83.5801584875506,
                41.0286768913317
              ],
              [
                -83.5801657801468,
                41.0286716751712
              ],
              [
                -83.5801730534402,
                41.028666441181
              ],
              [
                -83.5801803086338,
                41.0286611902502
              ],
              [
                -83.5801875504959,
                41.028655923236
              ],
              [
                -83.580194779055,
                41.0286506419385
              ],
              [
                -83.5802003832556,
                41.0286465312248
              ],
              [
                -83.5802059766872,
                41.0286424161073
              ],
              [
                -83.5802115605099,
                41.0286382947751
              ],
              [
                -83.5802171335495,
                41.0286341681391
              ],
              [
                -83.5802226969802,
                41.0286300352884
              ],
              [
                -83.5802282508022,
                41.028625896223
              ],
              [
                -83.5802337961896,
                41.028621750032
              ],
              [
                -83.5802393307654,
                41.0286175967371
              ],
              [
                -83.580244856921,
                41.0286134372167
              ],
              [
                -83.5802503734393,
                41.0286092696815
              ],
              [
                -83.5802558815373,
                41.0286050959209
              ],
              [
                -83.5802613811582,
                41.0286009123344
              ],
              [
                -83.5802668723447,
                41.0285967216224
              ],
              [
                -83.5802723550682,
                41.0285925219847
              ],
              [
                -83.5802778293288,
                41.0285883134214
              ],
              [
                -83.5802832951265,
                41.0285840959324
              ],
              [
                -83.5802903027256,
                41.0285786743976
              ],
              [
                -83.5802972971071,
                41.02857324398
              ],
              [
                -83.5803042722711,
                41.0285678011331
              ],
              [
                -83.5803112209868,
                41.0285623396211
              ],
              [
                -83.5803181360656,
                41.0285568559082
              ],
              [
                -83.5803250103052,
                41.0285513455586
              ],
              [
                -83.5803318388942,
                41.028545805015
              ],
              [
                -83.5803386146017,
                41.0285402280416
              ],
              [
                -83.5803453302251,
                41.0285346102027
              ],
              [
                -83.5803519785618,
                41.0285289470622
              ],
              [
                -83.5803585536122,
                41.0285232350739
              ],
              [
                -83.580365049348,
                41.0285174688911
              ],
              [
                -83.5803714561894,
                41.0285116440996
              ],
              [
                -83.5803777716883,
                41.0285057562205
              ],
              [
                -83.5803839850763,
                41.0284998008503
              ],
              [
                -83.5803900903395,
                41.0284937735426
              ],
              [
                -83.5803968367887,
                41.0284869473404
              ],
              [
                -83.5804034970476,
                41.0284800832097
              ],
              [
                -83.5804100794788,
                41.0284731837754
              ],
              [
                -83.5804165912566,
                41.0284662516733
              ],
              [
                -83.5804230395836,
                41.028459291339
              ],
              [
                -83.5804294304167,
                41.0284523036187
              ],
              [
                -83.5804357721329,
                41.0284452920375
              ],
              [
                -83.5804420707179,
                41.0284382592418
              ],
              [
                -83.5804483321856,
                41.028431209678
              ],
              [
                -83.5804545660586,
                41.0284241441601
              ],
              [
                -83.5804607759598,
                41.0284170662561
              ],
              [
                -83.5804669714405,
                41.0284099785802
              ],
              [
                -83.5804731597031,
                41.028402885568
              ],
              [
                -83.5804793466904,
                41.0283957871658
              ],
              [
                -83.580485538445,
                41.0283886896202
              ],
              [
                -83.5804917444896,
                41.0283815937452
              ],
              [
                -83.5804971277506,
                41.028375464949
              ],
              [
                -83.5805025254441,
                41.0283693468241
              ],
              [
                -83.5805079315705,
                41.0283632358243
              ],
              [
                -83.5805133365642,
                41.0283571284353
              ],
              [
                -83.5805187355714,
                41.0283510183996
              ],
              [
                -83.5805241190267,
                41.0283449022032
              ],
              [
                -83.5805294809444,
                41.0283387771995
              ],
              [
                -83.5805348129051,
                41.0283326371635
              ],
              [
                -83.5805401077203,
                41.0283264785593
              ],
              [
                -83.5805453593905,
                41.0283202978408
              ],
              [
                -83.5805505583499,
                41.0283140914936
              ],
              [
                -83.580555699745,
                41.0283078532602
              ],
              [
                -83.5805607740101,
                41.0283015796266
              ],
              [
                -83.5805657739712,
                41.0282952679571
              ],
              [
                -83.5805706923973,
                41.0282889120159
              ],
              [
                -83.5805755233028,
                41.0282825091564
              ],
              [
                -83.5805789314889,
                41.0282778493928
              ],
              [
                -83.5805822512223,
                41.0282731589233
              ],
              [
                -83.5805854896631,
                41.0282684394835
              ],
              [
                -83.5805886504338,
                41.0282636946415
              ],
              [
                -83.5805917442457,
                41.0282589252003
              ],
              [
                -83.5805947747216,
                41.028254134728
              ],
              [
                -83.5805977478184,
                41.0282493240708
              ],
              [
                -83.5806006743046,
                41.0282444976322
              ],
              [
                -83.5806035577457,
                41.0282396553798
              ],
              [
                -83.5806064065187,
                41.0282348008386
              ],
              [
                -83.5806092242178,
                41.0282299357764
              ],
              [
                -83.5806120227713,
                41.0282250627858
              ],
              [
                -83.5806148045849,
                41.0282201836453
              ],
              [
                -83.5806175780212,
                41.0282153009798
              ],
              [
                -83.5806203490373,
                41.0282104156355
              ],
              [
                -83.5806231260243,
                41.0282055320375
              ],
              [
                -83.580634648708,
                41.0281853124272
              ],
              [
                -83.5806375264385,
                41.0281802595765
              ],
              [
                -83.5806404041401,
                41.0281752049255
              ],
              [
                -83.5806432794641,
                41.0281701502961
              ],
              [
                -83.5806461500477,
                41.0281650966097
              ],
              [
                -83.580649018211,
                41.0281600402445
              ],
              [
                -83.5806518816196,
                41.0281549839223
              ],
              [
                -83.5806547414336,
                41.0281499258322
              ],
              [
                -83.5806575952901,
                41.0281448668958
              ],
              [
                -83.5806604420006,
                41.0281398071239
              ],
              [
                -83.5806632838995,
                41.0281347437946
              ],
              [
                -83.5806661186523,
                41.0281296796298
              ],
              [
                -83.5806689438534,
                41.0281246128509
              ],
              [
                -83.5806717630687,
                41.0281195434255
              ],
              [
                -83.580674572718,
                41.0281144704859
              ],
              [
                -83.5806773716414,
                41.0281093958429
              ],
              [
                -83.5806801621875,
                41.0281043176751
              ],
              [
                -83.5806829407763,
                41.0280992351144
              ],
              [
                -83.580685708625,
                41.0280941499503
              ],
              [
                -83.5806884657049,
                41.0280890603828
              ],
              [
                -83.5806912084505,
                41.028083966444
              ],
              [
                -83.5806939404276,
                41.0280788681017
              ],
              [
                -83.5806966568958,
                41.028073766299
              ],
              [
                -83.5806993601899,
                41.0280686583142
              ],
              [
                -83.5807020491496,
                41.0280635459582
              ],
              [
                -83.5807047225721,
                41.0280584283416
              ],
              [
                -83.5807073804433,
                41.0280533045645
              ],
              [
                -83.5807100204003,
                41.0280481755484
              ],
              [
                -83.5807126448201,
                41.0280430412718
              ],
              [
                -83.5807159154851,
                41.0280364509002
              ],
              [
                -83.580718923555,
                41.0280297926922
              ],
              [
                -83.5807346246765,
                41.0279924303149
              ],
              [
                -83.5807261390568,
                41.0290825192429
              ],
              [
                -83.5792114817236,
                41.0290513726576
              ],
              [
                -83.5792190978417,
                41.0290504539262
              ],
              [
                -83.579231632827,
                41.02904891994
              ]
            ]
          ],
          [
            [
              [
                -83.576469171202,
                41.0327006827129
              ],
              [
                -83.5769291551297,
                41.0327075811124
              ],
              [
                -83.57734601696,
                41.0324176570279
              ],
              [
                -83.5773861829312,
                41.0290504632964
              ],
              [
                -83.5775445848666,
                41.0290543332337
              ],
              [
                -83.5775044718646,
                41.0324913052022
              ],
              [
                -83.5772184917297,
                41.0326867312561
              ],
              [
                -83.5771913050302,
                41.0332062085226
              ],
              [
                -83.5765191128528,
                41.0331914283569
              ],
              [
                -83.5764408491779,
                41.0331931872314
              ],
              [
                -83.576469171202,
                41.0327006827129
              ]
            ]
          ],
          [
            [
              [
                -83.5771826917917,
                41.0333707719481
              ],
              [
                -83.5771803498523,
                41.0334155225303
              ],
              [
                -83.5770905017623,
                41.0334163629414
              ],
              [
                -83.5768492299834,
                41.0334393979994
              ],
              [
                -83.5764352267573,
                41.033453671115
              ],
              [
                -83.5764258637216,
                41.0334537592374
              ],
              [
                -83.5764313619356,
                41.0333581536679
              ],
              [
                -83.5765191889528,
                41.0333561815359
              ],
              [
                -83.5771826917917,
                41.0333707719481
              ]
            ]
          ]
        ]
      },
      "properties": {
        "parcel_id": "330001006645",
        "state_parcel_id": "39063-330001006645",
        "place_role": "water_supply_reservoir",
        "owner_mailing_name": "CITY OF FINDLAY",
        "owner_mailing_address": "CITY OF FINDLAY FINDLAY 45840",
        "situs_address": "0 TOWNSHIP RD 207 FINDLAY 45840",
        "land_use_code": 640,
        "land_use_name": "Exm-Municipality",
        "acres": 122.48,
        "planar_acres": 115.81,
        "cama_current_to": "2023-05-08",
        "geometry_parts": 4,
        "contains_wpcc_outfall": false
      }
    },
    {
      "type": "Feature",
      "geometry": {
        "type": "Polygon",
        "coordinates": [
          [
            [
              -83.5713210219645,
              41.0288072301018
            ],
            [
              -83.5693643904319,
              41.0287846630095
            ],
            [
              -83.5671710880014,
              41.0287693278807
            ],
            [
              -83.5669803129506,
              41.0287639208524
            ],
            [
              -83.5669776441711,
              41.0287638421104
            ],
            [
              -83.5669749764817,
              41.0287637570571
            ],
            [
              -83.5669723086801,
              41.0287636648031
            ],
            [
              -83.5669696431572,
              41.0287635662273
            ],
            [
              -83.5669669775361,
              41.0287634613507
            ],
            [
              -83.5669643130052,
              41.028763350163
            ],
            [
              -83.5669616495506,
              41.0287632317638
            ],
            [
              -83.5669589860117,
              41.0287631079642
            ],
            [
              -83.566956323563,
              41.0287629778532
            ],
            [
              -83.5669536622187,
              41.0287628423311
            ],
            [
              -83.5669510007621,
              41.0287626996083
            ],
            [
              -83.5669483404098,
              41.0287625514742
            ],
            [
              -83.5669456811478,
              41.0287623970289
            ],
            [
              -83.5669430217734,
              41.0287622353829
            ],
            [
              -83.5669403635174,
              41.0287620692258
            ],
            [
              -83.5669377063517,
              41.0287618967574
            ],
            [
              -83.5669350491017,
              41.0287617188885
            ],
            [
              -83.566932392942,
              41.0287615347083
            ],
            [
              -83.5669297378866,
              41.0287613451169
            ],
            [
              -83.5669270827329,
              41.0287611492249
            ],
            [
              -83.5669244275091,
              41.0287609488324
            ],
            [
              -83.5669217745641,
              41.028760742118
            ],
            [
              -83.5669191215348,
              41.0287605300031
            ],
            [
              -83.5669164684213,
              41.0287603124876
            ],
            [
              -83.5669138164121,
              41.0287600895609
            ],
            [
              -83.5669111654933,
              41.028759860323
            ],
            [
              -83.5669085145041,
              41.0287596265846
            ],
            [
              -83.5669058634449,
              41.0287593883457
            ],
            [
              -83.5669032134759,
              41.0287591437956
            ],
            [
              -83.5669005646252,
              41.0287588947344
            ],
            [
              -83.5668979156763,
              41.0287586393725
            ],
            [
              -83.5668952678458,
              41.0287583794995
            ],
            [
              -83.5668926199451,
              41.028758115126
            ],
            [
              -83.5668899731487,
              41.0287578453414
            ],
            [
              -83.5668873262821,
              41.0287575710563
            ],
            [
              -83.5668846793172,
              41.0287572904706
            ],
            [
              -83.5668820322962,
              41.0287570062845
            ],
            [
              -83.5668793875821,
              41.0287567175766
            ],
            [
              -83.5668767427838,
              41.0287564234682
            ],
            [
              -83.5668740979153,
              41.0287561248594
            ],
            [
              -83.5668714541512,
              41.0287558208393
            ],
            [
              -83.5668688103309,
              41.0287555132189
            ],
            [
              -83.5668661676289,
              41.0287552010873
            ],
            [
              -83.5668635248568,
              41.0287548844553
            ],
            [
              -83.5668608820005,
              41.0287545624228
            ],
            [
              -83.5668582402765,
              41.0287542367792
            ],
            [
              -83.5668555984824,
              41.0287539066351
            ],
            [
              -83.5668529566321,
              41.0287535728907
            ],
            [
              -83.5668503158722,
              41.028753232835
            ],
            [
              -83.5668476750701,
              41.028752890079
            ],
            [
              -83.5668450342119,
              41.0287525437226
            ],
            [
              -83.5668423932836,
              41.0287521928658
            ],
            [
              -83.5668397546621,
              41.0287518374872
            ],
            [
              -83.5668371147819,
              41.0287514776188
            ],
            [
              -83.5668344760482,
              41.0287511150394
            ],
            [
              -83.5668318372443,
              41.0287507479596
            ],
            [
              -83.5668291983842,
              41.0287503772794
            ],
            [
              -83.5668265606426,
              41.0287500020881
            ],
            [
              -83.5668239228588,
              41.0287496241964
            ],
            [
              -83.5668212850189,
              41.0287492427044
            ],
            [
              -83.5668186470948,
              41.0287488558119
            ],
            [
              -83.5668160091426,
              41.0287484671191
            ],
            [
              -83.5668133711202,
              41.0287480739259
            ],
            [
              -83.5668107342443,
              41.0287476780217
            ],
            [
              -83.5668089575749,
              41.0287474058514
            ],
            [
              -83.566807182052,
              41.0287471309702
            ],
            [
              -83.5668054088079,
              41.0287468497671
            ],
            [
              -83.5668036378708,
              41.0287465640423
            ],
            [
              -83.5668018704151,
              41.0287462728851
            ],
            [
              -83.566800104092,
              41.0287459781169
            ],
            [
              -83.5667983400617,
              41.0287456779269
            ],
            [
              -83.5667965783384,
              41.0287453732152
            ],
            [
              -83.5667948200966,
              41.0287450630711
            ],
            [
              -83.5667930617846,
              41.0287447484265
            ],
            [
              -83.5667913069822,
              41.0287444301498
            ],
            [
              -83.5667895532842,
              41.0287441064618
            ],
            [
              -83.5667878019071,
              41.0287437791522
            ],
            [
              -83.5667860540116,
              41.0287434464103
            ],
            [
              -83.5667843060598,
              41.0287431100679
            ],
            [
              -83.5667825615756,
              41.0287427673931
            ],
            [
              -83.5667808182378,
              41.0287424220073
            ],
            [
              -83.566779077193,
              41.0287420711998
            ],
            [
              -83.5667773384832,
              41.0287417176707
            ],
            [
              -83.5667756008638,
              41.0287413578304
            ],
            [
              -83.5667738643767,
              41.0287409943791
            ],
            [
              -83.5667721313993,
              41.0287406272956
            ],
            [
              -83.5667703995261,
              41.0287402548009
            ],
            [
              -83.5667686699741,
              41.0287398786846
            ],
            [
              -83.5667669415403,
              41.0287394980572
            ],
            [
              -83.5667652142531,
              41.0287391147189
            ],
            [
              -83.5667634904333,
              41.0287387250481
            ],
            [
              -83.5667617665715,
              41.028738332677
            ],
            [
              -83.5667600450166,
              41.0287379357843
            ],
            [
              -83.5667583245941,
              41.0287375352806
            ],
            [
              -83.5667566076671,
              41.0287371302445
            ],
            [
              -83.5667548906841,
              41.028736721608
            ],
            [
              -83.5667531748194,
              41.0287363084605
            ],
            [
              -83.5667514612898,
              41.0287358925915
            ],
            [
              -83.5667497488786,
              41.0287354722114
            ],
            [
              -83.5667480387883,
              41.0287350482097
            ],
            [
              -83.5667463298165,
              41.0287346196969
            ],
            [
              -83.5667446219772,
              41.0287341875731
            ],
            [
              -83.5667429152842,
              41.0287337527385
            ],
            [
              -83.5667412096957,
              41.0287333124926
            ],
            [
              -83.5667395064562,
              41.0287328704253
            ],
            [
              -83.5667378043352,
              41.028732423847
            ],
            [
              -83.5667361033325,
              41.0287319727576
            ],
            [
              -83.5667344023018,
              41.028731519868
            ],
            [
              -83.5667327035781,
              41.0287310624566
            ],
            [
              -83.5667310071613,
              41.0287306005237
            ],
            [
              -83.5667293107165,
              41.0287301367904
            ],
            [
              -83.566727615404,
              41.0287296694462
            ],
            [
              -83.5667259212241,
              41.0287291984911
            ],
            [
              -83.5667242281765,
              41.0287287239249
            ],
            [
              -83.5667225374501,
              41.0287282457372
            ],
            [
              -83.5667208466814,
              41.0287277648491
            ],
            [
              -83.5667191570312,
              41.02872727945
            ],
            [
              -83.5667174673389,
              41.0287267913507
            ],
            [
              -83.5667157799957,
              41.0287263014298
            ],
            [
              -83.5667140937709,
              41.0287258069979
            ],
            [
              -83.56671240749,
              41.0287253089657
            ],
            [
              -83.5667107223695,
              41.0287248091226
            ],
            [
              -83.5667090383675,
              41.0287243047685
            ],
            [
              -83.5667073543374,
              41.0287237986142
            ],
            [
              -83.5667056714398,
              41.0287232888488
            ],
            [
              -83.5667039908772,
              41.028722776362
            ],
            [
              -83.5667023102725,
              41.0287222611749
            ],
            [
              -83.5667006295976,
              41.0287217414874
            ],
            [
              -83.5666971989451,
              41.0287206793268
            ],
            [
              -83.566695483619,
              41.0287201482465
            ],
            [
              -83.5666937706559,
              41.0287196162448
            ],
            [
              -83.5666920577069,
              41.0287190851431
            ],
            [
              -83.5666903447299,
              41.0287185522413
            ],
            [
              -83.5666886329415,
              41.0287180193288
            ],
            [
              -83.5666869223557,
              41.0287174873058
            ],
            [
              -83.5666852117278,
              41.0287169525825
            ],
            [
              -83.5666835034771,
              41.0287164178379
            ],
            [
              -83.5666817952406,
              41.0287158839933
            ],
            [
              -83.5666800881504,
              41.0287153474378
            ],
            [
              -83.5666783822349,
              41.0287148099716
            ],
            [
              -83.5666766763193,
              41.0287142725054
            ],
            [
              -83.5666749727528,
              41.0287137332177
            ],
            [
              -83.5666732691584,
              41.0287131921298
            ],
            [
              -83.5666715691437,
              41.0287126519102
            ],
            [
              -83.5666698678843,
              41.0287121081007
            ],
            [
              -83.5666681690021,
              41.02871156427
            ],
            [
              -83.5666664712804,
              41.0287110186285
            ],
            [
              -83.5666647747052,
              41.028710470276
            ],
            [
              -83.5666630793187,
              41.0287099219129
            ],
            [
              -83.5666613862672,
              41.0287093708283
            ],
            [
              -83.5666596943621,
              41.0287088170327
            ],
            [
              -83.5666580036457,
              41.0287082632265
            ],
            [
              -83.5666563152503,
              41.0287077057987
            ],
            [
              -83.5666546280154,
              41.0287071465601
            ],
            [
              -83.5666529419411,
              41.0287065855106
            ],
            [
              -83.5666512594044,
              41.0287060226291
            ],
            [
              -83.5666495780002,
              41.0287054561365
            ],
            [
              -83.5666478977566,
              41.0287048878332
            ],
            [
              -83.5666462186734,
              41.028704317719
            ],
            [
              -83.5666445430998,
              41.0287037439726
            ],
            [
              -83.5666428686868,
              41.0287031684154
            ],
            [
              -83.5666411954203,
              41.0287025901473
            ],
            [
              -83.566639526852,
              41.0287020082363
            ],
            [
              -83.5666378582275,
              41.0287014227249
            ],
            [
              -83.5666361919662,
              41.0287008362921
            ],
            [
              -83.5666345279978,
              41.0287002444376
            ],
            [
              -83.5666328663786,
              41.0286996507616
            ],
            [
              -83.5666312070944,
              41.0286990543641
            ],
            [
              -83.5666295501172,
              41.0286984534449
            ],
            [
              -83.5666278966495,
              41.0286978488935
            ],
            [
              -83.5666262443144,
              41.028697240731
            ],
            [
              -83.5666245943283,
              41.0286966307471
            ],
            [
              -83.5666229478239,
              41.0286960153309
            ],
            [
              -83.5666213024518,
              41.0286953963036
            ],
            [
              -83.5666196606034,
              41.0286947745441
            ],
            [
              -83.5666180210479,
              41.0286941473629
            ],
            [
              -83.5666163861907,
              41.0286935165388
            ],
            [
              -83.5666147512773,
              41.0286928821143
            ],
            [
              -83.5666131198735,
              41.0286922440576
            ],
            [
              -83.5666114919512,
              41.0286916005685
            ],
            [
              -83.5666098663359,
              41.0286909525577
            ],
            [
              -83.5666082442443,
              41.0286903018147
            ],
            [
              -83.5666066244316,
              41.0286896447498
            ],
            [
              -83.5666050081145,
              41.0286889831527
            ],
            [
              -83.566603395293,
              41.0286883170232
            ],
            [
              -83.5666017847924,
              41.0286876472721
            ],
            [
              -83.5666001765848,
              41.0286869720992
            ],
            [
              -83.5665985730474,
              41.0286862914833
            ],
            [
              -83.5665969718029,
              41.0286856054456
            ],
            [
              -83.566595374054,
              41.0286849148756
            ],
            [
              -83.5665937798006,
              41.0286842197732
            ],
            [
              -83.5664957605065,
              41.0286412348386
            ],
            [
              -83.566188516238,
              41.0284812259775
            ],
            [
              -83.5646145130351,
              41.0276365390014
            ],
            [
              -83.5643954835672,
              41.0275328118805
            ],
            [
              -83.5643938310232,
              41.0275320344499
            ],
            [
              -83.5643921761861,
              41.027531262441
            ],
            [
              -83.5643905131132,
              41.0275304959067
            ],
            [
              -83.5643888465726,
              41.0275297357049
            ],
            [
              -83.5643871753901,
              41.0275289827462
            ],
            [
              -83.5643854983347,
              41.0275282343409
            ],
            [
              -83.5643838166233,
              41.0275274922786
            ],
            [
              -83.5643821314303,
              41.0275267556486
            ],
            [
              -83.5643804403925,
              41.0275260253722
            ],
            [
              -83.5643787446986,
              41.0275253014388
            ],
            [
              -83.5643770443346,
              41.0275245829483
            ],
            [
              -83.564375340489,
              41.0275238698902
            ],
            [
              -83.5643736307987,
              41.0275231631856
            ],
            [
              -83.5643719176269,
              41.0275224619133
            ],
            [
              -83.5643702009874,
              41.0275217669735
            ],
            [
              -83.5643684784753,
              41.027521076587
            ],
            [
              -83.564366751321,
              41.0275203934437
            ],
            [
              -83.5643650206851,
              41.0275197157326
            ],
            [
              -83.5643632853651,
              41.0275190425644
            ],
            [
              -83.5643615454029,
              41.0275183766392
            ],
            [
              -83.5643598019452,
              41.0275177152463
            ],
            [
              -83.5643580538172,
              41.0275170592962
            ],
            [
              -83.5643563010332,
              41.0275164096892
            ],
            [
              -83.5643545459562,
              41.0275157655038
            ],
            [
              -83.5643527850204,
              41.027515126772
            ],
            [
              -83.5643510229801,
              41.0275144934513
            ],
            [
              -83.5643492550952,
              41.0275138664842
            ],
            [
              -83.5643474837146,
              41.0275132440492
            ],
            [
              -83.564345707664,
              41.0275126270572
            ],
            [
              -83.5643439281598,
              41.0275120172977
            ],
            [
              -83.5643421451459,
              41.0275114111702
            ],
            [
              -83.5643403586504,
              41.0275108104751
            ],
            [
              -83.5643385686874,
              41.0275102161124
            ],
            [
              -83.5643367740402,
              41.0275096262925
            ],
            [
              -83.5643349771,
              41.0275090418942
            ],
            [
              -83.5643331766922,
              41.0275084638284
            ],
            [
              -83.5643313716002,
              41.0275078903054
            ],
            [
              -83.5643295642152,
              41.0275073222041
            ],
            [
              -83.5643277521601,
              41.0275067595457
            ],
            [
              -83.5643259377978,
              41.0275062014089
            ],
            [
              -83.5643241199681,
              41.0275056496044
            ],
            [
              -83.5643222986427,
              41.0275051023322
            ],
            [
              -83.5643204738357,
              41.0275045604923
            ],
            [
              -83.5643186467357,
              41.0275040240741
            ],
            [
              -83.5643168173287,
              41.0275034921774
            ],
            [
              -83.5643149832655,
              41.0275029666238
            ],
            [
              -83.5643131468812,
              41.0275024446917
            ],
            [
              -83.5643113070154,
              41.0275019281919
            ],
            [
              -83.564309463682,
              41.0275014180245
            ],
            [
              -83.5643076180275,
              41.0275009114785
            ],
            [
              -83.56430577008,
              41.0275004103543
            ],
            [
              -83.5643039186509,
              41.0274999146624
            ],
            [
              -83.5643020649007,
              41.027499422592
            ],
            [
              -83.5643002088855,
              41.0274989377434
            ],
            [
              -83.5642983493467,
              41.0274984556269
            ],
            [
              -83.5642964863543,
              41.0274979807429
            ],
            [
              -83.5642946222154,
              41.0274975085696
            ],
            [
              -83.5642927546089,
              41.0274970427288
            ],
            [
              -83.5642908846954,
              41.0274965814096
            ],
            [
              -83.5642890136494,
              41.0274961237013
            ],
            [
              -83.5642871391498,
              41.0274956732254
            ],
            [
              -83.5642852623151,
              41.027495225471
            ],
            [
              -83.5642833820128,
              41.0274947840489
            ],
            [
              -83.564281500578,
              41.0274943462378
            ],
            [
              -83.5642796168502,
              41.0274939138484
            ],
            [
              -83.5642777308013,
              41.0274934850804
            ],
            [
              -83.564275843662,
              41.0274930626236
            ],
            [
              -83.5642739530131,
              41.027492643799
            ],
            [
              -83.564272060057,
              41.0274922294959
            ],
            [
              -83.5642701659965,
              41.027491820604
            ],
            [
              -83.564268269615,
              41.0274914153335
            ],
            [
              -83.5642663709544,
              41.0274910163848
            ],
            [
              -83.5642644711473,
              41.027490620147
            ],
            [
              -83.5642625702498,
              41.0274902302203
            ],
            [
              -83.5642606658285,
              41.0274898430257
            ],
            [
              -83.5642587603168,
              41.0274894621422
            ],
            [
              -83.5642568524701,
              41.0274890839802
            ],
            [
              -83.5642549435328,
              41.0274887121292
            ],
            [
              -83.5642530322606,
              41.0274883429998
            ],
            [
              -83.5642511210723,
              41.0274879792708
            ],
            [
              -83.564249207577,
              41.0274876200634
            ],
            [
              -83.5642472917747,
              41.0274872653775
            ],
            [
              -83.5642453748259,
              41.0274869134026
            ],
            [
              -83.5642434567865,
              41.0274865677388
            ],
            [
              -83.5642415376147,
              41.0274862256859
            ],
            [
              -83.5642396173244,
              41.027485888144
            ],
            [
              -83.5642376959015,
              41.027485554213
            ],
            [
              -83.5642357721857,
              41.0274852257037
            ],
            [
              -83.5642338473233,
              41.0274848999052
            ],
            [
              -83.5642319213703,
              41.0274845804179
            ],
            [
              -83.5642299954455,
              41.0274842627307
            ],
            [
              -83.5642280684302,
              41.0274839513547
            ],
            [
              -83.5642261390797,
              41.0274836427001
            ],
            [
              -83.5642242086249,
              41.0274833394565
            ],
            [
              -83.564222278212,
              41.0274830389132
            ],
            [
              -83.5642203466947,
              41.027482743781
            ],
            [
              -83.5642184152334,
              41.0274824522491
            ],
            [
              -83.564216481451,
              41.0274821643386
            ],
            [
              -83.5642145477527,
              41.0274818818287
            ],
            [
              -83.5642126128939,
              41.0274816011295
            ],
            [
              -83.5642106769446,
              41.0274813267414
            ],
            [
              -83.5642087422119,
              41.0274810541429
            ],
            [
              -83.5642068052001,
              41.0274807878661
            ],
            [
              -83.5642048682164,
              41.0274805233895
            ],
            [
              -83.5642029301281,
              41.0274802643239
            ],
            [
              -83.564200992082,
              41.0274800079586
            ],
            [
              -83.5641990541199,
              41.0274797569937
            ],
            [
              -83.5641971150112,
              41.0274795087397
            ],
            [
              -83.5641951759586,
              41.027479264086
            ],
            [
              -83.5641932369901,
              41.0274790248327
            ],
            [
              -83.5641912980496,
              41.0274787873796
            ],
            [
              -83.5641893580046,
              41.0274785553375
            ],
            [
              -83.5641874180016,
              41.0274783259956
            ],
            [
              -83.5641854780687,
              41.0274781011542
            ],
            [
              -83.5641835370033,
              41.0274778799235
            ],
            [
              -83.5641815983571,
              41.027477661372
            ],
            [
              -83.5641796585922,
              41.0274774473314
            ],
            [
              -83.564177717695,
              41.0274772369018
            ],
            [
              -83.5641757780423,
              41.0274770300618
            ],
            [
              -83.5641738396202,
              41.0274768259114
            ],
            [
              -83.5641719000936,
              41.0274766271721
            ],
            [
              -83.5641699606091,
              41.0274764311331
            ],
            [
              -83.5641680211805,
              41.0274762386943
            ],
            [
              -83.5641660818081,
              41.0274760498558
            ],
            [
              -83.5641641448548,
              41.0274758636963
            ],
            [
              -83.564162206783,
              41.0274756820479
            ],
            [
              -83.5641602699417,
              41.027475503089
            ],
            [
              -83.5641583331705,
              41.0274753286305
            ],
            [
              -83.564156175019,
              41.0274751363432
            ],
            [
              -83.5641540168674,
              41.0274749440559
            ],
            [
              -83.564151858758,
              41.0274747544688
            ],
            [
              -83.5641497006765,
              41.0274745666819
            ],
            [
              -83.5641475425951,
              41.0274743788948
            ],
            [
              -83.5641453845416,
              41.027474192908
            ],
            [
              -83.5641432277048,
              41.0274740087106
            ],
            [
              -83.5641410696934,
              41.0274738254239
            ],
            [
              -83.5641389105215,
              41.0274736439479
            ],
            [
              -83.5641367525661,
              41.0274734642615
            ],
            [
              -83.5641345946109,
              41.027473284575
            ],
            [
              -83.5641324366975,
              41.0274731075887
            ],
            [
              -83.5641302800009,
              41.0274729323919
            ],
            [
              -83.564128120927,
              41.0274727572163
            ],
            [
              -83.5641259630838,
              41.0274725847303
            ],
            [
              -83.5641238052686,
              41.0274724140444
            ],
            [
              -83.5641216462649,
              41.0274722433691
            ],
            [
              -83.5641194884918,
              41.0274720753835
            ],
            [
              -83.5641173319352,
              41.0274719091873
            ],
            [
              -83.5641151730155,
              41.0274717439124
            ],
            [
              -83.5641130141239,
              41.0274715804376
            ],
            [
              -83.5641108564488,
              41.0274714187523
            ],
            [
              -83.5641086975992,
              41.0274712579777
            ],
            [
              -83.5641065387916,
              41.0274710999033
            ],
            [
              -83.5641043812007,
              41.0274709436184
            ],
            [
              -83.5641022224212,
              41.0274707873441
            ],
            [
              -83.5641000636977,
              41.02747063467
            ],
            [
              -83.5640979049882,
              41.027470482896
            ],
            [
              -83.5640957451042,
              41.0274703320327
            ],
            [
              -83.5640935876393,
              41.0274701838484
            ],
            [
              -83.5640914278254,
              41.0274700374854
            ],
            [
              -83.564089269228,
              41.0274698929119
            ],
            [
              -83.56408710947,
              41.0274697501492
            ],
            [
              -83.5640849497402,
              41.0274696091865
            ],
            [
              -83.5640827900382,
              41.027469470024
            ],
            [
              -83.564080631539,
              41.027469331751
            ],
            [
              -83.5640784718931,
              41.0274691961888
            ],
            [
              -83.5640763110868,
              41.0274690624372
            ],
            [
              -83.564074151483,
              41.0274689295752
            ],
            [
              -83.5640719907466,
              41.027468800324
            ],
            [
              -83.5640698312129,
              41.0274686719623
            ],
            [
              -83.5640676705186,
              41.0274685454113
            ],
            [
              -83.5640655086778,
              41.0274684215711
            ],
            [
              -83.5640633480396,
              41.0274682986204
            ],
            [
              -83.5640611862548,
              41.0274681783804
            ],
            [
              -83.5640590268752,
              41.0274680599194
            ],
            [
              -83.5640568651464,
              41.0274679432798
            ],
            [
              -83.5640547022712,
              41.0274678293509
            ],
            [
              -83.5640525405985,
              41.0274677163114
            ],
            [
              -83.5640503789818,
              41.0274676068723
            ],
            [
              -83.5640482161906,
              41.0274674983439
            ],
            [
              -83.564046054616,
              41.0274673916049
            ],
            [
              -83.5640438918948,
              41.0274672875768
            ],
            [
              -83.5640417280271,
              41.0274671862594
            ],
            [
              -83.564039565362,
              41.0274670858316
            ],
            [
              -83.5640374015504,
              41.0274669881145
            ],
            [
              -83.5640352389693,
              41.027466893087
            ],
            [
              -83.5640330740391,
              41.0274667998809
            ],
            [
              -83.5640309103115,
              41.0274667075642
            ],
            [
              -83.5640287454514,
              41.0274666188584
            ],
            [
              -83.5640265818078,
              41.0274665319421
            ],
            [
              -83.5640244158152,
              41.0274664468472
            ],
            [
              -83.5640222510531,
              41.0274663644418
            ],
            [
              -83.5640200851445,
              41.0274662847473
            ],
            [
              -83.5638249236219,
              41.0274591663417
            ],
            [
              -83.5595901162188,
              41.0273712070966
            ],
            [
              -83.559598520076,
              41.026507412846
            ],
            [
              -83.5596264440474,
              41.02518955132
            ],
            [
              -83.5596423444269,
              41.0233381583382
            ],
            [
              -83.5596804520334,
              41.0215765021215
            ],
            [
              -83.5736746599811,
              41.0217727574304
            ],
            [
              -83.5736242309738,
              41.0288316320826
            ],
            [
              -83.5713210219645,
              41.0288072301018
            ]
          ]
        ]
      },
      "properties": {
        "parcel_id": "330001006646",
        "state_parcel_id": "39063-330001006646",
        "place_role": "water_supply_reservoir",
        "owner_mailing_name": "CITY OF FINDLAY",
        "owner_mailing_address": "CITY OF FINDLAY FINDLAY 45840",
        "situs_address": "0 TOWNSHIP RD 207 FINDLAY 45840",
        "land_use_code": 640,
        "land_use_name": "Exm-Municipality",
        "acres": 221.72,
        "planar_acres": 211.865,
        "cama_current_to": "2023-05-08",
        "geometry_parts": 1,
        "contains_wpcc_outfall": false
      }
    },
    {
      "type": "Feature",
      "geometry": {
        "type": "MultiPolygon",
        "coordinates": [
          [
            [
              [
                -83.5625724319968,
                41.0083790744687
              ],
              [
                -83.5625382938457,
                41.0083631388267
              ],
              [
                -83.5625040459095,
                41.0083402877682
              ],
              [
                -83.5624879755147,
                41.0082986851431
              ],
              [
                -83.562481033299,
                41.0082500523568
              ],
              [
                -83.562485850199,
                41.0081665329744
              ],
              [
                -83.5625118272862,
                41.0072920458463
              ],
              [
                -83.5625144593402,
                41.0072641866821
              ],
              [
                -83.5625234373355,
                41.0072478810864
              ],
              [
                -83.5625386107814,
                41.0072338239255
              ],
              [
                -83.5625568652459,
                41.0072197392971
              ],
              [
                -83.5625647448015,
                41.0072162617228
              ],
              [
                -83.562580475453,
                41.0072165013845
              ],
              [
                -83.5656035236927,
                41.00726350206
              ],
              [
                -83.5656244672904,
                41.0072840009873
              ],
              [
                -83.5656386362925,
                41.00729979111
              ],
              [
                -83.5656485674058,
                41.0073156479259
              ],
              [
                -83.5656602959736,
                41.0073305533422
              ],
              [
                -83.565668575911,
                41.0073564443704
              ],
              [
                -83.5656718836954,
                41.0073728015074
              ],
              [
                -83.5656717603499,
                41.0074033272798
              ],
              [
                -83.5656704446639,
                41.0074385565598
              ],
              [
                -83.5656410335283,
                41.0083020152512
              ],
              [
                -83.5656140271414,
                41.0083463224432
              ],
              [
                -83.5655866838611,
                41.0083697700481
              ],
              [
                -83.5655563349146,
                41.0083978581408
              ],
              [
                -83.5655104407991,
                41.0084191723976
              ],
              [
                -83.565461352737,
                41.0084312105154
              ],
              [
                -83.5653720429979,
                41.0084343700604
              ],
              [
                -83.5627266389033,
                41.0083892351253
              ],
              [
                -83.5626342486182,
                41.0083900876152
              ],
              [
                -83.5625724319968,
                41.0083790744687
              ]
            ]
          ],
          [
            [
              [
                -83.5681428171114,
                41.0084561019051
              ],
              [
                -83.5679498928431,
                41.0084404887216
              ],
              [
                -83.5676491555388,
                41.0084287855691
              ],
              [
                -83.5669822753135,
                41.008414654099
              ],
              [
                -83.566858840105,
                41.0084070961309
              ],
              [
                -83.5667891182913,
                41.0083845484844
              ],
              [
                -83.5666841705471,
                41.0083304014407
              ],
              [
                -83.5666141691756,
                41.0082904513431
              ],
              [
                -83.5665440724088,
                41.0082446830364
              ],
              [
                -83.5665164143749,
                41.0082014309838
              ],
              [
                -83.56650004308,
                41.0081435816966
              ],
              [
                -83.566500316061,
                41.007920247276
              ],
              [
                -83.5665239490933,
                41.0074762749725
              ],
              [
                -83.5665371360672,
                41.0073369279954
              ],
              [
                -83.5665773173917,
                41.0072786248668
              ],
              [
                -83.5665966046244,
                41.0072789239966
              ],
              [
                -83.5684988966234,
                41.0073113141193
              ],
              [
                -83.5685139394655,
                41.0073191741307
              ],
              [
                -83.5685308100364,
                41.0073293925377
              ],
              [
                -83.5685548273894,
                41.0073536002185
              ],
              [
                -83.5685686782709,
                41.0073877015375
              ],
              [
                -83.5685693561892,
                41.0075215402574
              ],
              [
                -83.56881362954,
                41.0075217438361
              ],
              [
                -83.5688752582774,
                41.007521172301
              ],
              [
                -83.5689062796112,
                41.0075324952605
              ],
              [
                -83.5689374867034,
                41.0075553996843
              ],
              [
                -83.5689608847295,
                41.0075725857139
              ],
              [
                -83.5689848216585,
                41.0076110220132
              ],
              [
                -83.5689756300773,
                41.0084189738444
              ],
              [
                -83.5737572032861,
                41.0102154656598
              ],
              [
                -83.573754958665,
                41.0105303250236
              ],
              [
                -83.568972020376,
                41.0087333621257
              ],
              [
                -83.5682818865853,
                41.0084780074684
              ],
              [
                -83.5681428171114,
                41.0084561019051
              ]
            ]
          ],
          [
            [
              [
                -83.5595477536853,
                41.0148530607056
              ],
              [
                -83.5596635600237,
                41.0143413203574
              ],
              [
                -83.5596983607425,
                41.0141770421664
              ],
              [
                -83.5597234776168,
                41.0139919101175
              ],
              [
                -83.5597383598885,
                41.0137540578683
              ],
              [
                -83.5596943190656,
                41.0134867999124
              ],
              [
                -83.559625837853,
                41.0131555080265
              ],
              [
                -83.5595951900347,
                41.012851152699
              ],
              [
                -83.559580964813,
                41.0118174155133
              ],
              [
                -83.5595840552743,
                41.010697436789
              ],
              [
                -83.5595750639104,
                41.009553962693
              ],
              [
                -83.5595734879981,
                41.0084345485696
              ],
              [
                -83.5595719323823,
                41.0071694562766
              ],
              [
                -83.5617076879356,
                41.0072028687884
              ],
              [
                -83.5616888201862,
                41.0081551388508
              ],
              [
                -83.5614502092046,
                41.008155581402
              ],
              [
                -83.5614221576656,
                41.008157597427
              ],
              [
                -83.5614035668502,
                41.0081665797198
              ],
              [
                -83.5613898299838,
                41.0081843292341
              ],
              [
                -83.5613901397476,
                41.0082036784901
              ],
              [
                -83.5613904856601,
                41.0083718597701
              ],
              [
                -83.5613746465627,
                41.0084054673553
              ],
              [
                -83.5613515891437,
                41.0084250597831
              ],
              [
                -83.5613168773799,
                41.0084500294582
              ],
              [
                -83.5612680864667,
                41.0084716154215
              ],
              [
                -83.5612146302066,
                41.0084914604659
              ],
              [
                -83.5610683425088,
                41.0085614881907
              ],
              [
                -83.5609222327537,
                41.0086403254895
              ],
              [
                -83.5608086702914,
                41.0087082665725
              ],
              [
                -83.5607093914547,
                41.0087901850669
              ],
              [
                -83.5606446476115,
                41.0088383251453
              ],
              [
                -83.5606011814549,
                41.008900377792
              ],
              [
                -83.5605075980076,
                41.0090459827112
              ],
              [
                -83.5604308397576,
                41.0092192672157
              ],
              [
                -83.5603708798271,
                41.009418802021
              ],
              [
                -83.5603439335723,
                41.0097809204888
              ],
              [
                -83.5603287237705,
                41.0107275566158
              ],
              [
                -83.5603007543456,
                41.0117710150445
              ],
              [
                -83.5602697564972,
                41.0129012976206
              ],
              [
                -83.560248099893,
                41.0137331701501
              ],
              [
                -83.5601964891439,
                41.0140150321021
              ],
              [
                -83.5601706401446,
                41.0141543858084
              ],
              [
                -83.5601376071601,
                41.0145755491879
              ],
              [
                -83.5601279101782,
                41.0151364919419
              ],
              [
                -83.5601287860776,
                41.0151910812874
              ],
              [
                -83.5594571772414,
                41.0151866949877
              ],
              [
                -83.5595036586152,
                41.0150207458711
              ],
              [
                -83.5595477536853,
                41.0148530607056
              ]
            ]
          ],
          [
            [
              [
                -83.5586287517725,
                41.0203876668884
              ],
              [
                -83.558430203429,
                41.0203464509586
              ],
              [
                -83.5581839051529,
                41.0203020495847
              ],
              [
                -83.5580046473448,
                41.0202749849919
              ],
              [
                -83.5578113909667,
                41.0202677841765
              ],
              [
                -83.5574472927838,
                41.02026574795
              ],
              [
                -83.5574468637201,
                41.0200917210569
              ],
              [
                -83.5574524586547,
                41.0199929605239
              ],
              [
                -83.557488887402,
                41.0198867797068
              ],
              [
                -83.5575608589369,
                41.019764104977
              ],
              [
                -83.5579253596887,
                41.0193004521891
              ],
              [
                -83.5582083269784,
                41.0189533575764
              ],
              [
                -83.5583955819428,
                41.0187355254746
              ],
              [
                -83.5584890536457,
                41.0186180325544
              ],
              [
                -83.558636729586,
                41.0179637546051
              ],
              [
                -83.5595921118534,
                41.0179549671848
              ],
              [
                -83.5595902374566,
                41.0180301426395
              ],
              [
                -83.5595135237468,
                41.0181528618324
              ],
              [
                -83.559353590773,
                41.0184378348748
              ],
              [
                -83.559268057217,
                41.0186073001693
              ],
              [
                -83.5592273110607,
                41.0187422331949
              ],
              [
                -83.559240873226,
                41.0191404594372
              ],
              [
                -83.5592927915659,
                41.0200726962118
              ],
              [
                -83.5591747391672,
                41.0200722444246
              ],
              [
                -83.5591257235211,
                41.0201390687016
              ],
              [
                -83.5592418029994,
                41.0202402789652
              ],
              [
                -83.5592448520028,
                41.0204304494978
              ],
              [
                -83.5589584190954,
                41.0204259201882
              ],
              [
                -83.5587650765357,
                41.0204133420159
              ],
              [
                -83.5586287517725,
                41.0203876668884
              ]
            ]
          ]
        ]
      },
      "properties": {
        "parcel_id": "330001016943",
        "state_parcel_id": "39063-330001016943",
        "place_role": "water_supply_reservoir",
        "owner_mailing_name": "CITY OF FINDLAY",
        "owner_mailing_address": "CITY OF FINDLAY FINDLAY 45840",
        "situs_address": "0 TOWNSHIP RD 205 FINDLAY 45840",
        "land_use_code": 110,
        "land_use_name": "Agr-CAUV-Vacant Land",
        "acres": 42.2,
        "planar_acres": 42.659,
        "cama_current_to": "2023-05-08",
        "geometry_parts": 4,
        "contains_wpcc_outfall": false
      }
    },
    {
      "type": "Feature",
      "geometry": {
        "type": "Polygon",
        "coordinates": [
          [
            [
              -83.5575766284077,
              41.0251413526373
            ],
            [
              -83.5570446909399,
              41.0231041093035
            ],
            [
              -83.5564676651338,
              41.023060632285
            ],
            [
              -83.5566826420104,
              41.0216078944512
            ],
            [
              -83.5594615450499,
              41.0216425822564
            ],
            [
              -83.5594248999549,
              41.0233362738383
            ],
            [
              -83.5594090368901,
              41.0251827827772
            ],
            [
              -83.5575766284077,
              41.0251413526373
            ]
          ]
        ]
      },
      "properties": {
        "parcel_id": "330001022264",
        "state_parcel_id": "39063-330001022264",
        "place_role": "water_supply_reservoir",
        "owner_mailing_name": "CITY OF FINDLAY",
        "owner_mailing_address": "CITY OF FINDLAY FINDLAY 45840",
        "situs_address": "0 TOWNSHIP RD 207 FINDLAY 45840",
        "land_use_code": 640,
        "land_use_name": "Exm-Municipality",
        "acres": 20.79,
        "planar_acres": 19.789,
        "cama_current_to": "2023-05-08",
        "geometry_parts": 1,
        "contains_wpcc_outfall": false
      }
    },
    {
      "type": "Feature",
      "geometry": {
        "type": "MultiPolygon",
        "coordinates": [
          [
            [
              [
                -83.5689374867034,
                41.0075553996843
              ],
              [
                -83.5689062796112,
                41.0075324952605
              ],
              [
                -83.5688752582774,
                41.007521172301
              ],
              [
                -83.56881362954,
                41.0075217438361
              ],
              [
                -83.5685693561892,
                41.0075215402574
              ],
              [
                -83.5685686782709,
                41.0073877015375
              ],
              [
                -83.5685548273894,
                41.0073536002185
              ],
              [
                -83.5685308100364,
                41.0073293925377
              ],
              [
                -83.5685139394655,
                41.0073191741307
              ],
              [
                -83.5684988966234,
                41.0073113141193
              ],
              [
                -83.5689881358582,
                41.0073196304813
              ],
              [
                -83.5689848216585,
                41.0076110220132
              ],
              [
                -83.5689608847295,
                41.0075725857139
              ],
              [
                -83.5689374867034,
                41.0075553996843
              ]
            ]
          ],
          [
            [
              [
                -83.5596825263151,
                41.0214806292177
              ],
              [
                -83.5563189788756,
                41.0214386421428
              ],
              [
                -83.5563393513073,
                41.0198287004569
              ],
              [
                -83.5576362983925,
                41.0182007193925
              ],
              [
                -83.5576748122219,
                41.0180768883118
              ],
              [
                -83.5579302842279,
                41.0172554923591
              ],
              [
                -83.5582786102998,
                41.016120654672
              ],
              [
                -83.5588400112149,
                41.0142915428931
              ],
              [
                -83.5595145475935,
                41.014303425173
              ],
              [
                -83.5595143398099,
                41.0106774387838
              ],
              [
                -83.5595141572882,
                41.0071685339946
              ],
              [
                -83.5595719323823,
                41.0071694562766
              ],
              [
                -83.5595734879981,
                41.0084345485696
              ],
              [
                -83.5595750639104,
                41.009553962693
              ],
              [
                -83.5595840552743,
                41.010697436789
              ],
              [
                -83.559580964813,
                41.0118174155133
              ],
              [
                -83.5595951900347,
                41.012851152699
              ],
              [
                -83.559625837853,
                41.0131555080265
              ],
              [
                -83.5596943190656,
                41.0134867999124
              ],
              [
                -83.5597383598885,
                41.0137540578683
              ],
              [
                -83.5597234776168,
                41.0139919101175
              ],
              [
                -83.5596983607425,
                41.0141770421664
              ],
              [
                -83.5596635600237,
                41.0143413203574
              ],
              [
                -83.5595477536853,
                41.0148530607056
              ],
              [
                -83.5595036586152,
                41.0150207458711
              ],
              [
                -83.5594571772414,
                41.0151866949877
              ],
              [
                -83.5601287860776,
                41.0151910812874
              ],
              [
                -83.5601279101782,
                41.0151364919419
              ],
              [
                -83.5601376071601,
                41.0145755491879
              ],
              [
                -83.5601706401446,
                41.0141543858084
              ],
              [
                -83.5601964891439,
                41.0140150321021
              ],
              [
                -83.560248099893,
                41.0137331701501
              ],
              [
                -83.5602697564972,
                41.0129012976206
              ],
              [
                -83.5603007543456,
                41.0117710150445
              ],
              [
                -83.5603287237705,
                41.0107275566158
              ],
              [
                -83.5603439335723,
                41.0097809204888
              ],
              [
                -83.5603708798271,
                41.009418802021
              ],
              [
                -83.5604308397576,
                41.0092192672157
              ],
              [
                -83.5605075980076,
                41.0090459827112
              ],
              [
                -83.5606011814549,
                41.008900377792
              ],
              [
                -83.5606446476115,
                41.0088383251453
              ],
              [
                -83.5607093914547,
                41.0087901850669
              ],
              [
                -83.5608086702914,
                41.0087082665725
              ],
              [
                -83.5609222327537,
                41.0086403254895
              ],
              [
                -83.5610683425088,
                41.0085614881907
              ],
              [
                -83.5612146302066,
                41.0084914604659
              ],
              [
                -83.5612680864667,
                41.0084716154215
              ],
              [
                -83.5613168773799,
                41.0084500294582
              ],
              [
                -83.5613515891437,
                41.0084250597831
              ],
              [
                -83.5613746465627,
                41.0084054673553
              ],
              [
                -83.5613904856601,
                41.0083718597701
              ],
              [
                -83.5613901397476,
                41.0082036784901
              ],
              [
                -83.5613898299838,
                41.0081843292341
              ],
              [
                -83.5614035668502,
                41.0081665797198
              ],
              [
                -83.5614221576656,
                41.008157597427
              ],
              [
                -83.5614502092046,
                41.008155581402
              ],
              [
                -83.5616888201862,
                41.0081551388508
              ],
              [
                -83.5617076879356,
                41.0072028687884
              ],
              [
                -83.5625647448015,
                41.0072162617228
              ],
              [
                -83.5625568652459,
                41.0072197392971
              ],
              [
                -83.5625386107814,
                41.0072338239255
              ],
              [
                -83.5625234373355,
                41.0072478810864
              ],
              [
                -83.5625144593402,
                41.0072641866821
              ],
              [
                -83.5625118272862,
                41.0072920458463
              ],
              [
                -83.562485850199,
                41.0081665329744
              ],
              [
                -83.562481033299,
                41.0082500523568
              ],
              [
                -83.5624879755147,
                41.0082986851431
              ],
              [
                -83.5625040459095,
                41.0083402877682
              ],
              [
                -83.5625382938457,
                41.0083631388267
              ],
              [
                -83.5625724319968,
                41.0083790744687
              ],
              [
                -83.5626342486182,
                41.0083900876152
              ],
              [
                -83.5627266389033,
                41.0083892351253
              ],
              [
                -83.5653720429979,
                41.0084343700604
              ],
              [
                -83.565461352737,
                41.0084312105154
              ],
              [
                -83.5655104407991,
                41.0084191723976
              ],
              [
                -83.5655563349146,
                41.0083978581408
              ],
              [
                -83.5655866838611,
                41.0083697700481
              ],
              [
                -83.5656140271414,
                41.0083463224432
              ],
              [
                -83.5656410335283,
                41.0083020152512
              ],
              [
                -83.5656704446639,
                41.0074385565598
              ],
              [
                -83.5656717603499,
                41.0074033272798
              ],
              [
                -83.5656718836954,
                41.0073728015074
              ],
              [
                -83.565668575911,
                41.0073564443704
              ],
              [
                -83.5656602959736,
                41.0073305533422
              ],
              [
                -83.5656485674058,
                41.0073156479259
              ],
              [
                -83.5656386362925,
                41.00729979111
              ],
              [
                -83.5656244672904,
                41.0072840009873
              ],
              [
                -83.5656035236927,
                41.00726350206
              ],
              [
                -83.5665773173917,
                41.0072786248668
              ],
              [
                -83.5665371360672,
                41.0073369279954
              ],
              [
                -83.5665239490933,
                41.0074762749725
              ],
              [
                -83.566500316061,
                41.007920247276
              ],
              [
                -83.56650004308,
                41.0081435816966
              ],
              [
                -83.5665164143749,
                41.0082014309838
              ],
              [
                -83.5665440724088,
                41.0082446830364
              ],
              [
                -83.5666141691756,
                41.0082904513431
              ],
              [
                -83.5666841705471,
                41.0083304014407
              ],
              [
                -83.5667891182913,
                41.0083845484844
              ],
              [
                -83.566858840105,
                41.0084070961309
              ],
              [
                -83.5669822753135,
                41.008414654099
              ],
              [
                -83.5676491555388,
                41.0084287855691
              ],
              [
                -83.5679498928431,
                41.0084404887216
              ],
              [
                -83.5681428171114,
                41.0084561019051
              ],
              [
                -83.5682818865853,
                41.0084780074684
              ],
              [
                -83.568972020376,
                41.0087333621257
              ],
              [
                -83.573754958665,
                41.0105303250236
              ],
              [
                -83.5736746830297,
                41.0217696073792
              ],
              [
                -83.5736746599811,
                41.0217727574304
              ],
              [
                -83.5596804520334,
                41.0215765021215
              ],
              [
                -83.5596825263151,
                41.0214806292177
              ]
            ],
            [
              [
                -83.5591257235211,
                41.0201390687016
              ],
              [
                -83.5591747391672,
                41.0200722444246
              ],
              [
                -83.5592927915659,
                41.0200726962118
              ],
              [
                -83.559240873226,
                41.0191404594372
              ],
              [
                -83.5592273110607,
                41.0187422331949
              ],
              [
                -83.559268057217,
                41.0186073001693
              ],
              [
                -83.559353590773,
                41.0184378348748
              ],
              [
                -83.5595135237468,
                41.0181528618324
              ],
              [
                -83.5595902374566,
                41.0180301426395
              ],
              [
                -83.5595921118534,
                41.0179549671848
              ],
              [
                -83.558636729586,
                41.0179637546051
              ],
              [
                -83.5584890536457,
                41.0186180325544
              ],
              [
                -83.5583955819428,
                41.0187355254746
              ],
              [
                -83.5582083269784,
                41.0189533575764
              ],
              [
                -83.5579253596887,
                41.0193004521891
              ],
              [
                -83.5575608589369,
                41.019764104977
              ],
              [
                -83.557488887402,
                41.0198867797068
              ],
              [
                -83.5574524586547,
                41.0199929605239
              ],
              [
                -83.5574468637201,
                41.0200917210569
              ],
              [
                -83.5574472927838,
                41.02026574795
              ],
              [
                -83.5578113909667,
                41.0202677841765
              ],
              [
                -83.5580046473448,
                41.0202749849919
              ],
              [
                -83.5581839051529,
                41.0203020495847
              ],
              [
                -83.558430203429,
                41.0203464509586
              ],
              [
                -83.5586287517725,
                41.0203876668884
              ],
              [
                -83.5587650765357,
                41.0204133420159
              ],
              [
                -83.5589584190954,
                41.0204259201882
              ],
              [
                -83.5592448520028,
                41.0204304494978
              ],
              [
                -83.5592418029994,
                41.0202402789652
              ],
              [
                -83.5591257235211,
                41.0201390687016
              ]
            ]
          ]
        ]
      },
      "properties": {
        "parcel_id": "330001022266",
        "state_parcel_id": "39063-330001022266",
        "place_role": "water_supply_reservoir",
        "owner_mailing_name": "CITY OF FINDLAY",
        "owner_mailing_address": "CITY OF FINDLAY FINDLAY 45840",
        "situs_address": "16811 TOWNSHIP RD 207 FINDLAY 45840",
        "land_use_code": 640,
        "land_use_name": "Exm-Municipality",
        "acres": 451.49,
        "planar_acres": 440.924,
        "cama_current_to": "2023-05-08",
        "geometry_parts": 2,
        "contains_wpcc_outfall": false
      }
    },
    {
      "type": "Feature",
      "geometry": {
        "type": "MultiPolygon",
        "coordinates": [
          [
            [
              [
                -83.6624910990131,
                41.0479524752744
              ],
              [
                -83.6601855043953,
                41.0462468361532
              ],
              [
                -83.6604988782136,
                41.0459742298615
              ],
              [
                -83.6601062590483,
                41.0451272066061
              ],
              [
                -83.6601410919952,
                41.0449367643572
              ],
              [
                -83.6602272600133,
                41.0450003963885
              ],
              [
                -83.6603183403626,
                41.0450599782355
              ],
              [
                -83.6604140000153,
                41.0451152943771
              ],
              [
                -83.6605138918873,
                41.0451661420321
              ],
              [
                -83.6615640174601,
                41.0457838614895
              ],
              [
                -83.6618823862611,
                41.0458717570524
              ],
              [
                -83.6620522491278,
                41.0458529144442
              ],
              [
                -83.6625617886311,
                41.0461806594971
              ],
              [
                -83.6625413924215,
                41.0462081283264
              ],
              [
                -83.6626746513691,
                41.0462732962075
              ],
              [
                -83.6628042023805,
                41.0463426185441
              ],
              [
                -83.6629298174842,
                41.0464159742422
              ],
              [
                -83.6628509681631,
                41.0464921841149
              ],
              [
                -83.6629860746699,
                41.0465779042904
              ],
              [
                -83.6631154413669,
                41.0466685576155
              ],
              [
                -83.6632387553675,
                41.0467639248085
              ],
              [
                -83.6633557154382,
                41.0468637729708
              ],
              [
                -83.6634660392394,
                41.0469678618182
              ],
              [
                -83.6635694572582,
                41.047075936538
              ],
              [
                -83.66366572008,
                41.0471877358196
              ],
              [
                -83.6637545947758,
                41.0473029891892
              ],
              [
                -83.663835863683,
                41.0474214152205
              ],
              [
                -83.663909330473,
                41.0475427286779
              ],
              [
                -83.6639748164619,
                41.0476666333498
              ],
              [
                -83.6640321619225,
                41.0477928292375
              ],
              [
                -83.6639884769944,
                41.0478055407173
              ],
              [
                -83.6640401507794,
                41.047935796966
              ],
              [
                -83.6640829839459,
                41.0480678768689
              ],
              [
                -83.6641168671866,
                41.0482014394228
              ],
              [
                -83.6641417100916,
                41.0483361362364
              ],
              [
                -83.6641574483584,
                41.0484716159609
              ],
              [
                -83.6641640426505,
                41.0486075270023
              ],
              [
                -83.6641614738263,
                41.0487435166671
              ],
              [
                -83.6637791204335,
                41.0486820208768
              ],
              [
                -83.6624910990131,
                41.0479524752744
              ]
            ]
          ],
          [
            [
              [
                -83.6669880043408,
                41.0495151262256
              ],
              [
                -83.6667785319806,
                41.0494238196056
              ],
              [
                -83.6665732995035,
                41.0493271536246
              ],
              [
                -83.6663725455014,
                41.0492252411974
              ],
              [
                -83.6661765027238,
                41.0491182015977
              ],
              [
                -83.665985401599,
                41.0490061577242
              ],
              [
                -83.6653053721252,
                41.0485903634546
              ],
              [
                -83.6652422914057,
                41.0485559229792
              ],
              [
                -83.6651756908008,
                41.0485255173786
              ],
              [
                -83.6651060185455,
                41.0484993529167
              ],
              [
                -83.6650940182171,
                41.0483608787055
              ],
              [
                -83.6650748329729,
                41.0482228689567
              ],
              [
                -83.665048492663,
                41.0480855376254
              ],
              [
                -83.6650150378056,
                41.0479490967606
              ],
              [
                -83.6649745196029,
                41.0478137574057
              ],
              [
                -83.6649270011442,
                41.0476797304869
              ],
              [
                -83.6648725561095,
                41.0475472205244
              ],
              [
                -83.6648033565809,
                41.0475668061319
              ],
              [
                -83.664762693808,
                41.0474731891281
              ],
              [
                -83.6647177624738,
                41.047380697641
              ],
              [
                -83.6646686156171,
                41.047289442774
              ],
              [
                -83.6650492238495,
                41.0474062075233
              ],
              [
                -83.6656993025834,
                41.0476523117268
              ],
              [
                -83.6658962724433,
                41.0477283156391
              ],
              [
                -83.6660972627838,
                41.0477980288739
              ],
              [
                -83.6663019207175,
                41.0478613306336
              ],
              [
                -83.6665098899391,
                41.0479181091579
              ],
              [
                -83.6667002064982,
                41.0479751167148
              ],
              [
                -83.6672501477837,
                41.0477657838347
              ],
              [
                -83.6672219663798,
                41.0463448409535
              ],
              [
                -83.6694610238469,
                41.0463483072475
              ],
              [
                -83.669460938566,
                41.0463903766639
              ],
              [
                -83.6694564589277,
                41.0486102521346
              ],
              [
                -83.6694453584419,
                41.0503806727423
              ],
              [
                -83.6674186827588,
                41.049681241548
              ],
              [
                -83.6672014709622,
                41.049600966942
              ],
              [
                -83.6669880043408,
                41.0495151262256
              ]
            ]
          ],
          [
            [
              [
                -83.6648472707474,
                41.0490371866636
              ],
              [
                -83.6648475080877,
                41.0490272496608
              ],
              [
                -83.6651009319274,
                41.0488919379922
              ],
              [
                -83.6651071689154,
                41.0488024360801
              ],
              [
                -83.6651104101482,
                41.0487128427987
              ],
              [
                -83.6651107289022,
                41.048692476096
              ],
              [
                -83.6651385251101,
                41.0487031933918
              ],
              [
                -83.6651646894889,
                41.0487160511118
              ],
              [
                -83.6658488996228,
                41.0491343861803
              ],
              [
                -83.66604697575,
                41.0492505129285
              ],
              [
                -83.6662502004877,
                41.0493614254141
              ],
              [
                -83.6664583325824,
                41.0494669936407
              ],
              [
                -83.6666711284742,
                41.0495670921366
              ],
              [
                -83.666888336414,
                41.0496616036132
              ],
              [
                -83.6671097012034,
                41.0497504180184
              ],
              [
                -83.6672183002965,
                41.0497913337475
              ],
              [
                -83.6664442631231,
                41.0495231043054
              ],
              [
                -83.6651084564196,
                41.0490655666523
              ],
              [
                -83.6648472707474,
                41.0490371866636
              ]
            ]
          ]
        ]
      },
      "properties": {
        "parcel_id": "610000926490",
        "state_parcel_id": "39063-610000926490",
        "place_role": "wwtp",
        "owner_mailing_name": "CITY OF FINDLAY",
        "owner_mailing_address": "CITY OF FINDLAY FINDLAY 45840",
        "situs_address": "1201 S RIVER RD FINDLAY 45840",
        "land_use_code": 640,
        "land_use_name": "Exm-Municipality",
        "acres": 50.52,
        "planar_acres": 39.758,
        "cama_current_to": "2023-05-08",
        "geometry_parts": 3,
        "contains_wpcc_outfall": true
      }
    },
    {
      "type": "Feature",
      "geometry": {
        "type": "Polygon",
        "coordinates": [
          [
            [
              -83.6711344030892,
              41.0510426283274
            ],
            [
              -83.6706156464242,
              41.0508253904404
            ],
            [
              -83.6700852829073,
              41.0506158997155
            ],
            [
              -83.669548388731,
              41.0504163000294
            ],
            [
              -83.6694453584419,
              41.0503806727423
            ],
            [
              -83.6694564589277,
              41.0486102521346
            ],
            [
              -83.669460938566,
              41.0463903766639
            ],
            [
              -83.6694610238469,
              41.0463483072475
            ],
            [
              -83.672354109081,
              41.0463527230112
            ],
            [
              -83.6723136757541,
              41.0468329978383
            ],
            [
              -83.6723021037,
              41.0481641767429
            ],
            [
              -83.6723724357461,
              41.0484113542291
            ],
            [
              -83.6723601982823,
              41.0489929604144
            ],
            [
              -83.6719787876968,
              41.0504217310815
            ],
            [
              -83.6716270805793,
              41.0512610716527
            ],
            [
              -83.6711344030892,
              41.0510426283274
            ]
          ]
        ]
      },
      "properties": {
        "parcel_id": "610000926560",
        "state_parcel_id": "39063-610000926560",
        "place_role": "wwtp",
        "owner_mailing_name": "CITY OF FINDLAY",
        "owner_mailing_address": "CITY OF FINDLAY FINDLAY 45840",
        "situs_address": "0 RIVER RD FINDLAY 45840",
        "land_use_code": 640,
        "land_use_name": "Exm-Municipality",
        "acres": 27.33,
        "planar_acres": 28.737,
        "cama_current_to": "2023-05-08",
        "geometry_parts": 1,
        "contains_wpcc_outfall": false
      }
    }
  ]
}
