Table 1.1. Selected streamflow duration and low-frequency statistics for continuous-record streamflow gages in Ohio.,,,,,,,,,,,,,,,,,,,
"[Data are in the associated data release (VonIns and Koltun, 2024), available via https://doi.org/10.3133/sir20245057. ft3/s, cubic feet per second]",,,,,,,,,,,,,,,,,,,
Annual/seasonal period,"Streamflow that was equaled or exceeded
 for the indicated percentage of time (ft3/s)",,,,,,,,,,,,,Number of days in averaging period,Minimum average low flow (ft3/s) for indicated recurrence interval (years),,,,
,98,95,90,85,80,75,70,60,50,40,30,20,10,,2,5,10,20,50
"03092000—Kale Creek near Pricetown OH—Statistics based on water years: 1975–1993
Harmonic mean flow: 0.89 ft3/s—Average streamflow: 26.7 ft3/s—Minimum daily streamflow: 0.00 ft3/s",,,,,,,,,,,,,,,,,,,
April–March,0.07,0.18,0.41,0.85,1.38,1.9,2.5,4.2,6.3,9.2,14,24,57,1,0.14,0.04,0.02,0,0
,,,,,,,,,,,,,,7,0.22,0.07,0.03,0,0
,,,,,,,,,,,,,,30,0.64,0.22,0.12,0.06,0.03
,,,,,,,,,,,,,,90,2.64,0.73,0.34,0.17,0.07
May–November,0.06,0.1,0.21,0.36,0.56,0.82,1.1,1.9,2.9,4.5,7.2,12,29,1,0.12,0.04,0.02,0,0
,,,,,,,,,,,,,,7,0.2,0.07,0.03,0,0
,,,,,,,,,,,,,,30,0.6,0.21,0.11,0.06,0.03
,,,,,,,,,,,,,,90,2.57,0.67,0.31,0.16,0.07
December–February,1.3,1.8,2.5,3.4,4.5,5.4,6,8.2,11,16,23,40,90,1,2.47,1.43,1.04,0.79,0.57
,,,,,,,,,,,,,,7,2.86,1.68,1.26,0.98,0.74
,,,,,,,,,,,,,,30,8.35,3.98,2.72,2,1.42
,,,,,,,,,,,,,,90,41.3,24.3,16.7,11.6,7.28
September–November,0.06,0.09,0.21,0.37,0.64,0.98,1.43,2.4,4,5.9,9,14,33,1,0.31,0.07,0.03,0,0
,,,,,,,,,,,,,,7,0.48,0.11,0.04,0,0
,,,,,,,,,,,,,,30,2.01,0.41,0.16,0.07,0.02
,,,,,,,,,,,,,,90,12.4,4.52,2.41,1.36,0.67
"03092090—West Branch Mahoning River near Ravenna OH—Statistics based on water years: 1975–1993
Harmonic mean flow: 5.11 ft3/s—Average streamflow: 29.3 ft3/s—Minimum daily streamflow: 0.02 ft3/s",,,,,,,,,,,,,,,,,,,
April–March,1.1,1.8,2.6,3.3,4.1,4.8,5.8,8.6,12,16,22,33,64,1,1.28,0.454,0.2,0.08,0.03
,,,,,,,,,,,,,,7,1.61,0.76,0.45,0.27,0.14
,,,,,,,,,,,,,,30,2.97,1.77,1.3,0.99,0.7
,,,,,,,,,,,,,,90,5.6,3.62,2.96,2.54,2.16
May–November,0.85,1.4,2,2.5,2.94,3.4,3.8,4.9,6.5,8.9,12,18,36,1,1.22,0.42,0.18,0.08,0.02
,,,,,,,,,,,,,,7,1.53,0.73,0.43,0.26,0.14
,,,,,,,,,,,,,,30,2.88,1.71,1.26,0.96,0.69
,,,,,,,,,,,,,,90,5.51,3.5,2.87,2.48,2.14
December–February,3.2,4.2,5.5,8,9,10,12,15,19,24,32,49,100,1,6.39,3.61,2.46,1.71,1.08
,,,,,,,,,,,,,,7,7.19,4.14,2.9,2.09,1.38
,,,,,,,,,,,,,,30,13.6,7.31,5.24,3.96,2.88
,,,,,,,,,,,,,,90,43.8,27.5,20.1,14.9,10.2
September–November,0.56,1.4,2,2.5,2.9,3.5,4.1,5.5,7.6,10,14,20,42,1,1.71,0.79,0.46,0.28,0.14
,,,,,,,,,,,,,,7,2.54,1.04,0.59,0.35,0.18
,,,,,,,,,,,,,,30,5.05,2.62,1.85,1.39,1.01
,,,,,,,,,,,,,,90,15.3,8.34,6.08,4.69,3.5
"03093000—Eagle Creek at Phalanx Station OH—Statistics based on water years: 1975–2020
Harmonic mean flow: 40.1 ft3/s—Average streamflow: 132 ft3/s—Minimum daily streamflow: 6.60 ft3/s",,,,,,,,,,,,,,,,,,,
April–March,11.6,14,17,20.1,24,27.6,32,44,57.9,77.7,106,155,288,1,12.9,9.89,8.65,7.76,6.89
,,,,,,,,,,,,,,7,14,10.6,9.22,8.2,7.2
,,,,,,,,,,,,,,30,17.6,13,11.3,10.2,9.1
,,,,,,,,,,,,,,90,27.2,18.4,15.4,13.5,11.8
May–November,10.6,12.2,15,16.8,18.6,20.5,22.8,27.7,34,43,57,84.5,159,1,12.8,9.82,8.61,7.74,6.89
,,,,,,,,,,,,,,7,13.8,10.5,9.16,8.19,7.23
,,,,,,,,,,,,,,30,17.4,12.9,11.3,10.2,9.18
,,,,,,,,,,,,,,90,27.2,18.3,15.4,13.5,11.8
December–February,20,26,35,42,48,54,59.6,74,90,116,150,223,432,1,34,23.2,18.7,15.6,12.6
,,,,,,,,,,,,,,7,39.6,27.3,22,18.2,14.5
,,,,,,,,,,,,,,30,70.8,45,35.4,29,23.1
,,,,,,,,,,,,,,90,180,128,106,89.2,73.1
September–November,9.71,11.4,13.9,16,17.5,19,21,26.5,33,43,57,84,149,1,13.5,10.2,8.88,7.93,7.02
,,,,,,,,,,,,,,7,15.2,10.9,9.39,8.36,7.41
,,,,,,,,,,,,,,30,23.8,15,12.1,10.4,8.87
,,,,,,,,,,,,,,90,60.9,35,26.3,20.9,16.1
"03102950—Pymatuning Creek at Kinsman OH—Statistics based on water years: 1975–1994
Harmonic mean flow: 11.3 ft3/s—Average streamflow: 136 ft3/s—Minimum daily streamflow: 0.02 ft3/s",,,,,,,,,,,,,,,,,,,
April–March,2.3,3.9,6.7,9.8,14,19,24,40,59,87,130,213,370,1,2.35,0.653,0.24,0.08,0.02
,,,,,,,,,,,,,,7,3.06,1.17,0.58,0.29,0.12
,,,,,,,,,,,,,,30,7.02,3.74,2.49,1.71,1.07
,,,,,,,,,,,,,,90,19.1,9.34,6.45,4.76,3.39
May–November,1.8,2.8,4.5,6,7.7,9.6,12,18,27,40,65,111,234,1,2.33,0.62,0.22,0.08,0.02
,,,,,,,,,,,,,,7,3.08,1.15,0.56,0.28,0.11
,,,,,,,,,,,,,,30,6.93,3.64,2.41,1.66,1.04
,,,,,,,,,,,,,,90,18.4,8.96,6.22,4.62,3.33
December–February,18,21,29,39,46,52,62,84,110,156,220,321,524,1,30,17.1,11.9,8.4,5.44
,,,,,,,,,,,,,,7,33,21.7,17.2,14.2,11.3
,,,,,,,,,,,,,,30,65.6,36.3,26.5,20.5,15.3
,,,,,,,,,,,,,,90,208,149,121,99.6,78.2
September–November,3,4.4,6.1,8.5,11,13,17,27,39,59,93,153,271,1,4.57,1.96,1.23,0.82,0.52
,,,,,,,,,,,,,,7,7.78,3.39,2.14,1.44,0.91
,,,,,,,,,,,,,,30,21.4,8.46,5.28,3.61,2.37
,,,,,,,,,,,,,,90,83.7,38.6,24,15.6,9.15
"03109500—Little Beaver Creek near East Liverpool OH—Statistics based on water years: 1975–2020
Harmonic mean flow: 197 ft3/s—Average streamflow: 573 ft3/s—Minimum daily streamflow: 20.0 ft3/s",,,,,,,,,,,,,,,,,,,
April–March,46.4,63,83,101,123,150,180,245,326,430,565,786,"1,270",1,55.3,38.2,31.6,27.1,22.8
,,,,,,,,,,,,,,7,61.3,42.1,34.8,29.8,25.2
,,,,,,,,,,,,,,30,81.9,55,45.8,40,34.7
,,,,,,,,,,,,,,90,126,81.2,67.3,58.9,51.7
May–November,41,52.1,67,79,90,102,115,148,191,248,334,473,799,1,54.2,37.6,31.2,26.9,22.8
,,,,,,,,,,,,,,7,60.3,41.5,34.5,29.7,25.3
,,,,,,,,,,,,,,30,80.5,54.6,45.8,40.2,35.2
,,,,,,,,,,,,,,90,124,80.7,67.5,59.5,52.8
December–February,105,145,185,220,250,280,314,392,481,597,761,"1,040","1,600",1,197,128,100,81.6,64.1
,,,,,,,,,,,,,,7,223,141,110,89,69.6
,,,,,,,,,,,,,,30,369,220,165,129,96
,,,,,,,,,,,,,,90,729,499,400,330,263
September–November,39,48.6,61.5,70.9,80,88,96,117,148,192,256,365,580,1,59.5,40.5,34.4,30.7,27.5
,,,,,,,,,,,,,,7,69,45.4,38,33.6,29.8
,,,,,,,,,,,,,,30,106,63.7,50.7,42.8,36
,,,,,,,,,,,,,,90,211,127,101,84.5,70.7
"03110000—Yellow Creek near Hammondsville OH—Statistics based on water years: 1975–2020
Harmonic mean flow: 36.1 ft3/s—Average streamflow: 175 ft3/s—Minimum daily streamflow: 1.50 ft3/s",,,,,,,,,,,,,,,,,,,
April–March,5.7,9.4,14,20,26,33.7,42,64,91,126,173,246,402,1,8.02,4.61,3.44,2.69,2.04
,,,,,,,,,,,,,,7,9.35,5.28,3.92,3.07,2.33
,,,,,,,,,,,,,,30,15.2,7.84,5.45,4.01,2.81
,,,,,,,,,,,,,,90,27.1,14.3,10.4,8,6.01
May–November,4.79,7.2,10.1,13,16.7,20,24,33.8,47,65,93,136,240,1,7.88,4.57,3.43,2.7,2.07
,,,,,,,,,,,,,,7,9.13,5.21,3.91,3.09,2.38
,,,,,,,,,,,,,,30,14.9,7.73,5.43,4.03,2.86
,,,,,,,,,,,,,,90,26.8,14.3,10.4,8.06,6.11
December–February,19,30,42,55,65,76.1,87.7,113,143,183,239,319,503,1,48.4,24.8,16.4,11.2,7.05
,,,,,,,,,,,,,,7,55.4,30.5,21.7,16.1,11.4
,,,,,,,,,,,,,,30,102,56.6,40.4,30.1,21.3
,,,,,,,,,,,,,,90,227,153,121,98.7,77.3
September–November,4.4,5.74,8.44,11,13,16,18.4,24.7,32,45,67,103,180,1,8.97,4.71,3.45,2.69,2.07
,,,,,,,,,,,,,,7,11.1,5.64,4.07,3.15,2.39
,,,,,,,,,,,,,,30,20.7,9.65,6.55,4.78,3.37
,,,,,,,,,,,,,,90,55.1,28,19.8,15,11.1
"03111500—Short Creek near Dillonvale OH—Statistics based on water years: 1975–2020
Harmonic mean flow: 65.3 ft3/s—Average streamflow: 142 ft3/s—Minimum daily streamflow: 11.0 ft3/s",,,,,,,,,,,,,,,,,,,
April–March,19,23.4,29.1,35.1,41.7,48,55,73,94,120,151,197,282,1,24,17,14.3,12.5,10.7
,,,,,,,,,,,,,,7,26.2,18.4,15.4,13.4,11.5
,,,,,,,,,,,,,,30,33,22.7,18.9,16.4,14
,,,,,,,,,,,,,,90,44.9,30.1,24.9,21.5,18.4
May–November,17,20.6,24.7,28.6,32.6,37,41.3,51.5,64.2,80.9,103,136,204,1,24.1,17,14.3,12.4,10.7
,,,,,,,,,,,,,,7,26.3,18.4,15.3,13.3,11.4
,,,,,,,,,,,,,,30,32.8,22.5,18.7,16.3,14
,,,,,,,,,,,,,,90,44.8,29.9,24.7,21.3,18.2
December–February,29,35,43,50,57,66.1,75,95.4,119,145,182,232,340,1,43.5,28.4,23.3,20,17.1
,,,,,,,,,,,,,,7,49.9,32.2,26.3,22.5,19.1
,,,,,,,,,,,,,,30,85.6,54,43,35.8,29.4
,,,,,,,,,,,,,,90,158,109,89.9,77.1,65
September–November,16,18.4,21.3,24,27,30,32.6,39.1,47,58.5,75,99,152,1,25,17.2,14.5,12.7,11.1
,,,,,,,,,,,,,,7,27.1,18.5,15.6,13.7,12.1
,,,,,,,,,,,,,,30,37.5,24.3,19.9,17.1,14.6
,,,,,,,,,,,,,,90,58.7,37.4,30.6,26.4,22.7
"03111548—Wheeling Creek below Blaine OH—Statistics based on water years: 1983–2020
Harmonic mean flow: 53.9 ft3/s—Average streamflow: 115 ft3/s—Minimum daily streamflow: 7.00 ft3/s",,,,,,,,,,,,,,,,,,,
April–March,17,20.9,25,29.4,34,39,45,58.7,75,94,118,154,223,1,19.6,13.8,11.4,9.76,8.16
,,,,,,,,,,,,,,7,21.4,15,12.4,10.6,8.82
,,,,,,,,,,,,,,30,26.1,17.9,14.8,12.7,10.7
,,,,,,,,,,,,,,90,34.9,24.7,21.3,19.2,17.3
May–November,14,19,21.8,24,26.8,30,33,41,50,62.8,78.9,103,153,1,20,14,11.6,9.88,8.21
,,,,,,,,,,,,,,7,21.8,15.3,12.6,10.7,8.88
,,,,,,,,,,,,,,30,26.1,17.9,14.9,12.8,10.8
,,,,,,,,,,,,,,90,34.9,24.7,21.3,19.2,17.4
December–February,27.5,32,38,44,51,58,64,78.1,96,117,143,185,276,1,36.7,24.6,20.5,17.9,15.6
,,,,,,,,,,,,,,7,42.6,28,23,19.9,17.1
,,,,,,,,,,,,,,30,70.3,47,39.2,34.2,29.7
,,,,,,,,,,,,,,90,129,92.7,79.2,70.2,61.8
September–November,13,16,19,20.8,22.1,23.8,25.2,30,35,42.2,55,75,120,1,20.4,14.1,11.6,9.91,8.27
,,,,,,,,,,,,,,7,22.3,15.1,12.5,10.7,9.05
,,,,,,,,,,,,,,30,29.2,19.6,16.5,14.5,12.8
,,,,,,,,,,,,,,90,47.6,30.6,25.5,22.4,19.8
"03113990—Captina Creek at S.R. 148 at Armstrongs Mills OH—Statistics based on water years: 2004–2020
Harmonic mean flow: 19.0 ft3/s—Average streamflow: 191 ft3/s—Minimum daily streamflow: 0.31 ft3/s",,,,,,,,,,,,,,,,,,,
April–March,2.37,3.78,6.68,10.7,15.6,22.7,32.1,50.7,74.9,107,153,232,426,1,2.13,0.93,0.59,0.4,0.26
,,,,,,,,,,,,,,7,2.79,1.35,0.96,0.74,0.56
,,,,,,,,,,,,,,30,6.69,3.63,2.73,2.2,1.75
,,,,,,,,,,,,,,90,19.2,9.92,7.21,5.61,4.3
May–November,1.94,2.86,4.2,5.88,8.13,10.5,13.1,20.8,32.8,48.3,67.9,103,220,1,2.28,0.99,0.62,0.42,0.26
,,,,,,,,,,,,,,7,2.93,1.42,1,0.76,0.57
,,,,,,,,,,,,,,30,6.8,3.74,2.83,2.28,1.82
,,,,,,,,,,,,,,90,20.1,10.4,7.49,5.78,4.35
December–February,27.5,34.3,43.2,52.1,65.2,78.5,94,122,156,196,258,371,699,1,35.8,17.2,10.9,7.26,4.39
,,,,,,,,,,,,,,7,53.7,26.3,16.3,10.4,5.91
,,,,,,,,,,,,,,30,133,84,66,54.1,43.2
,,,,,,,,,,,,,,90,282,188,149,121,95.2
September–November,1.7,2.5,3.42,4.19,5.31,6.56,7.94,11.2,16.6,30.3,51.4,87.1,199,1,2.89,1.11,0.71,0.51,0.35
,,,,,,,,,,,,,,7,4.17,1.75,1.2,0.91,0.69
,,,,,,,,,,,,,,30,12.5,4.56,2.91,2.08,1.48
,,,,,,,,,,,,,,90,50.2,17.1,9.92,6.37,3.9
"03114000—Captina Creek at Armstrongs Mills OH—Statistics based on water years: 1975–2002
Harmonic mean flow: 10.9 ft3/s—Average streamflow: 171 ft3/s—Minimum daily streamflow: 0.00 ft3/s",,,,,,,,,,,,,,,,,,,
April–March,1.69,3.5,7,11,15,22,30,49,75,107,152,225,397,1,1.89,0.44,0.14,0.03,0
,,,,,,,,,,,,,,7,2.67,0.77,0.32,0.1,0
,,,,,,,,,,,,,,30,6.57,2.52,1.5,0.97,0.59
,,,,,,,,,,,,,,90,20.2,9.55,6.61,4.93,3.59
May–November,1,2.17,4,6,8.3,11,13,21,31,47,74,115,221,1,1.81,0.41,0.13,0.03,0
,,,,,,,,,,,,,,7,2.56,0.73,0.3,0.09,0
,,,,,,,,,,,,,,30,6.2,2.41,1.46,0.96,0.6
,,,,,,,,,,,,,,90,19.2,9.36,6.55,4.93,3.61
December–February,19,27,38,46,55,64.1,75,101,131,170,220,319,527,1,32,17.7,12.9,9.94,7.37
,,,,,,,,,,,,,,7,38.4,22.1,16.7,13.4,10.5
,,,,,,,,,,,,,,30,83.7,48.2,36.7,29.5,23.3
,,,,,,,,,,,,,,90,230,170,146,130,115
September–November,0.63,1.7,3.1,4.6,6,7.8,10,14,21,34,55,90,161,1,2.65,0.56,0.22,0.1,0.04
,,,,,,,,,,,,,,7,3.92,1.15,0.6,0.35,0.19
,,,,,,,,,,,,,,30,10.8,3.89,2.33,1.54,0.98
,,,,,,,,,,,,,,90,47.5,22.5,15.4,11.3,8.01
"03115400—Little Muskingum River at Bloomfield OH—Statistics based on water years: 1975–1981, 1996–2020
Harmonic mean flow: 8.18 ft3/s—Average streamflow: 308 ft3/s—Minimum daily streamflow: 0.02 ft3/s",,,,,,,,,,,,,,,,,,,
April–March,1.11,2.66,5.77,10,16.3,24.7,35,67.8,112,171,250,370,702,1,1.71,0.44,0.19,0.09,0.03
,,,,,,,,,,,,,,7,2.27,0.61,0.28,0.14,0.06
,,,,,,,,,,,,,,30,5.85,1.55,0.74,0.39,0.19
,,,,,,,,,,,,,,90,26.3,7.48,3.73,2.06,1.04
May–November,0.6,1.5,3.17,4.97,6.92,9.6,13,23.8,40,66.6,110,190,377,1,1.67,0.43,0.18,0.09,0.03
,,,,,,,,,,,,,,7,2.15,0.59,0.28,0.14,0.06
,,,,,,,,,,,,,,30,5.25,1.43,0.71,0.4,0.2
,,,,,,,,,,,,,,90,24.1,7.19,3.7,2.11,1.1
December–February,19,26,42,57.9,78,99,120,165,220,286,377,573,"1,100",1,35.2,17.2,11.9,8.84,6.36
,,,,,,,,,,,,,,7,49,24.6,17.2,12.8,9.17
,,,,,,,,,,,,,,30,170,79.5,51,34.5,21.6
,,,,,,,,,,,,,,90,434,299,245,208,172
September–November,0.36,0.76,1.65,3.18,4.4,5.89,7.77,14,25,43.4,78,143,305,1,1.92,0.43,0.18,0.09,0.04
,,,,,,,,,,,,,,7,2.91,0.67,0.31,0.16,0.07
,,,,,,,,,,,,,,30,10.3,2.12,0.93,0.47,0.22
,,,,,,,,,,,,,,90,66.8,21.4,11.7,7.11,4.03
"03115973—Schocalog Run at Copley Junction OH—Statistics based on water years: 1992–2004, 2013
Harmonic mean flow: 1.05 ft3/s—Average streamflow: 5.01 ft3/s—Minimum daily streamflow: 0.01 ft3/s",,,,,,,,,,,,,,,,,,,
April–March,0.22,0.52,0.81,1,1.2,1.4,1.6,2,2.5,3.2,4.1,5.9,11,1,0.26,0.09,0.04,0.02,0.01
,,,,,,,,,,,,,,7,0.43,0.16,0.08,0.04,0.02
,,,,,,,,,,,,,,30,1.06,0.57,0.39,0.28,0.18
,,,,,,,,,,,,,,90,2.18,1.42,1.12,0.91,0.71
May–November,0.11,0.34,0.6,0.79,0.95,1.1,1.2,1.5,2,2.5,3.4,4.9,9,1,0.27,0.09,0.04,0.02,0.01
,,,,,,,,,,,,,,7,0.43,0.16,0.08,0.04,0.02
,,,,,,,,,,,,,,30,1.07,0.57,0.39,0.23,0.18
,,,,,,,,,,,,,,90,2.28,1.43,1.11,0.89,0.7
December–February,0.76,1,1.3,1.4,1.6,1.76,1.9,2.3,2.71,3.3,4.1,5.6,10,1,1.19,0.47,0.22,0.11,0.04
,,,,,,,,,,,,,,7,1.34,0.79,0.57,0.42,0.29
,,,,,,,,,,,,,,30,2.28,1.68,1.45,1.29,1.13
,,,,,,,,,,,,,,90,4.87,4.04,3.69,3.42,3.16
September–November,0.11,0.27,0.48,0.65,0.82,0.95,1.07,1.3,1.66,2.2,2.8,4.22,8.16,1,0.35,0.16,0.11,0.07,0.05
,,,,,,,,,,,,,,7,0.66,0.31,0.18,0.11,0.06
,,,,,,,,,,,,,,30,1.65,0.87,0.58,0.4,0.25
,,,,,,,,,,,,,,90,3.31,2.02,1.53,1.2,0.9
"03116077—Chippewa Creek at Miller Rd at Sterling OH—Statistics based on water years: 2002–2020
Harmonic mean flow: 9.13 ft3/s—Average streamflow: 65.8 ft3/s—Minimum daily streamflow: 0.65 ft3/s",,,,,,,,,,,,,,,,,,,
April–March,1.45,2.03,2.97,4.58,6.56,8.85,11.6,19.5,28.9,42.1,62.8,91.4,159,1,1.65,1.15,0.93,0.78,0.63
,,,,,,,,,,,,,,7,2.14,1.45,1.14,0.92,0.7
,,,,,,,,,,,,,,30,3.75,2.18,1.62,1.26,0.95
,,,,,,,,,,,,,,90,9.3,4.55,3.04,2.15,1.43
May–November,1.22,1.63,2.18,2.71,3.39,4.46,5.64,8.65,13,20.4,30.6,52.9,102,1,1.59,1.07,0.85,0.7,0.55
,,,,,,,,,,,,,,7,2.05,1.36,1.06,0.85,0.65
,,,,,,,,,,,,,,30,3.61,2.15,1.63,1.3,1
,,,,,,,,,,,,,,90,8.72,4.33,2.94,2.12,1.45
December–February,6.66,9.91,13.3,17.3,20.9,25.3,30,39,52.2,65.9,83.5,117,212,1,11.3,6.95,5.42,4.42,3.52
,,,,,,,,,,,,,,7,13.7,8.44,6.53,5.27,4.14
,,,,,,,,,,,,,,30,30.2,18.1,14,11.4,9.01
,,,,,,,,,,,,,,90,83.4,57,46,38.3,30.9
September–November,0.99,1.35,1.91,2.3,2.71,3.2,4.34,6.86,10.7,16.5,25.4,38.3,73.5,1,1.87,1.18,0.91,0.72,0.56
,,,,,,,,,,,,,,7,2.52,1.49,1.1,0.84,0.61
,,,,,,,,,,,,,,30,5.94,2.66,1.81,1.34,0.98
,,,,,,,,,,,,,,90,23.9,11.1,7.34,5.17,3.45
"03117500—Sandy Creek at Waynesburg OH—Statistics based on water years: 1975–2020
Harmonic mean flow: 120 ft3/s—Average streamflow: 314 ft3/s—Minimum daily streamflow: 15.0 ft3/s",,,,,,,,,,,,,,,,,,,
April–March,31,40.2,52.3,64,76,87,100,135,179,236,311,437,710,1,40.7,28,23,19.5,16.1
,,,,,,,,,,,,,,7,43.8,30.8,25.7,22.3,19
,,,,,,,,,,,,,,30,52.1,36.3,30.9,27.4,24.3
,,,,,,,,,,,,,,90,75.2,49.2,40.9,35.7,31.2
May–November,28,34.2,43,50.5,58,66,74,89.8,111,139,187,267,464,1,40.6,28,23,19.5,16.2
,,,,,,,,,,,,,,7,43.7,30.7,25.8,22.3,19.1
,,,,,,,,,,,,,,30,51.9,36.2,30.8,27.4,24.2
,,,,,,,,,,,,,,90,72.9,48.1,40.8,36.6,33.1
December–February,54,67,92,110,130,150,170,210,259,325,414,573,872,1,95.7,61,48.1,39.5,31.5
,,,,,,,,,,,,,,7,108,68,53.4,43.7,34.9
,,,,,,,,,,,,,,30,187,113,86.6,69.1,53.3
,,,,,,,,,,,,,,90,389,265,213,177,142
September–November,26,31,38,43,49,55,61.7,75,88,110,141,205,351,1,42,28.4,23.5,20.3,17.4
,,,,,,,,,,,,,,7,45.2,31.1,26.6,23.8,21.3
,,,,,,,,,,,,,,30,60.9,38.9,31.9,27.6,23.9
,,,,,,,,,,,,,,90,124,74.7,59.1,49.4,41
"03118000—Middle Branch Nimishillen Creek at Canton OH—Statistics based on water years: 1975–2020
Harmonic mean flow: 15.0 ft3/s—Average streamflow: 49.3 ft3/s—Minimum daily streamflow: 0.46 ft3/s",,,,,,,,,,,,,,,,,,,
April–March,2.77,5,7.5,9.76,12,14,16,21.8,27.5,36,46,64,108,1,5.59,2.68,1.66,1.07,0.62
,,,,,,,,,,,,,,7,6.51,3.15,1.98,1.28,0.75
,,,,,,,,,,,,,,30,9.19,4.54,2.91,1.94,1.17
,,,,,,,,,,,,,,90,14.1,7.21,4.78,3.3,2.09
May–November,1.81,3.7,5.52,7.1,8.76,10.1,12,15,19.1,24.1,32,43.8,74,1,5.54,2.68,1.68,1.09,0.63
,,,,,,,,,,,,,,7,6.54,3.17,1.99,1.3,0.76
,,,,,,,,,,,,,,30,9.17,4.56,2.94,1.96,1.19
,,,,,,,,,,,,,,90,14.1,7.18,4.78,3.32,2.13
December–February,7.1,9.3,12,14.7,17,20,23,28,35.4,45,57.7,82.6,140,1,14,7.77,5.41,3.89,2.6
,,,,,,,,,,,,,,7,15.2,9.35,7.35,6.07,4.92
,,,,,,,,,,,,,,30,26.4,15.3,11.5,9,6.83
,,,,,,,,,,,,,,90,59.5,38,28.8,22.4,16.4
September–November,1.28,1.9,4.2,5.56,6.63,7.8,9,11,14,18,23.1,33.3,55,1,6.53,2.91,1.74,1.09,0.61
,,,,,,,,,,,,,,7,7.36,3.26,1.99,1.28,0.75
,,,,,,,,,,,,,,30,10.7,4.72,2.94,1.95,1.19
,,,,,,,,,,,,,,90,22.4,10.5,6.64,4.39,2.64
"03121850—Huff Run at Mineral City OH—Statistics based on water years: 1998–2015
Harmonic mean flow: 6.03 ft3/s—Average streamflow: 15.4 ft3/s—Minimum daily streamflow: 0.77 ft3/s",,,,,,,,,,,,,,,,,,,
April–March,1.61,2.29,2.9,3.4,3.88,4.42,5.04,6.6,8.38,10.9,14.4,19,29.9,1,2.32,1.42,1.07,0.84,0.63
,,,,,,,,,,,,,,7,2.58,1.64,1.28,1.05,0.83
,,,,,,,,,,,,,,30,3.19,2.09,1.7,1.45,1.21
,,,,,,,,,,,,,,90,4.24,2.67,2.15,1.82,1.53
May–November,1.4,1.9,2.44,2.87,3.2,3.51,3.82,4.59,5.79,7.24,9.15,12.7,20,1,2.32,1.42,1.07,0.84,0.63
,,,,,,,,,,,,,,7,2.58,1.64,1.28,1.05,0.83
,,,,,,,,,,,,,,30,3.19,2.09,1.7,1.45,1.21
,,,,,,,,,,,,,,90,4.2,2.59,2.12,1.86,1.63
December–February,2.7,3.2,4.4,5.03,5.6,6.2,7.04,8.8,11,14.2,17.8,22.2,35.4,1,4.15,2.6,2.08,1.75,1.45
,,,,,,,,,,,,,,7,4.78,3.01,2.41,2.01,1.66
,,,,,,,,,,,,,,30,8.09,5.41,4.5,3.92,3.41
,,,,,,,,,,,,,,90,16.6,11.1,9.07,7.74,6.53
September–November,1.57,1.94,2.3,2.6,2.89,3.09,3.28,3.68,4.11,4.9,6.39,8.86,14.5,1,2.49,1.62,1.3,1.09,0.9
,,,,,,,,,,,,,,7,2.71,1.87,1.57,1.38,1.21
,,,,,,,,,,,,,,30,3.54,2.47,2.12,1.9,1.7
,,,,,,,,,,,,,,90,5.71,3.56,2.93,2.55,2.24
"03136500—Kokosing River at Mount Vernon OH—Statistics based on water years: 1975–2020
Harmonic mean flow: 80.9 ft3/s—Average streamflow: 245 ft3/s—Minimum daily streamflow: 8.60 ft3/s",,,,,,,,,,,,,,,,,,,
April–March,23,29,35.9,42,48,55,63.4,88,120,161,220,312,540,1,27.8,18.6,14.6,11.6,8.78
,,,,,,,,,,,,,,7,30.5,21.3,17.1,14.1,11.1
,,,,,,,,,,,,,,30,37.1,26.2,21.4,17.9,14.5
,,,,,,,,,,,,,,90,50.1,33.8,27.8,23.8,20.1
May–November,20,25,30,34.6,38.9,43,47.4,57.6,72,92,122,182,319,1,28.1,18.9,14.7,11.7,8.83
,,,,,,,,,,,,,,7,30.8,21.5,17.3,14.2,11.2
,,,,,,,,,,,,,,30,37.7,26.6,21.6,18.1,14.5
,,,,,,,,,,,,,,90,51,34.2,28,23.9,20
December–February,36,44,52,65,79.1,96.4,111,142,180,228,294,421,740,1,58.9,39.1,31.9,27.1,22.6
,,,,,,,,,,,,,,7,66.9,42.7,34.1,28.4,23.2
,,,,,,,,,,,,,,30,126,73.5,54.8,42.6,31.9
,,,,,,,,,,,,,,90,317,209,163,130,98.9
September–November,18,23,26.9,29.1,32,35,37.5,43.5,50.6,61,78,108,195,1,29.7,20.2,16.2,13.4,10.7
,,,,,,,,,,,,,,7,32.9,22.8,18.6,15.6,12.8
,,,,,,,,,,,,,,30,40.4,27.1,22.5,19.4,16.7
,,,,,,,,,,,,,,90,79.2,45.6,34.8,28.1,22.4
"03139000—Killbuck Creek at Killbuck OH—Statistics based on water years: 1975–2020
Harmonic mean flow: 196 ft3/s—Average streamflow: 510 ft3/s—Minimum daily streamflow: 32.5 ft3/s",,,,,,,,,,,,,,,,,,,
April–March,56,69,85,99,116,136,160,215,291,390,521,752,"1,240",1,66,49,41.9,36.7,31.5
,,,,,,,,,,,,,,7,71,52.6,45.1,39.8,34.7
,,,,,,,,,,,,,,30,86.7,62.4,54.2,48.9,44.3
,,,,,,,,,,,,,,90,126,85,71.3,62.6,54.8
May–November,50,61,73.9,84,93,102,115,143,182,232,312,447,767,1,66.5,49.2,41.9,36.5,31.3
,,,,,,,,,,,,,,7,72.3,53.2,45.4,39.9,34.4
,,,,,,,,,,,,,,30,88.6,63.5,54.9,49.3,44.4
,,,,,,,,,,,,,,90,127,85.4,72,63.6,56.3
December–February,70,94,130,151,183,212,250,333,423,537,723,"1,010","1,500",1,138,86.6,68.5,56.7,46
,,,,,,,,,,,,,,7,157,95.7,74.6,60.9,48.8
,,,,,,,,,,,,,,30,263,154,116,91.6,70.4
,,,,,,,,,,,,,,90,614,402,315,255,199
September–November,48,57.1,69,76,83,89,96,110,131,164,212,307,508,1,67.9,49.2,42.8,38.6,34.8
,,,,,,,,,,,,,,7,75.8,54.8,47.8,43.5,39.7
,,,,,,,,,,,,,,30,102,69.8,59.5,53.1,47.5
,,,,,,,,,,,,,,90,189,118,95.5,81,68.3
"03140000—Mill Creek near Coshocton OH—Statistics based on water years: 1975–2020
Harmonic mean flow: 3.95 ft3/s—Average streamflow: 31.5 ft3/s—Minimum daily streamflow: 0.12 ft3/s",,,,,,,,,,,,,,,,,,,
April–March,0.49,0.96,1.6,2.3,3.1,4.13,5.4,8.8,13.5,19.7,28,40,67,1,0.86,0.37,0.24,0.17,0.11
,,,,,,,,,,,,,,7,1.05,0.46,0.3,0.22,0.15
,,,,,,,,,,,,,,30,1.81,0.83,0.56,0.4,0.28
,,,,,,,,,,,,,,90,3.79,1.92,1.37,1.06,0.8
May–November,0.38,0.6,1.1,1.5,1.9,2.33,2.9,4.27,6.3,9.4,14,22,41,1,0.89,0.38,0.25,0.17,0.12
,,,,,,,,,,,,,,7,1.09,0.48,0.31,0.22,0.15
,,,,,,,,,,,,,,30,1.88,0.86,0.57,0.4,0.27
,,,,,,,,,,,,,,90,3.99,1.99,1.41,1.07,0.8
December–February,1.82,2.9,5,6.69,8.04,10,12,17.1,22,29,38.2,52,87,1,4.89,2.3,1.53,1.08,0.73
,,,,,,,,,,,,,,7,6.06,3.01,2.09,1.54,1.09
,,,,,,,,,,,,,,30,14.9,7.48,5.01,3.52,2.32
,,,,,,,,,,,,,,90,40.6,25.9,19.9,15.8,12
September–November,0.34,0.5,0.73,1.1,1.4,1.66,2,2.8,3.98,5.81,9.24,15,29,1,1.01,0.41,0.26,0.18,0.12
,,,,,,,,,,,,,,7,1.3,0.54,0.34,0.24,0.16
,,,,,,,,,,,,,,30,2.49,1.01,0.64,0.44,0.29
,,,,,,,,,,,,,,90,8.31,3.56,2.3,1.61,1.08
"03141870—Leatherwood Creek near Kipling OH—Statistics based on water years: 2001–2020
Harmonic mean flow: 4.46 ft3/s—Average streamflow: 85.6 ft3/s—Minimum daily streamflow: 0.00 ft3/s",,,,,,,,,,,,,,,,,,,
April–March,0.5,1.5,2.68,4.1,5.83,8.45,12,21,32.7,47.9,69.4,102,191,1,0.71,0.21,0.09,0,0
,,,,,,,,,,,,,,7,1.07,0.31,0.14,0,0
,,,,,,,,,,,,,,30,2.92,0.89,0.42,0.22,0.1
,,,,,,,,,,,,,,90,6.24,3.06,2.32,1.92,1.61
May–November,0.2,0.79,1.7,2.39,3.16,4.05,4.91,7.73,12.8,21,32.2,50.8,103,1,0.751,0.22,0.1,0.02,0
,,,,,,,,,,,,,,7,1.12,0.34,0.16,0.03,0
,,,,,,,,,,,,,,30,2.89,0.89,0.44,0.23,0.11
,,,,,,,,,,,,,,90,6.43,3.18,2.4,1.98,1.65
December–February,8.4,11.1,14.8,18.9,23.2,27.9,33.6,45.6,60.1,78.4,104,154,293,1,14.9,6.41,3.66,2.16,1.11
,,,,,,,,,,,,,,7,19.1,9.05,5.78,3.87,2.38
,,,,,,,,,,,,,,30,51,28.2,20.5,15.6,11.5
,,,,,,,,,,,,,,90,109,70.3,55.9,46.2,37.3
September–November,0.11,0.36,1.04,1.55,1.96,2.4,3,4.52,6.75,12.8,23,39.5,86,1,0.95,0.25,0.11,0.01,0
,,,,,,,,,,,,,,7,1.42,0.37,0.16,0.03,0
,,,,,,,,,,,,,,30,4.21,1.71,1.15,0.86,0.64
,,,,,,,,,,,,,,90,18.2,6.41,3.91,2.66,1.77
"03144000—Wakatomika Creek near Frazeysburg OH—Statistics based on water years: 1975–2020
Harmonic mean flow: 33.4 ft3/s—Average streamflow: 168 ft3/s—Minimum daily streamflow: 3.28 ft3/s",,,,,,,,,,,,,,,,,,,
April–March,6.46,8.68,12,16,21,26,32,49.4,72.3,103,146,211,364,1,7.74,5.17,4.27,3.67,3.13
,,,,,,,,,,,,,,7,8.69,5.74,4.73,4.07,3.47
,,,,,,,,,,,,,,30,12,7.68,6.32,5.47,4.73
,,,,,,,,,,,,,,90,21.9,12.8,9.98,8.29,6.85
May–November,5.8,7.22,9.2,11,13.4,16,19,26,36,50.5,73,114,211,1,7.76,5.18,4.27,3.67,3.13
,,,,,,,,,,,,,,7,8.76,5.76,4.72,4.05,3.44
,,,,,,,,,,,,,,30,12.1,7.68,6.33,5.49,4.78
,,,,,,,,,,,,,,90,22.1,12.7,9.91,8.22,6.81
December–February,19,24,31,39,47.8,58.9,69,91,117,150,193,270,458,1,31.8,19.5,15.3,12.7,10.3
,,,,,,,,,,,,,,7,38.3,23,18,14.8,12.1
,,,,,,,,,,,,,,30,77.5,44.5,33.3,26.2,20
,,,,,,,,,,,,,,90,216,137,103,79.6,58
September–November,5.35,6.45,8,9.2,11,12.6,14.9,19.7,26,34,47,72,127,1,8.36,5.32,4.4,3.85,3.38
,,,,,,,,,,,,,,7,9.93,6.07,4.88,4.16,3.53
,,,,,,,,,,,,,,30,16.2,9.05,6.92,5.64,4.58
,,,,,,,,,,,,,,90,44.7,22.7,16.2,12.4,9.2
"03144816—South Fork Licking River at Kirkersville OH—Statistics based on water years: 2008–2020
Harmonic mean flow: 1.47 ft3/s—Average streamflow: 66.5 ft3/s—Minimum daily streamflow: 0.01 ft3/s",,,,,,,,,,,,,,,,,,,
April–March,0.27,0.49,1.3,2.44,3.88,5.72,7.72,13.2,19,27.5,42.7,70,157,1,0.45,0.12,0.06,0.03,0.02
,,,,,,,,,,,,,,7,0.62,0.15,0.07,0.04,0.02
,,,,,,,,,,,,,,30,2.03,0.68,0.37,0.22,0.12
,,,,,,,,,,,,,,90,6.07,1.87,0.96,0.54,0.27
May–November,0.14,0.33,0.59,1.02,1.68,2.4,3.28,5.53,8.72,13.1,19.4,35.2,83.4,1,0.49,0.13,0.06,0.03,0.02
,,,,,,,,,,,,,,7,0.67,0.17,0.08,0.04,0.02
,,,,,,,,,,,,,,30,2.05,0.71,0.4,0.24,0.14
,,,,,,,,,,,,,,90,6.44,2.04,1.05,0.59,0.3
December–February,4.13,6.4,9.64,12.7,15,17,19.4,26,34.9,49,70,111,230,1,5.37,2.55,1.73,1.26,0.89
,,,,,,,,,,,,,,7,9.52,4.97,3.44,2.49,1.7
,,,,,,,,,,,,,,30,37.5,24.2,19,15.4,12.1
,,,,,,,,,,,,,,90,86.6,67.6,60,54.7,49.5
September–November,0.07,0.26,0.37,0.53,0.77,1.07,1.55,2.74,5.14,8.1,12.6,19.9,54.2,1,0.53,0.15,0.07,0.04,0.02
,,,,,,,,,,,,,,7,1.06,0.27,0.12,0.06,0.03
,,,,,,,,,,,,,,30,2.69,0.95,0.55,0.35,0.21
,,,,,,,,,,,,,,90,13.5,5.29,3.34,2.31,1.56
"03145000—South Fork Licking River near Hebron OH—Statistics based on water years: 1975–2020
Harmonic mean flow: 27.7 ft3/s—Average streamflow: 176 ft3/s—Minimum daily streamflow: 1.70 ft3/s",,,,,,,,,,,,,,,,,,,
April–March,5.4,7.2,10,13.9,17,21,26,41,62.3,98.1,157,250,446,1,6.67,4.11,3.14,2.49,1.9
,,,,,,,,,,,,,,7,7.87,5.24,4.22,3.52,2.87
,,,,,,,,,,,,,,30,11,6.86,5.45,4.56,3.77
,,,,,,,,,,,,,,90,23.9,11.6,7.97,5.85,4.14
May–November,4.6,6,7.8,9.5,11,13.9,16,21,29,43,70,139,310,1,6.44,3.99,3.08,2.48,1.93
,,,,,,,,,,,,,,7,7.63,5.1,4.15,3.51,2.92
,,,,,,,,,,,,,,30,10.7,6.61,5.32,4.51,3.82
,,,,,,,,,,,,,,90,24.2,11.6,7.99,5.87,4.16
December–February,14,19,29,40,52,65,78,115,153,200,264,370,605,1,29.7,16.3,12,9.35,7.09
,,,,,,,,,,,,,,7,35.4,19.1,14,10.8,8.2
,,,,,,,,,,,,,,30,92.6,45.2,30,21,13.8
,,,,,,,,,,,,,,90,256,165,123,94.2,67
September–November,4.2,5.26,6.61,7.8,9,10,12,16,22,34.6,62,136,280,1,7.1,4.22,3.2,2.54,1.96
,,,,,,,,,,,,,,7,8.36,5.31,4.29,3.64,3.06
,,,,,,,,,,,,,,30,13.7,7.26,5.5,4.49,3.67
,,,,,,,,,,,,,,90,73.4,35.8,24.2,17.4,11.9
"03145483—Raccoon Creek near Granville OH—Statistics based on water years: 2008–2020
Harmonic mean flow: 11.0 ft3/s—Average streamflow: 111 ft3/s—Minimum daily streamflow: 0.06 ft3/s",,,,,,,,,,,,,,,,,,,
April–March,3.01,4.65,6.97,9.21,12,14.5,18.3,27,38.8,56.7,83.4,123,239,1,4.36,2.38,1.69,1.26,0.9
,,,,,,,,,,,,,,7,4.87,2.68,1.92,1.45,1.05
,,,,,,,,,,,,,,30,6.38,4.02,3.34,2.93,2.6
,,,,,,,,,,,,,,90,11.6,6.97,5.61,4.8,4.12
May–November,2.59,3.45,5.12,6.52,7.72,9.12,10.9,14.4,19.5,26.4,39.3,66.9,135,1,4.22,2.37,1.72,1.31,0.96
,,,,,,,,,,,,,,7,4.69,2.66,1.95,1.51,1.12
,,,,,,,,,,,,,,30,6.21,4.03,3.41,3.05,2.75
,,,,,,,,,,,,,,90,11.5,7.08,5.79,5.02,4.38
December–February,11.8,14.5,22.8,27.2,31.3,35.4,40,52.5,66.7,89.4,122,184,369,1,13.5,10,8.89,8.22,7.66
,,,,,,,,,,,,,,7,20.8,14.5,12.2,10.6,9.14
,,,,,,,,,,,,,,30,67.5,43.6,33.2,25.8,18.9
,,,,,,,,,,,,,,90,151,116,99.7,87.9,75.9
September–November,2.39,3.03,3.9,4.92,5.89,6.73,7.42,9.24,12,14.6,20.3,33.7,88.1,1,4.18,2.44,1.83,1.44,1.1
,,,,,,,,,,,,,,7,5.16,3.27,2.6,2.17,1.77
,,,,,,,,,,,,,,30,7.26,4.56,3.79,3.34,2.97
,,,,,,,,,,,,,,90,25,12.1,8.86,7.05,5.63
"03146500—Licking River near Newark OH—Statistics based on water years: 1975–2020
Harmonic mean flow: 213 ft3/s—Average streamflow: 709 ft3/s—Minimum daily streamflow: 46.0 ft3/s",,,,,,,,,,,,,,,,,,,
April–March,59.7,70.2,86.6,103,120,142,168,239,334,463,640,907,"1,600",1,67.9,54.5,49.7,46.5,43.7
,,,,,,,,,,,,,,7,73.8,58.3,52.6,48.8,45.3
,,,,,,,,,,,,,,30,86.6,64,56.3,51.3,46.9
,,,,,,,,,,,,,,90,135,87.3,71.4,61.4,52.5
May–November,56,64.7,74,85,95.8,106,118,147,189,256,353,549,994,1,69.1,54.6,49.4,46,42.9
,,,,,,,,,,,,,,7,75.3,58.6,52.6,48.7,45.1
,,,,,,,,,,,,,,30,86.4,64.1,57.1,52.8,49.2
,,,,,,,,,,,,,,90,138,87.6,71.1,60.8,51.6
December–February,79,101,140,181,230,280,327,434,555,698,892,"1,250","2,150",1,155,100,80.6,67.8,56.2
,,,,,,,,,,,,,,7,176,110,86.6,71.4,57.7
,,,,,,,,,,,,,,30,366,197,139,102,71.2
,,,,,,,,,,,,,,90,980,625,464,351,246
September–November,53,56,64,69.9,75,83,91,109,136,174,250,395,721,1,71.1,55.8,50.7,47.5,44.9
,,,,,,,,,,,,,,7,77.7,59.5,53.5,49.8,46.6
,,,,,,,,,,,,,,30,101,67.9,57.4,50.8,45.2
,,,,,,,,,,,,,,90,249,136,100,78.3,59.9
"03149500—Salt Creek near Chandlersville OH—Statistics based on water years: 2002–2020
Harmonic mean flow: 5.84 ft3/s—Average streamflow: 91.9 ft3/s—Minimum daily streamflow: 0.01 ft3/s",,,,,,,,,,,,,,,,,,,
April–March,1.11,2.44,4.05,6.27,8.88,11.5,14.7,23.4,36,51.9,74.2,110,200,1,2.22,0.44,0.14,0.04,0.01
,,,,,,,,,,,,,,7,2.63,0.65,0.25,0.1,0.03
,,,,,,,,,,,,,,30,4.41,1.5,0.78,0.43,0.21
,,,,,,,,,,,,,,90,8.93,3.84,2.53,1.82,1.27
May–November,0.74,1.53,2.68,3.56,4.84,6.14,7.59,11,16,23.5,35.9,54.7,109,1,2.32,0.48,0.15,0.05,0.01
,,,,,,,,,,,,,,7,2.72,0.7,0.27,0.11,0.04
,,,,,,,,,,,,,,30,4.49,1.56,0.82,0.46,0.23
,,,,,,,,,,,,,,90,8.99,3.95,2.63,1.9,1.34
December–February,9.2,12,15.2,20,25,29.9,36,50,64.7,83.5,108,153,258,1,13.6,7.27,5.33,4.16,3.18
,,,,,,,,,,,,,,7,17.9,10.3,7.88,6.37,5.06
,,,,,,,,,,,,,,30,51.1,30.5,23.4,18.8,14.8
,,,,,,,,,,,,,,90,110,73.1,60,51.4,43.6
September–November,0.37,0.92,1.8,2.6,3.27,4.05,5.12,6.96,9.83,14.3,22.5,38,78.4,1,2.54,0.48,0.15,0.05,0.01
,,,,,,,,,,,,,,7,3.07,0.73,0.28,0.11,0.04
,,,,,,,,,,,,,,30,5.75,2.37,1.54,1.09,0.75
,,,,,,,,,,,,,,90,20.5,8.04,5.08,3.53,2.39
"03157000—Clear Creek near Rockbridge OH—Statistics based on water years: 1975–2020
Harmonic mean flow: 39.4 ft3/s—Average streamflow: 99.9 ft3/s—Minimum daily streamflow: 7.60 ft3/s",,,,,,,,,,,,,,,,,,,
April–March,12.8,15,18,21,23.8,27,31.1,41,53,68,89,122,204,1,15,11.5,10.1,9.12,8.14
,,,,,,,,,,,,,,7,16.2,12.4,10.9,9.85,8.81
,,,,,,,,,,,,,,30,19.2,14.1,12.2,10.9,9.67
,,,,,,,,,,,,,,90,25.8,17.7,14.9,13,11.4
May–November,11.8,13.7,16,17.8,19,21,23,28,35,43,56,77.7,134,1,14.9,11.4,10.1,9.1,8.16
,,,,,,,,,,,,,,7,16.1,12.4,10.9,9.81,8.8
,,,,,,,,,,,,,,30,19.1,13.9,12.1,10.8,9.68
,,,,,,,,,,,,,,90,25.4,17.4,14.8,13.1,11.6
December–February,20,23,28,33,38.9,44,48,59,73,90.2,114,154,255,1,28.3,19.8,16.6,14.3,12.3
,,,,,,,,,,,,,,7,31.4,22.4,19.2,17.2,15.3
,,,,,,,,,,,,,,30,54.2,35.7,29,24.6,20.6
,,,,,,,,,,,,,,90,120,81.7,66,54.9,44.3
September–November,11.7,13,14.9,16,17,18.2,19,22,26,32,40.3,55,91,1,15.2,11.7,10.4,9.57,8.8
,,,,,,,,,,,,,,7,16.6,12.5,11.2,10.4,9.81
,,,,,,,,,,,,,,30,20.3,14.3,12.6,11.6,10.8
,,,,,,,,,,,,,,90,36.6,22.4,17.9,15.2,12.8
"03157500—Hocking River at Enterprise OH—Statistics based on water years: 1975–2020
Harmonic mean flow: 178 ft3/s—Average streamflow: 530 ft3/s—Minimum daily streamflow: 32.3 ft3/s",,,,,,,,,,,,,,,,,,,
April–March,51,62,75,88,104,122,142,198,269,364,495,698,"1,200",1,61.1,46.6,40.6,36.3,32.2
,,,,,,,,,,,,,,7,66.1,50.2,43.7,39.2,34.7
,,,,,,,,,,,,,,30,80.2,58,49.8,44.4,39.3
,,,,,,,,,,,,,,90,114,75.8,63,54.9,47.7
May–November,45.4,56,64.8,72.3,80,89.2,100,126,160,207,283,414,740,1,60.2,46.2,40.6,36.6,32.8
,,,,,,,,,,,,,,7,65.2,49.8,43.7,39.4,35.3
,,,,,,,,,,,,,,30,78.5,56.8,49.5,44.9,40.8
,,,,,,,,,,,,,,90,112,75,62.9,55.3,48.7
December–February,80,98,127,150,185,218,250,320,401,506,647,900,"1,480",1,132,87.3,71.4,60.8,51.1
,,,,,,,,,,,,,,7,149,96.3,78.6,67.3,57.3
,,,,,,,,,,,,,,30,276,168,131,107,85.3
,,,,,,,,,,,,,,90,628,419,338,283,231
September–November,43,51,59,63.1,68.9,73.1,78.7,92,114,141,187,270,462,1,61.3,46.5,41.3,38,35
,,,,,,,,,,,,,,7,66.5,48.8,43.1,39.5,36.4
,,,,,,,,,,,,,,30,87.2,58.7,50.1,44.9,40.5
,,,,,,,,,,,,,,90,166,95.9,74.4,61.2,50.1
"03158200—Monday Creek at Doanville OH—Statistics based on water years: 1998–2020
Harmonic mean flow: 23.3 ft3/s—Average streamflow: 127 ft3/s—Minimum daily streamflow: 2.74 ft3/s",,,,,,,,,,,,,,,,,,,
April–March,4.77,6.13,8.17,10.3,13,16.1,20.6,32.5,49.9,75.7,112,167,293,1,4.92,3.41,3.03,2.83,2.68
,,,,,,,,,,,,,,7,5.44,3.7,3.24,2.99,2.81
,,,,,,,,,,,,,,30,7.67,5.06,4.41,4.07,3.83
,,,,,,,,,,,,,,90,14.1,8.69,7.33,6.6,6.05
May–November,4.22,5.29,6.6,7.77,8.9,10.3,12,16,22.7,34.4,51,83,159,1,4.92,3.41,3.03,2.83,2.68
,,,,,,,,,,,,,,7,5.44,3.7,3.24,2.99,2.81
,,,,,,,,,,,,,,30,7.67,5.06,4.41,4.07,3.83
,,,,,,,,,,,,,,90,14.2,8.71,7.33,6.59,6.04
December–February,13,16.6,21.2,26,31.4,37,44,60,83.5,113,150,212,370,1,20.3,10.8,7.87,6.06,4.54
,,,,,,,,,,,,,,7,25.3,14.4,10.9,8.77,6.9
,,,,,,,,,,,,,,30,60.3,37.2,29.1,23.9,19.3
,,,,,,,,,,,,,,90,149,95.4,74.8,61,48.2
September–November,3.74,4.53,5.3,6.1,6.8,7.59,8.28,10,13,16.6,25.9,48.4,102,1,5.89,3.77,3.14,2.78,2.47
,,,,,,,,,,,,,,7,6.67,4.07,3.33,2.9,2.55
,,,,,,,,,,,,,,30,10.3,5.59,4.38,3.71,3.18
,,,,,,,,,,,,,,90,23.6,11.8,8.88,7.32,6.12
"03159500—Hocking River at Athens OH—Statistics based on water years: 1975–2020
Harmonic mean flow: 301 ft3/s—Average streamflow: 1130 ft3/s—Minimum daily streamflow: 47.0 ft3/s",,,,,,,,,,,,,,,,,,,
April–March,72,90.4,114,143,178,218,262,386,543,770,"1,080","1,590","2,700",1,88.7,64.5,55.8,49.9,44.5
,,,,,,,,,,,,,,7,95.2,68.3,58.8,52.5,46.9
,,,,,,,,,,,,,,30,118,79,66.5,58.7,52
,,,,,,,,,,,,,,90,179,108,87.5,75.2,65
May–November,64,79,94.2,109,124,144,165,221,289,400,573,858,"1,630",1,87.3,63.9,55.5,50,45
,,,,,,,,,,,,,,7,93.6,67.5,58.5,52.7,47.5
,,,,,,,,,,,,,,30,115,77.7,66.1,59.1,53.1
,,,,,,,,,,,,,,90,176,108,87.5,75.7,65.8
December–February,140,190,250,310,371,440,500,655,860,"1,100","1,460","2,010","3,380",1,247,153,120,99.1,80.3
,,,,,,,,,,,,,,7,284,175,139,116,95.2
,,,,,,,,,,,,,,30,548,328,255,209,169
,,,,,,,,,,,,,,90,"1,350",920,754,640,533
September–November,59.7,68,80,89.1,96.7,105,114,138,177,236,328,502,970,1,89.2,63.5,55.3,50.3,45.9
,,,,,,,,,,,,,,7,95.2,66.2,57.5,52.3,48
,,,,,,,,,,,,,,30,126,78.2,64.7,56.9,50.6
,,,,,,,,,,,,,,90,280,145,107,84.8,66.8
"03159540—Shade River near Chester OH—Statistics based on water years: 1975–2020
Harmonic mean flow: 7.21 ft3/s—Average streamflow: 179 ft3/s—Minimum daily streamflow: 0.00 ft3/s",,,,,,,,,,,,,,,,,,,
April–March,0.73,1.55,3.36,5.5,8.8,13,19.8,35,58.1,89,130,200,397,1,1.4,0.5,0.28,0.15,0
,,,,,,,,,,,,,,7,1.77,0.68,0.4,0.24,0
,,,,,,,,,,,,,,30,3.96,1.26,0.7,0.43,0.25
,,,,,,,,,,,,,,90,13.2,4.46,2.48,1.52,0.87
May–November,0.51,0.99,1.79,2.9,4.1,5.51,7.4,13,21,33.3,53.7,92,195,1,1.39,0.5,0.28,0.15,0
,,,,,,,,,,,,,,7,1.75,0.67,0.4,0.25,0
,,,,,,,,,,,,,,30,3.75,1.2,0.69,0.44,0.28
,,,,,,,,,,,,,,90,13.1,4.42,2.48,1.53,0.88
December–February,6.92,15,26,34.7,45,56,66.4,91,120,156,214,326,632,1,22.9,8.87,5,2.98,1.59
,,,,,,,,,,,,,,7,29.4,12.2,7.26,4.56,2.6
,,,,,,,,,,,,,,30,84.3,42.8,29.6,21.6,15
,,,,,,,,,,,,,,90,249,167,135,112,91
September–November,0.36,0.68,1.11,1.66,2.36,3.4,4.3,7.4,12.4,21,35,69,151,1,1.7,0.55,0.3,0.16,0
,,,,,,,,,,,,,,7,2.46,0.8,0.43,0.24,0
,,,,,,,,,,,,,,30,5.72,1.49,0.76,0.45,0.25
,,,,,,,,,,,,,,90,39.2,11.5,5.72,3.11,1.52
"03201902—Raccoon Creek near Bolins Mills OH—Statistics based on water years: 2003–2016, 2018–2019
Harmonic mean flow: 8.72 ft3/s—Average streamflow: 251 ft3/s—Minimum daily streamflow: 0.00 ft3/s",,,,,,,,,,,,,,,,,,,
April–March,1.24,2.94,6.04,11.1,17.6,24.9,31.8,49.8,85.4,140,212,339,700,1,3.82,0.51,0.08,0,0
,,,,,,,,,,,,,,7,4.49,0.87,0.32,0.13,0.05
,,,,,,,,,,,,,,30,8.83,2.72,1.43,0.82,0.43
,,,,,,,,,,,,,,90,17.1,5.46,3.03,1.87,1.09
May–November,0.73,1.72,3.28,5.14,7.48,10.8,14.9,23.5,33.1,45.1,71.8,136,325,1,3.22,0.47,0.09,0,0
,,,,,,,,,,,,,,7,3.9,0.79,0.31,0.13,0.05
,,,,,,,,,,,,,,30,7.84,2.48,1.34,0.81,0.45
,,,,,,,,,,,,,,90,15.2,4.95,2.83,1.8,1.1
December–February,15.8,27,39.9,51.1,70,83,99.5,135,180,236,328,513,"1,050",1,35.6,15.3,9.42,6.15,3.7
,,,,,,,,,,,,,,7,47.1,21.9,14.1,9.65,6.13
,,,,,,,,,,,,,,30,129,80.6,65.6,56.4,48.4
,,,,,,,,,,,,,,90,353,223,171,135,102
September–November,0.59,1.08,2.2,3.08,3.91,5.01,6.62,11.6,19.2,30.2,46.6,94.2,241,1,2.78,0.3,0.07,0,0
,,,,,,,,,,,,,,7,3.71,0.72,0.29,0.13,0.05
,,,,,,,,,,,,,,30,8.26,2.14,1.07,0.61,0.32
,,,,,,,,,,,,,,90,36.8,10.3,5.52,3.36,1.96
"03201980—Little Raccoon Creek near Ewington OH—Statistics based on water years: 1999–2019
Harmonic mean flow: 22.5 ft3/s—Average streamflow: 115 ft3/s—Minimum daily streamflow: 1.14 ft3/s",,,,,,,,,,,,,,,,,,,
April–March,5.09,6.8,9.52,12.3,15.1,18,21,29.4,43.4,63.1,92.5,139,286,1,6.09,3.23,2.24,1.63,1.12
,,,,,,,,,,,,,,7,7.04,4.21,3.21,2.56,1.98
,,,,,,,,,,,,,,30,10.4,6.31,4.89,3.97,3.14
,,,,,,,,,,,,,,90,15.6,9.54,7.71,6.6,5.66
May–November,4.32,5.66,7.17,8.94,10.7,12.6,14.2,18.1,22.2,28.9,40.6,60.1,129,1,6.34,3.37,2.33,1.68,1.14
,,,,,,,,,,,,,,7,7.32,4.36,3.3,2.6,1.98
,,,,,,,,,,,,,,30,10.8,6.53,5.02,4.04,3.15
,,,,,,,,,,,,,,90,16,9.82,7.91,6.74,5.75
December–February,10.7,15,20.8,25,30,37,44,60,78.1,99.8,135,206,400,1,18.8,11.3,8.93,7.44,6.14
,,,,,,,,,,,,,,7,22.6,13,9.92,8.05,6.43
,,,,,,,,,,,,,,30,51.6,28.2,20.9,16.5,12.8
,,,,,,,,,,,,,,90,146,92.8,72,57.9,44.9
September–November,3.34,4.94,6.32,7.36,8.75,10,11.3,14,17.2,20.8,26.2,40.3,84.9,1,6.37,3.31,2.26,1.61,1.07
,,,,,,,,,,,,,,7,7.77,4.37,3.2,2.46,1.81
,,,,,,,,,,,,,,30,12.7,6.97,5.09,3.94,2.95
,,,,,,,,,,,,,,90,26.5,13.6,10.4,8.58,7.19
"03202000—Raccoon Creek at Adamsville OH—Statistics based on water years: 1975–1985, 1992–2010, 2012–2020
Harmonic mean flow: 94.0 ft3/s—Average streamflow: 661 ft3/s—Minimum daily streamflow: 4.00 ft3/s",,,,,,,,,,,,,,,,,,,
April–March,15.6,23.4,34.2,47,63,81,104,169,278,423,622,964,"1,780",1,19.6,10.7,7.78,6.01,4.5
,,,,,,,,,,,,,,7,22,12.1,9.01,7.12,5.52
,,,,,,,,,,,,,,30,33.2,17.8,13.2,10.4,8.01
,,,,,,,,,,,,,,90,60.1,31.7,23.9,19.4,15.8
May–November,13,18,25.2,31,39,46.9,56,79.9,112,161,251,438,906,1,19.3,10.6,7.77,6.03,4.55
,,,,,,,,,,,,,,7,21.6,12,9,7.17,5.61
,,,,,,,,,,,,,,30,31.9,17.5,13.1,10.5,8.31
,,,,,,,,,,,,,,90,57,31.1,24,20,16.7
December–February,58,90,121,160,211,260,306,410,543,722,980,"1,400","2,340",1,114,60.7,44.3,34.3,26
,,,,,,,,,,,,,,7,141,74.8,54.5,42.3,32.1
,,,,,,,,,,,,,,30,336,179,129,98.5,72.7
,,,,,,,,,,,,,,90,861,576,465,389,318
September–November,9.1,13.9,18.2,22,26,29,33,44,61.7,88,135,247,526,1,19.2,10.4,7.71,6.11,4.76
,,,,,,,,,,,,,,7,21.7,11.9,8.97,7.26,5.83
,,,,,,,,,,,,,,30,37.2,17.3,12.3,9.58,7.45
,,,,,,,,,,,,,,90,111,49.1,33.9,25.7,19.3
"03205470—Symmes Creek at Aid OH—Statistics based on water years: 2001–2020
Harmonic mean flow: 6.36 ft3/s—Average streamflow: 359 ft3/s—Minimum daily streamflow: 0.07 ft3/s",,,,,,,,,,,,,,,,,,,
April–March,0.6,1.45,3.15,6.16,12.3,21,33.2,67.4,120,200,300,494,"1,020",1,1.17,0.32,0.16,0.09,0.05
,,,,,,,,,,,,,,7,1.49,0.44,0.23,0.14,0.08
,,,,,,,,,,,,,,30,3.95,1.05,0.5,0.27,0.13
,,,,,,,,,,,,,,90,17.3,5.12,2.59,1.44,0.72
May–November,0.36,0.9,1.68,2.56,4.08,5.94,8.9,19,34.3,58.7,105,193,485,1,1.21,0.34,0.17,0.1,0.05
,,,,,,,,,,,,,,7,1.52,0.47,0.25,0.15,0.09
,,,,,,,,,,,,,,30,3.89,1.09,0.54,0.29,0.15
,,,,,,,,,,,,,,90,15.7,4.97,2.66,1.56,0.84
December–February,22,37,62,81.8,105,131,168,223,292,380,550,840,"1,390",1,45.3,18.2,11.1,7.29,4.49
,,,,,,,,,,,,,,7,69.5,31.6,20.4,14.1,9.18
,,,,,,,,,,,,,,30,215,98.2,60.5,39,22.8
,,,,,,,,,,,,,,90,506,329,254,201,151
September–November,0.26,0.38,0.79,1.21,1.71,2.3,3.35,6.43,16.6,32.6,62.4,137,381,1,1.3,0.34,0.17,0.09,0.05
,,,,,,,,,,,,,,7,1.77,0.47,0.24,0.14,0.08
,,,,,,,,,,,,,,30,6.75,1.28,0.53,0.25,0.1
,,,,,,,,,,,,,,90,43.4,10.4,5.06,2.81,1.46
"03217500—Scioto River at La Rue OH—Statistics based on water years: 2010–2020
Harmonic mean flow: 37.5 ft3/s—Average streamflow: 311 ft3/s—Minimum daily streamflow: 3.07 ft3/s",,,,,,,,,,,,,,,,,,,
April–March,8.43,10.1,13.1,17.6,22.9,29,37.1,54.6,83,124,192,351,864,1,8.83,5.53,4.36,3.59,2.9
,,,,,,,,,,,,,,7,9.67,6.27,5.12,4.38,3.72
,,,,,,,,,,,,,,30,12.4,8.44,7.33,6.7,6.21
,,,,,,,,,,,,,,90,25.5,13.2,9.81,7.89,6.33
May–November,7.51,9.04,10.5,12.3,14.5,17.5,20.9,29.3,45,64.4,101,197,538,1,8.26,5.29,4.26,3.59,2.98
,,,,,,,,,,,,,,7,9.33,6.24,5.2,4.54,3.95
,,,,,,,,,,,,,,30,12.8,8.77,7.61,6.94,6.39
,,,,,,,,,,,,,,90,25.8,13.8,10.4,8.44,6.83
December–February,18.2,23.4,30.4,37.1,43.6,51.2,57.9,80.3,124,167,259,438,"1,090",1,24.4,15.9,13.3,11.6,10.2
,,,,,,,,,,,,,,7,34.9,22.5,18.4,15.8,13.5
,,,,,,,,,,,,,,30,102,51.5,35.9,26.6,18.9
,,,,,,,,,,,,,,90,370,214,150,109,72.4
September–November,5.47,7.72,9.2,9.86,10.9,11.8,12.9,16,21.2,33.4,56.4,106,346,1,8.44,5.31,4.25,3.58,2.98
,,,,,,,,,,,,,,7,11.2,6.66,5.21,4.3,3.52
,,,,,,,,,,,,,,30,18.7,7.9,5.82,4.83,4.14
,,,,,,,,,,,,,,90,85,30.4,18,11.9,7.46
"03219590—Bokes Creek near Warrensburg OH—Statistics based on water years: 1983–1997
Harmonic mean flow: 0.59 ft3/s—Average streamflow: 71.6 ft3/s—Minimum daily streamflow: 0.00 ft3/s",,,,,,,,,,,,,,,,,,,
April–March,0,0,0,0.36,1.3,2.5,4.9,10,18,31,46,76,172,1,0,0,0,0,0
,,,,,,,,,,,,,,7,0,0,0,0,0
,,,,,,,,,,,,,,30,0,0,0,0,0
,,,,,,,,,,,,,,90,1.1,0.01,0,0,0
May–November,0,0,0,0,0,0.37,0.88,2.4,5.9,11,22,42,103,1,0,0,0,0,0
,,,,,,,,,,,,,,7,0,0,0,0,0
,,,,,,,,,,,,,,30,0,0,0,0,0
,,,,,,,,,,,,,,90,1.1,0,0,0,0
December–February,0.85,2.6,5.7,8,9.6,12,14,22,32,47,70,110,251,1,6.62,2.9,1.46,0,0
,,,,,,,,,,,,,,7,7.52,3.34,1.77,0,0
,,,,,,,,,,,,,,30,21.9,6.09,2.38,0.95,0.28
,,,,,,,,,,,,,,90,99.9,39.8,19.6,9.67,3.77
September–November,0,0,0,0,0,0,0,0.54,1.4,3,7.6,24,67,1,0,0,0,0,0
,,,,,,,,,,,,,,7,0,0,0,0,0
,,,,,,,,,,,,,,30,0.19,0,0,0,0
,,,,,,,,,,,,,,90,13.3,0.94,0.06,0,0
"03220000—Mill Creek near Bellepoint OH—Statistics based on water years: 1975–2020
Harmonic mean flow: 18.5 ft3/s—Average streamflow: 194 ft3/s—Minimum daily streamflow: 0.54 ft3/s",,,,,,,,,,,,,,,,,,,
April–March,3.53,4.9,6.8,8.8,11.3,14,17.9,27.4,40.5,59,92,166,453,1,4.08,2.33,1.59,1.11,0.71
,,,,,,,,,,,,,,7,5.04,3.35,2.67,2.2,1.76
,,,,,,,,,,,,,,30,7.09,4.39,3.54,3.01,2.55
,,,,,,,,,,,,,,90,14.5,7.37,5.39,4.25,3.32
May–November,3,4.14,5.5,6.6,7.6,9.1,11,14.3,20,29,44,76.2,203,1,4.18,2.38,1.62,1.12,0.7
,,,,,,,,,,,,,,7,5.23,3.44,2.72,2.22,1.75
,,,,,,,,,,,,,,30,7.45,4.59,3.67,3.1,2.59
,,,,,,,,,,,,,,90,15.2,7.72,5.61,4.4,3.4
December–February,5.8,12,16,21,26,31.4,37,51,68,96,148,272,747,1,16.5,9.71,7.16,5.5,4.02
,,,,,,,,,,,,,,7,20.2,11.5,8.29,6.24,4.45
,,,,,,,,,,,,,,30,52.4,23.2,15,10.4,6.9
,,,,,,,,,,,,,,90,269,152,102,69.3,42
September–November,2.9,3.6,4.8,5.7,6.39,7,7.8,10,13,17.1,27.2,50,127,1,4.56,2.59,1.81,1.3,0.86
,,,,,,,,,,,,,,7,5.93,3.75,2.98,2.46,2
,,,,,,,,,,,,,,30,9.89,4.97,3.78,3.13,2.63
,,,,,,,,,,,,,,90,43.5,14.8,8.43,5.28,3.11
"03223000—Olentangy River at Claridon OH—Statistics based on water years: 1975–1998
Harmonic mean flow: 11.8 ft3/s—Average streamflow: 170 ft3/s—Minimum daily streamflow: 0.03 ft3/s",,,,,,,,,,,,,,,,,,,
April–March,2.4,4.2,6.7,9,12,16,20,33,50,74,110,181,406,1,3.81,1.01,0.38,0.14,0.04
,,,,,,,,,,,,,,7,4.36,1.36,0.6,0.27,0.1
,,,,,,,,,,,,,,30,6.15,3.02,2.14,1.63,1.21
,,,,,,,,,,,,,,90,14.4,6.54,4.56,3.48,2.64
May–November,1.6,3,4.7,6.1,7.6,9.5,11,16,24,36,55,98,222,1,3.79,0.98,0.36,0.13,0.04
,,,,,,,,,,,,,,7,4.38,1.33,0.58,0.26,0.1
,,,,,,,,,,,,,,30,6.16,2.92,2.05,1.57,1.19
,,,,,,,,,,,,,,90,15.2,6.62,4.5,3.34,2.46
December–February,8.6,9.7,16,23,32,38,46,63,83,110,164,290,691,1,18.7,9.91,7.13,5.44,4.01
,,,,,,,,,,,,,,7,22.1,11.6,8.34,6.36,4.7
,,,,,,,,,,,,,,30,47.4,20.9,13.8,9.89,6.82
,,,,,,,,,,,,,,90,220,142,112,91.5,72.6
September–November,0.87,2.2,3.5,4.6,5.6,6.8,7.9,11,15,20,33,70,180,1,4.36,1,0.36,0.13,0.04
,,,,,,,,,,,,,,7,5.02,1.36,0.58,0.26,0.01
,,,,,,,,,,,,,,30,8.81,3.52,2.22,1.54,1.02
,,,,,,,,,,,,,,90,42,14.2,7.82,4.72,2.63
"03223425—Whetstone Creek at Mt Gilead OH—Statistics based on water years: 1997–2020
Harmonic mean flow: 3.97 ft3/s—Average streamflow: 46.4 ft3/s—Minimum daily streamflow: 0.07 ft3/s",,,,,,,,,,,,,,,,,,,
April–March,0.75,1.1,1.7,2.29,3.1,4.09,5.14,8.58,14,21,31,50,104,1,1.01,0.44,0.25,0.14,0.07
,,,,,,,,,,,,,,7,1.2,0.53,0.29,0.17,0.08
,,,,,,,,,,,,,,30,1.93,0.83,0.47,0.28,0.14
,,,,,,,,,,,,,,90,3.51,1.76,1.26,0.96,0.72
May–November,0.6,0.88,1.22,1.6,1.87,2.24,2.72,3.95,5.5,8.8,15.1,26.1,56.2,1,1.04,0.45,0.26,0.15,0.07
,,,,,,,,,,,,,,7,1.23,0.55,0.3,0.17,0.08
,,,,,,,,,,,,,,30,1.99,0.86,0.49,0.29,0.15
,,,,,,,,,,,,,,90,3.71,1.83,1.29,0.97,0.71
December–February,3.3,4.5,6,7.38,9,10.5,12.6,17,23,32.8,47.8,74.7,162,1,5.3,3.42,2.7,2.2,1.74
,,,,,,,,,,,,,,7,6.54,4.24,3.38,2.81,2.28
,,,,,,,,,,,,,,30,19.7,10.8,7.84,5.99,4.41
,,,,,,,,,,,,,,90,63.2,41.1,31.5,24.8,18.5
September–November,0.17,0.67,1,1.33,1.63,1.8,2.04,2.86,3.98,5.4,9.11,17.1,36,1,1.18,0.51,0.28,0.16,0.07
,,,,,,,,,,,,,,7,1.44,0.59,0.32,0.18,0.08
,,,,,,,,,,,,,,30,2.5,0.89,0.51,0.31,0.18
,,,,,,,,,,,,,,90,12.2,5.09,3.21,2.18,1.41
"03228300—Big Walnut Creek at Sunbury OH—Statistics based on water years: 1989–2020
Harmonic mean flow: 0.62 ft3/s—Average streamflow: 121 ft3/s—Minimum daily streamflow: 0.00 ft3/s",,,,,,,,,,,,,,,,,,,
April–March,0,0.07,0.5,1.56,3.2,5.38,8.52,18,33,50,74.9,123,279,1,0.05,0,0,0,0
,,,,,,,,,,,,,,7,0.1,0,0,0,0
,,,,,,,,,,,,,,30,0.7,0.06,0.01,0,0
,,,,,,,,,,,,,,90,5.67,0.76,0.21,0.06,0.01
May–November,0,0.01,0.11,0.36,0.85,1.6,2.6,5.19,9.6,17.3,32,59,151,1,0.06,0,0,0,0
,,,,,,,,,,,,,,7,0.1,0,0,0,0
,,,,,,,,,,,,,,30,0.73,0.06,0.01,0,0
,,,,,,,,,,,,,,90,5.79,0.8,0.22,0.06,0.01
December–February,1.5,6.4,12,16,22,30,37,47.9,63,82.1,114,183,394,1,11.8,4.34,2.26,1.23,0.57
,,,,,,,,,,,,,,7,15.6,5.51,2.81,1.5,0.68
,,,,,,,,,,,,,,30,55.6,20.3,9.56,4.54,1.7
,,,,,,,,,,,,,,90,176,103,69,46.3,27.3
September–November,0,0,0.03,0.11,0.24,0.5,0.9,2.45,4.65,8.4,17.5,35.2,88.6,1,0.11,0,0,0,0
,,,,,,,,,,,,,,7,0.23,0,0,0,0
,,,,,,,,,,,,,,30,1.39,0.14,0.03,0,0
,,,,,,,,,,,,,,90,28.4,4.49,1.24,0.36,0.07
"03228750—Alum Creek near Kilbourne OH—Statistics based on water years: 1975–2020
Harmonic mean flow: 4.70 ft3/s—Average streamflow: 79.4 ft3/s—Minimum daily streamflow: 0.00 ft3/s",,,,,,,,,,,,,,,,,,,
April–March,0.78,1.3,2.18,3.5,5,6.51,8.45,13.8,20.9,30.6,47,75.9,164,1,1.03,0.39,0.21,0.09,0
,,,,,,,,,,,,,,7,1.45,0.5,0.26,0.14,0.07
,,,,,,,,,,,,,,30,2.42,1.13,0.76,0.55,0.38
,,,,,,,,,,,,,,90,5.73,2.6,1.77,1.31,0.94
May–November,0.6,0.98,1.43,1.97,2.59,3.42,4.3,6.22,9.11,13.3,20.1,34,80,1,1.07,0.4,0.21,0.08,0
,,,,,,,,,,,,,,7,1.5,0.52,0.26,0.14,0.06
,,,,,,,,,,,,,,30,2.54,1.18,0.78,0.55,0.38
,,,,,,,,,,,,,,90,6.09,2.69,1.79,1.29,0.9
December–February,5.66,8,10,12.1,15,18,21.1,30,41.7,56,78.7,123,280,1,9.18,5.38,4.08,3.24,2.5
,,,,,,,,,,,,,,7,11.5,6.88,5.29,4.28,3.39
,,,,,,,,,,,,,,30,35.6,19.1,13.4,9.95,7
,,,,,,,,,,,,,,90,112,81.3,68.2,58.8,49.6
September–November,0.47,0.76,1.21,1.65,2.1,2.78,3.5,4.83,6.32,9.41,14.7,23,52,1,1.31,0.5,0.26,0.11,0
,,,,,,,,,,,,,,7,2,0.68,0.33,0.17,0.07
,,,,,,,,,,,,,,30,4.06,1.67,1.07,0.75,0.51
,,,,,,,,,,,,,,90,19.1,7.11,4.22,2.74,1.68
"03229610—Scioto River near Commercial Point OH—Statistics based on water years: 2006–2020
Harmonic mean flow: 1000 ft3/s—Average streamflow: 2880 ft3/s—Minimum daily streamflow: 294 ft3/s",,,,,,,,,,,,,,,,,,,
April–March,340,371,425,503,572,654,748,981,"1,290","1,770","2,560","4,390","8,190",1,335,305,296,291,288
,,,,,,,,,,,,,,7,352,317,307,302,299
,,,,,,,,,,,,,,30,449,377,355,342,332
,,,,,,,,,,,,,,90,687,499,429,381,336
May–November,328,349,382,414,454,510,563,700,887,"1,160","1,630","2,600","5,400",1,330,300,290,285,281
,,,,,,,,,,,,,,7,348,314,305,301,298
,,,,,,,,,,,,,,30,442,375,355,343,335
,,,,,,,,,,,,,,90,701,513,441,391,344
December–February,474,550,617,714,819,928,"1,050","1,320","1,710","2,380","3,810","5,740","9,810",1,534,418,379,353,331
,,,,,,,,,,,,,,7,671,519,461,421,383
,,,,,,,,,,,,,,30,"1,450",926,739,615,503
,,,,,,,,,,,,,,90,"3,400","2,290","1,820","1,490","1,170"
September–November,314,334,350,369,390,415,443,527,651,856,"1,150","1,730","3,560",1,335,301,291,285,280
,,,,,,,,,,,,,,7,362,316,304,298,294
,,,,,,,,,,,,,,30,512,373,332,309,290
,,,,,,,,,,,,,,90,"1,200",688,521,417,327
"03229796—Walnut Creek at Ashville OH—Statistics based on water years: 2006–2020
Harmonic mean flow: 88.6 ft3/s—Average streamflow: 332 ft3/s—Minimum daily streamflow: 12.2 ft3/s",,,,,,,,,,,,,,,,,,,
April–March,23.4,28.1,36.1,46,56,66.5,77.9,109,146,193,260,384,728,1,24.4,16.7,13.8,11.8,9.97
,,,,,,,,,,,,,,7,27.2,19.2,16.3,14.4,12.6
,,,,,,,,,,,,,,30,40.4,28.5,23.9,20.8,17.8
,,,,,,,,,,,,,,90,61.4,39.6,31.6,26.4,21.6
May–November,21.3,25.4,29.6,34.4,39.6,46.3,52,67.4,85.6,111,155,214,401,1,24.8,17.1,14.1,12.1,10.2
,,,,,,,,,,,,,,7,27.4,19.5,16.7,14.7,12.9
,,,,,,,,,,,,,,30,39.5,28.3,24,21.2,18.4
,,,,,,,,,,,,,,90,60.9,40.1,32.6,27.6,23
December–February,46.3,61,76.6,98,110,125,138,173,219,279,372,555,963,1,65.1,38.1,28.3,22,16.4
,,,,,,,,,,,,,,7,76.8,45.1,33.4,25.8,19.1
,,,,,,,,,,,,,,30,181,134,117,107,97.1
,,,,,,,,,,,,,,90,395,277,231,200,170
September–November,18,22.5,25.4,27.8,30.7,33.6,36.6,46.5,58.2,73.9,95.7,162,316,1,26.7,18.2,14.9,12.7,10.6
,,,,,,,,,,,,,,7,28.3,19.6,17,15.5,14.3
,,,,,,,,,,,,,,30,44.6,29,24.8,22.4,20.5
,,,,,,,,,,,,,,90,99.1,51.4,38,30.2,23.8
"03230310—Little Darby Creek at West Jefferson OH—Statistics based on water years: 1993–2005, 2010–2020
Harmonic mean flow: 20.1 ft3/s—Average streamflow: 184 ft3/s—Minimum daily streamflow: 0.00 ft3/s",,,,,,,,,,,,,,,,,,,
April–March,3.96,6.14,9.36,12.5,16,20.3,27.6,48,75,108,154,232,448,1,6.08,2.47,1.12,0.19,0
,,,,,,,,,,,,,,7,6.62,3,1.61,0.44,0
,,,,,,,,,,,,,,30,11.5,3.32,1.18,0.41,0.1
,,,,,,,,,,,,,,90,17.1,7.62,5.07,3.64,2.53
May–November,2.8,4.78,6.7,8.84,11,13,15.1,22,34.7,53.4,84.4,140,298,1,5.79,2.39,1.13,0.26,0
,,,,,,,,,,,,,,7,6.32,2.91,1.62,0.56,0
,,,,,,,,,,,,,,30,11.1,3.26,1.19,0.42,0.1
,,,,,,,,,,,,,,90,16.2,7.27,4.89,3.56,2.52
December–February,10,14,20.9,29.4,38.7,50,62,85,111,145,198,294,533,1,25.2,11.8,7.66,5.29,3.43
,,,,,,,,,,,,,,7,29.5,14.3,9.61,6.86,4.65
,,,,,,,,,,,,,,30,63.2,30,19.9,14,9.33
,,,,,,,,,,,,,,90,210,136,108,89,71.6
September–November,0.93,4.3,5.58,6.4,7.3,8.42,9.8,12.5,15.9,20.8,30,53,121,1,5.95,2.48,1.29,0.4,0
,,,,,,,,,,,,,,7,6.57,3.32,2.18,1.16,0
,,,,,,,,,,,,,,30,15.7,4.66,1.62,0.53,0.11
,,,,,,,,,,,,,,90,33.1,11.9,6.98,4.48,2.72
"03230450—Hellbranch Run near Harrisburg OH—Statistics based on water years: 1993–2020
Harmonic mean flow: 1.02 ft3/s—Average streamflow: 42.1 ft3/s—Minimum daily streamflow: 0.00 ft3/s",,,,,,,,,,,,,,,,,,,
April–March,0,0,0.48,1.2,2.1,3.2,4.6,8.06,13,19.6,30,48.4,99.5,1,0,0,0,0,0
,,,,,,,,,,,,,,7,0.08,0,0,0,0
,,,,,,,,,,,,,,30,0.58,0.02,0,0,0
,,,,,,,,,,,,,,90,3.03,0.84,0.36,0.12,0
May–November,0,0,0.04,0.35,0.8,1.3,1.9,3.4,5.6,8.59,14,24.8,57.1,1,0,0,0,0,0
,,,,,,,,,,,,,,7,0.06,0,0,0,0
,,,,,,,,,,,,,,30,0.51,0.02,0,0,0
,,,,,,,,,,,,,,90,3.05,0.88,0.39,0.14,0
December–February,0.63,1.7,3.72,5.59,7.81,10,12.8,18,23.8,32,45,69.7,142,1,3.11,1.02,0.49,0.18,0
,,,,,,,,,,,,,,7,4.48,1.67,0.86,0.35,0
,,,,,,,,,,,,,,30,17.2,8.18,5.22,3.49,2.14
,,,,,,,,,,,,,,90,53.2,36.7,30.5,26.4,22.5
September–November,0,0,0,0,0.12,0.42,0.74,1.5,2.59,4.6,7.35,13.1,30.8,1,0,0,0,0,0
,,,,,,,,,,,,,,7,0.123,0,0,0,0
,,,,,,,,,,,,,,30,1.2,0.05,0,0,0
,,,,,,,,,,,,,,90,11.5,1.86,0.43,0.09,0.01
"03230500—Big Darby Creek at Darbyville OH—Statistics based on water years: 1975–2020
Harmonic mean flow: 101 ft3/s—Average streamflow: 556 ft3/s—Minimum daily streamflow: 3.90 ft3/s",,,,,,,,,,,,,,,,,,,
April–March,20.6,28.9,39,49,62,79,99.4,150,220,308,452,700,"1,330",1,25,13.8,9.87,7.34,5.17
,,,,,,,,,,,,,,7,27.6,15.8,11.5,8.75,6.35
,,,,,,,,,,,,,,30,34.9,21.2,16.8,13.9,11.5
,,,,,,,,,,,,,,90,63.1,35.8,27.8,23.1,19.1
May–November,17,23.6,30.5,37,44,51,60,83.9,119,169,245,389,789,1,24.6,13.6,9.74,7.28,5.16
,,,,,,,,,,,,,,7,27.3,15.5,11.3,8.67,6.33
,,,,,,,,,,,,,,30,35,21.1,16.6,13.8,11.3
,,,,,,,,,,,,,,90,64.2,36.2,28,23.1,19
December–February,39,51,78,100,126,150,183,243,332,446,632,941,"1,790",1,85.4,50.7,38.8,31.3,24.6
,,,,,,,,,,,,,,7,98,57.4,43.5,34.7,26.9
,,,,,,,,,,,,,,30,200,100,69.4,51.1,36
,,,,,,,,,,,,,,90,699,412,296,219,151
September–November,14,20,25,28.8,31.7,36,40,50,64,86,123,215,436,1,25.4,14,10.3,7.93,5.91
,,,,,,,,,,,,,,7,28.2,15.8,11.8,9.34,7.2
,,,,,,,,,,,,,,30,42.4,23,17.5,14.3,11.6
,,,,,,,,,,,,,,90,127,55,36.1,25.7,17.7
"03230700—Scioto River at Circleville OH—Statistics based on water years: 1975–1979, 2012–2020
Harmonic mean flow: 1320 ft3/s—Average streamflow: 3810 ft3/s—Minimum daily streamflow: 287 ft3/s",,,,,,,,,,,,,,,,,,,
April–March,390,470,556,659,788,900,"1,030","1,360","1,840","2,430","3,420","5,510","9,620",1,403,332,303,284,265
,,,,,,,,,,,,,,7,435,352,322,302,284
,,,,,,,,,,,,,,30,562,430,381,348,317
,,,,,,,,,,,,,,90,855,613,525,466,413
May–November,388,447,502,555,618,695,782,955,"1,180","1,520","2,070","2,970","5,860",1,400,338,315,300,286
,,,,,,,,,,,,,,7,440,369,344,329,317
,,,,,,,,,,,,,,30,570,470,438,419,403
,,,,,,,,,,,,,,90,888,667,588,536,489
December–February,320,620,846,"1,000","1,200","1,400","1,600","2,080","2,650","3,500","5,170","7,480","12,600",1,835,530,418,343,275
,,,,,,,,,,,,,,7,"1,050",654,504,404,312
,,,,,,,,,,,,,,30,"2,190","1,120",735,497,305
,,,,,,,,,,,,,,90,"5,000","2,910","2,020","1,420",905
September–November,383,438,475,504,533,573,616,731,890,"1,100","1,400","2,080","3,890",1,403,344,329,321,316
,,,,,,,,,,,,,,7,472,395,374,363,355
,,,,,,,,,,,,,,30,661,476,419,384,355
,,,,,,,,,,,,,,90,"1,320",790,625,524,437
"03230800—Deer Creek at Mount Sterling OH—Statistics based on water years: 1975–1981, 1996–2020
Harmonic mean flow: 39.9 ft3/s—Average streamflow: 260 ft3/s—Minimum daily streamflow: 0.89 ft3/s",,,,,,,,,,,,,,,,,,,
April–March,7.1,11,17,23,31.9,40.5,51,77.8,109,152,210,306,558,1,9.52,3.71,2.14,1.31,0.732
,,,,,,,,,,,,,,7,11.9,4.88,2.86,1.77,1
,,,,,,,,,,,,,,30,16.6,8.22,5.71,4.24,3.04
,,,,,,,,,,,,,,90,31.1,15.6,11,8.28,6.08
May–November,5.53,9,12.9,16.7,20.3,25,31,43.1,60,84,116,183,355,1,9.27,3.58,2.06,1.27,0.72
,,,,,,,,,,,,,,7,11.6,4.67,2.74,1.71,0.97
,,,,,,,,,,,,,,30,16.5,7.99,5.47,4,2.82
,,,,,,,,,,,,,,90,30.8,15.1,10.6,7.94,5.82
December–February,10,21.3,38,52,68.5,85,102,140,177,220,289,412,729,1,44.9,19,11.1,6.78,3.69
,,,,,,,,,,,,,,7,52.6,22.5,13.3,8.26,4.6
,,,,,,,,,,,,,,30,124,59.8,38.2,25.5,15.5
,,,,,,,,,,,,,,90,325,204,155,122,91.2
September–November,2.9,6.4,9.26,11.4,13.8,17,20,28.7,38,51,69,102,207,1,9.6,3.52,2.02,1.26,0.73
,,,,,,,,,,,,,,7,12.5,4.83,2.84,1.8,1.06
,,,,,,,,,,,,,,30,19.5,8.55,5.68,4.1,2.88
,,,,,,,,,,,,,,90,55.1,22.5,14.5,10.2,6.92
"03231500—Scioto River at Chillicothe OH—Statistics based on water years: 1975–2020
Harmonic mean flow: 1550 ft3/s—Average streamflow: 4300 ft3/s—Minimum daily streamflow: 286 ft3/s",,,,,,,,,,,,,,,,,,,
April–March,455,561,677,783,912,"1,060","1,240","1,620","2,120","2,820","4,010","6,270","11,200",1,491,387,347,320,294
,,,,,,,,,,,,,,7,540,420,376,345,317
,,,,,,,,,,,,,,30,665,511,462,433,408
,,,,,,,,,,,,,,90,"1,000",693,590,524,466
May–November,431,501,593,660,737,815,907,"1,140","1,440","1,850","2,500","3,690","7,250",1,491,386,346,319,294
,,,,,,,,,,,,,,7,542,422,377,346,318
,,,,,,,,,,,,,,30,674,519,469,439,414
,,,,,,,,,,,,,,90,"1,020",707,603,536,478
December–February,640,766,960,"1,170","1,370","1,550","1,770","2,260","2,930","3,930","5,630","8,530","14,000",1,963,677,573,503,440
,,,,,,,,,,,,,,7,"1,090",752,633,556,485
,,,,,,,,,,,,,,30,"1,990","1,200",927,753,598
,,,,,,,,,,,,,,90,"5,140","3,300","2,540","2,030","1,540"
September–November,396,445,519,587,638,689,741,863,"1,030","1,290","1,680","2,380","4,280",1,508,390,347,319,294
,,,,,,,,,,,,,,7,571,433,385,353,325
,,,,,,,,,,,,,,30,796,547,465,413,367
,,,,,,,,,,,,,,90,"1,580",959,757,631,521
"03232000—Paint Creek near Greenfield OH—Statistics based on water years: 1975–1981, 1996–2011, 2013–2020
Harmonic mean flow: 13.4 ft3/s—Average streamflow: 310 ft3/s—Minimum daily streamflow: 0.08 ft3/s",,,,,,,,,,,,,,,,,,,
April–March,1.7,3.9,8.2,13.7,21.7,33.4,48.2,81,116,163,239,376,764,1,3.41,0.96,0.45,0.23,0.1
,,,,,,,,,,,,,,7,4.31,1.41,0.74,0.42,0.22
,,,,,,,,,,,,,,30,7.18,3.11,2.12,1.58,1.17
,,,,,,,,,,,,,,90,24.4,9.19,5.49,3.57,2.2
May–November,1.05,2.59,4.9,7.68,11,15,20,35,58.8,89,132,215,441,1,3.22,0.93,0.45,0.23,0.11
,,,,,,,,,,,,,,7,4.09,1.35,0.72,0.42,0.23
,,,,,,,,,,,,,,30,6.99,3.03,2.07,1.55,1.16
,,,,,,,,,,,,,,90,23,8.86,5.41,3.6,2.28
December–February,8,13,37,58.3,74,86.6,100,134,180,246,343,529,"1,010",1,41.8,14.6,7.12,3.58,1.48
,,,,,,,,,,,,,,7,51.7,19.2,9.79,5.16,2.28
,,,,,,,,,,,,,,30,139,55.7,30.4,17.2,8.34
,,,,,,,,,,,,,,90,388,232,169,128,90.3
September–November,0.64,1.35,2.7,3.9,5.46,6.89,9.1,14.4,23,39,64,113,242,1,3.4,0.92,0.45,0.24,0.12
,,,,,,,,,,,,,,7,4.3,1.33,0.72,0.43,0.24
,,,,,,,,,,,,,,30,10.6,3.71,2.29,1.59,1.09
,,,,,,,,,,,,,,90,48.3,14.9,8.06,4.84,2.72
"03234500—Scioto River at Higby OH—Statistics based on water years: 1975–2020
Harmonic mean flow: 2040 ft3/s—Average streamflow: 5570 ft3/s—Minimum daily streamflow: 430 ft3/s",,,,,,,,,,,,,,,,,,,
April–March,608,717,873,"1,030","1,200","1,400","1,630","2,130","2,850","3,780","5,340","8,300","14,800",1,650,530,484,453,424
,,,,,,,,,,,,,,7,699,562,513,481,452
,,,,,,,,,,,,,,30,833,662,611,581,558
,,,,,,,,,,,,,,90,"1,270",901,776,697,626
May–November,580,660,761,860,962,"1,080","1,200","1,500","1,870","2,390","3,230","4,750","9,380",1,661,534,486,452,421
,,,,,,,,,,,,,,7,710,567,516,481,450
,,,,,,,,,,,,,,30,847,674,622,592,568
,,,,,,,,,,,,,,90,"1,280",913,791,713,645
December–February,750,985,"1,280","1,590","1,840","2,150","2,470","3,140","4,070","5,360","7,540","11,200","18,200",1,"1,320",878,717,610,510
,,,,,,,,,,,,,,7,"1,510",982,797,676,567
,,,,,,,,,,,,,,30,"2,750","1,620","1,230",978,759
,,,,,,,,,,,,,,90,"6,790","4,330","3,310","2,600","1,950"
September–November,555,595,665,735,801,874,952,"1,130","1,330","1,640","2,100","2,990","5,350",1,673,542,497,469,445
,,,,,,,,,,,,,,7,733,580,529,498,471
,,,,,,,,,,,,,,30,990,709,618,562,514
,,,,,,,,,,,,,,90,"1,970","1,200",943,786,648
"03237020—Scioto River at Piketon OH—Statistics based on water years: 2002–2020
Harmonic mean flow: 2680 ft3/s—Average streamflow: 7290 ft3/s—Minimum daily streamflow: 295 ft3/s",,,,,,,,,,,,,,,,,,,
April–March,734,889,"1,110","1,320","1,620","1,900","2,200","2,930","3,900","5,240","7,250","11,100","19,400",1,802,571,471,400,330
,,,,,,,,,,,,,,7,848,601,507,443,382
,,,,,,,,,,,,,,30,"1,060",805,731,688,655
,,,,,,,,,,,,,,90,"1,620","1,130",968,868,780
May–November,691,795,945,"1,070","1,190","1,340","1,550","1,980","2,480","3,190","4,230","6,360","12,000",1,818,583,481,406,332
,,,,,,,,,,,,,,7,865,614,517,449,385
,,,,,,,,,,,,,,30,"1,060",815,743,701,669
,,,,,,,,,,,,,,90,"1,640","1,150",994,895,808
December–February,"1,240","1,610","1,920","2,300","2,700","3,030","3,400","4,400","5,660","7,390","10,500","14,900","23,300",1,"1,830","1,230","1,000",846,701
,,,,,,,,,,,,,,7,"2,100","1,460","1,220","1,060",899
,,,,,,,,,,,,,,30,"4,410","2,910","2,360","1,990","1,650"
,,,,,,,,,,,,,,90,"8,580","5,750","4,650","3,890","3,180"
September–November,640,708,799,890,997,"1,080","1,160","1,390","1,750","2,190","2,920","4,080","7,840",1,835,584,483,411,342
,,,,,,,,,,,,,,7,920,643,531,453,378
,,,,,,,,,,,,,,30,"1,280",892,767,689,621
,,,,,,,,,,,,,,90,"2,590","1,500","1,150",932,745
"03237500—Ohio Brush Creek near West Union OH—Statistics based on water years: 1975–2020
Harmonic mean flow: 10.4 ft3/s—Average streamflow: 501 ft3/s—Minimum daily streamflow: 0.11 ft3/s",,,,,,,,,,,,,,,,,,,
April–March,1.1,2.85,6.13,11,18,29.1,44,84,138,212,319,525,"1,120",1,2.55,0.76,0.39,0.22,0.11
,,,,,,,,,,,,,,7,3.35,1.01,0.52,0.3,0.15
,,,,,,,,,,,,,,30,7.24,1.9,0.92,0.5,0.25
,,,,,,,,,,,,,,90,31.4,8.65,4.16,2.21,1.05
May–November,0.74,1.4,3.3,5.4,7.96,11.1,15.6,28.5,49.2,81,133,241,579,1,2.51,0.76,0.39,0.22,0.11
,,,,,,,,,,,,,,7,3.29,1.01,0.53,0.3,0.16
,,,,,,,,,,,,,,30,7.09,1.9,0.93,0.5,0.25
,,,,,,,,,,,,,,90,32,8.81,4.22,2.23,1.05
December–February,10,28,58,79.5,100,128,154,210,281,380,539,864,"1,780",1,43.1,15.2,8.13,4.62,2.32
,,,,,,,,,,,,,,7,57.6,21.8,12.3,7.45,4.08
,,,,,,,,,,,,,,30,247,106,61.7,37.6,20.4
,,,,,,,,,,,,,,90,711,487,394,328,266
September–November,0.43,0.9,1.67,3,4.26,5.9,7.81,13.9,24,44.7,83,153,385,1,2.91,0.83,0.41,0.22,0.11
,,,,,,,,,,,,,,7,3.73,1.07,0.54,0.3,0.16
,,,,,,,,,,,,,,30,11,2.27,0.98,0.48,0.22
,,,,,,,,,,,,,,90,108,27.5,12.2,5.86,2.42
"03238500—White Oak Creek near Georgetown OH—Statistics based on water years: 1975–2011
Harmonic mean flow: 4.43 ft3/s—Average streamflow: 293 ft3/s—Minimum daily streamflow: 0.00 ft3/s",,,,,,,,,,,,,,,,,,,
April–March,0,0.24,2.7,5.3,8.8,13,18,30,50,79,122,215,559,1,0,0,0,0,0
,,,,,,,,,,,,,,7,0.74,0,0,0,0
,,,,,,,,,,,,,,30,3.63,0.26,0,0,0
,,,,,,,,,,,,,,90,19.4,4.12,1.64,0.72,0.27
May–November,0,0,0.64,2.2,3.9,6,8.1,13,21,32,54,104,269,1,0,0,0,0,0
,,,,,,,,,,,,,,7,0.75,0,0,0,0
,,,,,,,,,,,,,,30,3.85,0.27,0,0,0
,,,,,,,,,,,,,,90,19,4.05,1.64,0.74,0.28
December–February,2.2,6.2,16,23,30,40,50,75,103,143,210,363,929,1,14.5,5.3,2.47,0,0
,,,,,,,,,,,,,,7,21.8,6.06,2.45,1.01,0.32
,,,,,,,,,,,,,,30,96.8,31.1,14.9,7.48,3.15
,,,,,,,,,,,,,,90,386,264,217,185,155
September–November,0,0,0,0.66,1.7,2.99,4,7.6,13,21.2,35,74,194,1,0.11,0,0,0,0
,,,,,,,,,,,,,,7,1.25,0,0,0,0
,,,,,,,,,,,,,,30,7.23,0.57,0,0,0
,,,,,,,,,,,,,,90,74.1,13.6,4.61,1.69,0.48
"03240000—Little Miami River near Oldtown OH—Statistics based on water years: 1975–2020
Harmonic mean flow: 49.7 ft3/s—Average streamflow: 145 ft3/s—Minimum daily streamflow: 3.50 ft3/s",,,,,,,,,,,,,,,,,,,
April–March,12,16,21,25,31,38,45,61,81,105,134,182,294,1,17.6,10.6,7.9,6.13,4.55
,,,,,,,,,,,,,,7,18.8,12.2,9.72,8.07,6.56
,,,,,,,,,,,,,,30,21.7,13.9,11.3,9.66,8.18
,,,,,,,,,,,,,,90,30.6,18.5,14.6,12.1,9.93
May–November,11,14,18,21,23.4,27,31,41,53,70,92.8,126,209,1,18.3,10.9,8.09,6.23,4.57
,,,,,,,,,,,,,,7,19.4,12.5,9.97,8.27,6.7
,,,,,,,,,,,,,,30,22.2,14.4,11.7,10,8.51
,,,,,,,,,,,,,,90,30.9,18.8,14.9,12.5,10.4
December–February,15,21.7,31,41,50,58,66,85,103,130,161,217,354,1,38.2,22.8,17.3,13.6,10.4
,,,,,,,,,,,,,,7,43.1,25.4,19,14.9,11.2
,,,,,,,,,,,,,,30,71.6,39.5,28.1,20.9,14.7
,,,,,,,,,,,,,,90,161,99.2,75.4,59.4,44.8
September–November,9.3,12,15,17,19,20,21.8,25.1,31,40,53,74,126,1,18.2,10.6,8.02,6.33,4.85
,,,,,,,,,,,,,,7,19.3,12.4,10.2,8.7,7.4
,,,,,,,,,,,,,,30,24,15,12.1,10.3,8.68
,,,,,,,,,,,,,,90,45.4,24.1,17.6,13.7,10.5
"03241500—Massies Creek at Wilberforce OH—Statistics based on water years: 1975–2020
Harmonic mean flow: 15.9 ft3/s—Average streamflow: 74.9 ft3/s—Minimum daily streamflow: 0.89 ft3/s",,,,,,,,,,,,,,,,,,,
April–March,3,4.4,5.91,7.9,10,13.1,17,26,36,48.7,65,94,165,1,4.39,2.62,1.95,1.5,1.11
,,,,,,,,,,,,,,7,4.85,2.89,2.2,1.76,1.37
,,,,,,,,,,,,,,30,6.21,3.62,2.79,2.28,1.83
,,,,,,,,,,,,,,90,10.6,5.58,4.05,3.13,2.37
May–November,2.4,3.7,4.8,5.9,7.13,8.4,10,14,21,29,40.5,60,108,1,4.36,2.59,1.93,1.49,1.1
,,,,,,,,,,,,,,7,4.84,2.87,2.18,1.74,1.35
,,,,,,,,,,,,,,30,6.17,3.58,2.76,2.25,1.81
,,,,,,,,,,,,,,90,10.4,5.49,4.04,3.17,2.45
December–February,4.6,6.9,13,19,24,28,32,41,52,67,87,122,210,1,15.6,8,5.43,3.85,2.55
,,,,,,,,,,,,,,7,18.5,9.43,6.36,4.49,2.96
,,,,,,,,,,,,,,30,34.9,17.1,11.2,7.64,4.82
,,,,,,,,,,,,,,90,90.9,56,41.9,32.3,23.6
September–November,2.2,3,4,4.6,5.23,5.9,6.74,8.4,11,15,22.3,36,69,1,4.38,2.61,2.01,1.64,1.3
,,,,,,,,,,,,,,7,4.99,2.91,2.25,1.84,1.49
,,,,,,,,,,,,,,30,7.39,3.99,2.98,2.38,1.87
,,,,,,,,,,,,,,90,20,8.74,5.66,3.95,2.64
"03244936—O’Bannon Creek near Loveland OH—Statistics based on water years: 2005–2020
Harmonic mean flow: 8.55 ft3/s—Average streamflow: 85.4 ft3/s—Minimum daily streamflow: 0.93 ft3/s",,,,,,,,,,,,,,,,,,,
April–March,1.8,2.32,3.13,3.9,4.9,5.95,7.49,11.2,16,23,34,60.6,160,1,1.83,1.36,1.15,1.01,0.86
,,,,,,,,,,,,,,7,2.2,1.7,1.48,1.32,1.16
,,,,,,,,,,,,,,30,3.62,2.46,2.04,1.77,1.53
,,,,,,,,,,,,,,90,9.56,4.35,2.89,2.07,1.43
May–November,1.66,1.95,2.44,2.92,3.41,3.86,4.42,5.68,7.75,10.6,14.8,24.7,64,1,1.85,1.38,1.17,1.03,0.88
,,,,,,,,,,,,,,7,2.27,1.73,1.5,1.33,1.15
,,,,,,,,,,,,,,30,3.69,2.52,2.1,1.81,1.56
,,,,,,,,,,,,,,90,9.97,4.57,3.03,2.16,1.48
December–February,5.8,7.5,9.92,12.8,14.7,17,19,24.2,31.2,42.2,63.7,112,265,1,7.61,5.15,4.22,3.58,2.98
,,,,,,,,,,,,,,7,10.4,6.88,5.49,4.54,3.65
,,,,,,,,,,,,,,30,37.2,25.6,21.6,19,16.7
,,,,,,,,,,,,,,90,114,73.8,57.8,46.8,36.6
September–November,1.68,2.03,2.47,2.86,3.28,3.62,3.92,4.84,6.13,8.75,12.2,18.4,47.8,1,2.23,1.69,1.53,1.43,1.36
,,,,,,,,,,,,,,7,2.84,2.14,1.92,1.78,1.67
,,,,,,,,,,,,,,30,5.18,2.8,2.19,1.87,1.61
,,,,,,,,,,,,,,90,22.8,8.76,5.21,3.36,2.02
"03255500—Mill Creek at Reading OH—Statistics based on water years: 1975–1991
Harmonic mean flow: 21.0 ft3/s—Average streamflow: 88.9 ft3/s—Minimum daily streamflow: 2.10 ft3/s",,,,,,,,,,,,,,,,,,,
April–March,4.9,7,9.4,12,13.6,16,18,24,33,44,62,98,191,1,5.22,3.27,2.48,1.94,1.44
,,,,,,,,,,,,,,7,7.5,5.02,3.83,2.97,2.15
,,,,,,,,,,,,,,30,13.8,8.69,6.37,4.75,3.27
,,,,,,,,,,,,,,90,27.4,16,11.8,9.04,6.59
May–November,4.7,6.2,8.1,9.8,11,13,14,17.2,22,30,43,70,148,1,5.2,3.28,2.54,2.03,1.57
,,,,,,,,,,,,,,7,7.31,5.3,4.48,3.89,3.33
,,,,,,,,,,,,,,30,12.9,9.99,8.97,8.31,7.72
,,,,,,,,,,,,,,90,26.9,17.9,14.9,13,11.3
December–February,4,7.2,12,15,19,22,25,33,43,57,77,115,223,1,12.6,6.8,4.66,3.3,2.17
,,,,,,,,,,,,,,7,14.7,7.54,5.03,3.49,2.24
,,,,,,,,,,,,,,30,34.5,14.8,8.7,5.34,2.92
,,,,,,,,,,,,,,90,107,61.5,42.4,29.7,19
September–November,4.7,6.2,7.3,8.7,10,11.6,13,16,20,25,35,56,116,1,6.1,3.55,2.63,2.03,1.5
,,,,,,,,,,,,,,7,8.19,5.54,4.62,4.03,3.5
,,,,,,,,,,,,,,30,15.6,10.8,9.18,8.19,7.33
,,,,,,,,,,,,,,90,48.7,28.9,22.3,18.2,14.6
"03260700—Bokengehalas Creek near De Graff OH—Statistics based on water years: 1995–1991
Harmonic mean flow: 15.2 ft3/s—Average streamflow: 35.3 ft3/s—Minimum daily streamflow: 2.40 ft3/s",,,,,,,,,,,,,,,,,,,
April–March,5.2,5.8,7.2,8.1,9.2,11,12,16,20,25,33,46,72,1,6.06,4.27,3.44,2.82,2.21
,,,,,,,,,,,,,,7,6.51,4.93,4.22,3.7,3.17
,,,,,,,,,,,,,,30,7.93,6.06,5.28,4.71,4.15
,,,,,,,,,,,,,,90,10.4,7.45,6.25,5.39,4.56
May–November,5.2,5.7,6.6,7.4,8,8.6,9.4,12,14,17,21,29,46,1,6.59,4.61,3.66,2.94,2.24
,,,,,,,,,,,,,,7,7.12,5.46,4.7,4.13,3.56
,,,,,,,,,,,,,,30,8.1,6.2,5.42,4.86,4.32
,,,,,,,,,,,,,,90,10.2,7.41,6.33,5.57,4.85
December–February,4.8,5.2,8,11,13,15,17,20,24,30,40,56,95,1,10.4,6.49,4.93,3.86,2.89
,,,,,,,,,,,,,,7,11.1,6.82,5.14,4.01,2.99
,,,,,,,,,,,,,,30,18.4,10.6,7.81,6.06,4.53
,,,,,,,,,,,,,,90,41.9,25.4,18.8,14.4,10.5
September–November,5.2,5.5,5.9,6.3,7,7.5,8,8.7,10,12,14,18,31,1,6.52,5.23,4.7,4.31,3.93
,,,,,,,,,,,,,,7,7.19,5.77,5.18,4.76,4.35
,,,,,,,,,,,,,,30,7.95,6.05,5.5,5.19,4.95
,,,,,,,,,,,,,,90,13.3,8.56,7.05,6.11,5.29
"03260706—Bokengehalas Creek at De Graff OH—Statistics based on water years: 1993–1996, 2003–2020
Harmonic mean flow: 22.5 ft3/s—Average streamflow: 53.7 ft3/s—Minimum daily streamflow: 5.00 ft3/s",,,,,,,,,,,,,,,,,,,
April–March,6.99,8.2,10,11.9,13.6,15.4,17.7,23.7,30.9,39.1,50,68,110,1,7.94,6.2,5.57,5.16,4.78
,,,,,,,,,,,,,,7,8.45,6.61,5.98,5.57,5.2
,,,,,,,,,,,,,,30,10.1,7.87,7.16,6.72,6.36
,,,,,,,,,,,,,,90,13.9,10.1,8.84,8.04,7.35
May–November,6.56,7.54,8.7,9.86,11,12.2,13.6,16.4,21.3,27.2,35.4,47.4,82,1,8.1,6.27,5.59,5.14,4.72
,,,,,,,,,,,,,,7,8.73,6.74,6.01,5.53,5.08
,,,,,,,,,,,,,,30,10.2,7.96,7.25,6.81,6.44
,,,,,,,,,,,,,,90,14.3,10.3,8.97,8.1,7.32
December–February,9.9,11.2,14,16,18,20.4,22.9,30,37.4,47,57.5,79.5,131,1,14.3,9.88,8.27,7.18,6.17
,,,,,,,,,,,,,,7,16.7,11.2,9.14,7.74,6.43
,,,,,,,,,,,,,,30,28.2,17.6,13.7,11.1,8.76
,,,,,,,,,,,,,,90,59.2,36.5,27.6,21.6,16.1
September–November,6.2,6.92,7.78,8.41,9.2,9.8,10.4,12.1,13.8,16,21.1,30,48.1,1,8.33,6.55,5.91,5.5,5.13
,,,,,,,,,,,,,,7,9.33,7.27,6.5,5.99,5.51
,,,,,,,,,,,,,,30,12.1,8.45,7.29,6.58,5.97
,,,,,,,,,,,,,,90,23.7,13.2,9.69,7.46,5.53
"03262000—Loramie Creek at Lockington OH—Statistics based on water years: 1975–2020
Harmonic mean flow: 25.3 ft3/s—Average streamflow: 261 ft3/s—Minimum daily streamflow: 0.40 ft3/s",,,,,,,,,,,,,,,,,,,
April–March,5,6.83,9.5,12,15.9,19.3,24.6,40,62.7,95.7,149,270,664,1,6.47,2.98,1.78,1.1,0.59
,,,,,,,,,,,,,,7,7.33,4.49,3.51,2.89,2.33
,,,,,,,,,,,,,,30,10.8,6.21,4.85,4.03,3.34
,,,,,,,,,,,,,,90,21.6,10.2,7.25,5.6,4.29
May–November,4.6,6.2,7.8,9.5,11,13,15.9,21.8,32,48,76,131,321,1,6.48,2.97,1.78,1.09,0.59
,,,,,,,,,,,,,,7,7.57,4.57,3.55,2.9,2.32
,,,,,,,,,,,,,,30,11,6.31,4.92,4.09,3.39
,,,,,,,,,,,,,,90,22,10.3,7.33,5.68,4.38
December–February,4.9,9.6,16,21,28,36,46.5,70,100,145,228,415,"1,000",1,18.5,9.39,6.4,4.6,3.12
,,,,,,,,,,,,,,7,21.5,10.9,7.57,5.54,3.87
,,,,,,,,,,,,,,30,64,23.6,13.6,8.53,4.96
,,,,,,,,,,,,,,90,334,173,113,75.5,45.8
September–November,3.3,4.9,6.35,7.18,8.2,9.2,10,13,17,24,40,78.5,203,1,6.86,2.94,1.74,1.08,0.6
,,,,,,,,,,,,,,7,8.16,4.64,3.53,2.84,2.26
,,,,,,,,,,,,,,30,14.3,6.77,4.8,3.71,2.84
,,,,,,,,,,,,,,90,51.9,17,9.56,5.96,3.51
"03264000—Greenville Creek near Bradford OH—Statistics based on water years: 1975–200, 2003–2020
Harmonic mean flow: 61.5 ft3/s—Average streamflow: 215 ft3/s—Minimum daily streamflow: 5.90 ft3/s",,,,,,,,,,,,,,,,,,,
April–March,15.6,21,27,32,37,43,52,72,98,130,177,255,471,1,19.6,12.4,9.66,7.78,6.03
,,,,,,,,,,,,,,7,21.9,14.3,11.3,9.19,7.25
,,,,,,,,,,,,,,30,25.6,16.8,13.9,12.1,10.4
,,,,,,,,,,,,,,90,37.4,23.7,19.6,17.1,14.9
May–November,13.6,18,23,27,29.5,33,36.8,46,60.9,83.5,114,164,296,1,20.3,12.8,9.83,7.83,5.98
,,,,,,,,,,,,,,7,22.4,14.5,11.4,9.19,7.16
,,,,,,,,,,,,,,30,25.5,16.8,14,12.3,10.8
,,,,,,,,,,,,,,90,37.2,23.6,19.9,17.7,16
December–February,20,29,39,48,58,66,76,98,126,165,222,325,600,1,41.6,26.1,20.4,16.7,13.3
,,,,,,,,,,,,,,7,46.9,29.1,22.6,18.3,14.4
,,,,,,,,,,,,,,30,89.7,48.5,35,26.6,19.5
,,,,,,,,,,,,,,90,251,141,98.9,72,48.9
September–November,12,16,20,23,25,27,28.2,32.8,37,45,60,94,168,1,20.2,12.4,9.83,8.18,6.72
,,,,,,,,,,,,,,7,22.6,14.8,12.2,10.6,9.23
,,,,,,,,,,,,,,30,28.7,18.4,15.4,13.5,12
,,,,,,,,,,,,,,90,63.5,34.1,25.6,20.7,16.6
"03265000—Stillwater River at Pleasant Hill OH—Statistics based on water years: 1975–2020
Harmonic mean flow: 101 ft3/s—Average streamflow: 527 ft3/s—Minimum daily streamflow: 7.40 ft3/s",,,,,,,,,,,,,,,,,,,
April–March,21.4,31,42,52,61,73.9,90,132,185,253,359,560,"1,160",1,26.9,16.2,12.3,9.73,7.43
,,,,,,,,,,,,,,7,31,19.4,15.2,12.3,9.7
,,,,,,,,,,,,,,30,39.8,25.1,20.5,17.8,15.4
,,,,,,,,,,,,,,90,65.1,37.3,29.1,24.2,20
May–November,18,26,34.8,41,47.8,54.2,60.7,80,110,156,218,331,654,1,27.7,16.4,12.4,9.69,7.3
,,,,,,,,,,,,,,7,31.7,19.7,15.2,12.2,9.55
,,,,,,,,,,,,,,30,40.8,25.6,20.9,18,15.5
,,,,,,,,,,,,,,90,66.6,37.3,29.2,24.5,20.7
December–February,31,46,66,82,100,120,140,188,250,338,469,740,"1,600",1,67.9,41.6,32.5,26.7,21.4
,,,,,,,,,,,,,,7,81.2,48.7,37,29.5,22.7
,,,,,,,,,,,,,,30,170,81.7,55.6,40.4,28.2
,,,,,,,,,,,,,,90,628,335,227,159,102
September–November,16,23,29,34,38,42,46,55,63,81,114,187,375,1,28.5,16.7,13,10.7,8.73
,,,,,,,,,,,,,,7,33.6,21.2,17.3,14.9,12.9
,,,,,,,,,,,,,,30,48.4,28.7,23,19.7,16.9
,,,,,,,,,,,,,,90,132,59.3,40.2,29.6,21.4
"03266000—Stillwater River at Englewood OH—Statistics based on water years: 1975–2020
Harmonic mean flow: 145 ft3/s—Average streamflow: 699 ft3/s—Minimum daily streamflow: 11.0 ft3/s",,,,,,,,,,,,,,,,,,,
April–March,31.8,43,59,72,88.5,108,131,191,261,352,497,808,"1,780",1,43.7,26.8,20.4,16.1,12.3
,,,,,,,,,,,,,,7,48.2,30.5,23.8,19.3,15.2
,,,,,,,,,,,,,,30,58.9,36.9,30,25.8,22.2
,,,,,,,,,,,,,,90,93.2,53.1,40.9,33.6,27.4
May–November,27,37,48,58,67,76,88,116,160,225,302,459,960,1,44,26.9,20.4,16.1,12.2
,,,,,,,,,,,,,,7,48.6,30.6,23.8,19.2,15.1
,,,,,,,,,,,,,,30,59,36.8,29.9,25.7,22
,,,,,,,,,,,,,,90,94.8,52.9,40.9,33.9,28.1
December–February,48,66,92,120,147,170,200,269,341,470,660,"1,100","2,460",1,104,63.9,49.9,40.7,32.5
,,,,,,,,,,,,,,7,120,71.7,54.7,43.7,33.9
,,,,,,,,,,,,,,30,234,116,80.8,60.1,43.2
,,,,,,,,,,,,,,90,829,440,295,204,130
September–November,24,32,40,45.5,52,57.1,63,74,89,114,158,252,498,1,43.8,26.9,21.6,18.2,15.4
,,,,,,,,,,,,,,7,49.5,31.7,26.1,22.8,19.9
,,,,,,,,,,,,,,30,69.4,41,32.8,27.9,23.9
,,,,,,,,,,,,,,90,174,78.4,53,38.9,27.8
"03266560—Mad River at West Liberty OH —Statistics based on water years: 1995–2020
Harmonic mean flow: 31.6 ft3/s—Average streamflow: 49.8 ft3/s—Minimum daily streamflow: 7.20 ft3/s",,,,,,,,,,,,,,,,,,,
April–March,13.4,15.1,18,20,21.6,23.2,25,29.5,34.6,41,49,61.5,86.3,1,15.8,12.1,10.5,9.36,8.17
,,,,,,,,,,,,,,7,17.4,13.3,11.5,10.1,8.77
,,,,,,,,,,,,,,30,19.1,15.5,14.1,13.1,12.1
,,,,,,,,,,,,,,90,21.9,17.4,15.7,14.5,13.4
May–November,13,15,17,18.7,20.1,21.7,23,26,29.6,34.1,40.2,49.3,70.2,1,16.6,13.5,12.1,11.2,10.2
,,,,,,,,,,,,,,7,18,14.6,13.2,12.2,11.2
,,,,,,,,,,,,,,30,19.5,15.9,14.4,13.4,12.4
,,,,,,,,,,,,,,90,22.6,17.9,16.1,14.8,13.6
December–February,12,14,17,19,21,23,25,30.6,35,42,52,64.4,93.3,1,18.6,12.9,10.8,9.47,8.24
,,,,,,,,,,,,,,7,21,14.3,11.9,10.2,8.68
,,,,,,,,,,,,,,30,29.1,19.7,16.1,13.7,11.5
,,,,,,,,,,,,,,90,47.9,31.6,25.4,21.1,17.1
September–November,13,13.5,14.9,16,17.1,18,19,21,23,25,27.4,32.1,42.3,1,16.5,13.4,12.1,11.2,10.4
,,,,,,,,,,,,,,7,17.9,14.6,13.2,12.3,11.3
,,,,,,,,,,,,,,30,21,16.2,14.3,12.9,11.7
,,,,,,,,,,,,,,90,26.9,19.3,16.3,14.2,12.1
"03267000—Mad River near Urbana OH—Statistics based on water years: 1975–1998, 2003–2020
Harmonic mean flow: 126 ft3/s—Average streamflow: 186 ft3/s—Minimum daily streamflow: 30.0 ft3/s",,,,,,,,,,,,,,,,,,,
April–March,55,62,71.7,80,89,96,103,119,139,165,196,239,327,1,71.2,53.9,45.9,39.8,33.6
,,,,,,,,,,,,,,7,73.3,55.5,47.2,40.9,34.5
,,,,,,,,,,,,,,30,79.1,60.8,52.6,46.6,40.4
,,,,,,,,,,,,,,90,88.6,67.7,59.2,53.1,47.2
May–November,53,61,67.7,74.7,81,88.1,94.5,106,120,138,162,194,258,1,76.2,58.6,50.3,44,37.6
,,,,,,,,,,,,,,7,78,60,51.6,45.1,38.5
,,,,,,,,,,,,,,30,82.1,63.6,55.4,49.4,43.2
,,,,,,,,,,,,,,90,92.2,70.3,61.2,54.8,48.4
December–February,52.2,61.9,72.3,81.8,90.2,98,105,122,145,175,210,259,357,1,83,60.6,52.2,46.5,41.1
,,,,,,,,,,,,,,7,88.6,63.8,54.3,47.8,41.7
,,,,,,,,,,,,,,30,116,79.9,66.2,57,48.2
,,,,,,,,,,,,,,90,185,122,97,79.4,62.9
September–November,46,58,62,65,69,72.5,76,84.3,94,102,111,128,174,1,76.4,58.9,51,45.2,39.3
,,,,,,,,,,,,,,7,78.2,60.2,52.3,46.4,40.4
,,,,,,,,,,,,,,30,83.3,62.8,54.8,49.1,43.7
,,,,,,,,,,,,,,90,102,74.6,64.3,57.3,50.6
"03267900—Mad River at St Paris Pike at Eagle City OH—Statistics based on water years: 1975–1995, 1999–2020
Harmonic mean flow: 229 ft3/s—Average streamflow: 357 ft3/s—Minimum daily streamflow: 60.0 ft3/s",,,,,,,,,,,,,,,,,,,
April–March,101,117,131,145,157,169,181,210,248,295,355,447,641,1,127,101,88.5,79.1,69.5
,,,,,,,,,,,,,,7,132,104,91.7,82,72
,,,,,,,,,,,,,,30,139,111,99.7,91.6,83.7
,,,,,,,,,,,,,,90,160,126,112,103,94.3
May–November,97,112,124,133,145,153,162,181,205,239,282,349,487,1,130,105,93.6,85.2,76.6
,,,,,,,,,,,,,,7,133,108,96.9,88.8,80.6
,,,,,,,,,,,,,,30,139,113,103,95.6,88.9
,,,,,,,,,,,,,,90,162,127,114,105,96.7
December–February,109,120,137,156,173,188,203,235,274,326,400,504,734,1,158,118,102,90.9,79.8
,,,,,,,,,,,,,,7,168,124,106,94,82.1
,,,,,,,,,,,,,,30,218,152,128,111,95.1
,,,,,,,,,,,,,,90,374,252,204,170,138
September–November,91,103,113,120,126,131,137,151,163,178,198,236,336,1,129,104,94.2,86.8,79.5
,,,,,,,,,,,,,,7,132,107,96.9,89.5,82.3
,,,,,,,,,,,,,,30,147,116,103,94.3,85.9
,,,,,,,,,,,,,,90,191,140,121,108,96.5
"03269500—Mad River near Springfield OH—Statistics based on water years: 1975–2020
Harmonic mean flow: 388 ft3/s—Average streamflow: 578 ft3/s—Minimum daily streamflow: 100 ft3/s",,,,,,,,,,,,,,,,,,,
April–March,178,200,228,248,268,287,308,357,413,487,580,731,"1,070",1,199,163,146,132,117
,,,,,,,,,,,,,,7,214,174,154,138,121
,,,,,,,,,,,,,,30,240,194,175,162,148
,,,,,,,,,,,,,,90,284,229,208,193,178
May–November,172,191,213,233,247,263,278,312,355,407,480,588,831,1,204,170,155,144,133
,,,,,,,,,,,,,,7,220,182,164,151,138
,,,,,,,,,,,,,,30,245,200,184,172,162
,,,,,,,,,,,,,,90,289,232,210,195,180
December–February,180,209,240,267,293,320,345,398,456,538,647,825,"1,240",1,258,193,166,147,129
,,,,,,,,,,,,,,7,276,205,176,155,136
,,,,,,,,,,,,,,30,363,256,215,187,160
,,,,,,,,,,,,,,90,603,421,348,297,248
September–November,170,183,198,213,230,240,250,273,300,332,374,444,617,1,205,170,156,147,137
,,,,,,,,,,,,,,7,221,182,167,156,146
,,,,,,,,,,,,,,30,269,218,198,184,170
,,,,,,,,,,,,,,90,347,260,228,205,185
"03270000—Mad River near Dayton OH—Statistics based on water years: 1975–2020
Harmonic mean flow: 482 ft3/s—Average streamflow: 757 ft3/s—Minimum daily streamflow: 112 ft3/s",,,,,,,,,,,,,,,,,,,
April–March,200,230,271,302,332,360,388,452,533,633,762,968,"1,450",1,236,186,162,144,125
,,,,,,,,,,,,,,7,252,198,172,153,133
,,,,,,,,,,,,,,30,287,225,200,181,163
,,,,,,,,,,,,,,90,346,266,235,213,192
May–November,188,219,249,276,298,321,342,386,441,512,614,765,"1,110",1,244,192,167,149,129
,,,,,,,,,,,,,,7,261,205,178,158,137
,,,,,,,,,,,,,,30,292,229,204,185,167
,,,,,,,,,,,,,,90,350,269,237,214,192
December–February,208,245,300,340,379,417,448,520,600,706,863,"1,110","1,700",1,330,241,205,179,154
,,,,,,,,,,,,,,7,353,256,217,189,163
,,,,,,,,,,,,,,30,466,320,266,230,196
,,,,,,,,,,,,,,90,796,549,449,380,313
September–November,181,208,228,248,268,283,299,332,363,397,454,564,786,1,243,193,172,157,142
,,,,,,,,,,,,,,7,265,211,189,174,158
,,,,,,,,,,,,,,30,317,250,224,206,189
,,,,,,,,,,,,,,90,427,308,263,233,204
"03271000—Wolf Creek at Dayton OH—Statistics based on water years: 1987–1996, 2003–2020
Harmonic mean flow: 23.7 ft3/s—Average streamflow: 85.9 ft3/s—Minimum daily streamflow: 3.90 ft3/s",,,,,,,,,,,,,,,,,,,
April–March,6.9,8.5,10.4,12,14,16,19,26,34.3,44.8,59.9,86,160,1,7.71,5.74,4.88,4.23,3.59
,,,,,,,,,,,,,,7,8.29,6.24,5.35,4.7,4.05
,,,,,,,,,,,,,,30,11,7.9,6.73,5.93,5.19
,,,,,,,,,,,,,,90,17.6,12.1,10.1,8.71,7.43
May–November,6.1,7.76,8.98,10.1,11.4,12.7,14,16.9,21.4,28.2,38,54.3,101,1,8.15,6.08,5.14,4.44,3.73
,,,,,,,,,,,,,,7,8.76,6.6,5.64,4.94,4.23
,,,,,,,,,,,,,,30,11.1,7.99,6.8,5.99,5.23
,,,,,,,,,,,,,,90,17.6,12.2,10.2,8.84,7.57
December–February,9.6,12,15.6,19,22,26,29,36,45,56.9,74.7,106,201,1,14.1,9.3,7.49,6.26,5.13
,,,,,,,,,,,,,,7,17.1,11,8.62,7.02,5.53
,,,,,,,,,,,,,,30,35.9,21.1,16,12.8,9.93
,,,,,,,,,,,,,,90,101,62.3,47.2,37,27.7
September–November,6,7.2,8.3,9,9.86,10.7,11.4,13,15.2,18.5,25,36.5,67,1,8.58,6.58,5.65,4.95,4.24
,,,,,,,,,,,,,,7,9.47,7.32,6.37,5.66,4.95
,,,,,,,,,,,,,,30,12.4,8.65,7.46,6.72,6.09
,,,,,,,,,,,,,,90,28,15.9,12.2,9.92,7.99
"03271300—Holes Creek near Kettering OH—Statistics based on water years: 2003–2004, 2007–2020
Harmonic mean flow: 6.36 ft3/s—Average streamflow: 30.7 ft3/s—Minimum daily streamflow: 0.85 ft3/s",,,,,,,,,,,,,,,,,,,
April–March,1.44,1.94,2.6,3.39,4.13,4.95,5.78,7.7,10,13,18.2,28.6,62.7,1,1.76,1.29,1.08,0.93,0.78
,,,,,,,,,,,,,,7,2.02,1.47,1.22,1.04,0.85
,,,,,,,,,,,,,,30,3.69,2.58,2.21,1.98,1.78
,,,,,,,,,,,,,,90,8.71,5.22,3.94,3.1,2.35
May–November,1.28,1.61,2.09,2.48,2.89,3.39,3.88,5.01,6.4,8.48,12,19.6,49.9,1,1.74,1.29,1.09,0.95,0.81
,,,,,,,,,,,,,,7,1.98,1.46,1.22,1.05,0.88
,,,,,,,,,,,,,,30,3.54,2.48,2.14,1.92,1.74
,,,,,,,,,,,,,,90,9.22,5.56,4.18,3.26,2.44
December–February,3.8,4.82,5.9,6.69,7.65,8.32,9.16,11,13.5,17.1,22.8,35,72.6,1,4.34,2.84,2.19,1.73,1.29
,,,,,,,,,,,,,,7,5.93,4.05,3.16,2.5,1.87
,,,,,,,,,,,,,,30,13.1,9.81,8.74,8.08,7.52
,,,,,,,,,,,,,,90,35.1,27,23.8,21.5,19.3
September–November,1.07,1.4,1.64,1.9,2.18,2.47,2.93,3.89,4.95,6.06,8.23,13.3,36.6,1,1.92,1.37,1.15,0.99,0.84
,,,,,,,,,,,,,,7,2.29,1.54,1.24,1.03,0.83
,,,,,,,,,,,,,,30,4.88,2.89,2.28,1.91,1.6
,,,,,,,,,,,,,,90,14.4,8.26,6.15,4.81,3.64
"03271800—Twin Creek near Ingomar OH—Statistics based on water years: 1975–1999
Harmonic mean flow: 26.1 ft3/s—Average streamflow: 205 ft3/s—Minimum daily streamflow: 2.00 ft3/s",,,,,,,,,,,,,,,,,,,
April–March,5,6.6,9.8,13,17,21,27,46,68,95,139,216,452,1,7.68,4.76,3.68,2.95,2.3
,,,,,,,,,,,,,,7,8.48,5.26,4.08,3.3,2.6
,,,,,,,,,,,,,,30,10.2,6.04,4.68,3.83,3.09
,,,,,,,,,,,,,,90,18.2,9.04,6.48,5,3.81
May–November,4.2,5.6,7.6,9.8,12,14,17,23,32,50,74,115,246,1,7.42,4.65,3.62,2.94,2.31
,,,,,,,,,,,,,,7,8.18,5.13,4.02,3.28,2.61
,,,,,,,,,,,,,,30,9.8,5.87,4.61,3.83,3.15
,,,,,,,,,,,,,,90,17,8.56,6.32,5.06,4.05
December–February,6.7,11,21,30,40,49,58,76,100,137,192,294,617,1,27.4,14.2,9.64,6.82,4.49
,,,,,,,,,,,,,,7,30.3,15.3,10.3,7.25,4.79
,,,,,,,,,,,,,,30,59.2,25.1,16,10.9,7.12
,,,,,,,,,,,,,,90,260,141,95.6,67.2,43.5
September–November,3.8,4.7,5.8,7,8.1,9.5,11,14,18,22,30,61,121,1,7.16,4.49,3.66,3.16,2.72
,,,,,,,,,,,,,,7,7.87,4.96,4.07,3.53,3.07
,,,,,,,,,,,,,,30,10.1,5.89,4.71,4.03,3.46
,,,,,,,,,,,,,,90,39.7,14.6,8.72,5.73,3.6
"03272000—Twin Creek near Germantown OH—Statistics based on water years: 1975–2020
Harmonic mean flow: 40.5 ft3/s—Average streamflow: 321 ft3/s—Minimum daily streamflow: 2.50 ft3/s",,,,,,,,,,,,,,,,,,,
April–March,6.7,10,15,20,27,34.5,45,75,110,151,220,343,723,1,10.4,5.84,4.28,3.29,2.43
,,,,,,,,,,,,,,7,11.5,6.51,4.81,3.74,2.81
,,,,,,,,,,,,,,30,14.2,8.04,6.24,5.17,4.28
,,,,,,,,,,,,,,90,28.5,13.5,9.36,7.03,5.17
May–November,5.8,7.8,11,14,17.8,21,25.5,36,53,80.7,117,182,377,1,10,5.7,4.21,3.28,2.46
,,,,,,,,,,,,,,7,11.1,6.33,4.73,3.72,2.84
,,,,,,,,,,,,,,30,13.6,7.8,6.14,5.15,4.34
,,,,,,,,,,,,,,90,27.3,13,9.22,7.07,5.35
December–February,13,22,40,56.9,70,84,99,130,172,230,319,498,996,1,46.9,23.4,15.1,10,6.07
,,,,,,,,,,,,,,7,54,26,16.5,10.8,6.46
,,,,,,,,,,,,,,30,122,51,30.6,19.5,11.4
,,,,,,,,,,,,,,90,419,244,175,130,90.2
September–November,4.8,6.4,8.38,10.1,12,14,16,20.4,28,37,61,106,219,1,10.1,5.62,4.18,3.3,2.54
,,,,,,,,,,,,,,7,11.4,6.39,4.89,3.99,3.23
,,,,,,,,,,,,,,30,16.5,8.24,6.08,4.87,3.91
,,,,,,,,,,,,,,90,64.7,22.8,13.2,8.45,5.1
"03272100—Great Miami River at Middletown OH—Statistics based on water years: 1995–2020
Harmonic mean flow: 1460 ft3/s—Average streamflow: 3960 ft3/s—Minimum daily streamflow: 220 ft3/s",,,,,,,,,,,,,,,,,,,
April–March,436,540,646,771,902,"1,040","1,210","1,630","2,090","2,750","3,630","5,270","9,450",1,505,380,324,282,240
,,,,,,,,,,,,,,7,545,408,350,307,265
,,,,,,,,,,,,,,30,649,477,416,376,341
,,,,,,,,,,,,,,90,936,631,524,453,389
May–November,383,487,581,640,717,795,889,"1,110","1,410","1,800","2,430","3,440","6,140",1,507,383,327,286,243
,,,,,,,,,,,,,,7,547,411,353,311,268
,,,,,,,,,,,,,,30,646,478,420,381,347
,,,,,,,,,,,,,,90,943,641,533,462,397
December–February,505,754,984,"1,150","1,360","1,600","1,790","2,150","2,780","3,490","4,790","6,830","12,500",1,939,608,487,406,333
,,,,,,,,,,,,,,7,"1,070",687,549,458,374
,,,,,,,,,,,,,,30,"1,940","1,150",885,714,563
,,,,,,,,,,,,,,90,"4,580","2,880","2,220","1,770","1,360"
September–November,327,409,490,546,590,620,658,761,881,"1,050","1,360","1,910","3,490",1,526,393,335,292,249
,,,,,,,,,,,,,,7,576,428,366,321,277
,,,,,,,,,,,,,,30,789,524,432,372,319
,,,,,,,,,,,,,,90,"1,350",746,555,437,338
"03272700—Sevenmile Creek at Camden OH—Statistics based on water years: 1975–2000, 2003–2020
Harmonic mean flow: 11.5 ft3/s—Average streamflow: 80.4 ft3/s—Minimum daily streamflow: 0.81 ft3/s",,,,,,,,,,,,,,,,,,,
April–March,2.05,2.9,4.1,5.5,7.2,9.4,12,20,29.2,41,58.2,87,166,1,2.93,1.7,1.28,1.02,0.8
,,,,,,,,,,,,,,7,3.22,1.9,1.46,1.19,0.95
,,,,,,,,,,,,,,30,4.28,2.49,1.96,1.65,1.39
,,,,,,,,,,,,,,90,7.8,4.04,3.01,2.42,1.94
May–November,1.8,2.4,3.2,4,4.9,5.89,6.95,10,14.4,21,31,47.7,92,1,2.83,1.68,1.29,1.05,0.83
,,,,,,,,,,,,,,7,3.11,1.88,1.47,1.22,0.99
,,,,,,,,,,,,,,30,4.08,2.4,1.91,1.62,1.39
,,,,,,,,,,,,,,90,7.65,3.97,2.98,2.43,1.98
December–February,3.2,5,9.6,13,17.6,21.9,25,34.8,46,60,80,119,232,1,10.9,4.89,3.04,1.99,1.19
,,,,,,,,,,,,,,7,13.9,6.31,3.93,2.56,1.53
,,,,,,,,,,,,,,30,29.5,12.9,8.12,5.47,3.45
,,,,,,,,,,,,,,90,103,60.2,43.6,32.6,23
September–November,1.63,2.1,2.56,3.1,3.5,4,4.5,5.8,7.4,10.4,15.8,26.6,55.4,1,2.9,1.72,1.35,1.12,0.92
,,,,,,,,,,,,,,7,3.24,1.96,1.58,1.35,1.15
,,,,,,,,,,,,,,30,4.77,2.61,2.02,1.67,1.39
,,,,,,,,,,,,,,90,16.1,6.35,3.96,2.71,1.78
"03274000—Great Miami River at Hamilton OH—Statistics based on water years: 1975–2020
Harmonic mean flow: 1550 ft3/s—Average streamflow: 4100 ft3/s—Minimum daily streamflow: 265 ft3/s",,,,,,,,,,,,,,,,,,,
April–March,450,545,686,805,939,"1,090","1,250","1,670","2,170","2,810","3,720","5,430","9,470",1,574,427,366,322,279
,,,,,,,,,,,,,,7,615,460,398,354,312
,,,,,,,,,,,,,,30,713,518,450,406,366
,,,,,,,,,,,,,,90,"1,000",664,545,467,396
May–November,424,491,606,690,768,847,942,"1,170","1,470","1,900","2,470","3,440","6,010",1,580,433,372,327,284
,,,,,,,,,,,,,,7,623,467,404,360,317
,,,,,,,,,,,,,,30,715,523,457,414,376
,,,,,,,,,,,,,,90,"1,010",670,551,474,404
December–February,522,660,947,"1,170","1,380","1,600","1,820","2,270","2,870","3,650","4,890","7,020","12,500",1,"1,030",675,537,444,357
,,,,,,,,,,,,,,7,"1,160",742,587,483,388
,,,,,,,,,,,,,,30,"2,030","1,170",871,683,518
,,,,,,,,,,,,,,90,"4,920","2,950","2,160","1,630","1,150"
September–November,396,448,499,558,623,674,721,826,970,"1,170","1,540","2,140","3,620",1,578,435,380,342,307
,,,,,,,,,,,,,,7,627,472,416,378,344
,,,,,,,,,,,,,,30,815,554,465,407,355
,,,,,,,,,,,,,,90,"1,480",835,624,493,380
"04177000—Ottawa River at University of Toledo, Toledo OH—Statistics based on water years: 1977–2020
Harmonic mean flow: 19.8 ft3/s—Average streamflow: 130 ft3/s—Minimum daily streamflow: 0.36 ft3/s",,,,,,,,,,,,,,,,,,,
April–March,3.9,6,8.4,10.5,13,16,20,30,43,61,91,154,324,1,4.4,2.09,1.32,0.88,0.53
,,,,,,,,,,,,,,7,6.56,3.5,2.37,1.66,1.07
,,,,,,,,,,,,,,30,10.5,6.11,4.57,3.58,2.71
,,,,,,,,,,,,,,90,19.4,11.4,8.98,7.49,6.22
May–November,3.1,5,6.9,8.47,9.93,12,14,19,27,37.4,53.3,84.4,185,1,4.47,2.1,1.33,0.88,0.53
,,,,,,,,,,,,,,7,6.45,3.41,2.31,1.62,1.05
,,,,,,,,,,,,,,30,10.7,6.16,4.58,3.56,2.67
,,,,,,,,,,,,,,90,19.1,11.3,9.02,7.64,6.48
December–February,5,8.2,11,14.3,18.5,22.8,27,40,54.8,77,113,184,383,1,13.9,7.36,5.16,3.8,2.66
,,,,,,,,,,,,,,7,15.5,8.48,6.14,4.68,3.43
,,,,,,,,,,,,,,30,31.8,14.4,9.52,6.79,4.65
,,,,,,,,,,,,,,90,145,74.1,47.4,31.1,18.3
September–November,2.6,4.17,6,7.34,8.5,9.56,11,14,18,25.3,37.8,60.3,130,1,4.97,2.29,1.45,0.97,0.59
,,,,,,,,,,,,,,7,7.06,3.56,2.41,1.72,1.15
,,,,,,,,,,,,,,30,12.8,7.17,5.61,4.71,3.97
,,,,,,,,,,,,,,90,39.8,19.8,14,10.7,8.01
"04180988—St. Marys River at Rockford OH—Statistics based on water years: 2006–2020
Harmonic mean flow: 42.1 ft3/s—Average streamflow: 365 ft3/s—Minimum daily streamflow: 0.95 ft3/s",,,,,,,,,,,,,,,,,,,
April–March,9.03,12,17,21.8,27,33,40.2,58.8,93.4,165,298,517,"1,040",1,12,5.46,3.1,1.79,0.87
,,,,,,,,,,,,,,7,13.7,6.48,3.71,2.13,1.02
,,,,,,,,,,,,,,30,18.3,9.79,6.49,4.41,2.72
,,,,,,,,,,,,,,90,30.2,17.9,13.9,11.4,9.14
May–November,7.8,10.3,13.2,16.5,19.3,22.5,26.2,35.3,48.8,71,117,248,633,1,11.8,5.5,3.19,1.87,0.94
,,,,,,,,,,,,,,7,13.3,6.45,3.77,2.21,1.1
,,,,,,,,,,,,,,30,17.8,9.67,6.54,4.54,2.88
,,,,,,,,,,,,,,90,30.3,18.3,14.3,11.8,9.58
December–February,18,23,33,38,44.3,55.7,69.2,110,180,290,456,694,"1,270",1,31.3,16.8,12.3,9.5,7.16
,,,,,,,,,,,,,,7,35.2,19.2,14.1,10.9,8.28
,,,,,,,,,,,,,,30,120,54.3,36.5,26.5,18.7
,,,,,,,,,,,,,,90,501,277,183,122,72.8
September–November,3.9,8.22,9.99,12.2,14.7,16.6,18.8,23.2,30,41.7,59.8,134,357,1,12.3,5.52,3.2,1.9,0.98
,,,,,,,,,,,,,,7,13.8,6.09,3.56,2.16,1.15
,,,,,,,,,,,,,,30,20.3,9.11,6.08,4.39,3.06
,,,,,,,,,,,,,,90,87.7,34.3,20.8,13.7,8.53
"04184500—Bean Creek at Powers OH—Statistics based on water years: 1975–1981, 2002–2020
Harmonic mean flow: 52.1 ft3/s—Average streamflow: 211 ft3/s—Minimum daily streamflow: 2.26 ft3/s",,,,,,,,,,,,,,,,,,,
April–March,13,17.5,22,25.5,29.3,35.6,42.8,61.8,91,131,186,278,504,1,14.1,8.09,5.55,3.87,2.44
,,,,,,,,,,,,,,7,16,9.73,6.89,4.95,3.23
,,,,,,,,,,,,,,30,20.9,15.1,12.5,10.5,8.59
,,,,,,,,,,,,,,90,30.5,21.1,17.5,15,12.6
May–November,11,14.4,18.9,21.4,24,26,29,38.3,50.5,69,102,155,279,1,13.8,7.82,5.42,3.85,2.51
,,,,,,,,,,,,,,7,15.9,9.43,6.73,4.92,3.32
,,,,,,,,,,,,,,30,21,14.9,12.4,10.6,8.81
,,,,,,,,,,,,,,90,31.5,21.6,17.8,15.1,12.6
December–February,24,26.8,34.5,39,48,58,70,91.6,123,168,226,343,626,1,43.7,26.9,21.2,17.6,14.4
,,,,,,,,,,,,,,7,48.7,29.5,23,18.9,15.3
,,,,,,,,,,,,,,30,79.9,41.5,29.7,22.7,16.8
,,,,,,,,,,,,,,90,238,118,75.9,50.5,30.5
September–November,12.5,15,19,21,23,24.2,25.7,29.6,36,45,55.8,90,158,1,18.7,10.8,7.41,5.19,3.29
,,,,,,,,,,,,,,7,21.4,12.6,8.67,6.05,3.81
,,,,,,,,,,,,,,30,27.6,19.1,15.8,13.7,11.6
,,,,,,,,,,,,,,90,57.3,32.3,24.2,19.2,14.9
"04187100—Ottawa River at Lima OH—Statistics based on water years: 1989–1999, 2010–2020
Harmonic mean flow: 5.07 ft3/s—Average streamflow: 128 ft3/s—Minimum daily streamflow: 0.00 ft3/s",,,,,,,,,,,,,,,,,,,
April–March,0.8,2.26,3.9,5.4,7,8.7,10.7,17,26,39,61,115,330,1,0.71,0,0,0,0
,,,,,,,,,,,,,,7,1.97,0.52,0.24,0.13,0.06
,,,,,,,,,,,,,,30,5.55,3.02,2.33,1.92,1.6
,,,,,,,,,,,,,,90,11.9,6,4.49,3.66,3.01
May–November,0.2,1.5,3.3,4.5,5.8,6.9,8.2,11,16.5,23.7,37,62,170,1,0.675,0,0,0,0
,,,,,,,,,,,,,,7,1.91,0.47,0.21,0.1,0.04
,,,,,,,,,,,,,,30,5.83,2.51,1.58,1.07,0.68
,,,,,,,,,,,,,,90,12.1,6.39,5,4.24,3.66
December–February,1.36,2.4,3.7,5.4,7.4,10,13,22.5,36,54,87.3,163,491,1,5.1,1.87,1.08,0.68,0.39
,,,,,,,,,,,,,,7,7.24,2.6,1.51,0.96,0.58
,,,,,,,,,,,,,,30,24,7.75,4.24,2.56,1.44
,,,,,,,,,,,,,,90,159,64.7,34.1,18.2,8.07
September–November,0,0.56,1.87,3,3.78,4.43,5.19,6.87,8.97,12,19,35,88,1,1.34,0.01,0,0,0
,,,,,,,,,,,,,,7,2.89,0.732,0.31,0.15,0.06
,,,,,,,,,,,,,,30,7.56,2.65,1.57,1.02,0.64
,,,,,,,,,,,,,,90,27,10.7,6.92,4.92,3.42
"04188337—Blanchard River below Mt. Blanchard OH—Statistics based on water years: 2008–2020
Harmonic mean flow: 2.99 ft3/s—Average streamflow: 163 ft3/s—Minimum daily streamflow: 0.00 ft3/s",,,,,,,,,,,,,,,,,,,
April–March,0.4,0.78,1.82,3.67,5.61,7.41,9.8,17.2,29,47.1,77.1,146,393,1,0.6,0.11,0.02,0,0
,,,,,,,,,,,,,,7,1.05,0.12,0.03,0.01,0
,,,,,,,,,,,,,,30,2.22,0.66,0.35,0.21,0.12
,,,,,,,,,,,,,,90,4.72,1.87,1.3,1.01,0.81
May–November,0.28,0.51,0.9,1.52,2.38,3.66,4.83,7.55,13.2,22.1,38,76.9,240,1,0.56,0.12,0.03,0,0
,,,,,,,,,,,,,,7,1.08,0.13,0.03,0.01,0
,,,,,,,,,,,,,,30,2.28,0.71,0.39,0.23,0.13
,,,,,,,,,,,,,,90,5.06,2.02,1.39,1.08,0.85
December–February,5.38,7,8.3,10,11.5,14,18.2,27.6,42.4,64.9,111,193,556,1,6.63,2.87,1.86,1.31,0.88
,,,,,,,,,,,,,,7,9.95,5.12,3.71,2.89,2.21
,,,,,,,,,,,,,,30,39.1,15.6,9.93,6.93,4.69
,,,,,,,,,,,,,,90,207,102,64.9,42.8,25.5
September–November,0.17,0.4,0.69,0.94,1.38,1.85,2.48,4.35,6.25,9.51,16.6,33.1,94,1,0.84,0.17,0.04,0,0
,,,,,,,,,,,,,,7,1.64,0.19,0.04,0.01,0
,,,,,,,,,,,,,,30,3.06,0.83,0.47,0.31,0.21
,,,,,,,,,,,,,,90,21.6,5.77,2.96,1.73,0.95
"04188433—Lye Creek above Findlay OH—Statistics based on water years: 2008–2020
Harmonic mean flow: 0.19 ft3/s—Average streamflow: 19.7 ft3/s—Minimum daily streamflow: 0.00 ft3/s",,,,,,,,,,,,,,,,,,,
April–March,0,0,0,0.03,0.11,0.28,0.6,1.34,2.55,4.57,8.02,15.1,42.1,1,0,0,0,0,0
,,,,,,,,,,,,,,7,0,0,0,0,0
,,,,,,,,,,,,,,30,0.01,0,0,0,0
,,,,,,,,,,,,,,90,0.42,0.03,0,0,0
May–November,0,0,0,0,0.01,0.03,0.1,0.44,0.99,1.79,3.33,6.82,23.1,1,0,0,0,0,0
,,,,,,,,,,,,,,7,0,0,0,0,0
,,,,,,,,,,,,,,30,0.01,0,0,0,0
,,,,,,,,,,,,,,90,0.5,0.04,0.01,0,0
December–February,0.04,0.06,0.15,0.31,0.66,0.9,1.3,2.38,3.86,7.15,11.4,21.4,61.7,1,0.25,0.05,0.02,0,0
,,,,,,,,,,,,,,7,0.44,0.1,0.05,0.02,0.01
,,,,,,,,,,,,,,30,3.84,0.84,0.34,0.15,0.05
,,,,,,,,,,,,,,90,23.9,9.47,5.09,2.82,1.34
September–November,0,0,0,0,0,0,0,0.01,0.1,0.45,1,2.42,9.19,1,0,0,0,0,0
,,,,,,,,,,,,,,7,0,0,0,0,0
,,,,,,,,,,,,,,30,0.01,0,0,0,0
,,,,,,,,,,,,,,90,2.07,0.37,0.14,0.06,0.02
"04188496—Eagle Creek above Findlay OH—Statistics based on water years: 2008–2020
Harmonic mean flow: 0.44 ft3/s—Average streamflow: 60.0 ft3/s—Minimum daily streamflow: 0.00 ft3/s",,,,,,,,,,,,,,,,,,,
April–March,0.02,0.09,0.2,0.45,0.96,1.54,2.4,4.31,7.83,14.3,25.8,52.3,139,1,0.21,0,0,0,0
,,,,,,,,,,,,,,7,0.19,0,0,0,0
,,,,,,,,,,,,,,30,0.42,0.05,0.01,0,0
,,,,,,,,,,,,,,90,1.34,0.23,0.09,0.04,0.01
May–November,0.01,0.04,0.11,0.21,0.36,0.69,1.03,2.32,3.63,6.16,11,25.2,75.4,1,0.15,0,0,0,0
,,,,,,,,,,,,,,7,0.14,0,0,0,0
,,,,,,,,,,,,,,30,0.5,0.06,0.02,0.01,0
,,,,,,,,,,,,,,90,1.51,0.27,0.1,0.04,0.02
December–February,0.13,0.18,0.59,1.24,1.7,2.7,4.2,7.4,12,21,36.7,64.6,196,1,0.97,0.23,0.11,0.06,0.03
,,,,,,,,,,,,,,7,1.39,0.33,0.15,0.08,0.04
,,,,,,,,,,,,,,30,12.5,2.33,0.83,0.33,0.1
,,,,,,,,,,,,,,90,78.7,35.5,20,11.3,5.42
September–November,0,0.01,0.07,0.09,0.16,0.21,0.27,0.68,1.28,2.84,4.63,9.79,32.6,1,0.32,0,0,0,0
,,,,,,,,,,,,,,7,0.35,0,0,0,0
,,,,,,,,,,,,,,30,0.7,0.07,0.02,0.01,0
,,,,,,,,,,,,,,90,6,1.02,0.4,0.18,0.07
"04189131—Blanchard River at Gilboa OH—Statistics based on water years: 2010–2020
Harmonic mean flow: 73.0 ft3/s—Average streamflow: 565 ft3/s—Minimum daily streamflow: 8.23 ft3/s",,,,,,,,,,,,,,,,,,,
April–March,15.5,21.7,29.3,38.9,48.1,57.2,69.3,103,157,248,382,690,"1,690",1,16.4,11.8,9.96,8.6,7.27
,,,,,,,,,,,,,,7,19.1,13.8,11.5,9.92,8.34
,,,,,,,,,,,,,,30,30.4,19.3,16.1,14.2,12.7
,,,,,,,,,,,,,,90,57.2,30.9,23.9,20,16.8
May–November,13.8,17.6,23,27.9,33.5,40.6,47.4,64.7,92.7,143,240,429,"1,080",1,15.8,11.6,9.95,8.74,7.56
,,,,,,,,,,,,,,7,18.8,13.8,11.7,10.2,8.73
,,,,,,,,,,,,,,30,29,19.1,16.3,14.7,13.4
,,,,,,,,,,,,,,90,59.1,32.9,25.7,21.5,18.1
December–February,32.9,40,50.8,58.9,68,80.9,96.3,139,216,335,498,921,"2,320",1,34.3,22.3,19.3,17.8,16.6
,,,,,,,,,,,,,,7,43.9,28.4,24.5,22.4,20.9
,,,,,,,,,,,,,,30,144,70.2,49.9,38.2,28.8
,,,,,,,,,,,,,,90,615,278,165,101,53.9
September–November,11.3,14.8,18.2,21.6,24.1,26.9,29.4,39.1,49.2,69.1,107,198,564,1,16.2,12.1,10.7,9.88,9.13
,,,,,,,,,,,,,,7,19,13.7,12.4,11.6,11.1
,,,,,,,,,,,,,,30,31.5,19.3,17.3,16.4,16
,,,,,,,,,,,,,,90,136,55.5,36.4,26.3,18.6
"04189174—Riley Creek below Pandora OH—Statistics based on water years: 2010–2020
Harmonic mean flow: 5.46 ft3/s—Average streamflow: 83.5 ft3/s—Minimum daily streamflow: 0.00 ft3/s",,,,,,,,,,,,,,,,,,,
April–March,0.75,1.56,2.66,3.89,5.24,6.83,8.94,14.2,23.1,34.7,51.7,87.4,185,1,0.42,0.16,0,0,0
,,,,,,,,,,,,,,7,1,0.39,0.22,0.13,0.07
,,,,,,,,,,,,,,30,2.41,1.27,0.97,0.8,0.67
,,,,,,,,,,,,,,90,7.27,3.53,2.59,2.08,1.67
May–November,0.48,0.99,1.8,2.5,3.31,4.07,4.92,7.41,11.9,19.7,31.5,56,136,1,0.4,0.17,0.08,0,0
,,,,,,,,,,,,,,7,1.02,0.41,0.24,0.14,0.08
,,,,,,,,,,,,,,30,2.46,1.34,1.03,0.86,0.72
,,,,,,,,,,,,,,90,7.87,3.86,2.8,2.21,1.74
December–February,2.74,4.7,6.65,8,9.91,12,14,21,32,45,67.9,106,252,1,4.04,1.88,1.32,1.01,0.77
,,,,,,,,,,,,,,7,5.19,2.33,1.58,1.16,0.84
,,,,,,,,,,,,,,30,22.1,8.79,5.27,3.4,2.04
,,,,,,,,,,,,,,90,100,44.7,23.8,12.6,5.39
September–November,0.43,0.78,1.25,1.76,2.19,2.58,3.06,3.98,5.41,8.12,13.5,26,63.7,1,0.79,0.23,0.12,0.064,0.03
,,,,,,,,,,,,,,7,1.4,0.59,0.37,0.25,0.16
,,,,,,,,,,,,,,30,3.8,1.53,1.08,0.86,0.7
,,,,,,,,,,,,,,90,20.6,8.01,5.01,3.45,2.3
"04189260—Blanchard River at Ottawa OH—Statistics based on water years: 2010–2020
Harmonic mean flow: 84.6 ft3/s—Average streamflow: 662 ft3/s—Minimum daily streamflow: 2.76 ft3/s",,,,,,,,,,,,,,,,,,,
April–March,17.1,27.8,37.5,45.7,54.2,67.6,85.3,128,200,315,506,886,"2,170",1,17.3,8.33,5.27,3.46,2.06
,,,,,,,,,,,,,,7,25.7,15.2,10.8,7.85,5.26
,,,,,,,,,,,,,,30,38.1,21.7,16.6,13.4,10.7
,,,,,,,,,,,,,,90,66.3,36.1,27.8,22.9,19
May–November,13.2,20.6,29.7,36.4,41.7,47.4,54.2,74.2,113,176,296,543,"1,430",1,15.3,7.41,4.84,3.32,2.11
,,,,,,,,,,,,,,7,23.6,14.1,10.3,7.73,5.45
,,,,,,,,,,,,,,30,35.3,20.7,16.2,13.4,11.1
,,,,,,,,,,,,,,90,68.4,38.3,29.7,24.6,20.4
December–February,39.7,45.9,54.3,76.4,90.9,106,127,185,280,446,635,"1,250","2,670",1,48.5,28.5,23.1,20,17.5
,,,,,,,,,,,,,,7,57.5,35.1,29.1,25.7,23
,,,,,,,,,,,,,,30,178,79.1,52.7,38.1,26.8
,,,,,,,,,,,,,,90,718,326,195,120,65.7
September–November,10,15.4,23,28,31.5,35.5,38.5,45.2,54.6,79.4,133,246,629,1,18,8.31,5.22,3.44,2.08
,,,,,,,,,,,,,,7,25.5,14.3,10.5,8.1,6.04
,,,,,,,,,,,,,,30,37.7,20.7,17.4,15.9,15
,,,,,,,,,,,,,,90,161,64.3,41.1,28.8,19.7
"04192500—Maumee River near Defiance OH—Statistics based on water years: 1979–2020
Harmonic mean flow: 1000 ft3/s—Average streamflow: 5370 ft3/s—Minimum daily streamflow: 60.0 ft3/s",,,,,,,,,,,,,,,,,,,
April–March,214,272,361,471,590,733,920,"1,370","2,030","3,000","4,700","7,910","14,800",1,229,155,125,103,82.6
,,,,,,,,,,,,,,7,273,183,148,123,100
,,,,,,,,,,,,,,30,422,254,196,159,125
,,,,,,,,,,,,,,90,762,432,334,276,227
May–November,193,237,293,355,426,509,600,845,"1,200","1,700","2,620","4,480","9,140",1,231,156,126,104,83.5
,,,,,,,,,,,,,,7,275,184,149,125,102
,,,,,,,,,,,,,,30,420,250,194,159,128
,,,,,,,,,,,,,,90,757,429,334,277,230
December–February,308,410,570,700,880,"1,140","1,400","2,030","2,900","4,240","6,370","10,500","18,700",1,592,351,268,215,169
,,,,,,,,,,,,,,7,672,388,296,238,188
,,,,,,,,,,,,,,30,"1,520",695,466,336,234
,,,,,,,,,,,,,,90,"6,290","3,790","2,810","2,160","1,570"
September–November,185,218,251,290,331,377,431,564,741,"1,020","1,450","2,510","5,920",1,241,173,149,134,120
,,,,,,,,,,,,,,7,309,215,181,160,140
,,,,,,,,,,,,,,30,499,298,237,199,167
,,,,,,,,,,,,,,90,"1,760",858,576,410,276
"04193500—Maumee River at Waterville OH—Statistics based on water years: 1975–2020
Harmonic mean flow: 1060 ft3/s—Average streamflow: 6010 ft3/s—Minimum daily streamflow: 17.0 ft3/s",,,,,,,,,,,,,,,,,,,
April–March,205,295,413,538,679,836,"1,020","1,540","2,240","3,360","5,210","8,650","16,500",1,212,102,64.4,42,24.6
,,,,,,,,,,,,,,7,286,164,119,89,63.1
,,,,,,,,,,,,,,30,441,257,195,156,121
,,,,,,,,,,,,,,90,812,447,339,274,220
May–November,170,242,327,404,490,576,678,945,"1,340","1,910","2,910","4,930","9,780",1,217,104,65.1,42.1,24.5
,,,,,,,,,,,,,,7,294,168,120,89.5,62.7
,,,,,,,,,,,,,,30,450,258,196,157,123
,,,,,,,,,,,,,,90,828,455,344,278,223
December–February,350,490,690,840,"1,000","1,260","1,500","2,200","3,200","4,670","7,000","11,500","20,900",1,692,412,312,247,189
,,,,,,,,,,,,,,7,812,475,358,283,216
,,,,,,,,,,,,,,30,"1,760",808,539,385,264
,,,,,,,,,,,,,,90,"7,330","4,110","2,830","2,000","1,300"
September–November,146,195,253,311,362,422,491,632,835,"1,120","1,560","2,590","5,840",1,248,125,82.7,57.2,36.6
,,,,,,,,,,,,,,7,330,193,144,112,84.2
,,,,,,,,,,,,,,30,529,296,225,182,146
,,,,,,,,,,,,,,90,"1,800",843,554,387,255
"04196000—Sandusky River near Bucyrus OH—Statistics based on water years: 1975–1981, 1996–2020
Harmonic mean flow: 14.6 ft3/s—Average streamflow: 109 ft3/s—Minimum daily streamflow: 0.34 ft3/s",,,,,,,,,,,,,,,,,,,
April–March,3.1,4.18,5.57,7.1,8.8,11,13.2,20,30,43,64,105,236,1,2.95,1.93,1.49,1.18,0.89
,,,,,,,,,,,,,,7,3.66,2.57,2.12,1.81,1.5
,,,,,,,,,,,,,,30,6.01,3.98,3.3,2.87,2.49
,,,,,,,,,,,,,,90,11.5,6.92,5.66,4.94,4.36
May–November,2.8,3.67,4.76,5.6,6.7,7.84,9.2,12.4,17,24.5,36.4,57.8,127,1,3.1,2,1.54,1.23,0.93
,,,,,,,,,,,,,,7,3.76,2.69,2.26,1.97,1.69
,,,,,,,,,,,,,,30,5.95,4.17,3.66,3.37,3.14
,,,,,,,,,,,,,,90,12,7.06,5.69,4.9,4.26
December–February,3.4,5,7.8,10,13,17,20.4,30,42.3,61,90,160,400,1,6.75,3.57,2.58,1.97,1.46
,,,,,,,,,,,,,,7,9.29,4.75,3.31,2.45,1.74
,,,,,,,,,,,,,,30,29.7,11.3,6.69,4.29,2.56
,,,,,,,,,,,,,,90,141,88.3,67,52.5,39.2
September–November,2.4,3.23,4.1,4.8,5.51,6.31,7.3,9.6,12.8,17,24.7,40.5,82.8,1,3.62,2.24,1.73,1.38,1.07
,,,,,,,,,,,,,,7,4.35,2.87,2.35,2.02,1.72
,,,,,,,,,,,,,,30,8.86,4.91,3.78,3.11,2.55
,,,,,,,,,,,,,,90,29.8,12.9,8.21,5.65,3.68
"04196500—Sandusky River near Upper Sandusky OH—Statistics based on water years: 1975–1981, 2002–2020
Harmonic mean flow: 39.3 ft3/s—Average streamflow: 342 ft3/s—Minimum daily streamflow: 1.70 ft3/s",,,,,,,,,,,,,,,,,,,
April–March,6.38,10.3,15.5,21,27,34,43,68,105,148,223,370,845,1,6.13,3.09,2.14,1.58,1.11
,,,,,,,,,,,,,,7,8.67,4.56,3.24,2.44,1.77
,,,,,,,,,,,,,,30,15.6,9.41,7.47,6.28,5.25
,,,,,,,,,,,,,,90,32.2,17.1,13.1,10.7,8.9
May–November,4.73,7.72,11.6,15,19,22.9,27,37.1,54.3,86,129,210,457,1,6.27,3.14,2.16,1.58,1.1
,,,,,,,,,,,,,,7,8.71,4.57,3.25,2.44,1.77
,,,,,,,,,,,,,,30,15.4,9.17,7.26,6.09,5.1
,,,,,,,,,,,,,,90,33.1,17.4,13.1,10.6,8.67
December–February,12.5,20,29.2,40,50,61.8,74.5,110,151,214,334,593,"1,270",1,29.4,14.8,10.2,7.54,5.33
,,,,,,,,,,,,,,7,38.2,20.6,14.9,11.5,8.59
,,,,,,,,,,,,,,30,108,46.6,29.7,20.4,13.3
,,,,,,,,,,,,,,90,441,256,184,136,94.5
September–November,4.42,7.48,10.9,13.4,16.6,19.2,22.4,29,37.1,54.9,88.6,145,312,1,7.91,3.66,2.4,1.67,1.1
,,,,,,,,,,,,,,7,12.1,5.97,4.01,2.84,1.89
,,,,,,,,,,,,,,30,25.4,12,8.58,6.72,5.27
,,,,,,,,,,,,,,90,96.4,38.2,23,14.9,9.07
"04197100—Honey Creek at Melmore OH—Statistics based on water years: 1977–2020
Harmonic mean flow: 6.31 ft3/s—Average streamflow: 148 ft3/s—Minimum daily streamflow: 0.07 ft3/s",,,,,,,,,,,,,,,,,,,
April–March,0.87,1.5,2.61,4.05,6,8.71,12,21,33,51,83.1,158,403,1,1.45,0.58,0.34,0.21,0.12
,,,,,,,,,,,,,,7,1.83,0.76,0.45,0.28,0.16
,,,,,,,,,,,,,,30,3.03,1.16,0.7,0.46,0.29
,,,,,,,,,,,,,,90,8.71,3.06,1.83,1.22,0.79
May–November,0.63,1.1,1.8,2.5,3.3,4.29,5.6,9.23,15,23,37.5,70,191,1,1.52,0.6,0.35,0.21,0.12
,,,,,,,,,,,,,,7,1.95,0.8,0.47,0.29,0.16
,,,,,,,,,,,,,,30,3.23,1.24,0.74,0.48,0.3
,,,,,,,,,,,,,,90,9.41,3.32,1.99,1.33,0.86
December–February,2.4,5,9.4,13.3,17,21,26.2,40,58,85,135,265,608,1,10.4,4.54,2.83,1.88,1.16
,,,,,,,,,,,,,,7,12.6,5.5,3.42,2.26,1.38
,,,,,,,,,,,,,,30,36.6,13.3,7.38,4.42,2.4
,,,,,,,,,,,,,,90,192,113,83,63.1,45.4
September–November,0.51,0.85,1.2,1.7,2.26,2.84,3.4,4.97,7.3,12.8,21,39.5,124,1,1.64,0.59,0.33,0.2,0.12
,,,,,,,,,,,,,,7,2.12,0.79,0.45,0.28,0.17
,,,,,,,,,,,,,,30,4.55,1.46,0.83,0.53,0.32
,,,,,,,,,,,,,,90,31,9.34,4.8,2.72,1.4
"04197137—Sandusky River at Tiffin OH—Statistics based on water years: 2010–2020
Harmonic mean flow: 148 ft3/s—Average streamflow: 1160 ft3/s—Minimum daily streamflow: 18.1 ft3/s",,,,,,,,,,,,,,,,,,,
April–March,30.2,37.6,51.1,66.5,86.4,115,146,226,349,522,816,"1,510","3,620",1,31.7,22.4,19.3,17.4,15.6
,,,,,,,,,,,,,,7,36,25.6,22.5,20.8,19.4
,,,,,,,,,,,,,,30,44.3,30.8,27.7,26.1,25.1
,,,,,,,,,,,,,,90,83.6,47.1,39,34.9,32
May–November,27.5,31.9,40.4,47.5,55.6,66.4,79.1,118,182,300,480,895,"2,290",1,32.3,22.8,19.6,17.5,15.7
,,,,,,,,,,,,,,7,36,26.1,23.2,21.6,20.3
,,,,,,,,,,,,,,30,43.5,31.4,28.6,27.4,26.6
,,,,,,,,,,,,,,90,86.6,49.8,41.4,37,34
December–February,73.2,92.6,131,152,175,205,240,327,500,716,"1,150","2,170","4,800",1,92.9,58.5,48.7,42.9,38.2
,,,,,,,,,,,,,,7,116,80,70.5,65.2,61.2
,,,,,,,,,,,,,,30,345,203,160,133,111
,,,,,,,,,,,,,,90,"1,370",754,513,359,230
September–November,28.1,31.7,35.2,40.3,44.6,47.8,52.6,66.3,89.9,134,241,425,"1,180",1,32.9,24.3,21.5,19.8,18.3
,,,,,,,,,,,,,,7,40.5,29.2,25.9,23.9,22.4
,,,,,,,,,,,,,,30,65.4,33.6,27.2,24.1,22
,,,,,,,,,,,,,,90,308,111,64.7,41.4,25
"04198000—Sandusky River near Fremont OH—Statistics based on water years: 1975–2020
Harmonic mean flow: 165 ft3/s—Average streamflow: 1280 ft3/s—Minimum daily streamflow: 6.30 ft3/s",,,,,,,,,,,,,,,,,,,
April–March,34,43,57.4,73.7,95,130,169,263,382,553,855,"1,530","3,490",1,37.6,23,17.7,14.2,11
,,,,,,,,,,,,,,7,43.9,26.8,20.6,16.6,12.9
,,,,,,,,,,,,,,30,57,35.8,30.1,26.9,24.5
,,,,,,,,,,,,,,90,119,60,44.6,36,29.2
May–November,29,37,46,55,65,76,91,139,203,297,449,763,"1,870",1,38.6,23.5,17.9,14.3,11
,,,,,,,,,,,,,,7,45,27.3,20.9,16.7,12.9
,,,,,,,,,,,,,,30,57.4,36.1,30.3,27.1,24.6
,,,,,,,,,,,,,,90,121,60.6,45.2,36.6,29.9
December–February,63,82,130,174,220,270,329,446,615,875,"1,380","2,450","5,220",1,140,81.7,61.5,48.7,37.4
,,,,,,,,,,,,,,7,167,95.3,70.7,55.1,41.5
,,,,,,,,,,,,,,30,393,177,115,80.1,53.1
,,,,,,,,,,,,,,90,"1,620","1,010",780,627,487
September–November,28,33.7,40,46,51.3,57,64,82,110,162,251,426,"1,100",1,42.4,24.9,19,15.2,11.9
,,,,,,,,,,,,,,7,49.1,30,23.7,19.8,16.3
,,,,,,,,,,,,,,30,78.5,40.5,31.3,26.3,22.5
,,,,,,,,,,,,,,90,284,112,69.4,47.2,30.8
"04199000—Huron River at Milan OH—Statistics based on water years: 1975–1981, 1988–2020
Harmonic mean flow: 58.3 ft3/s—Average streamflow: 379 ft3/s—Minimum daily streamflow: 4.10 ft3/s",,,,,,,,,,,,,,,,,,,
April–March,11,16.9,23.2,29,35.2,43.5,53,77.6,115,168,245,400,857,1,13.6,8.47,6.56,5.29,4.14
,,,,,,,,,,,,,,7,16.3,10.2,7.87,6.34,4.95
,,,,,,,,,,,,,,30,24,14.5,11.3,9.26,7.45
,,,,,,,,,,,,,,90,46.9,26,19.6,15.8,12.5
May–November,9.8,13,18,22.1,26.6,30.3,35,46,60.5,81.6,121,193,422,1,14.2,8.82,6.8,5.44,4.2
,,,,,,,,,,,,,,7,17,10.7,8.28,6.64,5.13
,,,,,,,,,,,,,,30,24.7,14.8,11.4,9.22,7.3
,,,,,,,,,,,,,,90,49.4,27.1,20.2,16.1,12.6
December–February,23.2,29,41,56.5,70,88,107,150,200,270,394,608,"1,340",1,49.4,25.5,17.7,13,9.05
,,,,,,,,,,,,,,7,60.1,29.9,20.2,14.5,9.77
,,,,,,,,,,,,,,30,140,64.7,42.3,29.3,19.2
,,,,,,,,,,,,,,90,488,303,234,188,146
September–November,9.5,12,17,20,23,26.1,29.2,36.3,46,59,81,130,283,1,15.5,9.45,7.32,5.95,4.73
,,,,,,,,,,,,,,7,19.1,11.8,9.24,7.54,6
,,,,,,,,,,,,,,30,32.9,18.1,13.8,11.3,9.22
,,,,,,,,,,,,,,90,108,51.9,35.6,26.2,18.6
"04199155—Old Woman Creek at Berlin Rd near Huron OH—Statistics based on water years: 1988–1994, 1996–2020
Harmonic mean flow: 0.55 ft3/s—Average streamflow: 23.4 ft3/s—Minimum daily streamflow: 0.00 ft3/s",,,,,,,,,,,,,,,,,,,
April–March,0,0,0.1,0.32,0.64,1.1,1.68,3.2,5.6,9.12,14.3,23.3,51.2,1,0,0,0,0,0
,,,,,,,,,,,,,,7,0.01,0,0,0,0
,,,,,,,,,,,,,,30,0.19,0,0,0,0
,,,,,,,,,,,,,,90,1.66,0.34,0.1,0.02,0
May–November,0,0,0,0.06,0.18,0.33,0.51,1.14,2.04,3.34,5.68,10.9,26.4,1,0,0,0,0,0
,,,,,,,,,,,,,,7,0.01,0,0,0,0
,,,,,,,,,,,,,,30,0.19,0.01,0,0,0
,,,,,,,,,,,,,,90,1.63,0.34,0.11,0.02,0
December–February,0.4,0.84,1.5,2.27,3.1,4,5.02,7.88,11,15,20.8,33,76.1,1,1.5,0.5,0.23,0.1,0
,,,,,,,,,,,,,,7,2.26,0.63,0.27,0.12,0.05
,,,,,,,,,,,,,,30,7.71,3.1,1.82,1.14,0.65
,,,,,,,,,,,,,,90,31.5,18.8,13.7,10.3,7.23
September–November,0,0,0,0.03,0.15,0.26,0.38,0.8,1.47,2.52,4.3,8.35,23.4,1,0,0,0,0,0
,,,,,,,,,,,,,,7,0.08,0,0,0,0
,,,,,,,,,,,,,,30,0.91,0.07,0,0,0
,,,,,,,,,,,,,,90,8.26,2.4,1.11,0.54,0.23
"04199500—Vermilion River near Vermilion OH—Statistics based on water years: 1975–1981, 2002–2020
Harmonic mean flow: 25.0 ft3/s—Average streamflow: 317 ft3/s—Minimum daily streamflow: 0.50 ft3/s",,,,,,,,,,,,,,,,,,,
April–March,3.6,5.95,9.3,13.9,19,25,32.3,56,84,125,190,328,700,1,4.28,2.31,1.56,1.09,0.7
,,,,,,,,,,,,,,7,5.45,2.96,2.02,1.41,0.91
,,,,,,,,,,,,,,30,10.4,5.45,3.79,2.77,1.91
,,,,,,,,,,,,,,90,28.3,13.2,8.75,6.16,4.12
May–November,2.92,4.36,6.5,8.58,10.5,13.5,16.7,25,36.1,56.2,85,143,324,1,4.08,2.19,1.5,1.06,0.69
,,,,,,,,,,,,,,7,5.2,2.8,1.91,1.36,0.89
,,,,,,,,,,,,,,30,10.5,5.5,3.81,2.77,1.91
,,,,,,,,,,,,,,90,28.1,13.2,8.74,6.18,4.15
December–February,18,23,38.3,54,64,80,92,121,160,227,330,549,"1,150",1,41.9,23.3,17,13.1,9.79
,,,,,,,,,,,,,,7,53.6,29.3,21.1,15.9,11.4
,,,,,,,,,,,,,,30,141,64.2,40.7,27.4,17
,,,,,,,,,,,,,,90,397,246,194,159,129
September–November,2.7,3.84,5.9,7.31,9.01,10.8,13,18.7,26.8,38,61.3,108,239,1,5.1,2.61,1.73,1.19,0.76
,,,,,,,,,,,,,,7,6.93,3.45,2.25,1.52,0.94
,,,,,,,,,,,,,,30,17.4,7.69,5.1,3.67,2.55
,,,,,,,,,,,,,,90,92.3,36.9,21.4,13.1,7.25
"04200500—Black River at Elyria OH—Statistics based on water years: 1975–2020
Harmonic mean flow: 41.4 ft3/s—Average streamflow: 400 ft3/s—Minimum daily streamflow: 2.86 ft3/s",,,,,,,,,,,,,,,,,,,
April–March,7.4,10,15,19.8,25,32,41,67.4,105,162,250,430,950,1,7.71,5.22,4.24,3.56,2.92
,,,,,,,,,,,,,,7,9.59,6.44,5.22,4.39,3.61
,,,,,,,,,,,,,,30,15.8,9.71,7.69,6.41,5.29
,,,,,,,,,,,,,,90,39.8,20.9,15.4,12.1,9.36
May–November,6.22,8.3,11,14,16.7,20,23,32,46,69,108,193,459,1,7.82,5.28,4.27,3.57,2.91
,,,,,,,,,,,,,,7,9.72,6.5,5.25,4.39,3.58
,,,,,,,,,,,,,,30,16.4,9.92,7.75,6.37,5.16
,,,,,,,,,,,,,,90,40.1,21.2,15.6,12.3,9.49
December–February,20,26,40,56,70,90,110,152,200,277,405,668,"1,470",1,43.8,25.2,18.5,14.2,10.4
,,,,,,,,,,,,,,7,51.9,29.2,21.4,16.4,12.2
,,,,,,,,,,,,,,30,140,63.9,41.6,28.9,19
,,,,,,,,,,,,,,90,539,360,287,237,189
September–November,6,7.51,9.61,12,14,17,19.4,25.1,35,50.1,83.3,159,398,1,8.89,5.66,4.47,3.67,2.94
,,,,,,,,,,,,,,7,11.7,7.14,5.65,4.72,3.9
,,,,,,,,,,,,,,30,25.7,12.4,9.08,7.28,5.88
,,,,,,,,,,,,,,90,119,47.8,29.1,19.1,11.7
"04201500—Rocky River near Berea OH—Statistics based on water years: 1975–2020
Harmonic mean flow: 81.2 ft3/s—Average streamflow: 361 ft3/s—Minimum daily streamflow: 0.57 ft3/s",,,,,,,,,,,,,,,,,,,
April–March,20,25,33,40.9,50,59,70.7,98,135,184,255,403,806,1,21,14.8,9.38,5.38,2.35
,,,,,,,,,,,,,,7,22.7,17.3,14.7,12.8,10.7
,,,,,,,,,,,,,,30,39.3,27.9,23.9,21.4,19.1
,,,,,,,,,,,,,,90,80,53.4,44.2,38.2,32.8
May–November,18,22,27,32,36.1,41,46.4,59.2,77,101,145,227,475,1,21.1,14.9,9.4,5.39,2.35
,,,,,,,,,,,,,,7,22.8,17.4,14.7,12.7,10.7
,,,,,,,,,,,,,,30,40.7,28.7,24.5,21.7,19.2
,,,,,,,,,,,,,,90,83.3,55.7,46.1,39.8,34
December–February,40,55,72,88.9,102,120,133,168,209,260,357,557,"1,140",1,69.4,46.1,36,28.9,22.1
,,,,,,,,,,,,,,7,82.7,53.5,41.1,32.4,24.3
,,,,,,,,,,,,,,30,178,102,73.7,55.7,39.8
,,,,,,,,,,,,,,90,460,337,286,249,213
September–November,18.7,22.6,28,33,37,40.4,45.2,56,71.2,94.2,134,212,448,1,22.7,17.2,14.9,13.3,11.7
,,,,,,,,,,,,,,7,28.2,20.7,18.3,16.9,15.7
,,,,,,,,,,,,,,30,65.7,38.9,30.7,25.7,21.4
,,,,,,,,,,,,,,90,172,97.5,72.9,57.6,44.2
"04206043—Mud Brook at Cuyahoga Falls OH—Statistics based on water years: not enough
Harmonic mean flow: 8.66 ft3/s—Average streamflow: 31.2 ft3/s—Minimum daily streamflow: 0.67 ft3/s",,,,,,,,,,,,,,,,,,,
April–March,1.7,2.5,3.6,5.09,6.29,7.1,8.33,11.8,15.8,21.1,28,40.4,77.1,1,1.07,0.66,0.55,0.49,0.44
,,,,,,,,,,,,,,7,1.44,0.94,0.8,0.72,0.65
,,,,,,,,,,,,,,30,3.74,2.33,2,1.83,1.72
,,,,,,,,,,,,,,90,6.51,3.94,3.38,3.11,2.93
May–November,1.34,1.98,2.62,3.32,4.02,5,5.94,7.62,10.2,14.5,20,30.6,62.3,1,1.07,0.66,0.55,0.49,0.44
,,,,,,,,,,,,,,7,1.44,0.94,0.8,0.72,0.65
,,,,,,,,,,,,,,30,3.74,2.33,2,1.83,1.72
,,,,,,,,,,,,,,90,6.51,3.94,3.38,3.11,2.93
December–February,6.28,6.72,7.41,8.3,10.3,11.3,12.6,15.4,20.1,24,29.6,42,74,1,5.9,5.11,4.93,4.84,4.8
,,,,,,,,,,,,,,7,7.15,6.07,5.72,5.52,5.35
,,,,,,,,,,,,,,30,14.3,10.4,9.02,8.07,7.18
,,,,,,,,,,,,,,90,29.1,24.2,22.2,20.7,19.3
September–November,1.67,2.48,3,3.45,4.38,5.17,5.7,7.61,9.59,13.6,17.1,26.9,44.6,1,1.59,1.24,1.15,1.11,1.08
,,,,,,,,,,,,,,7,2.64,1.85,1.47,1.19,0.912
,,,,,,,,,,,,,,30,7.26,4.79,4.19,3.88,3.67
,,,,,,,,,,,,,,90,13.3,9.16,8.03,7.41,6.94
"04206212—North Fork at Bath Center OH—Statistics based on water years: not enough
Harmonic mean flow: 1.35 ft3/s—Average streamflow: 6.64 ft3/s—Minimum daily streamflow: 0.07 ft3/s",,,,,,,,,,,,,,,,,,,
April–March,0.25,0.4,0.55,0.73,0.95,1.1,1.38,2,2.8,3.79,5.2,7.9,14,1,0.17,0.1,0.07,0.06,0.04
,,,,,,,,,,,,,,7,0.29,0.17,0.12,0.1,0.07
,,,,,,,,,,,,,,30,0.7,0.43,0.33,0.26,0.2
,,,,,,,,,,,,,,90,1.47,0.97,0.8,0.7,0.61
May–November,0.2,0.29,0.44,0.52,0.62,0.73,0.86,1.1,1.5,2.11,3.19,4.7,9.2,1,0.19,0.1,0.07,0.05,0.04
,,,,,,,,,,,,,,7,0.29,0.17,0.12,0.1,0.07
,,,,,,,,,,,,,,30,0.7,0.43,0.33,0.26,0.2
,,,,,,,,,,,,,,90,1.48,0.97,0.8,0.7,0.62
December–February,0.75,1.1,1.38,1.6,1.9,2.1,2.3,2.9,3.6,4.63,6.4,8.8,17.5,1,0.95,0.49,0.33,0.23,0.15
,,,,,,,,,,,,,,7,1.31,0.84,0.65,0.53,0.41
,,,,,,,,,,,,,,30,2.6,1.75,1.44,1.24,1.05
,,,,,,,,,,,,,,90,7.83,6,5.17,4.55,3.91
September–November,0.21,0.3,0.49,0.55,0.63,0.75,0.88,1.07,1.33,1.9,2.9,4.3,8.7,1,0.24,0.12,0.09,0.07,0.05
,,,,,,,,,,,,,,7,0.44,0.28,0.22,0.19,0.15
,,,,,,,,,,,,,,30,1.38,0.9,0.75,0.64,0.55
,,,,,,,,,,,,,,90,2.96,1.74,1.34,1.1,0.89
"04206220—Yellow Creek at Botzum OH—Statistics based on water years: 1992–2003, 2013
Harmonic mean flow: 13.4 ft3/s—Average streamflow: 34.9 ft3/s—Minimum daily streamflow: 2.30 ft3/s",,,,,,,,,,,,,,,,,,,
April–March,3.7,4.9,6.2,7.3,8.42,9.8,11,15,19,24,31,42,72,1,3.67,2.79,2.43,2.18,1.93
,,,,,,,,,,,,,,7,4.13,3.17,2.77,2.48,2.2
,,,,,,,,,,,,,,30,6.18,5.04,4.6,4.31,4.03
,,,,,,,,,,,,,,90,9.82,7.74,7.11,6.76,6.48
May–November,3.4,4.2,5.3,6.06,6.7,7.4,8.2,10,13,16,20,28,50,1,3.67,2.79,2.43,2.18,1.93
,,,,,,,,,,,,,,7,4.13,3.17,2.77,2.48,2.2
,,,,,,,,,,,,,,30,6.18,5.04,4.6,4.31,4.03
,,,,,,,,,,,,,,90,9.71,7.68,7.14,6.85,6.66
December–February,6.5,7.9,9.4,11,13.2,16,17,21,25.1,30.4,37,49,86,1,9.82,5.84,4.37,3.4,2.54
,,,,,,,,,,,,,,7,11.2,6.73,5.09,4.02,3.06
,,,,,,,,,,,,,,30,16.7,11.1,9.15,7.93,6.84
,,,,,,,,,,,,,,90,40.6,29.7,25,21.7,18.3
September–November,3,3.9,5.2,5.9,6.7,7.2,7.92,9.5,12,14,18,24,42,1,4.03,2.81,2.42,2.18,1.97
,,,,,,,,,,,,,,7,5.04,3.26,2.65,2.26,1.91
,,,,,,,,,,,,,,30,9.5,6.41,5.29,4.55,3.87
,,,,,,,,,,,,,,90,17.2,11.2,9.09,7.76,6.57
"04208460—Mill Creek at Garfield Hts OH—Statistics based on water years: 2002–2020
Harmonic mean flow: 6.60 ft3/s—Average streamflow: 26.6 ft3/s—Minimum daily streamflow: 0.01 ft3/s",,,,,,,,,,,,,,,,,,,
April–March,3.78,4.47,5.43,6.02,6.65,7.3,8.08,9.86,12,14.7,19,27,51.4,1,3.95,2.51,0.87,0.24,0.03
,,,,,,,,,,,,,,7,4.34,3.67,3.4,3.21,2.99
,,,,,,,,,,,,,,30,7.51,5.78,5.03,4.47,3.92
,,,,,,,,,,,,,,90,12.4,9.63,8.35,7.38,6.39
May–November,3.58,4.01,4.69,5.28,5.72,6.09,6.57,7.53,9.09,11.5,15.2,22.5,44.6,1,3.93,3.29,3.02,2.83,2.65
,,,,,,,,,,,,,,7,4.37,3.68,3.4,3.2,3.01
,,,,,,,,,,,,,,30,7.91,6,5.14,4.49,3.84
,,,,,,,,,,,,,,90,13.7,10.3,8.76,7.65,6.54
December–February,5.72,6.6,7.58,8.33,9.14,10.1,10.9,12.4,14.2,17.1,21.6,31,52.2,1,6.53,4.93,4.26,3.78,3.3
,,,,,,,,,,,,,,7,7.22,5.5,4.79,4.29,3.79
,,,,,,,,,,,,,,30,13.8,10.2,8.88,7.99,7.16
,,,,,,,,,,,,,,90,26.8,20.2,17.6,15.8,14
September–November,3.54,3.99,4.56,5.2,5.61,5.96,6.31,7.22,8.55,10.7,14.5,21.1,42.6,1,5.55,2.51,0.87,0.24,0.03
,,,,,,,,,,,,,,7,4.94,4,3.59,3.29,2.99
,,,,,,,,,,,,,,30,10.5,7.49,6.07,5.01,3.97
,,,,,,,,,,,,,,90,20.6,14.8,12.6,11.1,9.64
"04208502 – Big Creek at Cleveland OH—Statistics based on water years: 1975–1986, 2002, 2015–2020
Harmonic mean flow: 18.4 ft3/s—Average streamflow: 56.7 ft3/s—Minimum daily streamflow: 3.30 ft3/s",,,,,,,,,,,,,,,,,,,
April–March,5.57,6.99,8.96,11,12,14,15,18,22,28,38,61,125,1,6.42,4.88,4.29,3.89,3.51
,,,,,,,,,,,,,,7,8.14,6.05,5.23,4.65,4.1
,,,,,,,,,,,,,,30,15.4,10.9,8.9,7.44,6
,,,,,,,,,,,,,,90,27.7,21.1,18.4,16.4,14.4
May–November,4.84,6.09,7.52,8.76,10,11,12.7,15.4,19,23.9,31.8,53,108,1,6.1,4.53,3.93,3.53,3.15
,,,,,,,,,,,,,,7,7.7,5.61,4.82,4.27,3.76
,,,,,,,,,,,,,,30,17.5,11.6,8.99,7.15,5.4
,,,,,,,,,,,,,,90,31.3,24.9,22,19.8,17.5
December–February,8.2,10.3,12,13,14,15,16.7,20,23,27.8,36,58,123,1,11.7,8.85,7.47,6.42,5.34
,,,,,,,,,,,,,,7,12.9,9.75,8.24,7.09,5.9
,,,,,,,,,,,,,,30,22.3,15.5,13.1,11.5,10.1
,,,,,,,,,,,,,,90,53.2,40.2,34.6,30.5,26.5
September–November,4.55,5.55,6.79,8.06,9.5,10.9,12,14.4,17.7,21,29,48.7,99.4,1,6.93,4.88,4.08,3.52,2.99
,,,,,,,,,,,,,,7,8.41,5.85,4.81,4.08,3.38
,,,,,,,,,,,,,,30,19.1,12.6,9.77,7.79,5.91
,,,,,,,,,,,,,,90,42.2,31.1,26.9,24,21.3
"04212100—Grand River near Painesville OH—Statistics based on water years: 1975–2020
Harmonic mean flow: 118 ft3/s—Average streamflow: 1050 ft3/s—Minimum daily streamflow: 4.67 ft3/s",,,,,,,,,,,,,,,,,,,
April–March,16,26,42.2,61.7,87.4,121,164,274,430,655,997,"1,610","2,850",1,20.2,11.8,8.6,6.51,4.67
,,,,,,,,,,,,,,7,24.3,13.6,9.76,7.26,5.11
,,,,,,,,,,,,,,30,46.2,24.1,17.2,13.1,9.64
,,,,,,,,,,,,,,90,132,57.5,37.2,25.8,17.1
May–November,12.3,20,29,39,49,60.3,76,114,172,264,446,800,"1,650",1,20.3,11.9,8.69,6.59,4.73
,,,,,,,,,,,,,,7,24.2,13.7,9.84,7.35,5.19
,,,,,,,,,,,,,,30,46.2,24.1,17.4,13.4,10.1
,,,,,,,,,,,,,,90,133,58,37.7,26.4,17.7
December–February,110,180,250,307,370,423,493,655,893,"1,210","1,680","2,390","3,830",1,212,131,97.8,75.5,55.2
,,,,,,,,,,,,,,7,258,155,113,85.4,60.5
,,,,,,,,,,,,,,30,598,327,233,175,125
,,,,,,,,,,,,,,90,"1,550","1,170","1,000",874,745
September–November,12,18,28,39,51,66.7,81,130,202,323,552,987,"1,890",1,24.6,13.2,9.7,7.63,5.89
,,,,,,,,,,,,,,7,32.3,15.8,11.3,8.71,6.66
,,,,,,,,,,,,,,30,119,44.5,27.1,18.2,11.7
,,,,,,,,,,,,,,90,564,251,151,95.1,53.6
"04213000—Conneaut Creek at Conneaut OH—Statistics based on water years: 1975–2020
Harmonic mean flow: 43.6 ft3/s—Average streamflow: 306 ft3/s—Minimum daily streamflow: 1.80 ft3/s",,,,,,,,,,,,,,,,,,,
April–March,6.5,10.4,16,23.8,32,41.4,53.1,85,126,179,253,395,759,1,8.2,4.47,3.22,2.44,1.77
,,,,,,,,,,,,,,7,9.79,5.42,3.96,3.04,2.25
,,,,,,,,,,,,,,30,17.7,9.71,7.05,5.39,3.96
,,,,,,,,,,,,,,90,42.7,20,13.4,9.59,6.58
May–November,5.2,8,11.6,15,19,23,28,40,54.2,80,125,211,461,1,8.16,4.45,3.21,2.43,1.77
,,,,,,,,,,,,,,7,9.73,5.39,3.93,3.03,2.25
,,,,,,,,,,,,,,30,17.4,9.56,6.94,5.31,3.92
,,,,,,,,,,,,,,90,42.3,19.7,13.2,9.44,6.47
December–February,41,60,80,95,110,130,143,180,225,290,395,600,"1,100",1,67.6,43.3,33.3,26.4,19.9
,,,,,,,,,,,,,,7,80,51,39.4,31.5,24.1
,,,,,,,,,,,,,,30,176,108,84.2,68.4,54.2
,,,,,,,,,,,,,,90,450,352,309,277,244
September–November,4.6,6.85,10.6,14,18.4,24,30,44.7,69.7,108,171,292,560,1,10.4,5.03,3.42,2.47,1.71
,,,,,,,,,,,,,,7,12.5,6.07,4.22,3.15,2.28
,,,,,,,,,,,,,,30,39.5,15.2,9.31,6.23,3.98
,,,,,,,,,,,,,,90,199,89.3,52.4,31.7,16.8
"412141081412100—West Creek at Pleasant Valley Road near Parma OH—Statistics based on water years: 2010–2020
Harmonic mean flow: 0.22 ft3/s—Average streamflow: 2.54 ft3/s—Minimum daily streamflow: 0.00 ft3/s",,,,,,,,,,,,,,,,,,,
April–March,0.03,0.07,0.11,0.14,0.18,0.23,0.27,0.4,0.59,0.88,1.4,2.7,6.65,1,0.03,0.01,0,0,0
,,,,,,,,,,,,,,7,0.05,0.02,0.02,0.01,0.01
,,,,,,,,,,,,,,30,0.39,0.2,0.14,0.1,0.07
,,,,,,,,,,,,,,90,0.89,0.58,0.48,0.42,0.36
May–November,0.02,0.04,0.08,0.11,0.13,0.15,0.18,0.27,0.39,0.6,1.07,2.17,5.32,1,0.03,0.01,0,0,0
,,,,,,,,,,,,,,7,0.06,0.02,0.02,0.01,0.01
,,,,,,,,,,,,,,30,0.45,0.22,0.15,0.1,0.07
,,,,,,,,,,,,,,90,0.97,0.67,0.56,0.5,0.44
December–February,0.1,0.13,0.19,0.25,0.29,0.33,0.39,0.54,0.73,1.06,1.64,2.8,7.18,1,0.15,0.1,0.08,0.07,0.06
,,,,,,,,,,,,,,7,0.23,0.13,0.09,0.07,0.05
,,,,,,,,,,,,,,30,1.08,0.66,0.5,0.39,0.29
,,,,,,,,,,,,,,90,2.69,2.13,1.82,1.57,1.3
September–November,0.01,0.03,0.06,0.1,0.12,0.15,0.17,0.25,0.35,0.6,0.98,2.11,5.14,1,0.06,0.02,0,0,0
,,,,,,,,,,,,,,7,0.1,0.04,0.02,0.01,0.01
,,,,,,,,,,,,,,30,0.76,0.32,0.18,0.1,0.05
,,,,,,,,,,,,,,90,1.93,1.13,0.85,0.67,0.51
"412325081415500—West Creek at Ridgewood Road at Parma OH—Statistics based on water years: 2010–2020
Harmonic mean flow: 1.31 ft3/s—Average streamflow: 6.87 ft3/s—Minimum daily streamflow: 0.16 ft3/s",,,,,,,,,,,,,,,,,,,
April–March,0.35,0.43,0.54,0.64,0.76,0.9,1.08,1.54,2.11,3.05,4.51,7.54,15.9,1,0.32,0.25,0.21,0.18,0.15
,,,,,,,,,,,,,,7,0.38,0.3,0.27,0.25,0.24
,,,,,,,,,,,,,,30,1,0.67,0.57,0.5,0.45
,,,,,,,,,,,,,,90,2.17,1.43,1.21,1.08,0.97
May–November,0.31,0.39,0.46,0.53,0.6,0.68,0.78,1.01,1.41,2.04,3.19,5.63,14,1,0.31,0.22,0.18,0.16,0.13
,,,,,,,,,,,,,,7,0.36,0.27,0.23,0.2,0.17
,,,,,,,,,,,,,,30,1.08,0.72,0.59,0.51,0.43
,,,,,,,,,,,,,,90,2.31,1.6,1.38,1.26,1.16
December–February,0.48,0.66,0.78,1,1.26,1.48,1.68,2.11,2.82,3.6,4.93,7.09,15.1,1,0.6,0.39,0.31,0.26,0.22
,,,,,,,,,,,,,,7,0.99,0.62,0.47,0.37,0.28
,,,,,,,,,,,,,,30,3.14,2.08,1.65,1.36,1.08
,,,,,,,,,,,,,,90,6.73,5.04,4.27,3.7,3.12
September–November,0.27,0.35,0.42,0.48,0.54,0.61,0.68,0.93,1.17,1.62,2.56,4.61,12.4,1,0.33,0.24,0.2,0.17,0.14
,,,,,,,,,,,,,,7,0.42,0.29,0.23,0.2,0.16
,,,,,,,,,,,,,,30,1.56,0.86,0.63,0.48,0.36
,,,,,,,,,,,,,,90,4.41,2.64,2.06,1.7,1.39
