{
  "type": "FeatureCollection",
  "bosc:provenance": {
    "subject": "Project Klondike data-center campus land assemblage \u2014 the three Miami County parcels held by J5 LLC (dba Shaytura LLC), the disclosed developer of record, in the Piqua I-75 Business & Industrial Park (north of Farrington Rd, east of Washington Rd), Piqua, Miami County OH (FIPS 39109). ~607.8 ac; facility #1482, places #1483.",
    "source": "Miami County, Ohio ArcGIS Online org (MiamiCountyOhio, wCWf4EGMg4PzHwzA) \u2014 parcel_joined FeatureServer layer 0 (auditor CAMA + geometry)",
    "source_url": "https://services3.arcgis.com/wCWf4EGMg4PzHwzA/arcgis/rest/services/parcel_joined/FeatureServer/0",
    "crs": "EPSG:4326 (WGS84)",
    "count": 3,
    "distinct_parcels": 3,
    "parcel_ids": [
      "N44-101770",
      "N44-101834",
      "N44-101846"
    ],
    "owner_of_record": "J5 LLC (dba Shaytura LLC); mailing 52 E GAY ST COLUMBUS OH 43215",
    "total_cama_acres": 607.842,
    "caveats": [
      "[verified] Owner-of-record, acreage (PPAcres), land use, market value, and sale date/amount are verbatim from the Miami County auditor CAMA (parcel_joined layer 0); null means the service had no value.",
      "Assembly membership = the three parcels currently deeded to J5 LLC (the disclosed developer of record; City of Piqua project page piquaoh.gov/1673). Two of the three (N44-101834, N44-101846) carry the same 2025-12-24 conveyance for $62,234,725; N44-101770 has no sale date/amount on the layer (acquired separately or unposted) \u2014 [open], verify against the recorder deed.",
      "Class code is 101 ('cash-grain / general farm') on all three: the tract is still assessed AGRICULTURAL (recently-purchased farmland, not yet reclassified) \u2014 a CAUV flag (has_cauv) rides on each. This is the pre-construction assessment, not the data-center use.",
      "split_lineage is the auditor SMDA# split/merge note (all three trace to the M40-WA022 Washington-Twp parent-parcel series); it is the trail that ties the assemblage together and was how the campus parcels were identified.",
      "ACREAGE RECONCILIATION (resolves the issue's ~1,026 vs ~1,200 ac question \u2014 the auditor pull shows these are NESTED SCOPES, not a missing fourth parcel): (a) the J5-owned data-center campus = 607.842 ac [verified, this file]; (b) an adjacent 93.105-ac parcel (N44-101772, 2332 W Farrington Rd) is held by 'J3 DEVELOPMENT LLC' \u2014 SAME M40-WA022 split lineage, different mailing (Cincinnati, not J5's Columbus), so common control is [inference] only; it is a lead, NOT committed here (see README / data-centers.md); (c) the full M40-WA022 split-parent series = 7 parcels / 963.794 ac, of which 262.847 ac stays farm-owned in Washington Twp (Hines, Holfinger x2) [verified lineage]; (d) the City page's ~1,026-ac and ~1,200-ac figures describe the cumulative ANNEXATION record (2022-2025) and the whole I-75 Exit 78 Business & Industrial Park respectively \u2014 both LARGER scopes than the developer-owned campus. The campus (owner of record) is ~608 ac, not 1,026 or 1,200.",
      "Right-state guard: Miami County OHIO (FIPS 39109), owner mailing Columbus OH, situs Piqua OH 45356, WKID 3735 (NAD83 Ohio South ftUS) reprojected to 4326.",
      "Regenerable: WATERMARK_SITE=troy-piqua `watermark parcels --owner 'J5 LLC' --geojson data/reference/troy-piqua/parcel-assemblage.geojson` pulls the geometry + base props (parcel_id/owner/situs/mailing/transfer_date) via the miami_gis connector; the full CAMA attributes + this provenance are added per the recipe in data/reference/troy-piqua/README.md (2026-07-13 auditor vintage)."
    ]
  },
  "features": [
    {
      "type": "Feature",
      "geometry": {
        "type": "Polygon",
        "coordinates": [
          [
            [
              -84.2461043854045,
              40.1196895854163
            ],
            [
              -84.2461131134358,
              40.1181816499152
            ],
            [
              -84.2447317839049,
              40.1182051850557
            ],
            [
              -84.2440695970814,
              40.1155534612634
            ],
            [
              -84.2440715302559,
              40.1155534269143
            ],
            [
              -84.2428384667642,
              40.1107743888983
            ],
            [
              -84.242838443408,
              40.1107743023322
            ],
            [
              -84.241620567733,
              40.1056509973393
            ],
            [
              -84.2447454724331,
              40.1057820130457
            ],
            [
              -84.2457744863029,
              40.1058251336232
            ],
            [
              -84.2457780068004,
              40.1058252586722
            ],
            [
              -84.2457815272981,
              40.1058253830339
            ],
            [
              -84.245785048694,
              40.1058255053345
            ],
            [
              -84.2457885700899,
              40.1058256255738
            ],
            [
              -84.2457920905875,
              40.1058257465002
            ],
            [
              -84.2457956119834,
              40.1058258646783
            ],
            [
              -84.2457991333793,
              40.1058259814821
            ],
            [
              -84.2458026547752,
              40.105826097599
            ],
            [
              -84.2458061752728,
              40.1058262123416
            ],
            [
              -84.245809697567,
              40.1058263243359
            ],
            [
              -84.2458132198613,
              40.1058264363302
            ],
            [
              -84.2458167403589,
              40.1058265469503
            ],
            [
              -84.2458202626532,
              40.1058266561964
            ],
            [
              -84.245823784049,
              40.1058267633812
            ],
            [
              -84.2458273063433,
              40.1058268691917
            ],
            [
              -84.2458308277392,
              40.1058269750024
            ],
            [
              -84.2458343509317,
              40.1058270780646
            ],
            [
              -84.2458378723276,
              40.1058271797527
            ],
            [
              -84.2458413946219,
              40.1058272807537
            ],
            [
              -84.2458449169161,
              40.1058273796934
            ],
            [
              -84.2458484392103,
              40.1058274779461
            ],
            [
              -84.2458519615046,
              40.1058275755117
            ],
            [
              -84.2458554829005,
              40.1058276696419
            ],
            [
              -84.245859006093,
              40.1058277644592
            ],
            [
              -84.2458625283872,
              40.1058278558411
            ],
            [
              -84.2458660515798,
              40.1058279479101
            ],
            [
              -84.2458695738741,
              40.1058280379177
            ],
            [
              -84.2458730961682,
              40.1058281258642
            ],
            [
              -84.2458766184624,
              40.1058282124365
            ],
            [
              -84.2458801425533,
              40.1058282990088
            ],
            [
              -84.2458836648476,
              40.1058283828328
            ],
            [
              -84.2458871871418,
              40.1058284666567
            ],
            [
              -84.2458907112327,
              40.1058285470453
            ],
            [
              -84.2458942344252,
              40.1058286274339
            ],
            [
              -84.2458977567194,
              40.1058287064482
            ],
            [
              -84.2459012808103,
              40.1058287840885
            ],
            [
              -84.2459048040028,
              40.1058288603545
            ],
            [
              -84.2459083271954,
              40.1058289352465
            ],
            [
              -84.2459118494896,
              40.1058290080771
            ],
            [
              -84.2459153726821,
              40.1058290809078
            ],
            [
              -84.2459188976713,
              40.1058291509902
            ],
            [
              -84.2459224208638,
              40.1058292203854
            ],
            [
              -84.2459259440564,
              40.1058292890935
            ],
            [
              -84.245929467249,
              40.1058293557405
            ],
            [
              -84.2459329904415,
              40.1058294203262
            ],
            [
              -84.2459365145324,
              40.1058294842248
            ],
            [
              -84.2459400377249,
              40.1058295460621
            ],
            [
              -84.2459435618157,
              40.1058296072123
            ],
            [
              -84.2459470850083,
              40.1058296676756
            ],
            [
              -84.2459506090992,
              40.1058297260775
            ],
            [
              -84.24595413319,
              40.1058297824182
            ],
            [
              -84.2459576572809,
              40.105829838759
            ],
            [
              -84.2459611813717,
              40.1058298923513
            ],
            [
              -84.245964703666,
              40.1058299452566
            ],
            [
              -84.2459682277568,
              40.1058299967877
            ],
            [
              -84.2459717518477,
              40.1058300469447
            ],
            [
              -84.2459752759386,
              40.1058300957275
            ],
            [
              -84.2459788009277,
              40.1058301431362
            ],
            [
              -84.2459823250186,
              40.1058301898576
            ],
            [
              -84.2459858491095,
              40.1058302338309
            ],
            [
              -84.245989372302,
              40.1058302771171
            ],
            [
              -84.2459928972912,
              40.1058303197161
            ],
            [
              -84.2459964213821,
              40.1058303602539
            ],
            [
              -84.2459999463712,
              40.1058303994176
            ],
            [
              -84.2460034695638,
              40.1058304372071
            ],
            [
              -84.2460069945529,
              40.1058304743095
            ],
            [
              -84.2460105177455,
              40.1058305093507
            ],
            [
              -84.2460140427346,
              40.1058305423306
            ],
            [
              -84.2460175677238,
              40.1058305753105
            ],
            [
              -84.2460210909164,
              40.1058306062292
            ],
            [
              -84.2460246159056,
              40.1058306357737
            ],
            [
              -84.2460281399964,
              40.1058306646312
            ],
            [
              -84.2460316649856,
              40.1058306914273
            ],
            [
              -84.2460351890764,
              40.1058307168493
            ],
            [
              -84.2460387140656,
              40.1058307408972
            ],
            [
              -84.2460422381564,
              40.105830764258
            ],
            [
              -84.2460457622473,
              40.1058307855576
            ],
            [
              -84.2460492872365,
              40.1058308054829
            ],
            [
              -84.2460528113273,
              40.1058308240342
            ],
            [
              -84.2460563354182,
              40.1058308412111
            ],
            [
              -84.246059859509,
              40.1058308577011
            ],
            [
              -84.2460633853966,
              40.1058308714427
            ],
            [
              -84.2460669094874,
              40.1058308851844
            ],
            [
              -84.2460704335783,
              40.1058308975518
            ],
            [
              -84.2460739585675,
              40.1058309071709
            ],
            [
              -84.2460774826583,
              40.1058309174772
            ],
            [
              -84.2460810067492,
              40.1058309243481
            ],
            [
              -84.2460845326367,
              40.1058309312188
            ],
            [
              -84.2460880558292,
              40.1058309360284
            ],
            [
              -84.2460915817167,
              40.1058309401509
            ],
            [
              -84.2460951067059,
              40.1058309422122
            ],
            [
              -84.2460986307967,
              40.1058309435863
            ],
            [
              -84.2461021557859,
              40.1058309428993
            ],
            [
              -84.2461056789784,
              40.1058309408379
            ],
            [
              -84.2461092039676,
              40.1058309380896
            ],
            [
              -84.2461127289568,
              40.1058309332801
            ],
            [
              -84.246116253946,
              40.1058309277834
            ],
            [
              -84.2461197780368,
              40.1058309209127
            ],
            [
              -84.2461233021277,
              40.1058309112935
            ],
            [
              -84.2461268271169,
              40.1058309016743
            ],
            [
              -84.2461303521061,
              40.1058308906811
            ],
            [
              -84.2461338770952,
              40.1058308776265
            ],
            [
              -84.2461374002878,
              40.1058308631977
            ],
            [
              -84.2461409252769,
              40.1058308480819
            ],
            [
              -84.2461444493678,
              40.105830831592
            ],
            [
              -84.246147974357,
              40.1058308137278
            ],
            [
              -84.2461514984478,
              40.1058307938026
            ],
            [
              -84.246155023437,
              40.105830772503
            ],
            [
              -84.2461585475279,
              40.1058307498292
            ],
            [
              -84.246162072517,
              40.1058307264685
            ],
            [
              -84.2461655966079,
              40.1058307024207
            ],
            [
              -84.2461691206988,
              40.1058306749374
            ],
            [
              -84.2461726456879,
              40.1058306481411
            ],
            [
              -84.2461761697788,
              40.1058306179096
            ],
            [
              -84.2461796938696,
              40.1058305883651
            ],
            [
              -84.2461832179605,
              40.1058305567593
            ],
            [
              -84.246186743848,
              40.1058305230923
            ],
            [
              -84.2461902679389,
              40.1058304880512
            ],
            [
              -84.2461937920298,
              40.10583045301
            ],
            [
              -84.2461973161206,
              40.1058304152205
            ],
            [
              -84.2462008402115,
              40.1058303767439
            ],
            [
              -84.2462043643023,
              40.1058303362061
            ],
            [
              -84.2462078883932,
              40.1058302949812
            ],
            [
              -84.2462114115857,
              40.1058302523821
            ],
            [
              -84.2462149374732,
              40.1058302084088
            ],
            [
              -84.2462184606657,
              40.1058301630615
            ],
            [
              -84.2462219847566,
              40.10583011634
            ],
            [
              -84.2462255088475,
              40.1058300675572
            ],
            [
              -84.24622903204,
              40.1058300180872
            ],
            [
              -84.2462325561308,
              40.1058299672432
            ],
            [
              -84.24623608112,
              40.105829915025
            ],
            [
              -84.2462396052109,
              40.1058298607455
            ],
            [
              -84.2462431284035,
              40.105829805779
            ],
            [
              -84.2462466524943,
              40.1058297494384
            ],
            [
              -84.2462501756869,
              40.1058296910363
            ],
            [
              -84.2462536988794,
              40.1058296326344
            ],
            [
              -84.2462572238686,
              40.1058295721712
            ],
            [
              -84.2462607470611,
              40.1058295096468
            ],
            [
              -84.246264271152,
              40.1058294464353
            ],
            [
              -84.2462677943445,
              40.1058293818496
            ],
            [
              -84.2462713175371,
              40.1058293158898
            ],
            [
              -84.2462748407296,
              40.1058292485557
            ],
            [
              -84.2462783639221,
              40.1058291798475
            ],
            [
              -84.2462818889113,
              40.1058291090781
            ],
            [
              -84.2462854121038,
              40.1058290383087
            ],
            [
              -84.2462889352964,
              40.1058289647911
            ],
            [
              -84.246292458489,
              40.1058288912733
            ],
            [
              -84.2462959816815,
              40.1058288156943
            ],
            [
              -84.246299504874,
              40.1058287387411
            ],
            [
              -84.2463030280666,
              40.1058286604138
            ],
            [
              -84.2463065503608,
              40.1058285807124
            ],
            [
              -84.2463100735534,
              40.1058284996367
            ],
            [
              -84.2463135967459,
              40.1058284171869
            ],
            [
              -84.2463171199384,
              40.1058283340499
            ],
            [
              -84.2463206422327,
              40.1058282481647
            ],
            [
              -84.2463241654252,
              40.1058281615925
            ],
            [
              -84.2463276886178,
              40.1058280743331
            ],
            [
              -84.246331210912,
              40.1058279850125
            ],
            [
              -84.2463347341046,
              40.1058278936306
            ],
            [
              -84.2463382555005,
              40.1058278022488
            ],
            [
              -84.2463417777947,
              40.1058277088056
            ],
            [
              -84.2463453009872,
              40.1058276146754
            ],
            [
              -84.2463488232815,
              40.1058275177969
            ],
            [
              -84.2463523455757,
              40.1058274209184
            ],
            [
              -84.2463558669716,
              40.1058273212916
            ],
            [
              -84.2463593901642,
              40.1058272216647
            ],
            [
              -84.2463629124584,
              40.1058271192895
            ],
            [
              -84.2463664338543,
              40.1058270169143
            ],
            [
              -84.2463699561485,
              40.105826913165
            ],
            [
              -84.2463734784428,
              40.1058268066673
            ],
            [
              -84.2463769998387,
              40.1058267001696
            ],
            [
              -84.2463805221329,
              40.1058265916107
            ],
            [
              -84.2463840426305,
              40.1058264823647
            ],
            [
              -84.2463875649247,
              40.1058263703704
            ],
            [
              -84.2463910863207,
              40.1058262590632
            ],
            [
              -84.2463946068182,
              40.1058261443205
            ],
            [
              -84.2463981291124,
              40.1058260302649
            ],
            [
              -84.2464016505084,
              40.105825912774
            ],
            [
              -84.246405171006,
              40.1058257945959
            ],
            [
              -84.2464086933002,
              40.1058256757307
            ],
            [
              -84.2464122137978,
              40.1058255548043
            ],
            [
              -84.2464157351937,
              40.1058254331909
            ],
            [
              -84.2464192556913,
              40.1058253102033
            ],
            [
              -84.2464227761889,
              40.1058251844673
            ],
            [
              -84.2464262966865,
              40.1058250587313
            ],
            [
              -84.2464298180824,
              40.1058249316211
            ],
            [
              -84.24643333858,
              40.1058248024498
            ],
            [
              -84.2464368590776,
              40.1058246719043
            ],
            [
              -84.2464403795752,
              40.1058245406717
            ],
            [
              -84.2464439000728,
              40.1058244080649
            ],
            [
              -84.2464474205704,
              40.1058242733969
            ],
            [
              -84.246450941068,
              40.1058241373547
            ],
            [
              -84.246454459769,
              40.1058240006254
            ],
            [
              -84.2464579802665,
              40.1058238618349
            ],
            [
              -84.2464615007642,
              40.1058237223573
            ],
            [
              -84.2464650203635,
              40.1058235815056
            ],
            [
              -84.2464685399628,
              40.1058234385926
            ],
            [
              -84.2464720595621,
              40.1058232949924
            ],
            [
              -84.246475578263,
              40.1058231500182
            ],
            [
              -84.2464790987606,
              40.1058230029827
            ],
            [
              -84.2464826174615,
              40.1058228552601
            ],
            [
              -84.2464861361625,
              40.1058227061633
            ],
            [
              -84.2464896557618,
              40.1058225556924
            ],
            [
              -84.2464931753611,
              40.1058224031603
            ],
            [
              -84.2464966940621,
              40.105822249254
            ],
            [
              -84.246500212763,
              40.1058220953477
            ],
            [
              -84.246503731464,
              40.105821938693
            ],
            [
              -84.246507250165,
              40.1058217806642
            ],
            [
              -84.2465107679676,
              40.1058216219483
            ],
            [
              -84.2465142866686,
              40.1058214618583
            ],
            [
              -84.2465178053696,
              40.105821300394
            ],
            [
              -84.2465213240705,
              40.1058211375557
            ],
            [
              -84.2465248409748,
              40.105820972656
            ],
            [
              -84.2465283596758,
              40.1058208077564
            ],
            [
              -84.2465318774785,
              40.1058206401084
            ],
            [
              -84.2465353952811,
              40.1058204717734
            ],
            [
              -84.2465389130838,
              40.1058203027513
            ],
            [
              -84.2465424299881,
              40.1058201316678
            ],
            [
              -84.2465459468925,
              40.1058199585233
            ],
            [
              -84.2465494655934,
              40.1058197846915
            ],
            [
              -84.2465529824978,
              40.1058196087987
            ],
            [
              -84.2465564994021,
              40.1058194322186
            ],
            [
              -84.2465600163064,
              40.1058192549515
            ],
            [
              -84.2465635323125,
              40.1058190756231
            ],
            [
              -84.2465670492168,
              40.1058188949206
            ],
            [
              -84.2465705661211,
              40.105818712844
            ],
            [
              -84.2465740830255,
              40.105818528706
            ],
            [
              -84.2465775990315,
              40.1058183445681
            ],
            [
              -84.2465811159358,
              40.1058181576818
            ],
            [
              -84.2465846319419,
              40.1058179707956
            ],
            [
              -84.2465881470496,
              40.105817781161
            ],
            [
              -84.2465916639539,
              40.1058175915264
            ],
            [
              -84.2465951790616,
              40.1058173991435
            ],
            [
              -84.2465986950677,
              40.1058172067606
            ],
            [
              -84.2466022101753,
              40.1058170123164
            ],
            [
              -84.246605725283,
              40.1058168164982
            ],
            [
              -84.2466092412891,
              40.1058166193056
            ],
            [
              -84.2466127563967,
              40.105816421426
            ],
            [
              -84.2466162706062,
              40.1058162214853
            ],
            [
              -84.2466197857139,
              40.1058160208573
            ],
            [
              -84.2466232999232,
              40.1058158181682
            ],
            [
              -84.2466268150309,
              40.1058156134177
            ],
            [
              -84.2466303292404,
              40.1058154079803
            ],
            [
              -84.246633844348,
              40.1058152018558
            ],
            [
              -84.2466373585575,
              40.1058149936699
            ],
            [
              -84.2466408718685,
              40.1058147847971
            ],
            [
              -84.2466443860779,
              40.10581457455
            ],
            [
              -84.246647899389,
              40.1058143615546
            ],
            [
              -84.2466514135984,
              40.1058141485593
            ],
            [
              -84.2466549260112,
              40.1058139341898
            ],
            [
              -84.2466584402206,
              40.1058137177589
            ],
            [
              -84.2466619535317,
              40.1058134999539
            ],
            [
              -84.2466654659444,
              40.1058132807749
            ],
            [
              -84.2466689783572,
              40.1058130602216
            ],
            [
              -84.2466724925666,
              40.1058128389812
            ],
            [
              -84.2466760049793,
              40.1058126163667
            ],
            [
              -84.2466795164937,
              40.105812392378
            ],
            [
              -84.2466830289065,
              40.105812166328
            ],
            [
              -84.2466865413192,
              40.105811939591
            ],
            [
              -84.2466900537321,
              40.1058117107928
            ],
            [
              -84.2466935652465,
              40.1058114813075
            ],
            [
              -84.2479427301412,
              40.1057239477052
            ],
            [
              -84.2479462802832,
              40.1057237821181
            ],
            [
              -84.2479498331202,
              40.1057236130958
            ],
            [
              -84.2479533841605,
              40.1057234413251
            ],
            [
              -84.2479569352008,
              40.105723266119
            ],
            [
              -84.2479604871394,
              40.1057230888517
            ],
            [
              -84.2479640381798,
              40.1057229081488
            ],
            [
              -84.2479675883218,
              40.1057227240107
            ],
            [
              -84.2479711384638,
              40.1057225371241
            ],
            [
              -84.2479746886058,
              40.1057223474893
            ],
            [
              -84.2479782387478,
              40.1057221551061
            ],
            [
              -84.2479817888897,
              40.1057219586004
            ],
            [
              -84.2479853381335,
              40.1057217593465
            ],
            [
              -84.2479888855805,
              40.1057215580311
            ],
            [
              -84.2479924348242,
              40.1057213525934
            ],
            [
              -84.2479959831696,
              40.1057211444073
            ],
            [
              -84.2479995324132,
              40.10572093416
            ],
            [
              -84.2480030798603,
              40.1057207197901
            ],
            [
              -84.2480066264091,
              40.1057205026719
            ],
            [
              -84.2480101738561,
              40.1057202828054
            ],
            [
              -84.2480137204049,
              40.1057200595035
            ],
            [
              -84.2480172669536,
              40.1057198334533
            ],
            [
              -84.2480208135024,
              40.1057196039677
            ],
            [
              -84.2480243591528,
              40.1057193724208
            ],
            [
              -84.2480279057015,
              40.1057191367513
            ],
            [
              -84.2480314504536,
              40.1057188990206
            ],
            [
              -84.2480349952058,
              40.1057186571675
            ],
            [
              -84.2480385399579,
              40.1057184139402
            ],
            [
              -84.2480420829134,
              40.1057181665904
            ],
            [
              -84.2480456276654,
              40.1057179158051
            ],
            [
              -84.248049170621,
              40.1057176629587
            ],
            [
              -84.2480527144747,
              40.1057174066767
            ],
            [
              -84.2480562556336,
              40.1057171469594
            ],
            [
              -84.2480597994874,
              40.1057168851809
            ],
            [
              -84.2480633406462,
              40.1057166199669
            ],
            [
              -84.248066881805,
              40.1057163513175
            ],
            [
              -84.2480704229639,
              40.1057160806069
            ],
            [
              -84.2480739632244,
              40.1057158057737
            ],
            [
              -84.248077503485,
              40.1057155288793
            ],
            [
              -84.2480810437456,
              40.1057152478625
            ],
            [
              -84.2480845831077,
              40.1057149647843
            ],
            [
              -84.2480881233683,
              40.1057146782707
            ],
            [
              -84.2480916609339,
              40.1057143896959
            ],
            [
              -84.2480951993978,
              40.1057140963116
            ],
            [
              -84.2480987369634,
              40.105713801553
            ],
            [
              -84.2481022745289,
              40.105713502672
            ],
            [
              -84.2481058120945,
              40.1057132017296
            ],
            [
              -84.2481093478635,
              40.1057128966648
            ],
            [
              -84.2481128845307,
              40.1057125895388
            ],
            [
              -84.2481164202997,
              40.1057122789773
            ],
            [
              -84.2481199560686,
              40.1057119656675
            ],
            [
              -84.2481234909393,
              40.1057116489223
            ],
            [
              -84.2481270240134,
              40.1057113301158
            ],
            [
              -84.248130558884,
              40.1057110071868
            ],
            [
              -84.248134091958,
              40.1057106815096
            ],
            [
              -84.248137625032,
              40.105710353771
            ],
            [
              -84.2481411572077,
              40.1057100219099
            ],
            [
              -84.2481446884851,
              40.1057096873006
            ],
            [
              -84.2481482206608,
              40.1057093499429
            ],
            [
              -84.2481517510399,
              40.1057090091497
            ],
            [
              -84.2481552814189,
              40.1057086656083
            ],
            [
              -84.248158811798,
              40.1057083186313
            ],
            [
              -84.2481623412788,
              40.1057079702803
            ],
            [
              -84.2481658698611,
              40.1057076164326
            ],
            [
              -84.248169399342,
              40.1057072618978
            ],
            [
              -84.248172927026,
              40.1057069032405
            ],
            [
              -84.2481764547101,
              40.1057065418349
            ],
            [
              -84.2481799805976,
              40.105706177681
            ],
            [
              -84.2481835073835,
              40.1057058094045
            ],
            [
              -84.2481870332709,
              40.1057054390667
            ],
            [
              -84.2481905582601,
              40.1057050652936
            ],
            [
              -84.2481940832493,
              40.1057046887721
            ],
            [
              -84.2481976073402,
              40.1057043095024
            ],
            [
              -84.2482011323293,
              40.1057039274842
            ],
            [
              -84.2482046546235,
              40.1057035413436
            ],
            [
              -84.2482081769178,
              40.1057031531417
            ],
            [
              -84.248211699212,
              40.1057027615043
            ],
            [
              -84.2482152206079,
              40.1057023664317
            ],
            [
              -84.2482187420039,
              40.1057019692977
            ],
            [
              -84.2482222616032,
              40.1057015694154
            ],
            [
              -84.2482257812024,
              40.1057011654106
            ],
            [
              -84.2482293008017,
              40.1057007586575
            ],
            [
              -84.2482328186043,
              40.1057003491559
            ],
            [
              -84.248236336407,
              40.1056999369061
            ],
            [
              -84.2482398542096,
              40.1056995212209
            ],
            [
              -84.2482433702157,
              40.1056991027874
            ],
            [
              -84.24824688712,
              40.1056986816054
            ],
            [
              -84.248250403126,
              40.1056982569882
            ],
            [
              -84.2482539173354,
              40.1056978296225
            ],
            [
              -84.2482574315448,
              40.1056973988214
            ],
            [
              -84.2482609457542,
              40.1056969659591
            ],
            [
              -84.2482644581669,
              40.1056965289743
            ],
            [
              -84.248267971478,
              40.1056960906154
            ],
            [
              -84.2482714829925,
              40.1056956474467
            ],
            [
              -84.2482749936086,
              40.1056952022169
            ],
            [
              -84.2482785042247,
              40.1056947535517
            ],
            [
              -84.2482820139426,
              40.1056943028252
            ],
            [
              -84.2482855236604,
              40.1056938479762
            ],
            [
              -84.2482890324799,
              40.1056933910659
            ],
            [
              -84.2482925395027,
              40.1056929307203
            ],
            [
              -84.2482960474239,
              40.1056924669391
            ],
            [
              -84.2482995535485,
              40.1056920004097
            ],
            [
              -84.248303059673,
              40.1056915311319
            ],
            [
              -84.2483065648993,
              40.1056910597929
            ],
            [
              -84.2483100692272,
              40.1056905843314
            ],
            [
              -84.2483135726568,
              40.1056901061216
            ],
            [
              -84.2483170751881,
              40.1056896251635
            ],
            [
              -84.2483205786177,
              40.1056891407699
            ],
            [
              -84.2483240793524,
              40.1056886536279
            ],
            [
              -84.2483275809854,
              40.1056881637376
            ],
            [
              -84.24833108172,
              40.1056876704119
            ],
            [
              -84.2483345815563,
              40.1056871743378
            ],
            [
              -84.2483380795961,
              40.1056866755155
            ],
            [
              -84.2483415776358,
              40.1056861732577
            ],
            [
              -84.2483450747772,
              40.1056856675645
            ],
            [
              -84.2483485719186,
              40.10568515981
            ],
            [
              -84.2483520672634,
              40.1056846493073
            ],
            [
              -84.2483555635064,
              40.105684135369
            ],
            [
              -84.2483590579529,
              40.1056836186825
            ],
            [
              -84.2483625506027,
              40.1056830985605
            ],
            [
              -84.2483660441509,
              40.1056825756903
            ],
            [
              -84.2483695368007,
              40.1056820493845
            ],
            [
              -84.2483730276539,
              40.1056815210175
            ],
            [
              -84.2483765176088,
              40.1056809892151
            ],
            [
              -84.248380008462,
              40.1056804546644
            ],
            [
              -84.2483834975185,
              40.1056799173653
            ],
            [
              -84.2483869856768,
              40.1056793759437
            ],
            [
              -84.248390473835,
              40.1056788324608
            ],
            [
              -84.2483939601967,
              40.1056782862297
            ],
            [
              -84.2483974465583,
              40.1056777372502
            ],
            [
              -84.2484009320216,
              40.1056771841482
            ],
            [
              -84.2484044156882,
              40.105676628985
            ],
            [
              -84.2484079002532,
              40.1056760703862
            ],
            [
              -84.2484113830216,
              40.1056755083522
            ],
            [
              -84.2484148639933,
              40.1056749442568
            ],
            [
              -84.2484183458634,
              40.105674377413
            ],
            [
              -84.2484218259368,
              40.1056738064468
            ],
            [
              -84.2484253060102,
              40.1056732334194
            ],
            [
              -84.2484287842869,
              40.1056726576436
            ],
            [
              -84.2484322616654,
              40.1056720777453
            ],
            [
              -84.2484357381456,
              40.1056714957858
            ],
            [
              -84.2484392146257,
              40.1056709103907
            ],
            [
              -84.2484426911058,
              40.1056703229346
            ],
            [
              -84.2484461648911,
              40.1056697320429
            ],
            [
              -84.2484496386763,
              40.1056691377158
            ],
            [
              -84.2484531106648,
              40.1056685413274
            ],
            [
              -84.2484565835517,
              40.1056679408166
            ],
            [
              -84.248460054642,
              40.1056673382445
            ],
            [
              -84.2484635239356,
              40.105666732924
            ],
            [
              -84.2484669941276,
              40.1056661234812
            ],
            [
              -84.2484704625229,
              40.1056655119769
            ],
            [
              -84.2484739300199,
              40.1056648970373
            ],
            [
              -84.2484773957202,
              40.1056642800364
            ],
            [
              -84.2484808614206,
              40.105663658913
            ],
            [
              -84.2484843262227,
              40.1056630357285
            ],
            [
              -84.2484877901264,
              40.1056624091084
            ],
            [
              -84.2484912531318,
              40.10566177974
            ],
            [
              -84.2484947152389,
              40.1056611483103
            ],
            [
              -84.2484981764477,
              40.1056605127582
            ],
            [
              -84.2485016376565,
              40.1056598737706
            ],
            [
              -84.2485050970687,
              40.1056592327218
            ],
            [
              -84.2485085555825,
              40.1056585896116
            ],
            [
              -84.2485120122997,
              40.105657941692
            ],
            [
              -84.2485154699153,
              40.1056572923981
            ],
            [
              -84.2485189248358,
              40.1056566389817
            ],
            [
              -84.2485223797564,
              40.1056559835041
            ],
            [
              -84.2485258328804,
              40.105655323904
            ],
            [
              -84.2485292860043,
              40.1056546629298
            ],
            [
              -84.2485327382299,
              40.1056539978329
            ],
            [
              -84.2485361886589,
              40.1056533306749
            ],
            [
              -84.2485396381896,
              40.1056526593943
            ],
            [
              -84.2485430877203,
              40.1056519867396
            ],
            [
              -84.2485465363527,
              40.1056513106494
            ],
            [
              -84.2485499831885,
              40.1056506304367
            ],
            [
              -84.2485534282276,
              40.1056499488498
            ],
            [
              -84.2485568732667,
              40.1056492631405
            ],
            [
              -84.2485603174075,
              40.1056485753699
            ],
            [
              -84.24856376065,
              40.1056478834767
            ],
            [
              -84.2485672020958,
              40.1056471902094
            ],
            [
              -84.24857064444,
              40.1056464928196
            ],
            [
              -84.2485740831909,
              40.1056457933686
            ],
            [
              -84.2485775228401,
              40.105645089795
            ],
            [
              -84.2485809606927,
              40.1056443848472
            ],
            [
              -84.248584397647,
              40.1056436764641
            ],
            [
              -84.2485878337029,
              40.1056429639584
            ],
            [
              -84.2485912679623,
              40.1056422500785
            ],
            [
              -84.2485947022216,
              40.1056415327632
            ],
            [
              -84.2485981355827,
              40.1056408120126
            ],
            [
              -84.248601567147,
              40.1056400892006
            ],
            [
              -84.2486049978131,
              40.1056393622661
            ],
            [
              -84.2486084266825,
              40.1056386339575
            ],
            [
              -84.2486118564503,
              40.1056379022133
            ],
            [
              -84.2486152844214,
              40.1056371663467
            ],
            [
              -84.2486187105959,
              40.105636429106
            ],
            [
              -84.2486221358721,
              40.1056356884298
            ],
            [
              -84.24862556025,
              40.1056349450053
            ],
            [
              -84.2486289828311,
              40.1056341981453
            ],
            [
              -84.2486324063107,
              40.105633448537
            ],
            [
              -84.248635826197,
              40.1056326961804
            ],
            [
              -84.2486392469816,
              40.1056319410754
            ],
            [
              -84.2486426659696,
              40.105631182535
            ],
            [
              -84.2486460840592,
              40.1056304212462
            ],
            [
              -84.2486495003523,
              40.1056296578962
            ],
            [
              -84.248652915747,
              40.1056288911107
            ],
            [
              -84.2486563311417,
              40.1056281208899
            ],
            [
              -84.2486597438414,
              40.1056273486077
            ],
            [
              -84.2486631565412,
              40.1056265722031
            ],
            [
              -84.2486665683426,
              40.1056257937372
            ],
            [
              -84.2486699774492,
              40.1056250125229
            ],
            [
              -84.2486733865556,
              40.1056242278733
            ],
            [
              -84.2486767938655,
              40.1056234411623
            ],
            [
              -84.2486802011754,
              40.1056226510159
            ],
            [
              -84.248683607587,
              40.1056218574341
            ],
            [
              -84.2486870113036,
              40.1056210617911
            ],
            [
              -84.2486904141219,
              40.1056202627126
            ],
            [
              -84.2486938169402,
              40.1056194608858
            ],
            [
              -84.2486972170635,
              40.1056186563107
            ],
            [
              -84.2487006171869,
              40.1056178489871
            ],
            [
              -84.2487040155136,
              40.1056170382282
            ],
            [
              -84.248707412942,
              40.1056162254079
            ],
            [
              -84.2487108094721,
              40.1056154098394
            ],
            [
              -84.2487142051039,
              40.1056145894612
            ],
            [
              -84.248717598939,
              40.105613768396
            ],
            [
              -84.2487209918758,
              40.1056129432082
            ],
            [
              -84.2487243830161,
              40.1056121152721
            ],
            [
              -84.2487277732579,
              40.1056112845878
            ],
            [
              -84.2487311626015,
              40.1056104518421
            ],
            [
              -84.2487345501484,
              40.1056096149738
            ],
            [
              -84.248737936797,
              40.1056087753572
            ],
            [
              -84.2487413225473,
              40.1056079336794
            ],
            [
              -84.248744706501,
              40.1056070885662
            ],
            [
              -84.2487480895564,
              40.1056062400174
            ],
            [
              -84.2487514717134,
              40.1056053900946
            ],
            [
              -84.2487548520738,
              40.1056045360491
            ],
            [
              -84.2487582315359,
              40.1056036799425
            ],
            [
              -84.2487616092014,
              40.1056028197134
            ],
            [
              -84.2487649868669,
              40.10560195811
            ],
            [
              -84.2487683627357,
              40.1056010923841
            ],
            [
              -84.2487717368079,
              40.1056002245971
            ],
            [
              -84.2487751090835,
              40.1055993540616
            ],
            [
              -84.2487784813591,
              40.1055984800907
            ],
            [
              -84.2487818527363,
              40.1055976033714
            ],
            [
              -84.2487852214186,
              40.1055967239039
            ],
            [
              -84.2487885892026,
              40.1055958410008
            ],
            [
              -84.2487919560883,
              40.1055949560365
            ],
            [
              -84.2487953211774,
              40.1055940683239
            ],
            [
              -84.2487986853681,
              40.1055931771758
            ],
            [
              -84.2488020486606,
              40.1055922832794
            ],
            [
              -84.2488054101563,
              40.1055913866346
            ],
            [
              -84.2488087707538,
              40.1055904872415
            ],
            [
              -84.2488121295547,
              40.1055895851001
            ],
            [
              -84.2488154874572,
              40.1055886788361
            ],
            [
              -84.2488188444614,
              40.1055877718851
            ],
            [
              -84.248822199669,
              40.1055868608114
            ],
            [
              -84.24882555308,
              40.1055859469895
            ],
            [
              -84.2488289055926,
              40.105585029732
            ],
            [
              -84.2488322572069,
              40.1055841104134
            ],
            [
              -84.2488356061263,
              40.1055831876594
            ],
            [
              -84.248838955944,
              40.1055822628441
            ],
            [
              -84.2488423021685,
              40.1055813345933
            ],
            [
              -84.2488456483929,
              40.1055804035942
            ],
            [
              -84.2488489919223,
              40.1055794698467
            ],
            [
              -84.2488523354518,
              40.1055785333509
            ],
            [
              -84.2488556771847,
              40.1055775941067
            ],
            [
              -84.2488590180192,
              40.1055766514271
            ],
            [
              -84.2488623570571,
              40.1055757066863
            ],
            [
              -84.2488656951968,
              40.1055747585099
            ],
            [
              -84.2488690306414,
              40.1055738075852
            ],
            [
              -84.248872366086,
              40.1055728532251
            ],
            [
              -84.2488756997341,
              40.105571897491
            ],
            [
              -84.2488790315854,
              40.1055709383212
            ],
            [
              -84.2488823616402,
              40.105569975716
            ],
            [
              -84.2488856916949,
              40.1055690110497
            ],
            [
              -84.2488890199531,
              40.1055680436349
            ],
            [
              -84.2488923464146,
              40.1055670727847
            ],
            [
              -84.2488956719778,
              40.1055660991862
            ],
            [
              -84.2488989957443,
              40.1055651228393
            ],
            [
              -84.2489023177142,
              40.105564143744
            ],
            [
              -84.2489056396841,
              40.1055631619005
            ],
            [
              -84.2489089589591,
              40.1055621766213
            ],
            [
              -84.2489122773358,
              40.105561188594
            ],
            [
              -84.2489155930175,
              40.1055601991924
            ],
            [
              -84.2489189086993,
              40.1055592056683
            ],
            [
              -84.2489222225843,
              40.1055582093958
            ],
            [
              -84.2489255346728,
              40.105557210375
            ],
            [
              -84.2489288467612,
              40.105556208606
            ],
            [
              -84.2489321552564,
              40.1055552040884
            ],
            [
              -84.2489354637516,
              40.1055541968226
            ],
            [
              -84.2489387704501,
              40.1055531868084
            ],
            [
              -84.2489420753521,
              40.1055521740458
            ],
            [
              -84.2489453793557,
              40.1055511578478
            ],
            [
              -84.2489486815627,
              40.1055501389015
            ],
            [
              -84.248951981973,
              40.1055491178939
            ],
            [
              -84.2489552805868,
              40.1055480934507
            ],
            [
              -84.2489585792005,
              40.1055470669465
            ],
            [
              -84.2489618751192,
              40.1055460370067
            ],
            [
              -84.2489651701397,
              40.1055450043185
            ],
            [
              -84.2489684642619,
              40.105543968882
            ],
            [
              -84.2489717547908,
              40.1055429300102
            ],
            [
              -84.248975046218,
              40.105541889764
            ],
            [
              -84.2489783349502,
              40.1055408453954
            ],
            [
              -84.2489816227841,
              40.1055397989656
            ],
            [
              -84.2489849079231,
              40.1055387497873
            ],
            [
              -84.2489881921638,
              40.1055376971736
            ],
            [
              -84.2489914755062,
              40.1055366424986
            ],
            [
              -84.2489947561536,
              40.1055355843882
            ],
            [
              -84.2489980350044,
              40.1055345235294
            ],
            [
              -84.2490013138551,
              40.1055334606095
            ],
            [
              -84.2490045909093,
              40.1055323949411
            ],
            [
              -84.2490078661669,
              40.1055313251501
            ],
            [
              -84.2490111396278,
              40.105530253298
            ],
            [
              -84.249014411292,
              40.1055291786975
            ],
            [
              -84.2490176811596,
              40.1055281013486
            ],
            [
              -84.249020950129,
              40.1055270212513
            ],
            [
              -84.2490242182,
              40.1055259390928
            ],
            [
              -84.249027483576,
              40.1055248534989
            ],
            [
              -84.2490307480538,
              40.1055237644695
            ],
            [
              -84.2490340107349,
              40.1055226726918
            ],
            [
              -84.2490372725177,
              40.1055215795398
            ],
            [
              -84.2490405316055,
              40.1055204822653
            ],
            [
              -84.2490437897951,
              40.1055193829296
            ],
            [
              -84.2490470452896,
              40.1055182808455
            ],
            [
              -84.2490503007843,
              40.1055171753259
            ],
            [
              -84.2490535535839,
              40.1055160677451
            ],
            [
              -84.2490568045869,
              40.105514957416
            ],
            [
              -84.2490600546916,
              40.1055138436514
            ],
            [
              -84.2490633029996,
              40.1055127278255
            ],
            [
              -84.2490665504094,
              40.1055116085641
            ],
            [
              -84.2490697951242,
              40.1055104872416
            ],
            [
              -84.2490730380424,
              40.1055093624836
            ],
            [
              -84.2490762800623,
              40.1055082356642
            ],
            [
              -84.2490795211838,
              40.1055071054095
            ],
            [
              -84.2490827596104,
              40.1055059730934
            ],
            [
              -84.2490859962404,
              40.1055048373419
            ],
            [
              -84.2490892310737,
              40.1055036995292
            ],
            [
              -84.2490924641104,
              40.105502558968
            ],
            [
              -84.2490956971472,
              40.1055014142845
            ],
            [
              -84.2490989274889,
              40.1055002682266
            ],
            [
              -84.249102156034,
              40.1054991187333
            ],
            [
              -84.2491053836808,
              40.1054979671787
            ],
            [
              -84.2491086086328,
              40.1054968121888
            ],
            [
              -84.2491118326863,
              40.1054956544504
            ],
            [
              -84.2491150549432,
              40.1054944946508
            ],
            [
              -84.2491182745052,
              40.1054933321027
            ],
            [
              -84.2491214931688,
              40.1054921661194
            ],
            [
              -84.2491247100359,
              40.1054909980747
            ],
            [
              -84.2491279260046,
              40.1054898265945
            ],
            [
              -84.2491311392784,
              40.1054886530531
            ],
            [
              -84.2491343516538,
              40.1054874753891
            ],
            [
              -84.2491375613343,
              40.105486296351
            ],
            [
              -84.2491407692182,
              40.1054851145645
            ],
            [
              -84.2491439762037,
              40.1054839300296
            ],
            [
              -84.2500194599066,
              40.1051591406445
            ],
            [
              -84.2500982547335,
              40.1051299091458
            ],
            [
              -84.2501013925487,
              40.1051287445304
            ],
            [
              -84.2501045321607,
              40.1051275819761
            ],
            [
              -84.2501076717726,
              40.1051264201089
            ],
            [
              -84.2501108122828,
              40.105125259616
            ],
            [
              -84.2501139536914,
              40.1051241011842
            ],
            [
              -84.2501170950999,
              40.1051229434395
            ],
            [
              -84.2501202383051,
              40.105121787756
            ],
            [
              -84.2501233824086,
              40.1051206327597
            ],
            [
              -84.2501265274104,
              40.1051194791374
            ],
            [
              -84.2501296724122,
              40.1051183268894
            ],
            [
              -84.2501328192106,
              40.1051171760154
            ],
            [
              -84.2501359651107,
              40.1051160265157
            ],
            [
              -84.2501391137059,
              40.105114877703
            ],
            [
              -84.2501422631992,
              40.1051137309516
            ],
            [
              -84.2501454117943,
              40.1051125862614
            ],
            [
              -84.2501485630843,
              40.1051114415712
            ],
            [
              -84.2501517143743,
              40.1051102989422
            ],
            [
              -84.2501548656643,
              40.1051091576874
            ],
            [
              -84.2501580196493,
              40.1051080171198
            ],
            [
              -84.2501611727359,
              40.1051068786132
            ],
            [
              -84.2501643267209,
              40.1051057407938
            ],
            [
              -84.2501674816042,
              40.1051046050357
            ],
            [
              -84.2501706382841,
              40.1051034699646
            ],
            [
              -84.250173794964,
              40.1051023362676
            ],
            [
              -84.2501769525422,
              40.1051012039449
            ],
            [
              -84.2501801110188,
              40.1051000736834
            ],
            [
              -84.2501832712919,
              40.105098944796
            ],
            [
              -84.2501864306668,
              40.1050978159086
            ],
            [
              -84.2501895918383,
              40.1050966897695
            ],
            [
              -84.2501927548064,
              40.1050955643176
            ],
            [
              -84.2501959168762,
              40.1050944402398
            ],
            [
              -84.2501990798443,
              40.1050933175362
            ],
            [
              -84.2502022446091,
              40.1050921955196
            ],
            [
              -84.2502054093738,
              40.1050910755642
            ],
            [
              -84.2502085759352,
              40.1050899576702
            ],
            [
              -84.2502117424965,
              40.105088839776
            ],
            [
              -84.2502149099563,
              40.1050877239432
            ],
            [
              -84.2502180783142,
              40.1050866094844
            ],
            [
              -84.2502212484689,
              40.1050854957128
            ],
            [
              -84.2502244177252,
              40.1050843840025
            ],
            [
              -84.2502275887782,
              40.1050832729792
            ],
            [
              -84.2502307598312,
              40.10508216333
            ],
            [
              -84.2502339317824,
              40.1050810564292
            ],
            [
              -84.250237104632,
              40.1050799495284
            ],
            [
              -84.2502402792782,
              40.1050788440018
            ],
            [
              -84.2502434539244,
              40.1050777405364
            ],
            [
              -84.2502466294689,
              40.1050766384451
            ],
            [
              -84.2502498059118,
              40.1050755370409
            ],
            [
              -84.2502529823546,
              40.1050744370109
            ],
            [
              -84.2502561605941,
              40.1050733383551
            ],
            [
              -84.2502593388336,
              40.1050722417604
            ],
            [
              -84.2502625188697,
              40.1050711458529
            ],
            [
              -84.2502656989058,
              40.1050700506324
            ],
            [
              -84.2502688798402,
              40.1050689574732
            ],
            [
              -84.2502720616729,
              40.1050678663753
            ],
            [
              -84.250275244404,
              40.1050667759643
            ],
            [
              -84.2502784280334,
              40.1050656869276
            ],
            [
              -84.2502816125611,
              40.1050645992651
            ],
            [
              -84.2502847970888,
              40.1050635122896
            ],
            [
              -84.2502879825147,
              40.1050624273754
            ],
            [
              -84.250291168839,
              40.1050613438353
            ],
            [
              -84.2502943560617,
              40.1050602616693
            ],
            [
              -84.2502975441826,
              40.1050591808776
            ],
            [
              -84.2503007332018,
              40.1050581014599
            ],
            [
              -84.2503039222211,
              40.1050570234165
            ],
            [
              -84.250307113037,
              40.1050559460602
            ],
            [
              -84.2503103047512,
              40.105054870765
            ],
            [
              -84.2503134964655,
              40.1050537968441
            ],
            [
              -84.2503166890779,
              40.1050527242974
            ],
            [
              -84.2503198825888,
              40.1050516524376
            ],
            [
              -84.2503230778963,
              40.1050505826392
            ],
            [
              -84.2503262714071,
              40.1050495135277
            ],
            [
              -84.2503294685112,
              40.1050484464776
            ],
            [
              -84.250332664717,
              40.1050473808017
            ],
            [
              -84.250335861821,
              40.1050463151256
            ],
            [
              -84.2503390598234,
              40.105045252885
            ],
            [
              -84.2503422587242,
              40.1050441906444
            ],
            [
              -84.2503454585233,
              40.1050431297781
            ],
            [
              -84.2503486592206,
              40.1050420702859
            ],
            [
              -84.2503518590196,
              40.1050410128548
            ],
            [
              -84.250355062412,
              40.1050399567979
            ],
            [
              -84.2503582649059,
              40.1050389007411
            ],
            [
              -84.2503614673999,
              40.1050378474326
            ],
            [
              -84.2503646716905,
              40.1050367948112
            ],
            [
              -84.2503678768795,
              40.1050357435639
            ],
            [
              -84.2503710829667,
              40.1050346943779
            ],
            [
              -84.2503742899523,
              40.1050336458789
            ],
            [
              -84.2503774960395,
              40.1050325994412
            ],
            [
              -84.2503807048217,
              40.1050315536906
            ],
            [
              -84.2503839127056,
              40.1050305093142
            ],
            [
              -84.2503871232844,
              40.1050294663119
            ],
            [
              -84.2503903329649,
              40.1050284253709
            ],
            [
              -84.2503935444421,
              40.1050273844298
            ],
            [
              -84.2503967559192,
              40.105026346237
            ],
            [
              -84.2503999682947,
              40.1050253080443
            ],
            [
              -84.2504031806701,
              40.1050242725999
            ],
            [
              -84.2504063948422,
              40.1050232371555
            ],
            [
              -84.2504096099126,
              40.1050222037724
            ],
            [
              -84.2504128258814,
              40.1050211724505
            ],
            [
              -84.2504160409517,
              40.1050201418157
            ],
            [
              -84.2504192587171,
              40.1050191118679
            ],
            [
              -84.2504224764824,
              40.1050180839814
            ],
            [
              -84.2504256951461,
              40.1050170581562
            ],
            [
              -84.2504289138097,
              40.105016033018
            ],
            [
              -84.2504321333718,
              40.105015009254
            ],
            [
              -84.2504353547303,
              40.1050139868643
            ],
            [
              -84.250438576089,
              40.1050129658485
            ],
            [
              -84.2504417983459,
              40.105011946207
            ],
            [
              -84.2504450206028,
              40.1050109279397
            ],
            [
              -84.2504482446564,
              40.1050099110466
            ],
            [
              -84.2504514687099,
              40.1050088955276
            ],
            [
              -84.2504546936618,
              40.1050078806955
            ],
            [
              -84.250457919512,
              40.1050068679249
            ],
            [
              -84.2504611453622,
              40.1050058572155
            ],
            [
              -84.250464373009,
              40.1050048471931
            ],
            [
              -84.2504676015541,
              40.1050038378578
            ],
            [
              -84.2504708300992,
              40.1050028305838
            ],
            [
              -84.2504740595427,
              40.105001824684
            ],
            [
              -84.2504772898845,
              40.1050008201583
            ],
            [
              -84.2504805211245,
              40.1049998163197
            ],
            [
              -84.2504837514663,
              40.1049988152294
            ],
            [
              -84.250486984503,
              40.1049978141391
            ],
            [
              -84.2504902175397,
              40.10499681511
            ],
            [
              -84.2504934514747,
              40.1049958174552
            ],
            [
              -84.2504966863081,
              40.1049948218616
            ],
            [
              -84.2504999202431,
              40.1049938255809
            ],
            [
              -84.250503156873,
              40.1049928327356
            ],
            [
              -84.2505063926047,
              40.1049918405774
            ],
            [
              -84.250509630133,
              40.1049908491063
            ],
            [
              -84.2505128685596,
              40.1049898596964
            ],
            [
              -84.2505161069862,
              40.1049888723478
            ],
            [
              -84.2505193463111,
              40.1049878849992
            ],
            [
              -84.2505225865343,
              40.1049868990247
            ],
            [
              -84.2505258267576,
              40.1049859157986
            ],
            [
              -84.2505290687774,
              40.1049849325725
            ],
            [
              -84.2505323116956,
              40.1049839520948
            ],
            [
              -84.2505355546137,
              40.1049829716169
            ],
            [
              -84.2505387984303,
              40.1049819938875
            ],
            [
              -84.2505420422467,
              40.104981016845
            ],
            [
              -84.2505452869616,
              40.1049800404898
            ],
            [
              -84.250548533473,
              40.1049790661957
            ],
            [
              -84.2505517799844,
              40.1049780932759
            ],
            [
              -84.2505550273942,
              40.1049771217302
            ],
            [
              -84.250558274804,
              40.1049761515587
            ],
            [
              -84.2505615240103,
              40.1049751827612
            ],
            [
              -84.2505647723184,
              40.104974215338
            ],
            [
              -84.2505680233214,
              40.104973249289
            ],
            [
              -84.2505712734261,
              40.1049722846142
            ],
            [
              -84.2505745244291,
              40.1049713213134
            ],
            [
              -84.2505777763304,
              40.1049703593869
            ],
            [
              -84.2505810300284,
              40.1049693981475
            ],
            [
              -84.250584282828,
              40.1049684396564
            ],
            [
              -84.2505875374243,
              40.1049674818523
            ],
            [
              -84.2505907920206,
              40.1049665254225
            ],
            [
              -84.2505940475151,
              40.1049655703668
            ],
            [
              -84.2505973039081,
              40.1049646166852
            ],
            [
              -84.250600560301,
              40.1049636643779
            ],
            [
              -84.2506038184905,
              40.1049627134446
            ],
            [
              -84.25060707668,
              40.1049617638857
            ],
            [
              -84.2506103348696,
              40.1049608157008
            ],
            [
              -84.2506135957541,
              40.1049598688901
            ],
            [
              -84.2506168557402,
              40.1049589234536
            ],
            [
              -84.250620117523,
              40.1049579793913
            ],
            [
              -84.2506233775092,
              40.1049570373901
            ],
            [
              -84.2506266410886,
              40.1049560960761
            ],
            [
              -84.2506299037698,
              40.1049551561363
            ],
            [
              -84.2506331673492,
              40.1049542182576
            ],
            [
              -84.2506364318269,
              40.1049532803791
            ],
            [
              -84.250639697203,
              40.1049523445617
            ],
            [
              -84.250642962579,
              40.1049514108056
            ],
            [
              -84.2506462288534,
              40.1049504784237
            ],
            [
              -84.2506494951278,
              40.1049495460417
            ],
            [
              -84.2506527631988,
              40.1049486164081
            ],
            [
              -84.2506560312698,
              40.1049476874616
            ],
            [
              -84.2506593011374,
              40.1049467598893
            ],
            [
              -84.2506625719033,
              40.1049458336912
            ],
            [
              -84.2506658408727,
              40.1049449095542
            ],
            [
              -84.2506691125369,
              40.1049439861043
            ],
            [
              -84.2506723842012,
              40.1049430647159
            ],
            [
              -84.2506756567638,
              40.1049421440143
            ],
            [
              -84.2506789293264,
              40.104941225374
            ],
            [
              -84.2506822036856,
              40.104940308108
            ],
            [
              -84.2506854780448,
              40.1049393922161
            ],
            [
              -84.2506887533023,
              40.1049384770113
            ],
            [
              -84.2506920285598,
              40.1049375631806
            ],
            [
              -84.2506953047157,
              40.1049366514112
            ],
            [
              -84.2506985826681,
              40.1049357403289
            ],
            [
              -84.2507018597223,
              40.1049348313078
            ],
            [
              -84.2507051385731,
              40.104933923661
            ],
            [
              -84.2507084165256,
              40.1049330173884
            ],
            [
              -84.250711697173,
              40.1049321118027
            ],
            [
              -84.2507149760238,
              40.1049312082783
            ],
            [
              -84.2507182575695,
              40.1049303061281
            ],
            [
              -84.2507215400136,
              40.104929405352
            ],
            [
              -84.2507248215593,
              40.1049285059502
            ],
            [
              -84.2507281040034,
              40.1049276079225
            ],
            [
              -84.250731388244,
              40.1049267112689
            ],
            [
              -84.2507346724847,
              40.1049258153025
            ],
            [
              -84.2507379567254,
              40.1049249213973
            ],
            [
              -84.2507412427627,
              40.1049240288663
            ],
            [
              -84.2507445288,
              40.1049231377095
            ],
            [
              -84.2507478157356,
              40.1049222486139
            ],
            [
              -84.2507511026713,
              40.1049213595183
            ],
            [
              -84.2507543905052,
              40.1049204724839
            ],
            [
              -84.2507576792375,
              40.1049195875108
            ],
            [
              -84.250760968868,
              40.1049187032249
            ],
            [
              -84.2507642593969,
              40.104917820313
            ],
            [
              -84.2507675499258,
              40.1049169387754
            ],
            [
              -84.2507708404547,
              40.1049160586119
            ],
            [
              -84.2507741318818,
              40.1049151798226
            ],
            [
              -84.2507774242074,
              40.1049143030946
            ],
            [
              -84.2507807174312,
              40.1049134270536
            ],
            [
              -84.2507840115534,
              40.1049125530739
            ],
            [
              -84.2507873056755,
              40.1049116797812
            ],
            [
              -84.250790600696,
              40.1049108085499
            ],
            [
              -84.2507938966147,
              40.1049099380056
            ],
            [
              -84.2507971934318,
              40.1049090688355
            ],
            [
              -84.2508004893506,
              40.1049082024137
            ],
            [
              -84.2508037879643,
              40.1049073359919
            ],
            [
              -84.2508070856798,
              40.1049064716314
            ],
            [
              -84.2508103833951,
              40.1049056086451
            ],
            [
              -84.2508136838055,
              40.1049047463458
            ],
            [
              -84.2508169833176,
              40.1049038861078
            ],
            [
              -84.2508202846262,
              40.104903027244
            ],
            [
              -84.2508235850366,
              40.1049021697543
            ],
            [
              -84.2508268863453,
              40.1049013136388
            ],
            [
              -84.2508301894506,
              40.1049004582104
            ],
            [
              -84.2508334925558,
              40.1048996055303
            ],
            [
              -84.2508367965595,
              40.1048987528503
            ],
            [
              -84.2508401005631,
              40.1048979029186
            ],
            [
              -84.250843405465,
              40.104897053674
            ],
            [
              -84.2508467112653,
              40.1048962058035
            ],
            [
              -84.2508500170655,
              40.1048953593072
            ],
            [
              -84.250853323764,
              40.1048945148723
            ],
            [
              -84.2508566304626,
              40.1048936711243
            ],
            [
              -84.2508599389578,
              40.1048928287505
            ],
            [
              -84.250863247453,
              40.1048919877509
            ],
            [
              -84.2508665568465,
              40.1048911488126
            ],
            [
              -84.2508698671383,
              40.1048903105613
            ],
            [
              -84.2508731774301,
              40.1048894736843
            ],
            [
              -84.250876487722,
              40.1048886388684
            ],
            [
              -84.2508797989121,
              40.1048878054267
            ],
            [
              -84.2508831118989,
              40.1048869733593
            ],
            [
              -84.2508864248856,
              40.1048861419789
            ],
            [
              -84.2508897378724,
              40.1048853126598
            ],
            [
              -84.2508930517575,
              40.1048844847148
            ],
            [
              -84.2508963656426,
              40.104883658144
            ],
            [
              -84.2508996813243,
              40.1048828322603
            ],
            [
              -84.2509029979043,
              40.1048820084379
            ],
            [
              -84.2509063126878,
              40.1048811859896
            ],
            [
              -84.2509096310644,
              40.1048803649155
            ],
            [
              -84.2509129476444,
              40.1048795452157
            ],
            [
              -84.2509162660211,
              40.104878727577
            ],
            [
              -84.2509195843977,
              40.1048779106254
            ],
            [
              -84.250922904571,
              40.1048770957351
            ],
            [
              -84.250926223846,
              40.1048762815319
            ],
            [
              -84.2509295440193,
              40.1048754687028
            ],
            [
              -84.2509328650909,
              40.1048746572479
            ],
            [
              -84.2509361870608,
              40.1048738478543
            ],
            [
              -84.2509395099291,
              40.1048730391477
            ],
            [
              -84.2509428327973,
              40.1048722318154
            ],
            [
              -84.2509461547672,
              40.1048714265442
            ],
            [
              -84.2509494794321,
              40.1048706226473
            ],
            [
              -84.2509528031986,
              40.1048698201246
            ],
            [
              -84.2509561287618,
              40.1048690182889
            ],
            [
              -84.250959454325,
              40.1048682185145
            ],
            [
              -84.2509627807865,
              40.1048674201142
            ],
            [
              -84.250966107248,
              40.1048666230882
            ],
            [
              -84.2509694346078,
              40.1048658274363
            ],
            [
              -84.2509727628659,
              40.1048650331585
            ],
            [
              -84.2509760920224,
              40.1048642402551
            ],
            [
              -84.2509794202805,
              40.1048634487256
            ],
            [
              -84.2509827494369,
              40.1048626585705
            ],
            [
              -84.25098608039,
              40.1048618704766
            ],
            [
              -84.2509894113431,
              40.1048610830697
            ],
            [
              -84.2509927431945,
              40.1048602977242
            ],
            [
              -84.2509960750459,
              40.1048595130657
            ],
            [
              -84.2509994077955,
              40.1048587304684
            ],
            [
              -84.2510027405453,
              40.1048579478712
            ],
            [
              -84.2510060741933,
              40.1048571687094
            ],
            [
              -84.2510094087396,
              40.1048563895475
            ],
            [
              -84.2510127423876,
              40.1048556124471
            ],
            [
              -84.2510160778323,
              40.1048548367207
            ],
            [
              -84.2510194141753,
              40.1048540623685
            ],
            [
              -84.2510227505182,
              40.1048532893905
            ],
            [
              -84.2510260877595,
              40.1048525177866
            ],
            [
              -84.2510294250008,
              40.1048517468699
            ],
            [
              -84.2510327631404,
              40.1048509787015
            ],
            [
              -84.2510361021783,
              40.1048502112202
            ],
            [
              -84.2510394412162,
              40.1048494451131
            ],
            [
              -84.2510427802541,
              40.1048486810672
            ],
            [
              -84.2510461201903,
              40.1048479177084
            ],
            [
              -84.2510494619232,
              40.1048471557237
            ],
            [
              -84.251052803656,
              40.1048463964876
            ],
            [
              -84.2510561453889,
              40.1048456365642
            ],
            [
              -84.2510594880201,
              40.1048448800763
            ],
            [
              -84.2510628306513,
              40.1048441235883
            ],
            [
              -84.2510661750791,
              40.1048433684745
            ],
            [
              -84.2510695195069,
              40.1048426154221
            ],
            [
              -84.2510728630363,
              40.1048418637438
            ],
            [
              -84.2510762083625,
              40.1048411134397
            ],
            [
              -84.2510795536886,
              40.1048403645098
            ],
            [
              -84.2510829008113,
              40.104839617641
            ],
            [
              -84.2510862470357,
              40.1048388714595
            ],
            [
              -84.2510895950568,
              40.1048381266521
            ],
            [
              -84.2510929430779,
              40.1048373832188
            ],
            [
              -84.2510962910989,
              40.1048366418467
            ],
            [
              -84.2510996400183,
              40.1048359011619
            ],
            [
              -84.2511029889377,
              40.1048351618512
            ],
            [
              -84.2511063396538,
              40.1048344252889
            ],
            [
              -84.2511096894714,
              40.1048336887264
            ],
            [
              -84.2511130410857,
              40.1048329542253
            ],
            [
              -84.2511163927001,
              40.1048322204113
            ],
            [
              -84.2511197443144,
              40.1048314886586
            ],
            [
              -84.2511230977254,
              40.1048307589671
            ],
            [
              -84.251126450238,
              40.1048300299627
            ],
            [
              -84.2511298045473,
              40.1048293016454
            ],
            [
              -84.2511331588565,
              40.1048285760764
            ],
            [
              -84.2511365140641,
              40.1048278511945
            ],
            [
              -84.2511398692717,
              40.1048271276869
            ],
            [
              -84.2511432244792,
              40.1048264055533
            ],
            [
              -84.2511465814835,
              40.104825685481
            ],
            [
              -84.2511499384877,
              40.1048249660959
            ],
            [
              -84.2511532945936,
              40.1048242487719
            ],
            [
              -84.2511566524962,
              40.1048235321352
            ],
            [
              -84.2511600121953,
              40.1048228175597
            ],
            [
              -84.2511633700978,
              40.1048221043583
            ],
            [
              -84.2511667306953,
              40.1048213925311
            ],
            [
              -84.2511700894962,
              40.104820682078
            ],
            [
              -84.2511734500937,
              40.1048199736863
            ],
            [
              -84.2511768115895,
              40.1048192659816
            ],
            [
              -84.2511801721869,
              40.1048185589641
            ],
            [
              -84.2511835354793,
              40.1048178540077
            ],
            [
              -84.2511868969751,
              40.1048171511127
            ],
            [
              -84.2511902602676,
              40.1048164489048
            ],
            [
              -84.2511936244583,
              40.104815748758
            ],
            [
              -84.2511969868524,
              40.1048150499855
            ],
            [
              -84.2512003528397,
              40.1048143519001
            ],
            [
              -84.2512037170305,
              40.1048136558759
            ],
            [
              -84.2512070821196,
              40.1048129612259
            ],
            [
              -84.2512104490053,
              40.1048122679501
            ],
            [
              -84.2512138149926,
              40.1048115760485
            ],
            [
              -84.2512171827766,
              40.104810885521
            ],
            [
              -84.2512205496623,
              40.1048101970548
            ],
            [
              -84.2512239174463,
              40.1048095092757
            ],
            [
              -84.251227287027,
              40.1048088228708
            ],
            [
              -84.251230654811,
              40.1048081378401
            ],
            [
              -84.2512340243916,
              40.1048074541835
            ],
            [
              -84.2512373948705,
              40.1048067725882
            ],
            [
              -84.2512407653495,
              40.1048060916799
            ],
            [
              -84.2512441358284,
              40.104805412833
            ],
            [
              -84.251247508104,
              40.1048047360474
            ],
            [
              -84.2512508794813,
              40.1048040592616
            ],
            [
              -84.2512542517568,
              40.1048033852244
            ],
            [
              -84.2512576249307,
              40.1048027118742
            ],
            [
              -84.2512609972063,
              40.1048020398981
            ],
            [
              -84.2512643721768,
              40.104801368609
            ],
            [
              -84.251267746249,
              40.1048007000684
            ],
            [
              -84.2512711203212,
              40.104800032215
            ],
            [
              -84.2512744961901,
              40.1047993664227
            ],
            [
              -84.2512778720589,
              40.1047987013175
            ],
            [
              -84.251281248826,
              40.1047980389607
            ],
            [
              -84.2512846255932,
              40.1047973766039
            ],
            [
              -84.2512880023604,
              40.1047967156213
            ],
            [
              -84.2512913800258,
              40.104796057387
            ],
            [
              -84.2512947576913,
              40.1047953998398
            ],
            [
              -84.2512981371534,
              40.1047947436668
            ],
            [
              -84.2513015157172,
              40.104794088868
            ],
            [
              -84.2513048960776,
              40.1047934361304
            ],
            [
              -84.2513082755397,
              40.10479278408
            ],
            [
              -84.2513116559001,
              40.1047921334037
            ],
            [
              -84.2513150371588,
              40.1047914841015
            ],
            [
              -84.2513184193159,
              40.1047908375478
            ],
            [
              -84.2513218005746,
              40.104790190994
            ],
            [
              -84.2513251827317,
              40.1047895465016
            ],
            [
              -84.251328565787,
              40.1047889026961
            ],
            [
              -84.2513351962521,
              40.104872507339
            ],
            [
              -84.2515734510251,
              40.1078747473202
            ],
            [
              -84.2518417526476,
              40.1112639034516
            ],
            [
              -84.2518656083083,
              40.1115652251896
            ],
            [
              -84.2505477285825,
              40.1116082136277
            ],
            [
              -84.2503641138367,
              40.114724722615
            ],
            [
              -84.2503354441045,
              40.1152113206427
            ],
            [
              -84.2503261977452,
              40.1153843016741
            ],
            [
              -84.2503230626249,
              40.1154429653756
            ],
            [
              -84.2502909388703,
              40.1160438557875
            ],
            [
              -84.2502712010869,
              40.1164130796414
            ],
            [
              -84.2502193359556,
              40.1173831910591
            ],
            [
              -84.2501483106577,
              40.1187117031339
            ],
            [
              -84.25012065692,
              40.1192483098091
            ],
            [
              -84.2501016692298,
              40.119616780548
            ],
            [
              -84.2477504223984,
              40.1196596897069
            ],
            [
              -84.2461043854045,
              40.1196895854163
            ]
          ]
        ]
      },
      "properties": {
        "parcel_id": "N44-101770",
        "parcel_id_dashless": "N44101770",
        "owner": "J5 LLC",
        "owner_mailing_address": "52 E GAY ST COLUMBUS OH 43215",
        "situs_address": "2305 FARRINGTON RD W",
        "municipality": "PIQUA CITY",
        "acres": 245.367,
        "land_use_code": 101,
        "land_use_class": "A",
        "market_total_value": 1657600,
        "last_sale_date": null,
        "last_sale_amount": null,
        "has_cauv": true,
        "tax_district": "N44",
        "split_lineage": "SMDA#: M40-WA022 -006-00",
        "assembly_owner": "J5 LLC",
        "assembly_status": "verified"
      }
    },
    {
      "type": "Feature",
      "geometry": {
        "type": "Polygon",
        "coordinates": [
          [
            [
              -84.2590636433899,
              40.1048272493021
            ],
            [
              -84.2577715246515,
              40.1048430689026
            ],
            [
              -84.2577870744891,
              40.1058353161741
            ],
            [
              -84.2590792111938,
              40.1058194961173
            ],
            [
              -84.2590937351553,
              40.1067452817144
            ],
            [
              -84.2590989247227,
              40.1070760430894
            ],
            [
              -84.2591072314441,
              40.1076054532077
            ],
            [
              -84.2591087657666,
              40.1077031817755
            ],
            [
              -84.259115248908,
              40.1081162742726
            ],
            [
              -84.2591153791637,
              40.1081246076061
            ],
            [
              -84.2591173868984,
              40.1082524890027
            ],
            [
              -84.2591460485459,
              40.1100789944643
            ],
            [
              -84.2591462219207,
              40.1100900818953
            ],
            [
              -84.2591485081331,
              40.1102357751609
            ],
            [
              -84.2591605653208,
              40.1110041003287
            ],
            [
              -84.2591654305964,
              40.1113141244064
            ],
            [
              -84.2591654305964,
              40.1113141546356
            ],
            [
              -84.2591655878016,
              40.1113252748426
            ],
            [
              -84.2592253563108,
              40.1145401468877
            ],
            [
              -84.2592320254034,
              40.1148988081902
            ],
            [
              -84.2592327988529,
              40.1149404232898
            ],
            [
              -84.2592343888709,
              40.115025961695
            ],
            [
              -84.2592360525508,
              40.115115408954
            ],
            [
              -84.25928321051,
              40.1176515616512
            ],
            [
              -84.2592906189161,
              40.1180500068562
            ],
            [
              -84.259300827371,
              40.1185989419992
            ],
            [
              -84.2593009369654,
              40.1186048807053
            ],
            [
              -84.2593076572621,
              40.1191479166753
            ],
            [
              -84.2593170581316,
              40.1199084446901
            ],
            [
              -84.259322988809,
              40.120416961424
            ],
            [
              -84.2592157712866,
              40.1204211647752
            ],
            [
              -84.2574273486252,
              40.1204912718808
            ],
            [
              -84.2574393186763,
              40.1213147148109
            ],
            [
              -84.2574495100632,
              40.1219965128988
            ],
            [
              -84.2567591520724,
              40.1220015452627
            ],
            [
              -84.2567627264689,
              40.1222907695552
            ],
            [
              -84.2562253964868,
              40.1222937480202
            ],
            [
              -84.2562301764224,
              40.1228004059945
            ],
            [
              -84.2562309822113,
              40.1228857215706
            ],
            [
              -84.2557974633399,
              40.1229692332177
            ],
            [
              -84.2553639390788,
              40.123052746136
            ],
            [
              -84.2545138282912,
              40.1232164999313
            ],
            [
              -84.2540803291828,
              40.1233001231376
            ],
            [
              -84.2536467627008,
              40.1233835147543
            ],
            [
              -84.2532134693067,
              40.1234678782372
            ],
            [
              -84.252779901028,
              40.1235512641529
            ],
            [
              -84.2523463381393,
              40.1236346561484
            ],
            [
              -84.2506044284466,
              40.1239696628466
            ],
            [
              -84.2499191459372,
              40.1241014455618
            ],
            [
              -84.2499226224173,
              40.124015905522
            ],
            [
              -84.2501004771655,
              40.119639909896
            ],
            [
              -84.2501016692298,
              40.119616780548
            ],
            [
              -84.25012065692,
              40.1192483098091
            ],
            [
              -84.2501483106577,
              40.1187117031339
            ],
            [
              -84.2502193359556,
              40.1173831910591
            ],
            [
              -84.2502712010869,
              40.1164130796414
            ],
            [
              -84.2502909388703,
              40.1160438557875
            ],
            [
              -84.2503230626249,
              40.1154429653756
            ],
            [
              -84.2503261977452,
              40.1153843016741
            ],
            [
              -84.2503354441045,
              40.1152113206427
            ],
            [
              -84.2503641138367,
              40.114724722615
            ],
            [
              -84.2505477285825,
              40.1116082136277
            ],
            [
              -84.2518656083083,
              40.1115652251896
            ],
            [
              -84.2518417526476,
              40.1112639034516
            ],
            [
              -84.2515734510251,
              40.1078747473202
            ],
            [
              -84.2513351962521,
              40.104872507339
            ],
            [
              -84.251328565787,
              40.1047889026961
            ],
            [
              -84.2513312652245,
              40.1047883914994
            ],
            [
              -84.2513339646619,
              40.1047878823641
            ],
            [
              -84.2513366649976,
              40.1047873725417
            ],
            [
              -84.2513393653334,
              40.1047868640934
            ],
            [
              -84.2513420656691,
              40.1047863563323
            ],
            [
              -84.2513447660048,
              40.1047858492582
            ],
            [
              -84.2513474681372,
              40.1047853435583
            ],
            [
              -84.2513501693713,
              40.1047848385455
            ],
            [
              -84.2513528715037,
              40.1047843342198
            ],
            [
              -84.2513555727377,
              40.1047838319553
            ],
            [
              -84.2513582757684,
              40.1047833296909
            ],
            [
              -84.2513609779008,
              40.1047828281135
            ],
            [
              -84.2513636809315,
              40.1047823279103
            ],
            [
              -84.2513663848605,
              40.1047818290813
            ],
            [
              -84.2513690878912,
              40.1047813302523
            ],
            [
              -84.2513717918202,
              40.1047808321105
            ],
            [
              -84.2513744948509,
              40.1047803353426
            ],
            [
              -84.2513772005765,
              40.1047798399491
            ],
            [
              -84.2513799045055,
              40.1047793452426
            ],
            [
              -84.2513826084345,
              40.1047788505362
            ],
            [
              -84.2513853141601,
              40.1047783578909
            ],
            [
              -84.2513880198858,
              40.1047778659329
            ],
            [
              -84.2513907256114,
              40.1047773746618
            ],
            [
              -84.2513934322354,
              40.1047768840778
            ],
            [
              -84.251396137961,
              40.1047763948681
            ],
            [
              -84.2513988445849,
              40.1047759063455
            ],
            [
              -84.2514015512089,
              40.1047754185099
            ],
            [
              -84.2514042578329,
              40.1047749320485
            ],
            [
              -84.2514069662534,
              40.1047744462742
            ],
            [
              -84.2514096737757,
              40.1047739618741
            ],
            [
              -84.2514123821963,
              40.104773477474
            ],
            [
              -84.2514150906169,
              40.104772994448
            ],
            [
              -84.2514177981392,
              40.1047725127963
            ],
            [
              -84.251420507458,
              40.1047720311445
            ],
            [
              -84.2514232158786,
              40.104771551554
            ],
            [
              -84.2514259251975,
              40.1047710712765
            ],
            [
              -84.2514286354147,
              40.1047705930601
            ],
            [
              -84.2514313447336,
              40.104770116218
            ],
            [
              -84.2514340558492,
              40.1047696386888
            ],
            [
              -84.2514367651681,
              40.1047691632208
            ],
            [
              -84.2514394771819,
              40.104768689127
            ],
            [
              -84.2532638890486,
              40.104448490936
            ],
            [
              -84.2532672846804,
              40.1044478952241
            ],
            [
              -84.2532706821088,
              40.1044472995122
            ],
            [
              -84.2532740786388,
              40.1044467058615
            ],
            [
              -84.2532774760673,
              40.1044461122108
            ],
            [
              -84.2532808734957,
              40.10444551856
            ],
            [
              -84.2532842709241,
              40.1044449262836
            ],
            [
              -84.2532876683525,
              40.1044443340071
            ],
            [
              -84.2532910666792,
              40.1044437431049
            ],
            [
              -84.2532944641076,
              40.1044431528897
            ],
            [
              -84.2532978624343,
              40.1044425633615
            ],
            [
              -84.2533012616594,
              40.1044419745205
            ],
            [
              -84.2533046599861,
              40.1044413856794
            ],
            [
              -84.2533080583128,
              40.1044407982126
            ],
            [
              -84.2533114575378,
              40.1044402107458
            ],
            [
              -84.2533148567629,
              40.104439623966
            ],
            [
              -84.2533182559879,
              40.1044390385604
            ],
            [
              -84.2533216561113,
              40.1044384538419
            ],
            [
              -84.2533250553363,
              40.1044378684363
            ],
            [
              -84.2533284554597,
              40.104437285779
            ],
            [
              -84.253331855583,
              40.1044367024348
            ],
            [
              -84.2533352557064,
              40.1044361197775
            ],
            [
              -84.253338656728,
              40.1044355384945
            ],
            [
              -84.2533420577497,
              40.1044349572115
            ],
            [
              -84.253345457873,
              40.1044343766156
            ],
            [
              -84.2533488588947,
              40.1044337973937
            ],
            [
              -84.253352261713,
              40.1044332174849
            ],
            [
              -84.2533556627347,
              40.1044326389501
            ],
            [
              -84.2533590637563,
              40.1044320617897
            ],
            [
              -84.2533624665746,
              40.1044314846293
            ],
            [
              -84.2533658693929,
              40.1044309081559
            ],
            [
              -84.2533692704146,
              40.1044303316824
            ],
            [
              -84.2533726732329,
              40.1044297572702
            ],
            [
              -84.2533760769495,
              40.1044291828581
            ],
            [
              -84.2533794788695,
              40.1044286091331
            ],
            [
              -84.2533828816878,
              40.1044280354081
            ],
            [
              -84.2533862854044,
              40.1044274630572
            ],
            [
              -84.253389689121,
              40.1044268920806
            ],
            [
              -84.2533930928376,
              40.1044263204167
            ],
            [
              -84.2533964965542,
              40.1044257501272
            ],
            [
              -84.2533999002708,
              40.1044251805247
            ],
            [
              -84.2534033048857,
              40.1044246116093
            ],
            [
              -84.2534067095007,
              40.104424043381
            ],
            [
              -84.2534101132173,
              40.1044234751527
            ],
            [
              -84.2534135187306,
              40.1044229082986
            ],
            [
              -84.2534169233454,
              40.1044223421314
            ],
            [
              -84.2534203288587,
              40.1044217766516
            ],
            [
              -84.2534237334736,
              40.1044212111716
            ],
            [
              -84.2534271398852,
              40.1044206470659
            ],
            [
              -84.2534305453984,
              40.1044200836472
            ],
            [
              -84.25343395181,
              40.1044195202285
            ],
            [
              -84.2534373582215,
              40.104418958184
            ],
            [
              -84.2534407646331,
              40.1044183961395
            ],
            [
              -84.2534441710446,
              40.1044178347821
            ],
            [
              -84.2534475774562,
              40.1044172747989
            ],
            [
              -84.2534509838678,
              40.1044167155028
            ],
            [
              -84.2534543911776,
              40.1044161562066
            ],
            [
              -84.2534577984875,
              40.1044155975976
            ],
            [
              -84.2534612048991,
              40.1044150403627
            ],
            [
              -84.2534646131073,
              40.104414483815
            ],
            [
              -84.2534680213154,
              40.1044139265801
            ],
            [
              -84.2534714295236,
              40.1044133714065
            ],
            [
              -84.2534748368335,
              40.104412816233
            ],
            [
              -84.25347824594,
              40.1044122617465
            ],
            [
              -84.2534816541482,
              40.1044117079471
            ],
            [
              -84.2534850623564,
              40.1044111555218
            ],
            [
              -84.2534884714629,
              40.1044106030966
            ],
            [
              -84.2534918805694,
              40.1044100513585
            ],
            [
              -84.2534952905742,
              40.1044095009945
            ],
            [
              -84.2534986996807,
              40.1044089499435
            ],
            [
              -84.2535021096855,
              40.1044084002667
            ],
            [
              -84.253505518792,
              40.1044078512769
            ],
            [
              -84.2535089287968,
              40.1044073029743
            ],
            [
              -84.2535123397,
              40.1044067560458
            ],
            [
              -84.2535157497048,
              40.1044062084302
            ],
            [
              -84.2535191597097,
              40.1044056621889
            ],
            [
              -84.2535225715111,
              40.1044051166346
            ],
            [
              -84.2535259815159,
              40.1044045717673
            ],
            [
              -84.2535293933174,
              40.1044040269001
            ],
            [
              -84.2535328051188,
              40.1044034834071
            ],
            [
              -84.2535362160219,
              40.1044029406012
            ],
            [
              -84.2535396278234,
              40.1044023991695
            ],
            [
              -84.2535430396249,
              40.1044018570506
            ],
            [
              -84.2535464514263,
              40.1044013163059
            ],
            [
              -84.2535498641261,
              40.1044007762483
            ],
            [
              -84.2535532750292,
              40.1044002361907
            ],
            [
              -84.2535566886273,
              40.1043996975074
            ],
            [
              -84.253560101327,
              40.104399158824
            ],
            [
              -84.2535635140268,
              40.1043986215149
            ],
            [
              -84.2535669267265,
              40.1043980842056
            ],
            [
              -84.253570341223,
              40.1043975489577
            ],
            [
              -84.2535737539227,
              40.1043970130227
            ],
            [
              -84.2535771675208,
              40.1043964777748
            ],
            [
              -84.2535805820172,
              40.104395943901
            ],
            [
              -84.253583994717,
              40.1043954107145
            ],
            [
              -84.2535874092133,
              40.1043948775278
            ],
            [
              -84.2535908246081,
              40.1043943457152
            ],
            [
              -84.2535942382061,
              40.1043938139029
            ],
            [
              -84.2535976527025,
              40.1043932827774
            ],
            [
              -84.2536010680972,
              40.1043927523392
            ],
            [
              -84.2536044834919,
              40.1043922232751
            ],
            [
              -84.2536078979883,
              40.104391694211
            ],
            [
              -84.2536113133831,
              40.1043911658339
            ],
            [
              -84.2536147296761,
              40.1043906381441
            ],
            [
              -84.2536181450708,
              40.1043901118283
            ],
            [
              -84.2536215604655,
              40.1043895861997
            ],
            [
              -84.2536249776568,
              40.1043890605711
            ],
            [
              -84.2536283930516,
              40.1043885356295
            ],
            [
              -84.2536318093446,
              40.104388010688
            ],
            [
              -84.2536352265359,
              40.1043874878076
            ],
            [
              -84.253638642829,
              40.1043869649275
            ],
            [
              -84.2536420600203,
              40.1043864427342
            ],
            [
              -84.2536454781099,
              40.1043859219153
            ],
            [
              -84.253648894403,
              40.1043854004092
            ],
            [
              -84.2536523124926,
              40.1043848802773
            ],
            [
              -84.253655729684,
              40.1043843608324
            ],
            [
              -84.2536591468753,
              40.1043838427619
            ],
            [
              -84.253662564965,
              40.1043833240041
            ],
            [
              -84.2536659830546,
              40.1043828066206
            ],
            [
              -84.2536694029409,
              40.1043822899242
            ],
            [
              -84.2536728210306,
              40.1043817739149
            ],
            [
              -84.2536762400185,
              40.1043812579055
            ],
            [
              -84.2536796581082,
              40.1043807432703
            ],
            [
              -84.2536830770962,
              40.1043802293223
            ],
            [
              -84.2536864969824,
              40.1043797160613
            ],
            [
              -84.2536899159704,
              40.1043792034874
            ],
            [
              -84.2536933349583,
              40.1043786916006
            ],
            [
              -84.2536967548447,
              40.1043781797139
            ],
            [
              -84.2537001756293,
              40.1043776692012
            ],
            [
              -84.2537035946172,
              40.1043771600628
            ],
            [
              -84.2537070154018,
              40.1043766502373
            ],
            [
              -84.2537104361865,
              40.1043761417859
            ],
            [
              -84.2537138560727,
              40.1043756333347
            ],
            [
              -84.2537172768573,
              40.1043751262575
            ],
            [
              -84.2537206976419,
              40.1043746191803
            ],
            [
              -84.2537241193249,
              40.1043741134774
            ],
            [
              -84.2537275401095,
              40.1043736077745
            ],
            [
              -84.2537309617924,
              40.1043731034457
            ],
            [
              -84.253734382577,
              40.1043725991169
            ],
            [
              -84.2537378051582,
              40.1043720961623
            ],
            [
              -84.2537412268411,
              40.1043715932077
            ],
            [
              -84.253744648524,
              40.1043710916273
            ],
            [
              -84.2537480720036,
              40.104370590047
            ],
            [
              -84.2537514936865,
              40.1043700898407
            ],
            [
              -84.2537549162677,
              40.1043695889474
            ],
            [
              -84.253758338849,
              40.1043690901154
            ],
            [
              -84.2537617623285,
              40.1043685912834
            ],
            [
              -84.2537651858081,
              40.1043680938255
            ],
            [
              -84.2537686083893,
              40.1043675970548
            ],
            [
              -84.2537720318688,
              40.1043670995969
            ],
            [
              -84.2537754553484,
              40.1043666035132
            ],
            [
              -84.2537788797262,
              40.1043661088037
            ],
            [
              -84.2537823032058,
              40.1043656147814
            ],
            [
              -84.2537857275836,
              40.1043651200719
            ],
            [
              -84.2537891510632,
              40.1043646267366
            ],
            [
              -84.2537925754411,
              40.1043641340885
            ],
            [
              -84.2537959998189,
              40.1043636428144
            ],
            [
              -84.2537994259935,
              40.1043631515404
            ],
            [
              -84.2538028503713,
              40.1043626609536
            ],
            [
              -84.2538062747492,
              40.1043621710537
            ],
            [
              -84.2538097009236,
              40.1043616818409
            ],
            [
              -84.2538131253015,
              40.1043611933153
            ],
            [
              -84.253816551476,
              40.1043607054767
            ],
            [
              -84.2538199767522,
              40.1043602183252
            ],
            [
              -84.2538234029267,
              40.104359731861
            ],
            [
              -84.2538268291012,
              40.1043592460836
            ],
            [
              -84.2538302543773,
              40.1043587603064
            ],
            [
              -84.2538336814502,
              40.1043582759033
            ],
            [
              -84.2538371076247,
              40.1043577928744
            ],
            [
              -84.2538405346975,
              40.1043573091584
            ],
            [
              -84.2538439617703,
              40.1043568268166
            ],
            [
              -84.2538473888431,
              40.1043563451619
            ],
            [
              -84.2538508159159,
              40.1043558641943
            ],
            [
              -84.253854243887,
              40.1043553832267
            ],
            [
              -84.2538576709598,
              40.1043549036333
            ],
            [
              -84.2538610980326,
              40.1043544247269
            ],
            [
              -84.2538645260038,
              40.1043539465076
            ],
            [
              -84.2538679539749,
              40.1043534682884
            ],
            [
              -84.253871381946,
              40.1043529921305
            ],
            [
              -84.2538748108154,
              40.1043525145983
            ],
            [
              -84.2538782387866,
              40.1043520391274
            ],
            [
              -84.253881667656,
              40.1043515636566
            ],
            [
              -84.2538850956271,
              40.104351090247
            ],
            [
              -84.2538885253949,
              40.1043506168374
            ],
            [
              -84.2538919542643,
              40.1043501434279
            ],
            [
              -84.2538953840321,
              40.1043496713925
            ],
            [
              -84.2538988129015,
              40.1043491993571
            ],
            [
              -84.2539022426693,
              40.1043487286959
            ],
            [
              -84.253905672437,
              40.1043482580346
            ],
            [
              -84.2539091022048,
              40.1043477887475
            ],
            [
              -84.2539125319725,
              40.1043473194605
            ],
            [
              -84.2539159626386,
              40.1043468515477
            ],
            [
              -84.2539193924064,
              40.1043463829477
            ],
            [
              -84.2539228221742,
              40.1043459164092
            ],
            [
              -84.2539262537385,
              40.1043454498705
            ],
            [
              -84.2539296844046,
              40.104344984706
            ],
            [
              -84.253933115969,
              40.1043445202286
            ],
            [
              -84.2539365466351,
              40.1043440550641
            ],
            [
              -84.2539399781994,
              40.1043435919609
            ],
            [
              -84.2539434088655,
              40.1043431288578
            ],
            [
              -84.2539468404299,
              40.1043426671287
            ],
            [
              -84.2539502728926,
              40.1043422047127
            ],
            [
              -84.2539537035587,
              40.1043417436708
            ],
            [
              -84.2539571360214,
              40.104341284003
            ],
            [
              -84.2539605684841,
              40.1043408243353
            ],
            [
              -84.2539640009467,
              40.1043403653546
            ],
            [
              -84.2539674334095,
              40.1043399077482
            ],
            [
              -84.2539708658721,
              40.1043394494547
            ],
            [
              -84.2539742983349,
              40.1043389932225
            ],
            [
              -84.2539777316958,
              40.1043385369902
            ],
            [
              -84.2539811641586,
              40.1043380814451
            ],
            [
              -84.2539845984179,
              40.104337626587
            ],
            [
              -84.2539880317789,
              40.104337172416
            ],
            [
              -84.2539914642416,
              40.1043367189322
            ],
            [
              -84.2539948985009,
              40.1043362661353
            ],
            [
              -84.253998331862,
              40.1043358140257
            ],
            [
              -84.2540017670196,
              40.1043353632901
            ],
            [
              -84.2540052012789,
              40.1043349118675
            ],
            [
              -84.2540086346399,
              40.1043344618191
            ],
            [
              -84.2540120697976,
              40.1043340124579
            ],
            [
              -84.2540155049552,
              40.1043335637836
            ],
            [
              -84.2540189383163,
              40.1043331151094
            ],
            [
              -84.2540223734739,
              40.1043326684964
            ],
            [
              -84.2540258086316,
              40.1043322218834
            ],
            [
              -84.2540292437892,
              40.1043317752706
            ],
            [
              -84.2540326789469,
              40.1043313300318
            ],
            [
              -84.2540361150028,
              40.1043308854802
            ],
            [
              -84.2540395501604,
              40.1043304416156
            ],
            [
              -84.2540429871147,
              40.1043299984381
            ],
            [
              -84.2540464222724,
              40.1043295552607
            ],
            [
              -84.2540498583283,
              40.1043291127702
            ],
            [
              -84.2540532943843,
              40.1043286716541
            ],
            [
              -84.2540567313386,
              40.104328231225
            ],
            [
              -84.2540601673946,
              40.1043277921701
            ],
            [
              -84.2540636034505,
              40.1043273524281
            ],
            [
              -84.2540670413031,
              40.1043269140603
            ],
            [
              -84.2540704782573,
              40.1043264763796
            ],
            [
              -84.2540739152116,
              40.1043260386987
            ],
            [
              -84.254077352166,
              40.1043256017052
            ],
            [
              -84.2540807900185,
              40.1043251653987
            ],
            [
              -84.2540842278711,
              40.1043247304663
            ],
            [
              -84.2540876657237,
              40.1043242962211
            ],
            [
              -84.254091102678,
              40.1043238626629
            ],
            [
              -84.2540945405306,
              40.1043234291048
            ],
            [
              -84.2540979783832,
              40.1043229969208
            ],
            [
              -84.254101417134,
              40.1043225647368
            ],
            [
              -84.2541048549867,
              40.10432213324
            ],
            [
              -84.2541082946359,
              40.1043217024302
            ],
            [
              -84.2541117333868,
              40.1043212729946
            ],
            [
              -84.2541151721377,
              40.1043208442461
            ],
            [
              -84.2541186099903,
              40.1043204154977
            ],
            [
              -84.2541220505378,
              40.1043199874362
            ],
            [
              -84.2541254892887,
              40.104319560749
            ],
            [
              -84.254128928938,
              40.1043191340618
            ],
            [
              -84.2541323676889,
              40.1043187087488
            ],
            [
              -84.2541358082364,
              40.1043182834357
            ],
            [
              -84.2541392469873,
              40.1043178588097
            ],
            [
              -84.2541426875349,
              40.104317434871
            ],
            [
              -84.2541461280824,
              40.1043170116193
            ],
            [
              -84.25414956863,
              40.1043165897416
            ],
            [
              -84.2541530091775,
              40.104316167864
            ],
            [
              -84.2541564488267,
              40.1043157473608
            ],
            [
              -84.2541598893742,
              40.1043153268574
            ],
            [
              -84.2541633299218,
              40.1043149070411
            ],
            [
              -84.2541667713677,
              40.1043144879119
            ],
            [
              -84.2541702119152,
              40.1043140694699
            ],
            [
              -84.2541736542594,
              40.1043136524019
            ],
            [
              -84.2541770957052,
              40.104313235334
            ],
            [
              -84.254180537151,
              40.1043128189533
            ],
            [
              -84.2541839794952,
              40.1043124025725
            ],
            [
              -84.2541874209411,
              40.104311988253
            ],
            [
              -84.2541908623869,
              40.1043115739335
            ],
            [
              -84.2541943047311,
              40.1043111596139
            ],
            [
              -84.2541977461769,
              40.1043107473557
            ],
            [
              -84.2542011894194,
              40.1043103344104
            ],
            [
              -84.2542046308653,
              40.1043099228392
            ],
            [
              -84.2542080741077,
              40.1043095119552
            ],
            [
              -84.2542115173503,
              40.1043091024453
            ],
            [
              -84.2542149596944,
              40.1043086922483
            ],
            [
              -84.2542184029369,
              40.1043082834256
            ],
            [
              -84.2542218461794,
              40.10430787529
            ],
            [
              -84.2542252894219,
              40.1043074678414
            ],
            [
              -84.2542287326643,
              40.10430706108
            ],
            [
              -84.2542321768052,
              40.1043066550056
            ],
            [
              -84.2542356200476,
              40.1043062496182
            ],
            [
              -84.2542390641884,
              40.1043058449181
            ],
            [
              -84.2542425074309,
              40.1043054402179
            ],
            [
              -84.2542459515717,
              40.104305037579
            ],
            [
              -84.2542493966108,
              40.104304634253
            ],
            [
              -84.2542528407516,
              40.1043042323012
            ],
            [
              -84.2542562848925,
              40.1043038303494
            ],
            [
              -84.2542597299316,
              40.1043034304588
            ],
            [
              -84.2542631740723,
              40.1043030305683
            ],
            [
              -84.2542666200097,
              40.1043026306778
            ],
            [
              -84.2542700641506,
              40.1043022321615
            ],
            [
              -84.254273510088,
              40.1043018343322
            ],
            [
              -84.2542769551271,
              40.10430143719
            ],
            [
              -84.2542804001662,
              40.1043010393608
            ],
            [
              -84.2542838461036,
              40.10430064428
            ],
            [
              -84.2542872911427,
              40.104300248512
            ],
            [
              -84.2542907370802,
              40.1042998541182
            ],
            [
              -84.2542941830176,
              40.1042994604115
            ],
            [
              -84.2542976298533,
              40.1042990667049
            ],
            [
              -84.2543010757908,
              40.1042986736853
            ],
            [
              -84.2543045217282,
              40.1042982820399
            ],
            [
              -84.2543079685639,
              40.1042978910816
            ],
            [
              -84.254311416298,
              40.1042975008104
            ],
            [
              -84.2543148622355,
              40.1042971105392
            ],
            [
              -84.2543183090712,
              40.1042967216422
            ],
            [
              -84.254321755907,
              40.1042963320581
            ],
            [
              -84.2543252027427,
              40.1042959445353
            ],
            [
              -84.2543286504768,
              40.1042955570124
            ],
            [
              -84.2543320982108,
              40.1042951708638
            ],
            [
              -84.2543355459449,
              40.1042947854023
            ],
            [
              -84.2543389927807,
              40.1042943992537
            ],
            [
              -84.2543424414131,
              40.1042940158534
            ],
            [
              -84.2543458882487,
              40.104293631766
            ],
            [
              -84.2543493368811,
              40.1042932490529
            ],
            [
              -84.2543527855135,
              40.1042928663397
            ],
            [
              -84.2543562341459,
              40.1042924843137
            ],
            [
              -84.25435968188,
              40.1042921029747
            ],
            [
              -84.2543631305123,
              40.1042917223229
            ],
            [
              -84.2543665791447,
              40.1042913430452
            ],
            [
              -84.2543700277771,
              40.1042909637675
            ],
            [
              -84.2543734773078,
              40.1042905858641
            ],
            [
              -84.2543769259402,
              40.1042902079605
            ],
            [
              -84.2543803745725,
              40.1042898307441
            ],
            [
              -84.2543838241032,
              40.1042894549019
            ],
            [
              -84.2543872745322,
              40.1042890790597
            ],
            [
              -84.2543907240629,
              40.1042887039046
            ],
            [
              -84.2543941735936,
              40.1042883294366
            ],
            [
              -84.2543976231243,
              40.1042879563427
            ],
            [
              -84.2544010735533,
              40.1042875832489
            ],
            [
              -84.254404523084,
              40.1042872101551
            ],
            [
              -84.254407973513,
              40.1042868391226
            ],
            [
              -84.2544114230436,
              40.1042864674029
            ],
            [
              -84.254414874371,
              40.1042860984317
            ],
            [
              -84.2544183239017,
              40.1042857280862
            ],
            [
              -84.254421775229,
              40.104285359115
            ],
            [
              -84.2544252265564,
              40.1042849908308
            ],
            [
              -84.2544286769853,
              40.1042846239209
            ],
            [
              -84.2544321274143,
              40.1042842563238
            ],
            [
              -84.2544355787416,
              40.1042838901009
            ],
            [
              -84.2544390309673,
              40.1042835245652
            ],
            [
              -84.2544424822947,
              40.1042831604035
            ],
            [
              -84.254445933622,
              40.1042827962419
            ],
            [
              -84.2544493849493,
              40.1042824320804
            ],
            [
              -84.2544528371749,
              40.1042820699802
            ],
            [
              -84.2544562885023,
              40.1042817078798
            ],
            [
              -84.2544597407279,
              40.1042813464666
            ],
            [
              -84.2544631929535,
              40.1042809850534
            ],
            [
              -84.2544666451791,
              40.1042806257014
            ],
            [
              -84.2544700974048,
              40.1042802656624
            ],
            [
              -84.2544735496304,
              40.1042799069976
            ],
            [
              -84.2544770027544,
              40.1042795497071
            ],
            [
              -84.25448045498,
              40.1042791917292
            ],
            [
              -84.2544839090023,
              40.1042788351257
            ],
            [
              -84.2544873612279,
              40.1042784785222
            ],
            [
              -84.2544908143519,
              40.1042781239799
            ],
            [
              -84.2544942674758,
              40.1042777694378
            ],
            [
              -84.2544977205998,
              40.1042774155826
            ],
            [
              -84.254501174622,
              40.1042770624145
            ],
            [
              -84.2545046834415,
              40.1042767044368
            ],
            [
              -84.2545081913627,
              40.1042763478333
            ],
            [
              -84.2545117001822,
              40.1042759905426
            ],
            [
              -84.2545152072051,
              40.1042756360003
            ],
            [
              -84.2545187169229,
              40.1042752807709
            ],
            [
              -84.2545222257424,
              40.1042749269158
            ],
            [
              -84.2545257345619,
              40.1042745737477
            ],
            [
              -84.2545292433814,
              40.1042742198925
            ],
            [
              -84.2545327522009,
              40.1042738687857
            ],
            [
              -84.2545362619187,
              40.104273517679
            ],
            [
              -84.2545397707382,
              40.1042731658851
            ],
            [
              -84.2545432795577,
              40.1042728161525
            ],
            [
              -84.2545467901738,
              40.1042724664199
            ],
            [
              -84.2545502989933,
              40.1042721187486
            ],
            [
              -84.2545538096095,
              40.1042717710774
            ],
            [
              -84.254557318429,
              40.104271423406
            ],
            [
              -84.2545608290451,
              40.1042710771088
            ],
            [
              -84.2545643396612,
              40.1042707314988
            ],
            [
              -84.2545678493791,
              40.1042703858888
            ],
            [
              -84.2545713599952,
              40.104270041653
            ],
            [
              -84.2545748706113,
              40.1042696974172
            ],
            [
              -84.2545783812274,
              40.1042693552427
            ],
            [
              -84.2545818909453,
              40.1042690130681
            ],
            [
              -84.2545854024597,
              40.1042686708935
            ],
            [
              -84.2545889130758,
              40.1042683307804
            ],
            [
              -84.2545924245903,
              40.1042679899799
            ],
            [
              -84.2545959352064,
              40.1042676498667
            ],
            [
              -84.2545994476192,
              40.1042673111276
            ],
            [
              -84.2546029591336,
              40.1042669730757
            ],
            [
              -84.2546064697498,
              40.1042666363979
            ],
            [
              -84.2546099812642,
              40.104266299033
            ],
            [
              -84.2546134927786,
              40.1042659630423
            ],
            [
              -84.2546170051914,
              40.1042656277387
            ],
            [
              -84.2546205167059,
              40.1042652938094
            ],
            [
              -84.2546240300169,
              40.1042649591929
            ],
            [
              -84.2546275415314,
              40.1042646259506
            ],
            [
              -84.2546310530458,
              40.1042642933954
            ],
            [
              -84.2546345663569,
              40.1042639615272
            ],
            [
              -84.2546380778713,
              40.1042636296592
            ],
            [
              -84.2546415911824,
              40.1042632998524
            ],
            [
              -84.2546451044934,
              40.1042629700456
            ],
            [
              -84.254648616008,
              40.1042626409258
            ],
            [
              -84.254652129319,
              40.1042623124933
            ],
            [
              -84.2546556426301,
              40.1042619854348
            ],
            [
              -84.2546591559412,
              40.1042616576893
            ],
            [
              -84.2546626692523,
              40.104261332005
            ],
            [
              -84.2546661825633,
              40.1042610063208
            ],
            [
              -84.2546696967727,
              40.1042606806365
            ],
            [
              -84.2546732100838,
              40.1042603563265
            ],
            [
              -84.2546767233948,
              40.1042600327036
            ],
            [
              -84.2546802376042,
              40.1042597104548
            ],
            [
              -84.2546837509153,
              40.104259388206
            ],
            [
              -84.2546872651247,
              40.1042590666444
            ],
            [
              -84.2546907802324,
              40.1042587457698
            ],
            [
              -84.2546942944418,
              40.1042584255824
            ],
            [
              -84.2546978086512,
              40.1042581067691
            ],
            [
              -84.2547013219623,
              40.1042577879558
            ],
            [
              -84.2547048370701,
              40.1042574705167
            ],
            [
              -84.254708353076,
              40.1042571530777
            ],
            [
              -84.2547118672854,
              40.1042568370127
            ],
            [
              -84.2547153823931,
              40.1042565202607
            ],
            [
              -84.2547188966025,
              40.10425620557
            ],
            [
              -84.2547224126085,
              40.1042558915664
            ],
            [
              -84.2547259268179,
              40.1042555775629
            ],
            [
              -84.254729442824,
              40.1042552635592
            ],
            [
              -84.2547329579316,
              40.1042549523039
            ],
            [
              -84.2547364739377,
              40.1042546403616
            ],
            [
              -84.2547399899437,
              40.1042543291065
            ],
            [
              -84.2547435050514,
              40.1042540192254
            ],
            [
              -84.2547470210574,
              40.1042537086573
            ],
            [
              -84.2547505370634,
              40.1042534008376
            ],
            [
              -84.2547540530694,
              40.1042530923308
            ],
            [
              -84.2547575690755,
              40.1042527851981
            ],
            [
              -84.2547610850815,
              40.1042524773784
            ],
            [
              -84.2547646010875,
              40.104252172307
            ],
            [
              -84.2547681188902,
              40.1042518665485
            ],
            [
              -84.2547716348962,
              40.1042515614772
            ],
            [
              -84.2547751518005,
              40.10425125778
            ],
            [
              -84.2547786678065,
              40.1042509540828
            ],
            [
              -84.2547821856092,
              40.104250652447
            ],
            [
              -84.2547857025136,
              40.104250350124
            ],
            [
              -84.2547892194179,
              40.104250047801
            ],
            [
              -84.2547927363222,
              40.1042497482265
            ],
            [
              -84.2547962541249,
              40.1042494486518
            ],
            [
              -84.2547997710292,
              40.1042491490773
            ],
            [
              -84.2548032888319,
              40.104248850877
            ],
            [
              -84.2548068057362,
              40.1042485526766
            ],
            [
              -84.2548103244372,
              40.1042482558504
            ],
            [
              -84.2548138422398,
              40.1042479590241
            ],
            [
              -84.2548173591442,
              40.1042476635721
            ],
            [
              -84.2548208778451,
              40.1042473688073
            ],
            [
              -84.2548243956478,
              40.1042470747293
            ],
            [
              -84.2548279143488,
              40.1042467806516
            ],
            [
              -84.2548314321514,
              40.1042464879479
            ],
            [
              -84.2548349508524,
              40.1042461959315
            ],
            [
              -84.2548384695533,
              40.104245904602
            ],
            [
              -84.2548419882543,
              40.1042456139596
            ],
            [
              -84.254845506057,
              40.1042453240044
            ],
            [
              -84.2548490247579,
              40.1042450347363
            ],
            [
              -84.2548525434589,
              40.1042447461553
            ],
            [
              -84.2548560639565,
              40.1042444575742
            ],
            [
              -84.2548595826575,
              40.1042441710544
            ],
            [
              -84.2548631013585,
              40.1042438838476
            ],
            [
              -84.2548666200594,
              40.104243598015
            ],
            [
              -84.254870140557,
              40.1042433135565
            ],
            [
              -84.2548736592579,
              40.1042430284109
            ],
            [
              -84.2548771797556,
              40.1042427446395
            ],
            [
              -84.2548806984565,
              40.1042424615554
            ],
            [
              -84.2548842189542,
              40.1042421791581
            ],
            [
              -84.2548877385534,
              40.1042418974481
            ],
            [
              -84.2548912581527,
              40.1042416164251
            ],
            [
              -84.254894777752,
              40.1042413360892
            ],
            [
              -84.2548982982496,
              40.1042410564404
            ],
            [
              -84.2549018187472,
              40.1042407774788
            ],
            [
              -84.2549053383464,
              40.1042404992042
            ],
            [
              -84.2549088588441,
              40.1042402223038
            ],
            [
              -84.2549123793417,
              40.1042399454034
            ],
            [
              -84.2549159007375,
              40.1042396685029
            ],
            [
              -84.2549194212352,
              40.1042393936638
            ],
            [
              -84.2549229417327,
              40.1042391188247
            ],
            [
              -84.2549264631287,
              40.1042388453598
            ],
            [
              -84.2549299836263,
              40.1042385712078
            ],
            [
              -84.2549335050222,
              40.1042382991171
            ],
            [
              -84.2549370255198,
              40.1042380277135
            ],
            [
              -84.2549405469157,
              40.1042377556228
            ],
            [
              -84.25494406921,
              40.1042374855933
            ],
            [
              -84.2549475897075,
              40.1042372155638
            ],
            [
              -84.2549511111035,
              40.1042369462215
            ],
            [
              -84.2549546324994,
              40.1042366782534
            ],
            [
              -84.2549581547936,
              40.1042364102853
            ],
            [
              -84.2549616761895,
              40.1042361436913
            ],
            [
              -84.2549651975854,
              40.1042358764103
            ],
            [
              -84.254968720778,
              40.1042356111906
            ],
            [
              -84.2549722421738,
              40.1042353459708
            ],
            [
              -84.2549757644681,
              40.1042350821252
            ],
            [
              -84.254979285864,
              40.1042348189667
            ],
            [
              -84.2549828090566,
              40.1042345551213
            ],
            [
              -84.2549863313508,
              40.104234294024
            ],
            [
              -84.254989853645,
              40.1042340322397
            ],
            [
              -84.2549933759392,
              40.1042337718297
            ],
            [
              -84.2549968991318,
              40.1042335107324
            ],
            [
              -84.2550004223244,
              40.1042332516967
            ],
            [
              -84.2550039437202,
              40.1042329933478
            ],
            [
              -84.2550074669128,
              40.1042327349991
            ],
            [
              -84.2550109901053,
              40.1042324780244
            ],
            [
              -84.2550145132979,
              40.1042322210499
            ],
            [
              -84.2550180364904,
              40.1042319661366
            ],
            [
              -84.255021559683,
              40.1042317105362
            ],
            [
              -84.2550250828755,
              40.10423145631
            ],
            [
              -84.2550286060681,
              40.1042312020837
            ],
            [
              -84.2550321310572,
              40.1042309492318
            ],
            [
              -84.2550356542498,
              40.1042306963798
            ],
            [
              -84.2550391774423,
              40.1042304449019
            ],
            [
              -84.2550427015332,
              40.1042301941112
            ],
            [
              -84.2550462247257,
              40.1042299433205
            ],
            [
              -84.2550497497149,
              40.1042296939039
            ],
            [
              -84.2550532729075,
              40.1042294458616
            ],
            [
              -84.2550567978967,
              40.1042291964451
            ],
            [
              -84.2550603219875,
              40.104228949777
            ],
            [
              -84.25506384518,
              40.1042287024217
            ],
            [
              -84.2550673701692,
              40.1042284571278
            ],
            [
              -84.2550708951584,
              40.1042282118339
            ],
            [
              -84.2550744192493,
              40.1042279658528
            ],
            [
              -84.2550779442384,
              40.1042277226201
            ],
            [
              -84.2550814683293,
              40.1042274787003
            ],
            [
              -84.2550849933184,
              40.1042272361548
            ],
            [
              -84.2550885183076,
              40.1042269942963
            ],
            [
              -84.2550920432968,
              40.1042267538121
            ],
            [
              -84.2550955673877,
              40.1042265126407
            ],
            [
              -84.2550990932752,
              40.1042262728436
            ],
            [
              -84.2551026182643,
              40.1042260337335
            ],
            [
              -84.2551061441518,
              40.1042257953105
            ],
            [
              -84.2551096691409,
              40.1042255582618
            ],
            [
              -84.2551131941301,
              40.104225321213
            ],
            [
              -84.2551167200177,
              40.1042250848513
            ],
            [
              -84.2551202459051,
              40.1042248491767
            ],
            [
              -84.2551237708943,
              40.1042246148763
            ],
            [
              -84.2551272967818,
              40.1042243798889
            ],
            [
              -84.2551308226693,
              40.1042241462755
            ],
            [
              -84.2551343494551,
              40.1042239133494
            ],
            [
              -84.2551378744443,
              40.1042236817973
            ],
            [
              -84.2551414003318,
              40.1042234495582
            ],
            [
              -84.2551449262192,
              40.1042232193805
            ],
            [
              -84.2551484530051,
              40.1042229898897
            ],
            [
              -84.2551519788925,
              40.104222760399
            ],
            [
              -84.2551555065767,
              40.1042225309083
            ],
            [
              -84.2551590324642,
              40.1042223034788
            ],
            [
              -84.2551625583516,
              40.1042220767366
            ],
            [
              -84.2551660851375,
              40.1042218499942
            ],
            [
              -84.255169611025,
              40.1042216232519
            ],
            [
              -84.2551731387091,
              40.1042213985708
            ],
            [
              -84.2551766645966,
              40.1042211738899
            ],
            [
              -84.2551801922807,
              40.1042209505831
            ],
            [
              -84.2551837190665,
              40.1042207272762
            ],
            [
              -84.2551872467506,
              40.1042205053436
            ],
            [
              -84.2551907726381,
              40.1042202834109
            ],
            [
              -84.2551943003222,
              40.1042200621653
            ],
            [
              -84.2551978280064,
              40.104219842294
            ],
            [
              -84.2552013556905,
              40.1042196231097
            ],
            [
              -84.2552048824763,
              40.1042194046126
            ],
            [
              -84.2552084101604,
              40.1042191861154
            ],
            [
              -84.2552119378445,
              40.1042189683053
            ],
            [
              -84.2552154655286,
              40.1042187518696
            ],
            [
              -84.2552189932127,
              40.1042185354336
            ],
            [
              -84.2552225208969,
              40.104218320372
            ],
            [
              -84.255226048581,
              40.1042181059974
            ],
            [
              -84.2552295762651,
              40.1042178916228
            ],
            [
              -84.2552331048475,
              40.1042176786225
            ],
            [
              -84.2552366325317,
              40.1042174656221
            ],
            [
              -84.2552401602158,
              40.104217254683
            ],
            [
              -84.2552436887982,
              40.1042170430568
            ],
            [
              -84.2552472173807,
              40.1042168321177
            ],
            [
              -84.2552507450648,
              40.1042166225528
            ],
            [
              -84.2552542745455,
              40.1042164136751
            ],
            [
              -84.2552578022297,
              40.1042162054844
            ],
            [
              -84.2552613317104,
              40.1042159979807
            ],
            [
              -84.2552648593946,
              40.1042157904772
            ],
            [
              -84.2552683888753,
              40.1042155850349
            ],
            [
              -84.2552719165594,
              40.1042153789055
            ],
            [
              -84.2552754460401,
              40.1042151741503
            ],
            [
              -84.2552789746226,
              40.1042149700821
            ],
            [
              -84.2552825041033,
              40.1042147667011
            ],
            [
              -84.2552860335841,
              40.1042145640072
            ],
            [
              -84.2552895612682,
              40.1042143613133
            ],
            [
              -84.255293090749,
              40.1042141599936
            ],
            [
              -84.2552966202297,
              40.104213960048
            ],
            [
              -84.2553001488121,
              40.1042137594155
            ],
            [
              -84.2553036782929,
              40.1042135608441
            ],
            [
              -84.255307208672,
              40.1042133622728
            ],
            [
              -84.2553107381527,
              40.1042131643885
            ],
            [
              -84.2553142676335,
              40.1042129665043
            ],
            [
              -84.2582827693545,
              40.1040469359319
            ],
            [
              -84.2582841895909,
              40.1040468576026
            ],
            [
              -84.2590507229212,
              40.1040039722603
            ],
            [
              -84.2590586909777,
              40.104511810894
            ],
            [
              -84.2590636433899,
              40.1048272493021
            ]
          ]
        ]
      },
      "properties": {
        "parcel_id": "N44-101834",
        "parcel_id_dashless": "N44101834",
        "owner": "J5 LLC",
        "owner_mailing_address": "52 E GAY ST COLUMBUS OH 43215",
        "situs_address": "2675 W FARRINGTON RD",
        "municipality": "PIQUA CITY",
        "acres": 359.475,
        "land_use_code": 101,
        "land_use_class": "A",
        "market_total_value": 938200,
        "last_sale_date": "2025-12-24",
        "last_sale_amount": 62234725,
        "has_cauv": true,
        "tax_district": "N44",
        "split_lineage": "SMDA#: M40-WA022 -005-00",
        "assembly_owner": "J5 LLC",
        "assembly_status": "verified"
      }
    },
    {
      "type": "Feature",
      "geometry": {
        "type": "Polygon",
        "coordinates": [
          [
            [
              -84.2590636433899,
              40.1048272493021
            ],
            [
              -84.2590792111938,
              40.1058194961173
            ],
            [
              -84.2577870744891,
              40.1058353161741
            ],
            [
              -84.2577715246515,
              40.1048430689026
            ],
            [
              -84.2590636433899,
              40.1048272493021
            ]
          ]
        ]
      },
      "properties": {
        "parcel_id": "N44-101846",
        "parcel_id_dashless": "N44101846",
        "owner": "J5 LLC",
        "owner_mailing_address": "52 E GAY ST COLUMBUS OH 43215",
        "situs_address": "N WASHINGTON RD W PIQUA OH 45356",
        "municipality": "PIQUA CITY",
        "acres": 3,
        "land_use_code": 101,
        "land_use_class": "A",
        "market_total_value": 302800,
        "last_sale_date": "2025-12-24",
        "last_sale_amount": 62234725,
        "has_cauv": true,
        "tax_district": "N44",
        "split_lineage": "SMDA#: M40-WA022 -003-00",
        "assembly_owner": "J5 LLC",
        "assembly_status": "verified"
      }
    }
  ]
}
