object_id,record_type,well_use,longitude,latitude,coord_source,county,township,completion_date,total_depth_ft,dem_elev_ft,aquifer_type,drill_type,test_rate_gpm,static_water_level_ft,case_length_ft,bedrock_depth_ft,well_no
1,W,DOMESTIC,-84.18482,40.71286,GEOCODE,ALLEN,SHAWNEE,1983-10-10,80.0,867.5999755859375,LIMESTONE,,15.0,50.0,68.0,47,623522
2,W,DOMESTIC,-84.182673,40.693290999999995,DIGITIZED,ALLEN,SHAWNEE,1953-05-20,57.0,854.4000244140625,GRAVEL,,15.0,42.0,57.0,,100631
8,W,DOMESTIC,-84.32065,40.762589999999996,GEOCODE,ALLEN,AMANDA,1995-11-27,40.0,810.0,SAND & GRAVEL,CABLE TOOL,8.0,28.0,,,813002
9,W,DOMESTIC,-83.88622,40.71783,GEOCODE,ALLEN,AUGLAIZE,1988-06-05,125.0,1020.0999755859375,LIMESTONE,,20.0,70.0,88.0,85,673368
10,W,DOMESTIC,-83.98786,40.716629999999995,GEOCODE,ALLEN,AUGLAIZE,1991-03-07,84.0,977.5,GRAVEL,CABLE TOOL,15.0,60.0,84.0,,721373
13,W,COMMERCIAL,-83.96231999999999,40.670226,,ALLEN,AUGLAIZE,1968-07-08,250.0,990.0999755859375,LIMESTONE,,400.0,20.0,52.0,50,367571
14,W,PUBLIC/SEMI-PUB,-84.05274299999999,40.68721,DIGITIZED,ALLEN,PERRY,1955-10-18,112.0,933.0999755859375,LIMESTONE,,60.0,28.0,73.0,102,142832
15,W,DOMESTIC,-84.104366,40.665504,DIGITIZED,ALLEN,PERRY,1957-07-15,137.0,927.0999755859375,GRAVEL,,,,137.0,,201609
16,W,DOMESTIC,-84.00721999999999,40.764058,DIGITIZED,ALLEN,BATH,1965-07-06,65.0,903.0999755859375,LIMESTONE,,20.0,31.0,37.0,36,319443
17,W,DOMESTIC,-84.16772,40.80244,GEOCODE,ALLEN,SUGAR CREEK,1985-08-20,100.0,800.9000244140625,LIMESTONE,,3.0,18.0,25.0,25,629982
18,W,DOMESTIC,-84.22288999999999,40.73285,GEOCODE,ALLEN,SHAWNEE,1995-12-28,80.0,825.0,LIMESTONE,CABLE TOOL,10.0,45.0,58.0,56,819994
19,W,DOMESTIC,-84.20398999999999,40.68683,GEOCODE,ALLEN,SHAWNEE,1983-08-30,110.0,863.4000244140625,LIMESTONE,,20.0,20.0,47.0,44,622658
21,W,DOMESTIC,-83.91945,40.711279999999995,GEOCODE,ALLEN,AUGLAIZE,1970-12-01,62.0,995.5999755859375,LIMESTONE,,30.0,25.0,63.0,43,419666
22,W,DOMESTIC,-84.078766,40.692519,DIGITIZED,ALLEN,PERRY,1962-09-06,64.0,930.5,SAND & GRAVEL,,8.0,30.0,64.0,,258488
23,W,DOMESTIC,-84.10786399999999,40.703989,DIGITIZED,ALLEN,PERRY,1960-11-03,100.0,884.9000244140625,LIMESTONE,,6.0,38.0,43.0,43,160041
24,W,DOMESTIC,-83.899604,40.788036999999996,DIGITIZED,ALLEN,JACKSON,1960-02-16,46.0,926.0999755859375,LIMESTONE,,,9.0,17.0,10,210083
29,W,DOMESTIC,-83.99056,40.74559,GEOCODE,ALLEN,JACKSON,1990-06-25,62.0,927.7999877929688,LIMESTONE,ROTARY,15.0,21.0,54.0,50,715026
30,W,DOMESTIC,-84.091942,40.711462,DIGITIZED,ALLEN,PERRY,1958-11-25,38.0,888.2999877929688,GRAVEL,,15.0,20.0,38.0,,170868
31,W,DOMESTIC,-83.93817,40.67463,,ALLEN,AUGLAIZE,1990-07-10,60.0,1018.5,LIMESTONE,ROTARY,15.0,30.0,54.0,51,715025
32,W,DOMESTIC,-83.89332999999999,40.6552,GEOCODE,ALLEN,AUGLAIZE,1991-10-15,95.0,1038.4000244140625,LIMESTONE,ROTARY,12.0,54.0,64.0,61,737513
33,W,DOMESTIC,-84.24264,40.79035,GLOBAL POSITIONING SYSTEM,ALLEN,MARION,1978-09-25,65.0,798.5999755859375,LIMESTONE,,15.0,6.0,26.0,26,540966
34,W,DOMESTIC,-84.32015,40.83295,GEOCODE,ALLEN,MARION,1994-11-16,71.0,777.5999755859375,LIMESTONE,ROTARY,5.0,20.0,25.0,25,790429
35,W,DOMESTIC,-84.03972999999999,40.788669999999996,GLOBAL POSITIONING SYSTEM,ALLEN,BATH,1967-07-25,76.0,887.7000122070312,LIMESTONE,,16.0,20.0,41.0,40,357528
36,W,DOMESTIC,-83.93318,40.73027,GEOCODE,ALLEN,JACKSON,1973-09-26,66.0,994.7000122070312,LIMESTONE,,12.0,38.0,42.0,42,512497
37,W,DOMESTIC,-84.165292,40.700536,DIGITIZED,ALLEN,SHAWNEE,1963-01-23,90.0,848.5999755859375,GRAVEL,,10.0,29.0,90.0,,281616
39,W,DOMESTIC,-84.153975,40.778529,DIGITIZED,ALLEN,AMERICAN,1956-07-14,130.0,818.7000122070312,GRAVEL,,10.0,37.0,130.0,,176886
40,W,DOMESTIC,-84.120161,40.769959,DIGITIZED,ALLEN,AMERICAN,1955-07-05,126.0,844.7000122070312,LIMESTONE,,15.0,63.0,115.0,115,156831
41,W,DOMESTIC,-84.116967,40.787580999999996,DIGITIZED,ALLEN,AMERICAN,1963-04-24,81.0,834.9000244140625,LIMESTONE,,16.0,28.0,30.0,30,286074
42,W,DOMESTIC,-84.10296,40.70587,,ALLEN,PERRY,1957-08-03,42.0,884.5999755859375,GRAVEL,,10.0,12.0,42.0,,197501
43,W,DOMESTIC,-84.05152,40.68065,GEOCODE,ALLEN,PERRY,1988-03-17,65.0,936.0,GRAVEL,CABLE TOOL,20.0,25.0,65.0,,657194
44,W,DOMESTIC,-84.12301,40.6982,GEOCODE,ALLEN,SHAWNEE,1987-03-13,294.0,896.0999755859375,LIMESTONE,ROTARY,20.0,170.0,158.0,158,665401
45,W,DOMESTIC,-84.1282,40.68772,GEOCODE,ALLEN,SHAWNEE,1979-09-12,250.0,889.2999877929688,LIMESTONE,,10.0,165.0,217.0,217,569359
46,W,,-84.12664099999999,40.7109,DIGITIZED,ALLEN,SHAWNEE,1956-08-28,174.0,863.9000244140625,LIMESTONE,,4.0,151.0,65.0,65,173431
47,W,DOMESTIC,-84.132271,40.68853,DIGITIZED,ALLEN,SHAWNEE,1955-06-13,83.0,877.2999877929688,SAND,,6.0,32.0,82.0,,127369
48,W,DOMESTIC,-84.109295,40.800024,DIGITIZED,ALLEN,AMERICAN,1957-03-03,83.0,823.7999877929688,LIMESTONE,,2.0,26.0,61.0,61,174099
51,W,DOMESTIC,-84.05927,40.78329,GEOCODE,ALLEN,BATH,1990-09-15,100.0,875.4000244140625,LIMESTONE,ROTARY,10.0,38.0,50.0,47,715053
52,W,DOMESTIC,-84.02523699999999,40.790188,DIGITIZED,ALLEN,BATH,1958-08-20,90.0,877.9000244140625,LIMESTONE,,10.0,7.0,56.0,56,224053
53,W,DOMESTIC,-84.15191999999999,40.709182,DIGITIZED,ALLEN,SHAWNEE,1962-10-16,95.0,848.2999877929688,GRAVEL,,10.0,30.0,95.0,,281609
56,W,DOMESTIC,-84.178784,40.756523,DIGITIZED,ALLEN,AMERICAN,1953-06-23,125.0,833.5,LIMESTONE,,70.0,30.0,42.0,40,82977
57,W,DOMESTIC,-84.222747,40.734863999999995,DIGITIZED,ALLEN,AMERICAN,1956-09-09,36.0,828.5,GRAVEL,,,,31.0,,121439
58,W,DOMESTIC,-84.156301,40.763675,DIGITIZED,ALLEN,AMERICAN,1965-05-01,135.0,831.7999877929688,GRAVEL,,9.0,88.0,135.0,,317281
62,W,DOMESTIC,-83.99852,40.70248,GEOCODE,ALLEN,PERRY,1984-09-07,174.0,999.5999755859375,LIMESTONE,,12.0,23.0,148.0,148,651456
63,W,DOMESTIC,-84.282341,40.823135,DIGITIZED,ALLEN,MARION,1962-07-17,106.0,774.2000122070312,LIMESTONE,,15.0,8.0,16.0,14,274613
64,W,DOMESTIC,-83.961359,40.740032,DIGITIZED,ALLEN,JACKSON,1957-09-26,75.0,952.5999755859375,LIMESTONE,,20.0,30.0,27.0,27,192875
65,W,DOMESTIC,-83.98521199999999,40.743744,DIGITIZED,ALLEN,JACKSON,1963-05-29,64.0,926.9000244140625,LIMESTONE,,20.0,15.0,45.0,45,286082
66,W,DOMESTIC,-83.968868,40.731645,DIGITIZED,ALLEN,JACKSON,1955-06-12,80.0,964.2000122070312,LIMESTONE,,,30.0,56.0,56,62136
67,W,DOMESTIC,-83.91993599999999,40.747087,DIGITIZED,ALLEN,JACKSON,1963-06-14,59.0,973.0999755859375,LIMESTONE,,,23.0,37.0,56,260693
68,W,DOMESTIC,-84.15007,40.67405,GEOCODE,ALLEN,SHAWNEE,1985-03-15,135.0,869.2999877929688,LIMESTONE,,9.0,23.0,103.0,99,650775
70,W,DOMESTIC,-84.11384199999999,40.775172999999995,DIGITIZED,ALLEN,AMERICAN,1954-10-25,66.0,849.0,LIMESTONE,,,17.0,61.0,50,127368
71,W,DOMESTIC,-84.17844,40.7368,,ALLEN,AMERICAN,1977-07-15,35.0,810.2999877929688,GRAVEL,,15.0,25.0,35.0,,511873
73,W,DOMESTIC,-83.98725,40.82082,GEOCODE,ALLEN,RICHLAND,1993-02-16,34.0,870.5999755859375,SHALE & SANDSTONE,CABLE TOOL,12.0,18.0,34.0,30,761034
74,W,,-84.166843,40.849897999999996,DIGITIZED,ALLEN,SUGAR CREEK,1955-10-04,120.0,782.4000244140625,LIMESTONE,,,,25.0,22,77472
81,W,DOMESTIC,-83.89183,40.798700000000004,GEOCODE,ALLEN,JACKSON,1994-09-15,68.0,948.5999755859375,LIMESTONE,ROTARY,20.0,20.0,39.0,39,790417
82,W,DOMESTIC,-83.9051,40.89235,GEOCODE,ALLEN,RICHLAND,1991-10-23,70.0,841.7999877929688,LIMESTONE,ROTARY,5.0,48.0,43.0,38,740417
83,W,AGRIC/IRRIG,-83.90182,40.88234,GLOBAL POSITIONING SYSTEM,ALLEN,RICHLAND,1986-04-30,423.0,828.7000122070312,LIMESTONE,,,16.0,27.0,22,651929
84,W,DOMESTIC,-83.93580999999999,40.90885,GEOCODE,ALLEN,RICHLAND,1994-06-14,53.0,808.7999877929688,LIMESTONE,ROTARY,30.0,16.0,31.0,16,797279
85,W,DOMESTIC,-83.93047,40.85388,,ALLEN,RICHLAND,1987-10-12,57.0,867.4000244140625,LIMESTONE,CABLE TOOL,6.0,28.0,36.0,35,665091
89,W,DOMESTIC,-84.08133,40.71877,GEOCODE,ALLEN,PERRY,1993-05-24,42.0,892.5,LIMESTONE,ROTARY,12.0,19.0,42.0,39,767866
90,W,DOMESTIC,-84.06085,40.786,GEOCODE,ALLEN,BATH,1987-04-16,92.0,872.7999877929688,LIMESTONE,ROTARY,20.0,36.0,49.0,49,665410
91,W,DOMESTIC,-84.134439,40.690667999999995,DIGITIZED,ALLEN,SHAWNEE,1959-11-09,63.0,868.4000244140625,GRAVEL,,7.0,33.0,63.0,,220187
92,W,DOMESTIC,-84.134439,40.690667999999995,DIGITIZED,ALLEN,SHAWNEE,1959-11-18,84.0,868.4000244140625,GRAVEL,,10.0,33.0,84.0,,220189
93,W,DOMESTIC,-84.134439,40.690667999999995,DIGITIZED,ALLEN,SHAWNEE,1958-10-25,49.0,868.4000244140625,GRAVEL,,8.0,33.0,49.0,,220154
100,W,DOMESTIC,-84.075065,40.868558,DIGITIZED,ALLEN,MONROE,1958-06-24,59.0,786.2000122070312,LIMESTONE,,15.0,6.0,19.0,17,213756
101,W,DOMESTIC,-84.26894899999999,40.809359,DIGITIZED,ALLEN,MARION,1959-08-30,70.0,792.2999877929688,LIMESTONE,,,12.0,22.0,20,205618
102,W,DOMESTIC,-84.23320000000001,40.809200000000004,GEOCODE,ALLEN,MARION,1988-11-03,203.0,788.2999877929688,LIMESTONE,,12.0,10.0,25.0,14,690142
103,W,DOMESTIC,-84.09496899999999,40.801887,DIGITIZED,ALLEN,BATH,1957-07-31,120.0,829.2999877929688,LIMESTONE,,6.0,18.0,33.0,31,154737
104,W,DOMESTIC,-83.99387,40.77607,GEOCODE,ALLEN,JACKSON,1986-05-13,90.0,910.9000244140625,LIMESTONE,,20.0,40.0,48.0,45,636296
105,W,DOMESTIC,-83.88556,40.73253,GEOCODE,ALLEN,JACKSON,1995-09-15,120.0,1005.0,LIMESTONE,ROTARY,15.0,48.0,63.0,60,821995
106,W,MONITOR,-84.11354999999999,40.74255,,ALLEN,AMERICAN,1994-04-29,26.0,888.9000244140625,SAND & SILT,AUGER,,,,,791661
107,W,MONITOR,-84.08774,40.70204,GEOCODE,ALLEN,PERRY,1990-12-07,24.0,901.7000122070312,GLACIAL TILL,AUGER,,,20.0,,755993
108,W,DOMESTIC,-84.151664,40.679190999999996,DIGITIZED,ALLEN,SHAWNEE,1953-04-14,36.0,860.2000122070312,GRAVEL,,,,36.0,,72858
109,W,DOMESTIC,-84.15172,40.71281,GEOCODE,ALLEN,SHAWNEE,1984-04-13,255.0,864.0999755859375,LIMESTONE,,20.0,80.0,246.0,246,651452
115,W,DOMESTIC,-84.18198,40.780049999999996,,ALLEN,AMERICAN,1987-09-16,48.0,808.7999877929688,LIMESTONE,,20.0,14.0,26.0,26,672682
116,W,DOMESTIC,-84.2035,40.79804,,ALLEN,AMERICAN,1985-05-23,70.0,785.2999877929688,LIMESTONE,,4.0,10.0,17.0,17,649684
117,W,DOMESTIC,-84.22905,40.787679999999995,GEOCODE,ALLEN,MARION,1993-04-06,42.0,797.4000244140625,LIMESTONE,ROTARY,6.0,17.0,37.0,32,767853
118,W,DOMESTIC,-84.18703099999999,40.717273,DIGITIZED,ALLEN,SHAWNEE,1961-12-26,78.0,857.4000244140625,LIMESTONE,,7.0,54.0,64.0,64,264478
119,W,MONITOR,-83.92085999999999,40.70854,,ALLEN,AUGLAIZE,1993-12-21,26.0,984.0,SAND & GRAVEL,AUGER,,14.0,19.0,,787373
120,W,DOMESTIC,-83.9384,40.89389,GEOCODE,ALLEN,RICHLAND,1992-10-10,102.0,823.0,LIMESTONE,ROTARY,5.0,20.0,32.0,29,755177
121,W,DOMESTIC,-83.93782,40.86944,GEOCODE,ALLEN,RICHLAND,1995-03-27,76.0,849.7000122070312,LIMESTONE,CABLE TOOL,6.0,,42.0,42,791795
123,W,DOMESTIC,-84.04628,40.84666,GEOCODE,ALLEN,MONROE,1995-12-01,28.0,822.2999877929688,SAND & GRAVEL,CABLE TOOL,10.0,,29.0,,818007
124,W,DOMESTIC,-84.07047,40.80798,GEOCODE,ALLEN,BATH,1994-07-13,56.0,849.0,GRAVEL & SAND,CABLE TOOL,10.0,,,,761071
125,W,COMMERCIAL,-84.07838799999999,40.732321999999996,DIGITIZED,ALLEN,BATH,1953-09-17,100.0,888.4000244140625,LIMESTONE,,20.0,61.0,42.0,42,123503
126,W,DOMESTIC,-84.2034,40.66806,GEOCODE,ALLEN,SHAWNEE,1995-09-25,39.0,838.7000122070312,GRAVEL,CABLE TOOL,15.0,18.0,39.0,,819986
129,W,DOMESTIC,-84.137649,40.690111,DIGITIZED,ALLEN,SHAWNEE,1955-04-04,64.0,867.0999755859375,GRAVEL,,20.0,32.0,64.0,,139832
130,W,DOMESTIC,-84.137649,40.690111,DIGITIZED,ALLEN,SHAWNEE,1954-07-01,65.0,867.0999755859375,GRAVEL,,14.0,35.0,65.0,,115294
135,W,DOMESTIC,-84.05252999999999,40.90295,GEOCODE,ALLEN,MONROE,1993-08-27,64.0,777.5,LIMESTONE,ROTARY,5.0,18.0,25.0,25,766496
136,W,DOMESTIC,-84.02557499999999,40.702642,DIGITIZED,ALLEN,PERRY,1961-05-25,124.0,974.5999755859375,LIMESTONE,,12.0,56.0,115.0,115,245593
137,W,DOMESTIC,-83.89941,40.728429999999996,GEOCODE,ALLEN,AUGLAIZE,1981-12-12,75.0,1007.9000244140625,LIMESTONE,,30.0,40.0,50.0,50,526358
138,W,DOMESTIC,-84.009114,40.772329,DIGITIZED,ALLEN,BATH,1959-05-18,74.0,905.4000244140625,LIMESTONE,,15.0,35.0,46.0,46,222264
139,W,DOMESTIC,-84.080818,40.794214,DIGITIZED,ALLEN,BATH,1952-12-16,135.0,849.4000244140625,LIMESTONE,,,,,36,72852
140,W,DOMESTIC,-84.04822999999999,40.79886,GEOCODE,ALLEN,BATH,1994-06-10,46.0,847.0,LIMESTONE,ROTARY,30.0,21.0,46.0,42,786598
141,W,DOMESTIC,-84.21533,40.79036,,ALLEN,AMERICAN,1994-12-04,96.0,799.2000122070312,OLD WELL,CABLE TOOL,12.0,,,,791811
142,W,DOMESTIC,-84.003236,40.807657,DIGITIZED,ALLEN,BATH,1970-06-10,53.0,868.0,LIMESTONE,,20.0,16.0,49.0,47,404182
143,W,DOMESTIC,-84.17537,40.71221,GEOCODE,ALLEN,SHAWNEE,1995-11-28,100.0,856.5999755859375,LIMESTONE,CABLE TOOL,15.0,30.0,63.0,61,819993
145,W,DOMESTIC,-84.242734,40.699836,DIGITIZED,ALLEN,AMANDA,1959-10-04,40.0,841.9000244140625,GRAVEL,,,,40.0,,184691
146,W,DOMESTIC,-84.249704,40.68682,DIGITIZED,ALLEN,AMANDA,1960-03-01,50.0,861.0,GRAVEL,,,,52.0,,184687
147,W,DOMESTIC,-84.135965,40.779027,DIGITIZED,ALLEN,AMERICAN,1958-08-26,77.0,834.0,LIMESTONE,,,37.0,33.0,31,193130
148,W,DOMESTIC,-84.05932,40.789179999999995,,ALLEN,BATH,1996-01-25,125.0,870.7000122070312,LIMESTONE,ROTARY,25.0,15.0,26.0,6,828336
149,W,DOMESTIC,-84.05895,40.78225,GEOCODE,ALLEN,BATH,1996-08-31,110.0,875.9000244140625,LIMESTONE,ROTARY,15.0,38.0,49.0,49,843042
5088,W,,-83.88101499999999,40.728072,DIGITIZED,ALLEN,AUGLAIZE,1947-11-03,85.0,1026.9000244140625,LIMESTONE,,,50.0,67.0,67,2428
5089,W,,-83.919658,40.703939999999996,DIGITIZED,ALLEN,AUGLAIZE,1948-05-25,61.0,984.4000244140625,LIMESTONE,,,9.0,36.0,58,38961
5090,W,,-83.932706,40.731203,DIGITIZED,ALLEN,AUGLAIZE,1948-12-02,109.0,989.9000244140625,LIMESTONE,,20.0,45.0,82.0,82,26394
5091,W,,-83.920519,40.705172,DIGITIZED,ALLEN,AUGLAIZE,1949-08-26,77.0,988.2999877929688,LIMESTONE,,,10.0,35.0,35,30682
5094,W,,-84.100692,40.802386999999996,DIGITIZED,ALLEN,BATH,1950-05-12,130.0,825.7999877929688,LIMESTONE,,,,32.0,32,56722
5095,W,,-83.92148,40.792314,DIGITIZED,ALLEN,JACKSON,,70.0,933.2999877929688,LIMESTONE,,,22.0,30.0,68,71068
5109,W,,-84.13202,40.665634999999995,DIGITIZED,ALLEN,SHAWNEE,1948-05-25,52.0,884.5,GRAVEL,,24.0,26.0,52.0,,23442
6973,W,DOMESTIC,-84.12841999999999,40.79885,,ALLEN,AMERICAN,1996-11-29,81.0,824.2999877929688,GRAVEL,ROTARY,8.0,25.0,81.0,,841990
7133,W,DOMESTIC,-83.97547999999999,40.804449999999996,GEOCODE,ALLEN,JACKSON,1998-04-16,48.0,899.2999877929688,GRAVEL,CABLE TOOL,9.0,26.0,48.0,,826155
7143,W,DOMESTIC,-84.03902,40.702400000000004,GEOCODE,ALLEN,PERRY,1998-03-27,93.0,959.0,LIMESTONE,ROTARY,20.0,57.0,75.0,75,866856
7165,W,DOMESTIC,-84.0703,40.789539999999995,GEOCODE,ALLEN,BATH,1997-05-15,75.0,867.0,LIMESTONE,ROTARY,15.0,24.0,46.0,46,851197
7169,W,DOMESTIC,-84.03206999999999,40.67941,GEOCODE,ALLEN,PERRY,1999-03-26,65.0,950.5999755859375,SAND,CABLE TOOL,10.0,45.0,64.0,,879766
7291,W,DOMESTIC,-84.22335,40.73197,,ALLEN,AMANDA,1998-08-13,60.0,827.0999755859375,SAND,CABLE TOOL,8.0,40.0,61.0,,879730
7300,W,DOMESTIC,-83.90789,40.8923,GEOCODE,ALLEN,RICHLAND,1998-10-14,263.0,835.5,LIMESTONE,ROTARY,10.0,80.0,32.0,30,881958
7352,W,DOMESTIC,-84.2512,40.69354,GEOCODE,ALLEN,AMANDA,1999-09-04,41.0,842.5999755859375,GRAVEL,CABLE TOOL,16.0,30.0,41.0,,895895
7366,W,DOMESTIC,-83.93364,40.86183,GEOCODE,ALLEN,RICHLAND,1999-12-01,114.0,857.2000122070312,LIMESTONE,ROTARY,8.0,30.0,27.0,24,906309
7387,W,DOMESTIC,-83.95633,40.80945,GEOCODE,ALLEN,AUGLAIZE,2000-10-13,73.0,904.2999877929688,LIMESTONE,ROTARY,30.0,28.0,53.0,53,922083
7403,W,DOMESTIC,-84.15630999999999,40.8171,,ALLEN,SUGAR CREEK,1999-11-01,55.0,793.5999755859375,LIMESTONE,CABLE TOOL,5.0,,28.0,27,892929
7959,W,DOMESTIC,-84.29348999999999,40.8275,GEOCODE,ALLEN,MARION,2001-05-23,56.0,777.5999755859375,LIMESTONE,ROTARY,5.0,10.0,27.0,19,935923
8033,W,DOMESTIC,-84.12601,40.66493,,ALLEN,SHAWNEE,2000-11-28,36.0,873.7999877929688,SHALE,CABLE TOOL,15.0,20.0,34.0,34,916221
8034,W,DOMESTIC,-84.07135,40.665659999999995,GEOCODE,ALLEN,SHAWNEE,2000-05-12,52.0,923.2999877929688,SAND/GRAVEL/BOULDERS,CABLE TOOL,15.0,40.0,52.0,,895924
8460,W,DOMESTIC,-84.03146,40.76325,GEOCODE,ALLEN,BATH,2002-02-01,39.0,889.0999755859375,LIMESTONE,CABLE TOOL,15.0,14.0,28.0,27,940819
8514,W,DOMESTIC,-83.972589,40.832077999999996,DIGITIZED,ALLEN,RICHLAND,1955-05-02,60.0,869.2000122070312,LIMESTONE,,6.0,,35.0,35,144609
8516,W,MONITOR,-84.11341,40.72199,GEOCODE,ALLEN,SHAWNEE,2003-02-26,23.0,864.0999755859375,SAND & SILT,AUGER,,,15.0,,951341
8540,W,DOMESTIC,-83.898927,40.832997,DIGITIZED,ALLEN,RICHLAND,1956-01-20,42.0,886.2000122070312,LIMESTONE,,,16.0,26.0,23,120497
8570,W,DOMESTIC,-84.10752,40.648379999999996,GEOCODE,ALLEN,PERRY,2001-12-26,150.0,947.2999877929688,LIMESTONE,CABLE TOOL,4.0,60.0,61.0,148,932601
8572,W,DOMESTIC,-84.13381,40.82194,GEOCODE,ALLEN,SUGAR CREEK,2002-08-21,142.0,797.7000122070312,LIMESTONE,ROTARY,20.0,20.0,29.0,18,949922
8622,W,DOMESTIC,-84.19847,40.7424,,ALLEN,AMERICAN,1995-04-23,45.0,824.4000244140625,LIMESTONE,ROTARY,15.0,15.0,32.0,34,813811
8646,W,MONITOR,-84.11341,40.72199,GEOCODE,ALLEN,SHAWNEE,2002-10-08,35.0,864.0999755859375,STONE,OTHER,,,17.0,,951297
8702,W,DOMESTIC,-83.91095,40.89224,GEOCODE,ALLEN,RICHLAND,2002-05-02,63.0,836.2999877929688,LIMESTONE,ROTARY,10.0,27.0,33.0,61,940561
8711,W,DOMESTIC,-84.137649,40.690111,DIGITIZED,ALLEN,SHAWNEE,1953-11-16,131.0,867.0999755859375,LIMESTONE,,20.0,55.0,77.0,75,115268
8815,W,,-84.04178,40.759445,DIGITIZED,ALLEN,BATH,1957-05-17,44.0,870.7000122070312,LIMESTONE,,20.0,14.0,25.0,25,192857
8823,W,DOMESTIC,-83.91076,40.74661,GEOCODE,ALLEN,JACKSON,1973-09-11,61.0,969.2999877929688,LIMESTONE,,30.0,27.0,42.0,42,512488
8837,W,DOMESTIC,-84.256663,40.728949,DIGITIZED,ALLEN,AMANDA,1961-11-24,51.0,824.2999877929688,LIMESTONE,,15.0,26.0,42.0,40,222296
8857,W,DOMESTIC,-84.04072,40.79159,GEOCODE,ALLEN,BATH,1995-12-15,39.0,872.2000122070312,SAND/GRAVEL/SHALE,CABLE TOOL,7.0,,40.0,,818043
8876,W,DOMESTIC,-84.164428,40.712756,DIGITIZED,ALLEN,SHAWNEE,1957-10-29,80.0,851.2000122070312,GRAVEL,,12.0,55.0,80.0,,181735
8995,W,,-84.126262,40.847342,DIGITIZED,ALLEN,SUGAR CREEK,1964-06-03,240.0,785.0999755859375,LIMESTONE,,25.0,,,20,311978
8997,W,DOMESTIC,-84.091942,40.711462,DIGITIZED,ALLEN,PERRY,1956-09-25,135.0,888.2999877929688,LIMESTONE,,20.0,,72.0,72,159578
9001,W,DOMESTIC,-84.01361899999999,40.775372,DIGITIZED,ALLEN,BATH,1956-03-08,84.0,916.0,LIMESTONE,,,40.0,63.0,83,161653
9039,W,,-83.993757,40.702076,DIGITIZED,ALLEN,AUGLAIZE,1961-07-11,135.0,1002.9000244140625,LIMESTONE,,8.0,87.0,103.0,103,244929
9042,W,DOMESTIC,-84.17913899999999,40.757661,DIGITIZED,ALLEN,AMERICAN,1959-10-05,113.0,827.5,LIMESTONE,,10.0,36.0,30.0,30,220183
9093,W,DOMESTIC,-84.24033,40.68888,GLOBAL POSITIONING SYSTEM,ALLEN,AMANDA,2003-07-14,118.0,863.2000122070312,LIMESTONE,ROTARY,10.0,60.0,65.0,115,965502
9094,W,DOMESTIC,-84.3165,40.834,,ALLEN,MARION,2003-09-18,55.0,779.5999755859375,LIMESTONE,ROTARY,15.0,30.0,26.0,21,965552
9208,W,DOMESTIC,-83.99416,40.71665,GEOCODE,ALLEN,PERRY,2002-10-02,150.0,971.4000244140625,LIMESTONE,ROTARY,30.0,10.0,34.0,34,963250
9371,W,DOMESTIC,-83.99602999999999,40.83237,GLOBAL POSITIONING SYSTEM,ALLEN,MONROE,2004-10-04,48.0,861.9000244140625,SHALE & LIMESTONE,CABLE TOOL,20.0,24.0,40.0,37,960936
9395,W,MONITOR,-84.33487,40.83143,GEOCODE,ALLEN,SHAWNEE,2003-08-25,14.0,777.2000122070312,SAND & CLAY,AUGER,,,9.0,,964836
9484,W,,-84.04650000000001,40.88267,GLOBAL POSITIONING SYSTEM,ALLEN,MONROE,2004-07-01,51.0,785.7999877929688,LIMESTONE,,50.0,8.0,27.0,46,978513
9594,W,DOMESTIC,-84.31017,40.81933,GLOBAL POSITIONING SYSTEM,ALLEN,MARION,2004-09-17,54.0,783.4000244140625,LIMESTONE,ROTARY,10.0,24.0,30.0,21,980890
9688,W,DOMESTIC,-84.28442,40.8115,GLOBAL POSITIONING SYSTEM,ALLEN,MARION,2004-05-06,102.0,789.7999877929688,LIMESTONE,ROTARY,20.0,16.0,,20,981421
9710,W,DOMESTIC,-84.25068,40.71364,GLOBAL POSITIONING SYSTEM,ALLEN,AMANDA,2005-01-20,155.0,831.7000122070312,,ROTARY,75.0,25.0,49.0,40,987641
9742,W,DOMESTIC,-84.2235,40.78245,GEOCODE,ALLEN,AMANDA,2004-11-16,135.0,803.7000122070312,LIMESTONE,ROTARY,20.0,50.0,75.0,75,981380
10132,W,DOMESTIC,-84.02427999999999,40.70933,GLOBAL POSITIONING SYSTEM,ALLEN,PERRY,2005-09-29,90.0,958.7999877929688,LIMESTONE,ROTARY,10.0,40.0,54.0,88,990632
10174,W,,-84.173524,40.840733,DIGITIZED,ALLEN,SUGAR CREEK,1953-10-25,71.0,778.7000122070312,STONE,,,,19.0,16,40814
10175,W,DOMESTIC,-84.16190999999999,40.723228999999996,DIGITIZED,ALLEN,SHAWNEE,1953-04-18,103.0,864.0,GRAVEL,,10.0,70.0,100.0,,105410
10195,W,DOMESTIC,-84.118034,40.788168999999996,DIGITIZED,ALLEN,AMERICAN,1954-04-27,37.0,829.7999877929688,LIMESTONE,,10.0,,22.0,22,126115
10289,W,,-84.086096,40.806864999999995,DIGITIZED,ALLEN,BATH,1950-04-22,51.0,843.2999877929688,LIMESTONE,,,,40.0,39,56719
10302,W,DOMESTIC,-84.199343,40.764981,DIGITIZED,ALLEN,AMERICAN,1960-04-09,66.0,815.0,GRAVEL,,7.0,18.0,66.0,,245858
10303,W,DOMESTIC,-83.894257,40.703323999999995,DIGITIZED,ALLEN,AUGLAIZE,1955-06-12,40.0,994.5999755859375,LIMESTONE,,,5.0,29.0,29,62133
10553,W,DOMESTIC,-84.164428,40.712756,DIGITIZED,ALLEN,SHAWNEE,1962-07-05,122.0,851.2000122070312,GRAVEL,,7.0,70.0,122.0,,264500
10616,W,,-83.884686,40.893446999999995,DIGITIZED,ALLEN,RICHLAND,1949-04-01,228.0,822.4000244140625,LIMESTONE,,325.0,8.5,77.0,5,26397
10637,W,DOMESTIC,-83.930945,40.688628,DIGITIZED,ALLEN,AUGLAIZE,1964-10-24,45.0,990.5,LIMESTONE,,13.0,18.0,25.0,25,308827
10762,W,DOMESTIC,-83.90995,40.688900000000004,GLOBAL POSITIONING SYSTEM,ALLEN,AUGLAIZE,2006-06-05,50.0,1002.5,LIMESTONE,ROTARY,20.0,12.0,30.0,30,990700
10847,W,PUBLIC/SEMI-PUB,-83.881241,40.79097,DIGITIZED,ALLEN,JACKSON,1958-01-16,50.0,925.0999755859375,LIMESTONE,,20.0,7.0,12.0,12,173448
10899,W,DOMESTIC,-84.214762,40.692814999999996,DIGITIZED,ALLEN,SHAWNEE,1955-09-10,58.0,876.4000244140625,GRAVEL,,20.0,36.0,58.0,,166756
10945,W,DOMESTIC,-84.109093,40.773319,DIGITIZED,ALLEN,AMERICAN,1957-06-05,95.0,849.2000122070312,GRAVEL,,5.0,70.0,77.0,77,181726
10947,W,,-84.186498,40.818233,DIGITIZED,ALLEN,SUGAR CREEK,1964-03-10,74.0,792.5999755859375,SAND & GRAVEL,,10.0,19.0,74.0,,279875
11484,W,DOMESTIC,-84.25605,40.77785,,ALLEN,MARION,2007-07-02,62.0,802.9000244140625,LIMESTONE,ROTARY,30.0,12.0,53.0,50,1007142
11510,W,MONITOR,-84.09700000000001,40.75179,GEOCODE,ALLEN,BATH,2007-03-11,20.0,863.7999877929688,SAND,ROTARY,,8.0,3.0,,2008528
11537,W,DOMESTIC,-84.04293299999999,40.768733,,ALLEN,BATH,2007-08-08,82.0,901.5,LIMESTONE,ROTARY,7.0,33.0,56.0,56,1007158
11586,W,MONITOR,-84.33916699999999,40.846833,MAP-OTHERS,ALLEN,MARION,2007-05-01,16.0,769.5999755859375,SHALE,AUGER,,0.0,8.0,13,2010309
11666,W,DOMESTIC,-83.98083299999999,40.683056,GLOBAL POSITIONING SYSTEM,ALLEN,AUGLAIZE,2007-05-25,68.0,946.0,LIMESTONE,AIR ROTARY,30.0,19.0,43.0,49,2010179
11858,W,DOMESTIC,-84.08185999999999,40.818079999999995,GLOBAL POSITIONING SYSTEM,ALLEN,MONROE,2004-07-14,40.0,827.9000244140625,LIMESTONE,ROTARY,20.0,9.0,35.0,38,981398
11865,W,DOMESTIC,-83.92186699999999,40.681767,GLOBAL POSITIONING SYSTEM,ALLEN,AUGLAIZE,1987-03-24,440.0,986.7000122070312,LIMESTONE & CLAY,,75.0,20.0,25.0,3,661923
11975,W,DOMESTIC,-84.247222,40.710277999999995,,ALLEN,AMANDA,2006-07-31,60.0,826.5,,CABLE TOOL,20.0,20.0,33.0,59,997890
12297,W,DOMESTIC,-83.89945,40.787929999999996,,ALLEN,JACKSON,2009-11-13,60.0,929.4000244140625,LIMESTONE,ROTARY,20.0,18.0,26.0,18,1013405
12410,W,DOMESTIC,-83.93827,40.906369999999995,,ALLEN,RICHLAND,2009-11-24,60.0,806.4000244140625,LIMESTONE,ROTARY,10.0,21.0,26.0,20,1013402
12450,W,DOMESTIC,-84.29,40.85,GLOBAL POSITIONING SYSTEM,ALLEN,MARION,2009-11-17,46.0,766.9000244140625,LIMESTONE,AIR ROTARY,10.0,18.0,27.0,19,2025617
12901,W,DOMESTIC,-84.299444,40.715556,,ALLEN,AMANDA,2012-10-01,40.0,822.5,SHALE,CABLE TOOL,10.0,28.0,39.0,39,1016355
12906,W,DOMESTIC,-84.02004,40.79486,GEOCODE,ALLEN,BATH,1991-11-01,50.0,868.7999877929688,LIMESTONE,ROTARY,20.0,11.0,38.0,38,737523
12916,W,,-84.04466699999999,40.8057,,ALLEN,BATH,2012-01-01,42.0,853.7999877929688,LIMESTONE,CABLE TOOL,10.0,16.0,40.0,41,1013044
12968,W,DOMESTIC,-84.126,40.755666999999995,GLOBAL POSITIONING SYSTEM,ALLEN,AMERICAN,2010-07-09,183.0,856.5,LIMESTONE,AIR ROTARY,12.0,90.0,176.0,167,2028461
12972,W,DOMESTIC,-84.126,40.755666999999995,GLOBAL POSITIONING SYSTEM,ALLEN,AMERICAN,2010-07-09,183.0,856.5,LIMESTONE,AIR ROTARY,12.0,90.0,176.0,180,2027792
13002,W,DOMESTIC,-84.074833,40.8245,GLOBAL POSITIONING SYSTEM,ALLEN,MONROE,2011-06-27,34.0,831.7999877929688,LIMESTONE,AIR ROTARY,10.0,18.0,28.0,33,2033042
13025,W,DOMESTIC,-84.21645,40.80495,,ALLEN,SUGAR CREEK,2012-04-17,42.0,794.5999755859375,GRAVEL,ROTARY,20.0,20.0,42.0,,1014556
13085,W,MONITOR,-84.15691699999999,40.737432999999996,GLOBAL POSITIONING SYSTEM,ALLEN,AMERICAN,2010-05-13,14.0,840.7000122070312,CLAY,AUGER,,6.0,2.0,,2027174
13132,W,DOMESTIC,-83.962733,40.671233,GLOBAL POSITIONING SYSTEM,ALLEN,AUGLAIZE,2012-07-11,100.0,1000.7000122070312,,ROTARY,25.0,27.0,62.0,62,1014540
13444,W,DOMESTIC,-84.1405,40.789500000000004,GLOBAL POSITIONING SYSTEM,ALLEN,AMERICAN,2013-02-13,149.0,821.2999877929688,GRAVEL & LIMESTONE,AIR ROTARY,15.0,28.0,149.0,,2042116
13751,W,MONITOR,-84.07768999999999,40.7304,GLOBAL POSITIONING SYSTEM,ALLEN,PERRY,2016-02-26,14.0,,SAND,GEOPROBE,,7.0,4.0,,2056355
13802,W,DOMESTIC,-84.0883,40.661319999999996,GLOBAL POSITIONING SYSTEM,ALLEN,PERRY,2016-07-27,72.0,,SAND & GRAVEL,ROTARY,15.0,54.0,69.0,,2058032
13928,W,DOMESTIC,-84.26830000000001,40.8588,GLOBAL POSITIONING SYSTEM,ALLEN,MARION,2014-10-24,73.0,762.0999755859375,LIMESTONE,AIR ROTARY,6.0,12.0,26.0,21,2049930
14112,W,MONITOR,-84.10870299999999,40.798186,GLOBAL POSITIONING SYSTEM,ALLEN,BATH,2016-12-30,12.0,,SAND,GEOPROBE,,3.0,2.0,,2060783
14176,W,DOMESTIC,-84.20338,40.6894,GLOBAL POSITIONING SYSTEM,ALLEN,SHAWNEE,2017-09-07,85.0,,GRAVEL,AIR ROTARY,8.0,40.0,86.0,,2064269
14418,W,DOMESTIC,-84.33039,40.81593,GLOBAL POSITIONING SYSTEM,ALLEN,MARION,2018-12-12,147.0,,LIMESTONE,ROTARY/AIRHAMR,8.0,21.0,26.0,,2071424
14426,W,DOMESTIC,-84.031216,40.694900000000004,GLOBAL POSITIONING SYSTEM,ALLEN,PERRY,2018-06-08,150.0,,LIMESTONE,ROTARY,30.0,57.0,148.0,148,1020705
14628,W,DOMESTIC,-83.958164,40.868742999999995,GLOBAL POSITIONING SYSTEM,ALLEN,RICHLAND,2018-04-06,45.0,,LIMESTONE,ROTARY,30.0,16.0,29.0,29,1020667
14711,W,DOMESTIC,-84.25,40.799721999999996,GLOBAL POSITIONING SYSTEM,ALLEN,MARION,2007-08-01,188.0,796.0999755859375,LIMESTONE,AIR ROTARY,15.0,35.0,27.0,19,2011661
14719,W,,-84.127085,40.817623,DIGITIZED,ALLEN,SUGAR CREEK,1954-01-29,44.0,794.2000122070312,LIMESTONE,,,26.0,16.0,21,127352
14727,W,DOMESTIC,-83.998958,40.745425,DIGITIZED,ALLEN,BATH,1953-05-13,59.0,921.5999755859375,LIMESTONE,,20.0,15.0,29.0,29,100629
14827,W,MONITOR,-84.10989099999999,40.723158999999995,GLOBAL POSITIONING SYSTEM,ALLEN,SHAWNEE,2017-11-08,34.0,,LIMESTONE & CLAY,AUGER,,,24.0,,2066021
15032,W,DOMESTIC,-83.898888,40.826498,DIGITIZED,ALLEN,RICHLAND,1964-09-22,57.0,906.0,LIMESTONE,,12.0,22.0,37.0,40,276254
15033,W,DOMESTIC,-84.18508,40.70745,GEOCODE,ALLEN,SHAWNEE,1986-10-29,71.0,873.9000244140625,GRAVEL,CABLE TOOL,20.0,60.0,70.0,,654580
15034,W,DOMESTIC,-84.18051,40.693323,DIGITIZED,ALLEN,SHAWNEE,1953-05-21,64.0,861.7999877929688,SAND,,10.0,35.0,64.0,,100632
15039,W,DOMESTIC,-84.164616,40.777764999999995,DIGITIZED,ALLEN,AMERICAN,1965-06-22,83.0,816.0,GRAVEL,,7.0,35.0,83.0,,317290
15040,W,DOMESTIC,-84.19091,40.75591,,ALLEN,AMERICAN,1988-09-06,84.0,821.9000244140625,LIMESTONE,ROTARY,15.0,30.0,31.0,31,688032
15041,W,DOMESTIC,-84.019363,40.789366,DIGITIZED,ALLEN,BATH,1963-06-13,54.0,881.2000122070312,LIMESTONE,,16.0,20.0,42.0,41,286086
15042,W,DOMESTIC,-83.98460999999999,40.74507,,ALLEN,JACKSON,1988-04-01,45.0,924.7999877929688,GRAVEL,CABLE TOOL,20.0,25.0,45.0,,657196
15043,W,DOMESTIC,-84.158104,40.710522,DIGITIZED,ALLEN,SHAWNEE,1955-05-19,99.0,843.0,GRAVEL,,10.0,38.0,99.0,,142813
15044,W,DOMESTIC,-84.164428,40.712756,DIGITIZED,ALLEN,SHAWNEE,1956-11-06,146.0,851.2000122070312,GRAVEL,,9.0,57.0,146.0,,181713
15049,W,DOMESTIC,-83.99477999999999,40.848600000000005,GEOCODE,ALLEN,MONROE,1989-08-18,56.0,844.9000244140625,LIMESTONE,ROTARY,15.0,18.0,38.0,38,700263
15050,W,DOMESTIC,-83.99386,40.72436,GEOCODE,ALLEN,AUGLAIZE,1987-04-10,315.0,951.7000122070312,LIMESTONE,,12.0,50.0,144.0,83,661927
15051,W,DOMESTIC,-84.001718,40.742283,DIGITIZED,ALLEN,BATH,1953-01-14,61.0,932.5999755859375,LIMESTONE,,15.0,32.0,39.0,60,94330
15052,W,DOMESTIC,-84.17116,40.686409999999995,,ALLEN,SHAWNEE,1989-09-27,35.0,840.0,GRAVEL,CABLE TOOL,20.0,10.0,35.0,,700561
15053,W,,-84.11547,40.68652,,ALLEN,SHAWNEE,1989-11-09,35.0,874.0,GRAVEL,CABLE TOOL,20.0,15.0,35.0,,700568
15057,W,DOMESTIC,-84.06876199999999,40.725421,DIGITIZED,ALLEN,PERRY,1964-05-09,89.0,904.2000122070312,LIMESTONE,,9.0,43.0,64.0,61,301085
15058,W,DOMESTIC,-84.107716,40.685666999999995,DIGITIZED,ALLEN,PERRY,1955-04-05,132.0,891.0999755859375,MUD,,18.0,18.0,132.0,40,185758
15059,W,DOMESTIC,-84.06933099999999,40.685976,DIGITIZED,ALLEN,PERRY,1953-06-13,167.0,969.0999755859375,GRAVEL,,18.0,53.0,167.0,,120054
15060,W,DOMESTIC,-84.01326999999999,40.802839999999996,GEOCODE,ALLEN,BATH,1988-12-12,55.0,881.2000122070312,LIMESTONE,ROTARY,12.0,29.0,53.0,48,694228
15061,W,DOMESTIC,-84.01290999999999,40.75447,GEOCODE,ALLEN,BATH,1991-04-10,225.0,923.5,LIMESTONE,ROTARY,50.0,45.0,35.0,32,725301
15062,W,DOMESTIC,-84.05222499999999,40.745107999999995,DIGITIZED,ALLEN,BATH,1956-08-24,101.0,895.7999877929688,LIMESTONE,,80.0,60.0,47.0,45,145257
15063,W,PUBLIC/SEMI-PUB,-84.01424399999999,40.764044,GLOBAL POSITIONING SYSTEM,ALLEN,BATH,1964-07-06,75.0,904.2999877929688,LIMESTONE,,15.0,29.0,43.0,42,302396
15064,W,DOMESTIC,-84.22327,40.72988,GEOCODE,ALLEN,AMERICAN,1992-07-05,53.0,830.5,LIMESTONE,ROTARY,8.0,15.0,26.0,24,755132
15065,W,DOMESTIC,-84.18607,40.841879999999996,GEOCODE,ALLEN,SUGAR CREEK,1987-05-21,95.0,781.5999755859375,LIMESTONE,,10.0,14.0,91.0,88,661943
15066,W,DOMESTIC,-84.16002,40.72219,GEOCODE,ALLEN,SHAWNEE,1959-09-17,173.0,856.9000244140625,LIMESTONE,,,93.0,151.0,149,235024
15067,W,DOMESTIC,-84.16696999999999,40.68911,GEOCODE,ALLEN,SHAWNEE,1967-02-17,98.0,839.2999877929688,LIMESTONE,,15.0,13.0,96.0,72,338177
15068,W,DOMESTIC,-84.162808,40.711726999999996,DIGITIZED,ALLEN,SHAWNEE,1957-02-07,78.0,857.5999755859375,GRAVEL,,9.0,55.0,78.0,,181719
15072,W,DOMESTIC,-84.03887999999999,40.7793,GEOCODE,ALLEN,BATH,1983-08-25,44.0,885.7000122070312,LIMESTONE,,20.0,20.0,36.0,33,622657
15073,W,DOMESTIC,-84.09022399999999,40.686437,DIGITIZED,ALLEN,PERRY,1957-08-23,66.0,924.9000244140625,GRAVEL,,10.0,22.0,66.0,,197503
15074,W,DOMESTIC,-83.993813,40.76032,DIGITIZED,ALLEN,JACKSON,1963-07-26,62.0,924.0,LIMESTONE,,16.0,34.0,44.0,42,286098
15076,W,DOMESTIC,-84.22386999999999,40.80645,GEOCODE,ALLEN,SUGAR CREEK,1991-03-21,78.0,798.4000244140625,LIMESTONE,,4.0,20.0,26.0,26,721374
15077,W,DOMESTIC,-83.957185,40.907545999999996,DIGITIZED,ALLEN,RICHLAND,1954-04-14,45.0,798.5,LIMESTONE,,,12.0,18.0,18,86243
15078,W,DOMESTIC,-84.13548999999999,40.660689999999995,GEOCODE,ALLEN,SHAWNEE,1990-02-01,71.0,895.5,GRAVEL,CABLE TOOL,20.0,40.0,71.0,,721369
15079,W,DOMESTIC,-84.34483999999999,40.75757,GEOCODE,ALLEN,SPENCER,1996-05-24,190.0,813.2000122070312,LIMESTONE,ROTARY,8.0,30.0,38.0,38,835542
15081,W,DOMESTIC,-84.0895,40.80484,GEOCODE,ALLEN,BATH,1988-10-05,103.0,837.2000122070312,LIMESTONE,ROTARY,1.0,40.0,41.0,41,689051
15082,W,DOMESTIC,-84.02224199999999,40.666382999999996,DIGITIZED,ALLEN,PERRY,1961-03-14,42.0,927.2999877929688,SAND & GRAVEL,,15.0,6.0,42.0,,258459
15083,W,DOMESTIC,-83.90934,40.892,GEOCODE,ALLEN,RICHLAND,1994-09-26,46.0,838.5,LIMESTONE,CABLE TOOL,12.0,,26.0,26,791784
15084,W,DOMESTIC,-83.98975999999999,40.819559999999996,,ALLEN,RICHLAND,1985-06-07,47.0,856.9000244140625,LIMESTONE,,6.0,14.0,28.0,25,636293
15089,W,DOMESTIC,-83.8846,40.717600000000004,GEOCODE,ALLEN,AUGLAIZE,1981-07-21,85.0,1020.0,LIMESTONE,,12.0,40.0,57.0,54,623521
15090,W,DOMESTIC,-83.96745,40.69657,GEOCODE,ALLEN,AUGLAIZE,1984-01-17,84.0,959.5,LIMESTONE,,15.0,21.0,52.0,49,623526
15091,W,PUBLIC/SEMI-PUB,-84.09335899999999,40.790299,DIGITIZED,ALLEN,BATH,1956-01-13,150.0,823.9000244140625,SHALE,,240.0,10.0,16.0,13,173105
15092,W,DOMESTIC,-84.13687999999999,40.673988,DIGITIZED,ALLEN,SHAWNEE,1955-10-09,143.0,877.2999877929688,LIMESTONE,,12.0,36.0,140.0,140,141838
15093,W,DOMESTIC,-84.12232999999999,40.66064,GEOCODE,ALLEN,SHAWNEE,1995-03-27,37.0,882.2000122070312,SAND & GRAVEL,CABLE TOOL,11.0,27.0,37.0,,791801
15094,W,DOMESTIC,-84.12626,40.69188,GEOCODE,ALLEN,SHAWNEE,1982-12-02,306.0,891.2999877929688,LIMESTONE,,35.0,150.0,232.0,214,618600
15095,W,DOMESTIC,-83.94816,40.8333,,ALLEN,RICHLAND,1995-10-10,63.0,883.7999877929688,LIMESTONE,ROTARY,15.0,30.0,43.0,40,828302
15097,W,DOMESTIC,-84.18658599999999,40.730033,DIGITIZED,ALLEN,AMERICAN,1955-04-11,55.0,838.7999877929688,GRAVEL,,,,,,66463
15098,W,DOMESTIC,-84.16688099999999,40.766003999999995,DIGITIZED,ALLEN,AMERICAN,1960-12-29,160.0,815.0,GRAVEL,,5.0,50.0,160.0,,208727
15099,W,DOMESTIC,-84.17977499999999,40.755018,DIGITIZED,ALLEN,AMERICAN,1955-06-12,118.0,830.5,LIMESTONE,,,40.0,40.0,40,62134
15102,W,DOMESTIC,-84.26433,40.85957,GEOCODE,ALLEN,MARION,1993-07-30,51.0,762.7999877929688,LIMESTONE,ROTARY,10.0,14.0,26.0,26,769289
15103,W,DOMESTIC,-84.28107,40.778400000000005,GEOCODE,ALLEN,MARION,1996-07-05,103.0,800.7000122070312,LIMESTONE,ROTARY,30.0,8.0,,62,835517
15104,W,DOMESTIC,-84.06042,40.68755,,ALLEN,PERRY,1973-07-26,191.0,946.7000122070312,LIMESTONE,,10.0,68.0,131.0,82,512461
15105,W,DOMESTIC,-84.03533,40.68786,,ALLEN,PERRY,1988-04-22,155.0,977.5999755859375,GRAVEL,,15.0,60.0,155.0,,680905
15106,W,DOMESTIC,-84.07310000000001,40.68748,,ALLEN,PERRY,1991-06-07,68.0,950.2000122070312,GRAVEL,CABLE TOOL,15.0,45.0,68.0,,728555
15107,W,DOMESTIC,-84.07052399999999,40.815294,DIGITIZED,ALLEN,BATH,1956-07-25,65.0,847.5999755859375,LIMESTONE,,20.0,20.0,54.0,54,173424
15108,W,DOMESTIC,-84.31944,40.83972,GLOBAL POSITIONING SYSTEM,ALLEN,MARION,1991-05-02,82.0,775.7000122070312,LIMESTONE,ROTARY,10.0,40.0,25.0,25,726648
15109,W,DOMESTIC,-84.38763,40.80487,GEOCODE,ALLEN,MARION,1991-04-29,35.0,791.2999877929688,SAND & GRAVEL,CABLE TOOL,10.0,20.0,35.0,,677283
15110,W,DOMESTIC,-84.15275,40.664899,DIGITIZED,ALLEN,SHAWNEE,1953-06-04,145.0,873.5999755859375,SAND & GRAVEL,,7.0,28.0,145.0,,82976
15111,W,DOMESTIC,-84.16738,40.69381,GEOCODE,ALLEN,SHAWNEE,1991-05-08,142.0,846.2999877929688,LIMESTONE,ROTARY,15.0,22.0,118.0,118,726649
15112,W,DOMESTIC,-84.133561,40.690250999999996,DIGITIZED,ALLEN,SHAWNEE,1958-06-26,303.0,870.5999755859375,SAND & GRAVEL,,12.0,49.0,303.0,,161234
15115,W,DOMESTIC,-84.10792099999999,40.685718,,ALLEN,PERRY,1994-09-17,410.0,894.5,LIMESTONE,ROTARY,100.0,16.0,185.0,82,786642
15116,W,DOMESTIC,-83.950304,40.746534,DIGITIZED,ALLEN,JACKSON,1959-08-27,63.0,950.0999755859375,LIMESTONE,,20.0,25.0,37.0,37,224087
15117,W,DOMESTIC,-83.936492,40.735116999999995,DIGITIZED,ALLEN,JACKSON,1964-05-25,105.0,978.0,LIMESTONE,,10.0,29.0,80.0,80,302384
15118,W,COMMERCIAL,-83.98168,40.695735,DIGITIZED,ALLEN,AUGLAIZE,1964-01-10,34.0,939.7999877929688,LIMESTONE,,45.0,10.0,28.0,32,279870
15119,W,DOMESTIC,-84.18703099999999,40.717273,DIGITIZED,ALLEN,SHAWNEE,1957-07-15,129.0,857.4000244140625,QUICKSAND,,10.0,52.0,72.0,,199769
15120,W,DOMESTIC,-84.15626999999999,40.83699,GEOCODE,ALLEN,SUGAR CREEK,1995-06-01,33.0,783.2999877929688,GRAVEL & SAND,CABLE TOOL,12.0,,33.0,,791791
15122,W,DOMESTIC,-84.16506799999999,40.776990999999995,DIGITIZED,ALLEN,AMERICAN,1961-05-03,63.0,816.0999755859375,GRAVEL,,10.0,29.0,63.0,,208737
15123,W,DOMESTIC,-84.078779,40.692574,DIGITIZED,ALLEN,PERRY,1953-06-26,62.0,930.5,SAND & GRAVEL,,18.0,40.0,62.0,,120057
15124,W,DOMESTIC,-84.31942,40.81626,GEOCODE,ALLEN,MARION,1996-08-06,34.0,783.5,LIMESTONE,CABLE TOOL,10.0,,,28,763599
15125,W,DOMESTIC,-84.177302,40.703914999999995,DIGITIZED,ALLEN,SHAWNEE,1953-08-24,53.0,872.5,GRAVEL,,15.0,31.0,53.0,,100650
15128,W,DOMESTIC,-84.17573,40.765859999999996,GEOCODE,ALLEN,AMERICAN,1986-07-28,70.0,817.2000122070312,GRAVEL,CABLE TOOL,12.0,25.0,70.0,44,654571
15129,W,DOMESTIC,-84.16722,40.69594,GEOCODE,ALLEN,SHAWNEE,1987-08-25,118.0,848.0999755859375,GRAVEL,CABLE TOOL,20.0,60.0,118.0,,657167
15130,W,DOMESTIC,-84.18182,40.696819999999995,GEOCODE,ALLEN,SHAWNEE,1987-07-23,60.0,866.2999877929688,GRAVEL,CABLE TOOL,20.0,45.0,60.0,,657163
15131,W,DOMESTIC,-84.16326,40.70917,GEOCODE,ALLEN,SHAWNEE,1981-09-21,175.0,858.9000244140625,LIMESTONE,,50.0,64.0,173.0,171,515467
15132,W,DOMESTIC,-84.14724,40.679919999999996,GEOCODE,ALLEN,SHAWNEE,1987-11-24,246.0,865.4000244140625,LIMESTONE,,30.0,42.0,225.0,225,676168
15135,W,DOMESTIC,-84.137649,40.690111,DIGITIZED,ALLEN,SHAWNEE,1954-12-03,47.0,867.0999755859375,GRAVEL,,20.0,34.0,47.0,,139819
15136,W,DOMESTIC,-84.137649,40.690111,DIGITIZED,ALLEN,SHAWNEE,1953-03-28,48.0,867.0999755859375,GRAVEL,,20.0,32.0,48.0,,88283
15138,W,DOMESTIC,-84.094939,40.81951,DIGITIZED,ALLEN,MONROE,1954-11-10,33.0,817.9000244140625,LIMESTONE,,10.0,,23.0,23,129742
15139,W,DOMESTIC,-84.01328,40.7244,GEOCODE,ALLEN,PERRY,1995-04-06,78.0,941.9000244140625,LIMESTONE,CABLE TOOL,10.0,52.0,67.0,64,800637
15140,W,DOMESTIC,-84.05149,40.78094,GEOCODE,ALLEN,BATH,1989-10-05,55.0,864.5999755859375,LIMESTONE,ROTARY,12.0,26.0,41.0,35,700141
15141,W,DOMESTIC,-84.05111,40.79203,GEOCODE,ALLEN,BATH,1990-10-30,57.0,860.7000122070312,LIMESTONE,CABLE TOOL,7.0,20.0,45.0,45,723758
15142,W,,-84.18565799999999,40.838058,DIGITIZED,ALLEN,SUGAR CREEK,,129.0,784.4000244140625,LIMESTONE,,,18.0,70.0,68,88996
15151,W,DOMESTIC,-84.118034,40.788168999999996,DIGITIZED,ALLEN,AMERICAN,1961-08-28,55.0,829.7999877929688,LIMESTONE,,10.0,30.0,38.0,54,208744
15152,W,DOMESTIC,-84.01321,40.762229999999995,GEOCODE,ALLEN,BATH,1991-10-24,55.0,902.4000244140625,LIMESTONE,CABLE TOOL,9.0,1.0,48.0,50,723772
15154,W,MONITOR,-84.14699,40.76383,,ALLEN,AMERICAN,1991-04-03,20.0,842.5,SAND,AUGER,,,10.0,,728597
15155,W,DOMESTIC,-84.15156999999999,40.706579999999995,GEOCODE,ALLEN,SHAWNEE,1971-09-28,148.0,829.5999755859375,GRAVEL,,10.0,38.0,148.0,,409689
15157,W,DOMESTIC,-84.00060599999999,40.872361,DIGITIZED,ALLEN,MONROE,1956-10-23,74.0,818.4000244140625,LIMESTONE,,9.0,14.0,33.0,31,154723
15158,W,DOMESTIC,-84.00385,40.86182,GEOCODE,ALLEN,MONROE,1995-10-20,29.0,823.0,LIMESTONE,CABLE TOOL,30.0,13.0,26.0,27,824179
15159,W,DOMESTIC,-83.91951,40.71008,,ALLEN,AUGLAIZE,1988-06-09,57.0,989.5,GRAVEL,,30.0,25.0,57.0,,680929
15160,W,DOMESTIC,-83.88004,40.74093,GEOCODE,ALLEN,JACKSON,1992-10-02,52.0,996.0,LIMESTONE,ROTARY,12.0,38.0,44.0,41,755155
15161,W,MONITOR,-83.92085999999999,40.70854,,ALLEN,AUGLAIZE,1993-12-21,40.0,984.0,SAND,AUGER,,14.4,29.0,,787372
15166,W,DOMESTIC,-84.02333,40.84653,GEOCODE,ALLEN,MONROE,1989-07-06,28.0,826.0,LIMESTONE,ROTARY,12.0,12.0,25.0,19,696723
15167,W,DOMESTIC,-84.21495999999999,40.7736,,ALLEN,AMERICAN,1987-11-12,28.0,800.7000122070312,LIMESTONE,,8.0,13.0,25.0,25,673351
15170,W,INDUSTRIAL,-84.139406,40.706828,,ALLEN,SHAWNEE,1970-08-01,375.0,847.9000244140625,LIMESTONE,,120.0,105.0,233.0,92,389531
15171,W,DOMESTIC,-84.00407,40.81192,GEOCODE,ALLEN,BATH,1994-06-20,50.0,865.9000244140625,LIMESTONE,ROTARY,20.0,19.0,37.0,33,786610
15172,W,DOMESTIC,-83.89341,40.81964,GEOCODE,ALLEN,JACKSON,1983-05-20,50.0,897.4000244140625,LIMESTONE,,30.0,12.0,32.0,29,620102
15173,W,DOMESTIC,-84.091419,40.761429,DIGITIZED,ALLEN,BATH,1954-04-19,89.0,874.9000244140625,LIMESTONE,,,,48.0,45,127363
15174,W,DOMESTIC,-84.103512,40.81698,DIGITIZED,ALLEN,BATH,1970-07-04,71.0,822.7999877929688,LIMESTONE,,30.0,25.0,34.0,32,404188
15177,W,DOMESTIC,-84.147573,40.689239,DIGITIZED,ALLEN,SHAWNEE,1957-06-17,93.0,853.4000244140625,GRAVEL,,12.0,28.5,93.0,,199765
15178,W,DOMESTIC,-84.15432,40.664339999999996,GEOCODE,ALLEN,SHAWNEE,1996-08-22,300.0,868.0,LIMESTONE,ROTARY,12.0,35.0,253.0,253,843038
15179,W,DOMESTIC,-84.07361999999999,40.665929999999996,GEOCODE,ALLEN,SHAWNEE,1981-11-28,64.0,937.2999877929688,GRAVEL,,15.0,42.0,64.0,,526360
15180,W,DOMESTIC,-84.12595,40.66466,,ALLEN,SHAWNEE,1985-08-02,32.0,873.2999877929688,GRAVEL,,20.0,15.0,32.0,,649692
15183,W,DOMESTIC,-84.312297,40.685981,DIGITIZED,ALLEN,AMANDA,1955-09-28,90.0,855.9000244140625,LIMESTONE,,,,78.0,78,121438
20155,W,,-84.157876,40.737573999999995,DIGITIZED,ALLEN,AMERICAN,,104.0,839.5,LIMESTONE,,,,,90,66455
20275,W,,-84.071866,40.81522,DIGITIZED,ALLEN,BATH,1948-05-09,73.0,842.0,LIMESTONE,,,22.0,52.0,70,30657
20282,W,,-84.02372799999999,40.833092,DIGITIZED,ALLEN,MONROE,,49.0,839.4000244140625,LIMESTONE,,,,42.0,42,56727
20284,W,,-83.935603,40.861792,DIGITIZED,ALLEN,RICHLAND,1950-08-19,62.0,851.0999755859375,LIMESTONE,,,20.0,39.0,37,71069
20295,W,,-84.185198,40.843145,DIGITIZED,ALLEN,SUGAR CREEK,1950-09-01,131.0,782.9000244140625,LIMESTONE,,,,24.0,24,56726
21604,W,DOMESTIC,-83.92121999999999,40.70795,,ALLEN,AUGLAIZE,1997-04-15,66.0,983.9000244140625,LIMESTONE,ROTARY,20.0,15.0,51.0,51,851185
22141,W,DOMESTIC,-84.26084999999999,40.69847,,ALLEN,AMANDA,1996-11-30,110.0,840.4000244140625,LIMESTONE,ROTARY,20.0,39.0,47.0,37,846071
22248,W,DOMESTIC,-84.08968,40.704,GEOCODE,ALLEN,PERRY,1998-06-13,210.0,894.5999755859375,LIMESTONE,ROTARY,15.0,30.0,96.0,80,866880
22251,W,DOMESTIC,-83.93580999999999,40.90885,GEOCODE,ALLEN,RICHLAND,1999-07-30,41.0,808.7999877929688,LIMESTONE,ROTARY,42.0,20.0,25.0,24,878865
22293,W,DOMESTIC,-84.20738,40.7402,,ALLEN,AMERICAN,1998-04-01,36.0,824.9000244140625,SAND & GRAVEL,CABLE TOOL,9.0,,36.0,,846798
22299,W,DOMESTIC,-83.99211,40.81926,,ALLEN,RICHLAND,1997-07-30,43.0,856.0,LIMESTONE,ROTARY,10.0,6.0,26.0,23,852625
22318,W,MONITOR,-84.11341,40.72199,GEOCODE,ALLEN,SHAWNEE,1997-09-17,22.0,864.0999755859375,SAND & GRAVEL,AUGER,,,12.0,,852948
22323,W,DOMESTIC,-84.20374,40.70014,GEOCODE,ALLEN,SHAWNEE,1998-04-24,143.0,876.0,LIMESTONE,ROTARY,10.0,60.0,88.0,85,867922
22336,W,DOMESTIC,-84.23273999999999,40.75351,GEOCODE,ALLEN,AMANDA,1997-03-31,33.0,817.5,GRAVEL,CABLE TOOL,15.0,20.0,33.0,,839991
22337,W,DOMESTIC,-84.24959,40.787479999999995,GEOCODE,ALLEN,MARION,1997-09-03,145.0,799.2999877929688,LIMESTONE,ROTARY,30.0,22.0,26.0,26,851226
22388,W,DOMESTIC,-84.39197999999999,40.736000000000004,GEOCODE,ALLEN,SPENCER,1999-05-20,70.0,814.7000122070312,LIMESTONE,ROTARY,10.0,14.0,47.0,44,889209
22389,W,DOMESTIC,-84.38786999999999,40.79091,GEOCODE,ALLEN,SPENCER,1999-03-26,36.0,796.7000122070312,SHALE,CABLE TOOL,10.0,16.0,,32,890227
22400,W,DOMESTIC,-83.99324,40.810649999999995,GEOCODE,ALLEN,JACKSON,1997-10-13,60.0,880.7999877929688,LIMESTONE,ROTARY,6.0,39.0,47.0,47,851247
22445,W,DOMESTIC,-84.03235,40.81545,GEOCODE,ALLEN,BATH,1998-08-01,48.0,855.7000122070312,LIMESTONE,CABLE TOOL,12.0,,32.0,31,846782
22446,W,DOMESTIC,-83.88023,40.91735,GEOCODE,ALLEN,RICHLAND,1998-10-29,51.0,829.2000122070312,LIMESTONE,ROTARY,15.0,35.0,38.0,49,879484
22447,W,DOMESTIC,-84.27306,40.70023,GEOCODE,ALLEN,AMANDA,1998-03-12,62.0,819.0999755859375,LIMESTONE,ROTARY,30.0,22.0,37.0,37,866848
22462,W,DOMESTIC,-84.20392,40.710229999999996,GEOCODE,ALLEN,SHAWNEE,1998-09-15,60.0,857.5,GRAVEL,CABLE TOOL,15.0,45.0,60.0,,879740
22463,W,DOMESTIC,-84.20801999999999,40.696329999999996,GEOCODE,ALLEN,SHAWNEE,1998-12-16,120.0,876.0,LIMESTONE,ROTARY,35.0,53.0,84.0,80,889056
22507,W,DOMESTIC,-84.24244999999999,40.72509,GEOCODE,ALLEN,AMANDA,1999-08-23,43.0,835.2999877929688,SAND/GRAVEL/SHALE,CABLE TOOL,7.0,30.0,43.0,,895893
22520,W,DOMESTIC,-83.96301,40.78489,GEOCODE,ALLEN,JACKSON,2000-02-03,50.0,907.0999755859375,LIMESTONE,ROTARY,20.0,12.0,26.0,26,901924
22522,W,DOMESTIC,-84.18092999999999,40.819829999999996,GEOCODE,ALLEN,SUGAR CREEK,1999-09-22,210.0,788.0,LIMESTONE,ROTARY,30.0,17.0,185.0,185,901859
22523,W,DOMESTIC,-84.20497999999999,40.70545,,ALLEN,SHAWNEE,1999-06-01,63.0,860.9000244140625,SAND & GRAVEL,CABLE TOOL,9.0,,63.0,,892946
22538,W,DOMESTIC,-83.93334999999999,40.86166,GEOCODE,ALLEN,RICHLAND,2000-10-16,123.0,858.0,LIMESTONE,ROTARY,7.0,70.0,27.0,27,922082
22552,W,DOMESTIC,-84.06384,40.655919999999995,GEOCODE,ALLEN,PERRY,2000-04-13,45.0,914.4000244140625,SAND & GRAVEL,ROTARY,25.0,11.0,42.0,,912278
22634,W,DOMESTIC,-83.994,40.79699,GEOCODE,ALLEN,JACKSON,2000-05-02,39.0,889.4000244140625,LIMESTONE,CABLE TOOL,9.0,22.0,36.0,36,892922
23076,W,DOMESTIC,-84.15665,40.79394,GEOCODE,ALLEN,AMERICAN,2001-04-30,182.0,804.4000244140625,GRAVEL,ROTARY,20.0,20.0,182.0,,935922
23185,W,DOMESTIC,-84.11822,40.66467,,ALLEN,SHAWNEE,2001-04-08,125.0,904.7000122070312,LIMESTONE,ROTARY,7.0,30.0,47.0,115,921283
23594,W,MONITOR,-84.33994,40.84699,,ALLEN,MARION,2002-03-15,12.0,769.7999877929688,BEDROCK,AUGER,,,2.0,12,942226
23610,W,DOMESTIC,-83.98490000000001,40.74776,,ALLEN,JACKSON,2002-06-20,60.0,919.7000122070312,LIMESTONE,ROTARY,20.0,18.0,44.0,58,940566
23657,W,DOMESTIC,-84.31190000000001,40.84157,GEOCODE,ALLEN,MARION,1994-08-23,75.0,773.5999755859375,LIMESTONE,ROTARY,6.0,8.0,25.0,25,790510
23696,W,DOMESTIC,-84.21480000000001,40.81605,GEOCODE,ALLEN,SUGAR CREEK,2002-06-03,97.0,792.4000244140625,LIMESTONE,ROTARY,30.0,22.0,32.0,94,949932
23711,W,DOMESTIC,-84.056995,40.716609999999996,DIGITIZED,ALLEN,PERRY,1953-06-01,66.0,920.9000244140625,LIMESTONE,,15.0,45.0,59.0,59,100636
23715,W,DOMESTIC,-84.02723,40.77478,GEOCODE,ALLEN,BATH,2001-09-01,71.0,897.7999877929688,LIMESTONE,CABLE TOOL,15.0,31.0,44.0,69,940802
23745,W,DOMESTIC,-84.16516999999999,40.7901,GEOCODE,ALLEN,AMERICAN,1981-08-11,181.0,808.2999877929688,LIMESTONE,,100.0,22.0,180.0,180,515464
23768,W,AGRIC/IRRIG,-83.93515,40.86463,GEOCODE,ALLEN,RICHLAND,2002-07-26,335.0,840.2999877929688,LIMESTONE,ROTARY,300.0,38.0,25.0,135,947752
23777,W,DOMESTIC,-83.9877,40.745619999999995,GEOCODE,ALLEN,JACKSON,1995-11-06,70.0,928.7000122070312,LIMESTONE,ROTARY,10.0,20.0,48.0,45,828320
23812,W,DOMESTIC,-84.077923,40.738718,DIGITIZED,ALLEN,BATH,1957-08-13,93.0,889.0,LIMESTONE,,20.0,60.0,45.0,45,192868
23820,W,MONITOR,-84.10553999999999,40.74388,,ALLEN,BATH,1990-10-31,40.0,879.0,FILL MATERIAL,AUGER,,26.7,25.0,,721887
23821,W,DOMESTIC,-84.149987,40.684042,DIGITIZED,ALLEN,SHAWNEE,1959-04-21,87.0,861.2999877929688,GRAVEL,,15.0,23.0,87.0,,224070
23848,W,DOMESTIC,-83.98304999999999,40.704100000000004,GEOCODE,ALLEN,AUGLAIZE,1991-05-29,235.0,984.4000244140625,LIMESTONE,,10.0,60.0,125.0,122,725310
23861,W,DOMESTIC,-84.134337,40.761376999999996,DIGITIZED,ALLEN,AMERICAN,1953-02-09,63.0,847.2000122070312,GRAVEL,,8.0,40.0,63.0,,85182
23929,W,DOMESTIC,-84.105434,40.800641999999996,DIGITIZED,ALLEN,BATH,1956-04-21,57.0,812.4000244140625,LIMESTONE,,20.0,9.0,25.0,25,173412
23930,W,DOMESTIC,-84.117753,40.785895,DIGITIZED,ALLEN,AMERICAN,1956-10-10,92.0,830.7999877929688,LIMESTONE,,20.0,23.0,29.0,29,173441
23931,W,DOMESTIC,-84.02238,40.66995,GEOCODE,ALLEN,PERRY,1987-12-04,43.0,920.7999877929688,GRAVEL,CABLE TOOL,6.0,10.0,43.0,,657186
23939,W,DOMESTIC,-84.134439,40.690667999999995,DIGITIZED,ALLEN,SHAWNEE,1958-06-16,83.0,868.4000244140625,GRAVEL,,10.0,34.0,83.0,,192092
23956,W,DOMESTIC,-84.169202,40.72172,DIGITIZED,ALLEN,SHAWNEE,1962-02-04,114.0,843.0,LIMESTONE,,10.0,61.0,71.0,62,222297
23968,W,DOMESTIC,-84.013278,40.833019,DIGITIZED,ALLEN,MONROE,1959-08-18,44.0,843.7999877929688,LIMESTONE,,15.0,15.0,27.0,27,213782
23971,W,DOMESTIC,-84.01323,40.77664,GEOCODE,ALLEN,BATH,1988-08-29,119.0,918.4000244140625,LIMESTONE,ROTARY,9.0,58.0,71.0,71,688027
23980,W,DOMESTIC,-83.94010999999999,40.74199,GEOCODE,ALLEN,AUGLAIZE,2002-07-25,95.0,946.0999755859375,LIMESTONE,ROTARY,30.0,38.0,80.0,80,947761
24003,W,DOMESTIC,-84.175355,40.697336,DIGITIZED,ALLEN,SHAWNEE,1962-04-22,66.0,858.4000244140625,GRAVEL,,7.0,28.0,66.0,,264486
24011,W,DOMESTIC,-84.16422299999999,40.720574,DIGITIZED,ALLEN,SHAWNEE,1963-05-29,230.0,849.2000122070312,LIMESTONE,,10.0,110.0,167.0,225,279865
24025,W,MONITOR,-84.102,40.74852,GLOBAL POSITIONING SYSTEM,ALLEN,BATH,2003-07-14,25.0,880.7999877929688,CLAY & SILT,AUGER,,,15.0,,964047
24059,W,DOMESTIC,-84.18758,40.83976,GEOCODE,ALLEN,SUGAR CREEK,1984-05-07,36.0,782.2000122070312,LIMESTONE,,9.0,18.0,23.0,23,649651
24067,W,DOMESTIC,-84.22327,40.729769999999995,GEOCODE,ALLEN,AMANDA,2003-07-17,67.0,830.2999877929688,GRAVEL,CABLE TOOL,10.0,47.0,66.0,66,962732
24117,W,,-84.085143,40.832476,DIGITIZED,ALLEN,MONROE,1950-03-08,40.0,812.2999877929688,LIMESTONE,,,5.0,19.0,37,71052
24146,W,PUBLIC/SEMI-PUB,-83.97319399999999,40.829414,DIGITIZED,ALLEN,RICHLAND,1964-08-24,310.0,868.0,LIMESTONE,,190.0,14.0,37.0,34,311357
24152,W,DOMESTIC,-84.16190999999999,40.723228999999996,DIGITIZED,ALLEN,SHAWNEE,1953-08-22,168.0,864.0,SAND & GRAVEL,,15.0,71.0,165.0,,105429
24178,W,DOMESTIC,-84.15878599999999,40.694269,DIGITIZED,ALLEN,SHAWNEE,1955-09-16,136.0,841.2000122070312,GRAVEL,,20.0,26.0,136.0,,166757
24185,W,DOMESTIC,-84.192132,40.757048,DIGITIZED,ALLEN,AMERICAN,1958-05-07,72.0,819.5,LIMESTONE & ROCK,,8.0,36.0,35.0,35,201626
24378,W,DOMESTIC,-83.93348,40.86192,GEOCODE,ALLEN,RICHLAND,2004-02-11,323.0,857.0999755859375,LIMESTONE,,30.0,80.0,,310,972027
24727,W,DOMESTIC,-83.96300000000001,40.653169999999996,GLOBAL POSITIONING SYSTEM,ALLEN,AUGLAIZE,2004-09-02,102.0,1032.4000244140625,LIMESTONE,ROTARY,20.0,40.0,70.0,97,980874
24739,W,DOMESTIC,-84.05833299999999,40.6565,GLOBAL POSITIONING SYSTEM,ALLEN,PERRY,2005-04-11,54.0,914.7999877929688,,ROTARY,9.0,10.0,51.0,,987187
24789,W,DOMESTIC,-84.22417,40.807,GLOBAL POSITIONING SYSTEM,ALLEN,SUGAR CREEK,2004-05-05,112.0,797.0,LIMESTONE,ROTARY,26.0,21.0,26.0,111,972047
24791,W,DOMESTIC,-84.17972,40.830549999999995,GLOBAL POSITIONING SYSTEM,ALLEN,SUGAR CREEK,2004-09-13,26.0,788.7999877929688,SAND,CABLE TOOL,15.0,7.0,25.0,25,978603
24875,W,DOMESTIC,-84.09344,40.65486,GLOBAL POSITIONING SYSTEM,ALLEN,PERRY,2004-12-10,80.0,950.2000122070312,,ROTARY,15.0,53.0,80.0,,981376
24880,W,DOMESTIC,-84.1075,40.67417,GLOBAL POSITIONING SYSTEM,ALLEN,PERRY,2005-06-09,150.0,913.7999877929688,LIMESTONE,CABLE TOOL,15.0,50.0,144.0,130,978631
24925,W,DOMESTIC,-84.147166,40.855666,GLOBAL POSITIONING SYSTEM,ALLEN,SUGAR CREEK,2005-02-04,122.0,780.4000244140625,,ROTARY,5.0,40.0,38.0,30,987198
25146,W,MONITOR,-84.11801,40.74254,GLOBAL POSITIONING SYSTEM,ALLEN,AMERICAN,2005-11-29,44.0,879.5,CLAY & SILT,AUGER,,0.0,29.0,,2000717
25161,W,MONITOR,-84.11801,40.74254,GLOBAL POSITIONING SYSTEM,ALLEN,AMERICAN,2005-11-29,32.0,879.5,CLAY & SAND,AUGER,,0.0,17.0,,2000719
25309,W,DOMESTIC,-83.92853,40.77139,GLOBAL POSITIONING SYSTEM,ALLEN,JACKSON,2005-11-15,56.0,936.2999877929688,,ROTARY,30.0,22.0,26.0,15,990638
25328,W,DOMESTIC,-84.012444,40.771558999999996,DIGITIZED,ALLEN,BATH,1961-08-07,75.0,907.5,LIMESTONE,,15.0,,53.0,23,246694
25329,W,DOMESTIC,-83.95172,40.644625999999995,DIGITIZED,ALLEN,AUGLAIZE,1963-08-15,83.0,1045.5999755859375,GRAVEL,,9.0,36.0,83.0,,273045
25330,W,DOMESTIC,-84.179631,40.750948,DIGITIZED,ALLEN,AMERICAN,1963-04-11,95.0,824.2999877929688,LIMESTONE,,10.0,38.0,34.0,33,291109
25413,W,,-84.214648,40.837424999999996,DIGITIZED,ALLEN,SUGAR CREEK,1950-05-05,57.0,779.4000244140625,LIMESTONE,,,,32.0,26,5889
25427,W,DOMESTIC,-84.2801,40.719352,DIGITIZED,ALLEN,AMANDA,1957-09-04,52.0,827.4000244140625,LIMESTONE,,,,,38,184678
25439,W,DOMESTIC,-84.033476,40.731407,DIGITIZED,ALLEN,BATH,1964-07-13,53.0,917.5,LIMESTONE,,16.0,25.0,23.0,23,302398
25440,W,DOMESTIC,-84.329155,40.857507999999996,DIGITIZED,ALLEN,MARION,1965-05-08,103.0,763.2000122070312,LIMESTONE,,15.0,23.0,23.0,19,317282
25441,W,DOMESTIC,-84.30461,40.846515,DIGITIZED,ALLEN,MARION,1960-12-06,82.0,774.7000122070312,LIMESTONE,,7.0,18.0,28.0,28,245877
25442,W,DOMESTIC,-84.06718099999999,40.716636,DIGITIZED,ALLEN,PERRY,1952-12-03,86.0,910.5,LIMESTONE,,20.0,38.0,61.0,61,100619
25483,W,PUBLIC/SEMI-PUB,-84.155013,40.717036,DIGITIZED,ALLEN,SHAWNEE,1957-08-17,180.0,847.7000122070312,LIMESTONE,,10.0,56.0,141.0,178,181730
25508,W,DOMESTIC,-84.03694,40.68778,GLOBAL POSITIONING SYSTEM,ALLEN,PERRY,2006-01-07,155.0,973.5999755859375,SHALE,CABLE TOOL,15.0,60.0,148.0,154,997865
25679,W,DOMESTIC,-84.108493,40.80043,DIGITIZED,ALLEN,BATH,1957-09-30,27.0,811.9000244140625,LIMESTONE,,10.0,7.0,20.0,20,191594
25687,W,DOMESTIC,-84.159742,40.722266999999995,DIGITIZED,ALLEN,SHAWNEE,1963-03-02,117.0,856.0,LIMESTONE,,10.0,55.0,65.0,65,274635
25755,W,DOMESTIC,-84.151361,40.692938,DIGITIZED,ALLEN,SHAWNEE,1955-09-18,169.0,850.4000244140625,GRAVEL,,9.0,25.0,169.0,,141834
25909,W,DOMESTIC,-84.32333,40.83333,GLOBAL POSITIONING SYSTEM,ALLEN,MARION,2006-08-02,42.0,777.0999755859375,LIMESTONE,AIR HAMMER,30.0,20.0,31.0,38,2004248
25985,W,DOMESTIC,-84.10135799999999,40.701595,DIGITIZED,ALLEN,PERRY,1955-05-15,89.0,895.0999755859375,LIMESTONE,,,,,60,66467
25986,W,DOMESTIC,-84.22351599999999,40.792155,DIGITIZED,ALLEN,AMERICAN,1963-11-26,28.0,794.7999877929688,SAND & GRAVEL,,13.0,14.0,28.0,,291142
26050,W,DOMESTIC,-84.180149,40.755961,DIGITIZED,ALLEN,AMERICAN,1955-06-12,118.0,829.7999877929688,LIMESTONE,,,40.0,,42,62135
26052,W,DOMESTIC,-84.087785,40.71541,DIGITIZED,ALLEN,PERRY,1955-06-25,60.0,886.5,SAND & CLAY,,,25.0,60.0,,62140
26072,W,DOMESTIC,-84.013601,40.774122,DIGITIZED,ALLEN,BATH,1955-01-17,90.0,915.9000244140625,LIMESTONE,,,40.0,59.0,89,120473
26086,W,DOMESTIC,-84.192838,40.756387,DIGITIZED,ALLEN,AMERICAN,1962-08-18,59.0,810.2000122070312,LIMESTONE,,20.0,15.0,24.0,23,266497
26090,W,DOMESTIC,-84.229541,40.818912,DIGITIZED,ALLEN,MARION,1959-05-07,40.0,785.4000244140625,LIMESTONE,,20.0,3.0,18.0,12,222262
26091,W,DOMESTIC,-84.10470699999999,40.701934,DIGITIZED,ALLEN,PERRY,1962-05-19,125.0,888.0999755859375,LIMESTONE,,4.0,100.0,40.0,40,274607
26093,W,DOMESTIC,-84.164228,40.693394999999995,DIGITIZED,ALLEN,SHAWNEE,1958-06-07,65.0,846.9000244140625,GRAVEL,,15.0,18.0,65.0,,199791
26741,W,PUBLIC/SEMI-PUB,-84.25764699999999,40.794388999999995,GLOBAL POSITIONING SYSTEM,ALLEN,MARION,1986-01-31,60.0,799.0999755859375,LIMESTONE,,4.0,15.0,31.0,27,651919
27090,W,DOMESTIC,-84.096111,40.810556,,ALLEN,BATH,2006-07-25,43.0,832.2999877929688,,CABLE TOOL,20.0,36.0,40.0,42,997889
27091,W,DOMESTIC,-84.213611,40.837778,,ALLEN,SUGAR CREEK,2006-10-13,30.0,779.7999877929688,,CABLE TOOL,20.0,16.0,29.0,29,997897
27408,W,DOMESTIC,-84.2339,40.782019999999996,,ALLEN,MARION,2009-10-20,68.0,797.2999877929688,LIMESTONE,ROTARY,25.0,15.0,27.0,27,1013393
27554,W,MONITOR,-84.10851699999999,40.798049999999996,GLOBAL POSITIONING SYSTEM,ALLEN,BATH,2010-03-05,12.0,829.0,CLAY,AUGER,,3.5,2.0,,2026605
27572,W,DOMESTIC,-84.22332999999999,40.72472,,ALLEN,AMANDA,2009-04-01,40.0,831.2999877929688,SHALE,CABLE TOOL,20.0,15.0,38.0,39,1011859
27580,W,MONITOR,-83.969111,40.832983,GLOBAL POSITIONING SYSTEM,ALLEN,RICHLAND,2009-02-02,20.0,864.0,SAND,AUGER,,20.0,10.0,,2021219
27581,W,MONITOR,-83.969053,40.833377999999996,GLOBAL POSITIONING SYSTEM,ALLEN,RICHLAND,2009-02-03,14.0,863.2999877929688,SAND,AUGER,,14.0,4.0,,2021221
27681,W,MONITOR,-83.87201,40.89286,GLOBAL POSITIONING SYSTEM,ALLEN,RICHLAND,2008-07-29,18.0,845.7000122070312,SAND & SILT,AUGER,,0.0,8.0,,2017832
27726,W,DOMESTIC,-84.33475,40.807269999999995,GEOCODE,ALLEN,MARION,2008-10-31,96.0,785.7000122070312,SANDSTONE & LIMEST,CABLE TOOL,20.0,16.0,32.0,31,2019746
27928,W,DOMESTIC,-84.178333,40.791667,GLOBAL POSITIONING SYSTEM,ALLEN,AMERICAN,2007-11-09,217.0,804.5999755859375,LIMESTONE,AIR ROTARY,10.0,40.0,30.0,28,2013788
28024,W,DOMESTIC,-84.07166699999999,40.686667,,ALLEN,PERRY,2010-03-09,86.0,963.0999755859375,SHALE,CABLE TOOL,20.0,60.0,84.0,84,1011882
28050,W,DOMESTIC,-84.01865,40.79596,GEOCODE,ALLEN,BATH,1991-11-15,54.0,873.2000122070312,LIMESTONE,ROTARY,10.0,17.0,46.0,46,743889
28051,W,DOMESTIC,-84.16555,40.70634,GEOCODE,ALLEN,SHAWNEE,1981-07-28,198.0,853.5,LIMESTONE,,10.0,94.0,191.0,191,618565
28136,W,DOMESTIC,-83.906667,40.842,GLOBAL POSITIONING SYSTEM,ALLEN,RICHLAND,2010-07-28,53.0,886.5,LIMESTONE,AIR ROTARY,15.0,22.0,35.0,30,2028467
28166,W,DOMESTIC,-84.052167,40.709832999999996,GLOBAL POSITIONING SYSTEM,ALLEN,PERRY,2011-06-23,112.0,939.7999877929688,LIMESTONE,AIR ROTARY,15.0,50.0,65.0,61,2032916
28421,W,DOMESTIC,-83.988283,40.82025,,ALLEN,RICHLAND,2012-07-31,65.0,870.2000122070312,LIMESTONE,ROTARY,30.0,29.0,36.0,62,1016860
28451,W,MONITOR,-84.156967,40.73735,GLOBAL POSITIONING SYSTEM,ALLEN,AMERICAN,2010-04-19,12.0,840.7999877929688,SAND & CLAY,GEOPROBE,,6.0,2.0,,2027638
28579,W,DOMESTIC,-83.99433499999999,40.822699,,ALLEN,RICHLAND,1988-05-11,66.0,854.0,LIMESTONE,,20.0,8.0,27.0,27,670524
28595,W,DOMESTIC,-83.96006,40.65161,GLOBAL POSITIONING SYSTEM,ALLEN,AUGLAIZE,2013-04-09,89.0,1045.199951171875,LIMESTONE,ROTARY,20.0,40.0,85.0,74,2042468
28638,W,DOMESTIC,-84.11574999999999,40.78194,,ALLEN,AMERICAN,1984-06-11,75.0,841.5,LIMESTONE,,40.0,40.0,42.0,42,649654
28643,W,DOMESTIC,-83.92190000000001,40.703983,,ALLEN,AUGLAIZE,2013-06-19,100.0,982.5999755859375,LIMESTONE,ROTARY,8.0,24.0,31.0,31,1016893
28861,W,DOMESTIC,-84.051863,40.87583,GLOBAL POSITIONING SYSTEM,ALLEN,MONROE,2015-02-01,32.0,788.9000244140625,LIMESTONE,CABLE TOOL,20.0,18.0,27.0,27,1015560
28894,W,DOMESTIC,-83.95195,40.794183,GLOBAL POSITIONING SYSTEM,ALLEN,JACKSON,2015-09-01,98.0,,LIMESTONE,ROTARY,20.0,23.0,39.0,39,1018684
28974,W,DOMESTIC,-84.24297399999999,40.796388,GLOBAL POSITIONING SYSTEM,ALLEN,MARION,2016-05-11,183.0,,LIMESTONE,AIR ROTARY,12.0,30.0,38.0,33,2057101
28986,W,DOMESTIC,-83.95647799999999,40.794719,GLOBAL POSITIONING SYSTEM,ALLEN,JACKSON,2016-04-20,80.0,,LIMESTONE,ROTARY,25.0,23.0,43.0,43,1019032
29038,W,MONITOR,-84.108611,40.798055999999995,GLOBAL POSITIONING SYSTEM,ALLEN,BATH,2015-03-17,12.0,827.4000244140625,SILT & CLAY,DIRECT PUSH,,6.5,2.0,,2051355
29081,W,DOMESTIC,-84.20165999999999,40.66166,GLOBAL POSITIONING SYSTEM,ALLEN,SHAWNEE,2014-05-09,43.0,849.0999755859375,SHALE,CABLE TOOL,10.0,15.0,42.0,42,1018031
29086,W,DOMESTIC,-84.387242,40.799302,GLOBAL POSITIONING SYSTEM,ALLEN,MARION,2016-03-07,143.0,,LIMESTONE,AIR ROTARY,8.0,30.0,39.0,35,2056304
29171,W,DOMESTIC,-84.099983,40.816717,GLOBAL POSITIONING SYSTEM,ALLEN,BATH,2016-10-28,70.0,,LIMESTONE,ROTARY,20.0,20.0,33.0,33,1019647
29212,W,DOMESTIC,-83.91883299999999,40.705400000000004,GLOBAL POSITIONING SYSTEM,ALLEN,AUGLAIZE,2017-06-14,65.0,,LIMESTONE,ROTARY,8.0,14.0,38.0,38,1019615
29235,W,DOMESTIC,-83.934067,40.77865,GLOBAL POSITIONING SYSTEM,ALLEN,JACKSON,2016-04-22,45.0,,LIMESTONE,ROTARY,12.0,20.0,29.0,29,1019036
29247,W,DOMESTIC,-84.233689,40.785047,GLOBAL POSITIONING SYSTEM,ALLEN,MARION,2017-02-21,80.0,,LIMESTONE,AIR ROTARY,20.0,20.0,36.0,30,2061445
29318,W,MONITOR,-84.10893899999999,40.798003,GLOBAL POSITIONING SYSTEM,ALLEN,BATH,2016-12-29,12.0,,CLAY,GEOPROBE,,5.0,2.0,,2060786
29367,W,DOMESTIC,-84.274681,40.744077,GLOBAL POSITIONING SYSTEM,ALLEN,AMANDA,2016-09-23,51.0,,GRAVEL,AIR ROTARY,10.0,20.0,31.0,,2059534
29628,W,DOMESTIC,-83.9393,40.856167,GLOBAL POSITIONING SYSTEM,ALLEN,RICHLAND,2019-11-29,57.0,,LIMESTONE,MUD/AIR ROTARY,20.0,15.0,28.0,,2077355
29668,W,DOMESTIC,-84.31094,40.84054,GLOBAL POSITIONING SYSTEM,ALLEN,MARION,2018-10-05,53.0,,LIMESTONE,ROTARY/AIRHAMR,10.0,20.0,26.5,,2070485
29745,W,DOMESTIC,-84.02557999999999,40.85349,GLOBAL POSITIONING SYSTEM,ALLEN,MONROE,2019-07-29,80.0,,LIMESTONE,ROTARY,15.0,19.0,32.0,,2074620
29887,W,DOMESTIC,-84.29514999999999,40.823319999999995,GEOCODE,ALLEN,MARION,1995-09-13,170.0,779.5999755859375,LIMESTONE,ROTARY,12.0,23.0,28.0,26,821997
30041,W,DOMESTIC,-84.052583,40.804700000000004,GLOBAL POSITIONING SYSTEM,ALLEN,BATH,2019-12-18,50.0,,LIMESTONE,MUD/AIR ROTARY,12.0,16.0,39.0,,2077874
30098,W,MONITOR,-84.09879,40.73008,GLOBAL POSITIONING SYSTEM,ALLEN,PERRY,2019-10-31,11.0,,CLAY,DIRECT PUSH,,,0.0,,2077267
30100,W,DOMESTIC,-84.250967,40.71425,GLOBAL POSITIONING SYSTEM,ALLEN,AMANDA,2019-07-01,47.0,,LIMESTONE,MUD/AIR ROTARY,15.0,21.0,44.0,,2074194
30181,W,DOMESTIC,-84.10838299999999,40.68205,GLOBAL POSITIONING SYSTEM,ALLEN,SHAWNEE,2017-10-12,65.0,,GRAVEL,ROTARY,30.0,30.0,65.0,,1020290
30211,W,DOMESTIC,-84.13798,40.658829999999995,GEOCODE,ALLEN,SHAWNEE,1976-02-23,90.0,894.2999877929688,GRAVEL,,15.0,50.0,90.0,,511825
30216,W,DOMESTIC,-84.18634999999999,40.737136,DIGITIZED,ALLEN,AMERICAN,1958-05-30,37.0,825.9000244140625,GRAVEL,,10.0,26.0,37.0,,199788
30217,W,PUBLIC/SEMI-PUB,-84.19250000000001,40.755469999999995,,ALLEN,AMERICAN,1987-02-01,80.0,807.0,LIMESTONE,,2.0,30.0,39.0,36,661913
30218,W,DOMESTIC,-84.31873999999999,40.841519999999996,GEOCODE,ALLEN,MARION,1995-11-16,165.0,774.0999755859375,LIMESTONE,ROTARY,15.0,85.0,,79,822310
30219,W,DOMESTIC,-84.019363,40.789366,DIGITIZED,ALLEN,BATH,1960-05-05,62.0,881.2000122070312,LIMESTONE,,1.0,33.0,51.0,57,249055
30220,W,DOMESTIC,-84.177302,40.703914999999995,DIGITIZED,ALLEN,SHAWNEE,1954-11-08,56.0,872.5,GRAVEL,,10.0,40.0,56.0,,156802
30223,W,DOMESTIC,-84.024845,40.746117,DIGITIZED,ALLEN,BATH,1954-04-21,63.0,917.7999877929688,LIMESTONE,,20.0,40.0,26.0,26,123520
30224,W,DOMESTIC,-84.164428,40.712756,DIGITIZED,ALLEN,SHAWNEE,1960-02-01,108.0,851.2000122070312,GRAVEL,,10.0,61.0,108.0,,220195
30225,W,DOMESTIC,-84.140571,40.694444,DIGITIZED,ALLEN,SHAWNEE,1958-04-18,72.0,853.9000244140625,GRAVEL,,60.0,32.0,72.0,,181742
30226,W,DOMESTIC,-84.139192,40.694216,DIGITIZED,ALLEN,SHAWNEE,1956-06-20,50.0,856.5,GRAVEL,,10.0,27.0,45.0,,166787
30227,W,DOMESTIC,-84.156261,40.693948,DIGITIZED,ALLEN,SHAWNEE,1956-06-03,166.0,843.0999755859375,GRAVEL,,8.0,26.0,166.0,,174060
30228,W,DOMESTIC,-84.152852,40.709407,DIGITIZED,ALLEN,SHAWNEE,1956-11-12,55.0,819.5,GRAVEL,,15.0,29.0,55.0,,159582
30231,W,DOMESTIC,-84.01286999999999,40.776489999999995,GEOCODE,ALLEN,BATH,1995-07-17,85.0,917.0999755859375,LIMESTONE,CABLE TOOL,20.0,50.0,65.0,65,812365
30234,W,DOMESTIC,-84.20653,40.686209999999996,GEOCODE,ALLEN,SHAWNEE,1995-10-17,97.0,856.4000244140625,LIMESTONE,CABLE TOOL,3.0,55.0,75.0,72,819989
30235,W,,-84.14146,40.685739999999996,GEOCODE,ALLEN,SHAWNEE,1978-03-01,54.0,862.7999877929688,SAND & GRAVEL,,20.0,39.0,48.0,,534111
30236,W,DOMESTIC,-84.18457599999999,40.716401999999995,DIGITIZED,ALLEN,SHAWNEE,1959-05-12,108.0,859.2999877929688,LIMESTONE,,6.0,53.0,80.0,80,197530
30238,W,DOMESTIC,-84.28093,40.74199,,ALLEN,AMANDA,1990-07-11,76.0,810.7000122070312,LIMESTONE,ROTARY,15.0,26.0,48.0,48,707289
30240,W,DOMESTIC,-83.99439,40.799029999999995,GEOCODE,ALLEN,BATH,1996-05-03,94.0,879.5,LIMESTONE,ROTARY,10.0,50.0,63.0,63,835509
30241,W,DOMESTIC,-83.96560199999999,40.877069999999996,DIGITIZED,ALLEN,RICHLAND,1966-03-11,43.0,822.7999877929688,LIMESTONE & ROCK,,10.0,8.0,25.0,25,322818
30242,W,DOMESTIC,-84.13978,40.68336,GEOCODE,ALLEN,SHAWNEE,1976-11-09,173.0,867.2999877929688,SAND & GRAVEL,,15.0,48.0,173.0,100,492022
30243,W,DOMESTIC,-84.15911,40.69365,GEOCODE,ALLEN,SHAWNEE,1988-10-26,50.0,838.4000244140625,GRAVEL,CABLE TOOL,15.0,25.0,50.0,,677671
30246,W,DOMESTIC,-84.008316,40.680800999999995,DIGITIZED,ALLEN,PERRY,1957-04-12,55.0,927.5,SAND & GRAVEL,,,20.0,55.0,,169625
30247,W,DOMESTIC,-84.091942,40.711462,DIGITIZED,ALLEN,PERRY,1958-03-04,39.0,888.2999877929688,GRAVEL,,9.0,24.0,39.0,,201623
30248,W,PUBLIC/SEMI-PUB,-84.1205,40.769909999999996,,ALLEN,AMERICAN,1970-04-21,132.0,843.7999877929688,LIMESTONE,,7.0,63.0,116.0,114,404173
30249,W,DOMESTIC,-84.24268,40.77709,GEOCODE,ALLEN,MARION,1995-02-10,180.0,799.5999755859375,LIMESTONE,ROTARY,18.0,12.0,34.0,31,809106
30250,W,DOMESTIC,-83.90719,40.892309999999995,GEOCODE,ALLEN,RICHLAND,1982-04-26,60.0,836.2999877929688,LIMESTONE,,15.0,37.0,36.0,33,515477
30251,W,DOMESTIC,-83.968976,40.832124,DIGITIZED,ALLEN,RICHLAND,1955-01-29,50.0,860.0,LIMESTONE,,,15.0,35.0,35,144603
30253,W,DOMESTIC,-84.16457,40.75315,,ALLEN,AMERICAN,1971-10-24,158.0,821.4000244140625,LIMESTONE,,15.0,19.0,37.0,37,409694
30254,W,DOMESTIC,-84.12196999999999,40.660979999999995,GEOCODE,ALLEN,SHAWNEE,1993-10-21,32.0,895.7000122070312,SAND & GRAVEL,CABLE TOOL,14.0,26.0,32.0,,761049
30256,W,MONITOR,-84.33151,40.84377,GEOCODE,ALLEN,MARION,1995-02-21,13.0,773.0,CLAY/SAND/GRAVEL,DUG,,,,,812175
30257,W,DOMESTIC,-84.0605,40.71695,GEOCODE,ALLEN,PERRY,1986-05-27,80.0,920.0999755859375,LIMESTONE,CABLE TOOL,8.0,50.0,,52,654562
30258,W,DOMESTIC,-84.05926,40.78356,GEOCODE,ALLEN,BATH,1991-01-03,60.0,875.5,LIMESTONE,ROTARY,15.0,30.0,50.0,45,725288
30259,W,DOMESTIC,-84.032826,40.816668,DIGITIZED,ALLEN,BATH,1956-05-21,62.0,858.5,LIMESTONE,,,20.0,32.0,60,161658
30260,W,DOMESTIC,-84.27789,40.82963,GEOCODE,ALLEN,MARION,1989-02-11,42.0,770.7000122070312,LIMESTONE,ROTARY,10.0,12.0,25.0,25,692419
30261,W,PUBLIC/SEMI-PUB,-84.31943299999999,40.839718999999995,GEOCODE,ALLEN,MARION,1995-04-08,157.0,776.5999755859375,LIMESTONE,,20.0,80.0,,53,811901
30262,W,DOMESTIC,-84.17042,40.80287,GEOCODE,ALLEN,SUGAR CREEK,1993-09-24,80.0,803.7000122070312,LIMESTONE,ROTARY,6.0,24.0,40.0,37,776151
30263,W,DOMESTIC,-84.10813999999999,40.68338,GEOCODE,ALLEN,SHAWNEE,1995-08-16,61.0,901.7999877929688,GRAVEL,CABLE TOOL,15.0,30.0,61.0,,819979
30264,W,DOMESTIC,-84.15765999999999,40.68354,GEOCODE,ALLEN,SHAWNEE,1989-09-22,55.0,854.2000122070312,GRAVEL,,20.0,35.0,55.0,,700558
30266,W,DOMESTIC,-84.164226,40.752624,DIGITIZED,ALLEN,AMERICAN,1952-12-01,190.0,821.5999755859375,GRAVEL,,8.0,50.0,190.0,,85171
30267,W,DOMESTIC,-84.17141,40.737398,DIGITIZED,ALLEN,AMERICAN,1954-03-03,78.0,840.2999877929688,SAND & GRAVEL,,,,78.0,,62114
30272,W,DOMESTIC,-83.92837,40.679128,DIGITIZED,ALLEN,AUGLAIZE,1962-04-05,47.0,1010.7999877929688,LIMESTONE,,18.0,10.0,32.0,32,244941
30273,W,DOMESTIC,-84.06963999999999,40.702059999999996,GEOCODE,ALLEN,PERRY,1973-07-07,71.0,923.7999877929688,LIMESTONE,,30.0,45.0,68.0,68,451898
30274,W,DOMESTIC,-83.93339499999999,40.760104999999996,DIGITIZED,ALLEN,JACKSON,1964-09-23,41.0,925.7999877929688,LIMESTONE,,20.0,18.0,17.0,17,319413
30275,W,DOMESTIC,-83.96138599999999,40.73179,DIGITIZED,ALLEN,JACKSON,1956-04-13,70.0,967.0,LIMESTONE,,15.0,35.0,50.0,50,173410
30276,W,DOMESTIC,-84.20742,40.85245,GEOCODE,ALLEN,SUGAR CREEK,1994-07-08,65.0,775.2000122070312,LIMESTONE,ROTARY,10.0,8.0,41.0,41,790390
30277,W,DOMESTIC,-84.17414,40.84109,GEOCODE,ALLEN,SUGAR CREEK,1995-05-01,60.0,777.0,LIMESTONE,CABLE TOOL,3.0,10.0,28.0,28,800640
30278,W,DOMESTIC,-83.90686,40.89232,GEOCODE,ALLEN,RICHLAND,1985-11-02,65.0,837.0,LIMESTONE,,6.0,52.0,46.0,33,630224
30279,W,DOMESTIC,-84.21114,40.690889999999996,GEOCODE,ALLEN,SHAWNEE,1988-03-14,80.0,855.5,LIMESTONE,,15.0,31.0,75.0,72,673389
30280,W,DOMESTIC,-84.18175,40.6878,GEOCODE,ALLEN,SHAWNEE,1981-05-28,80.0,846.2000122070312,LIMESTONE,,30.0,35.0,57.0,57,526361
30284,W,DOMESTIC,-84.110753,40.775233,DIGITIZED,ALLEN,AMERICAN,1958-01-27,80.0,853.9000244140625,LIMESTONE & ROCK,,15.0,40.0,51.0,51,197510
30288,W,DOMESTIC,-84.08001999999999,40.793949999999995,GEOCODE,ALLEN,BATH,1995-03-27,64.0,839.2999877929688,LIMESTONE,CABLE TOOL,4.0,28.0,30.0,30,791797
30289,W,DOMESTIC,-84.01344999999999,40.74272,GEOCODE,ALLEN,BATH,1995-10-31,60.0,916.7999877929688,LIMESTONE,CABLE TOOL,15.0,48.0,48.0,45,819991
30290,W,DOMESTIC,-84.03224,40.644369999999995,GEOCODE,ALLEN,PERRY,1994-08-30,26.0,931.4000244140625,GRAVEL,CABLE TOOL,15.0,12.0,26.0,,800604
30291,W,,-84.08968,40.704,GEOCODE,ALLEN,PERRY,1988-05-20,105.0,894.5999755859375,LIMESTONE,,7.0,40.0,80.0,77,680915
30292,W,DOMESTIC,-84.20998,40.76009,GEOCODE,ALLEN,AMERICAN,1993-02-16,39.0,810.5,SAND & GRAVEL,CABLE TOOL,7.0,21.0,38.0,,761032
30293,W,DOMESTIC,-83.92509,40.867869999999996,GEOCODE,ALLEN,RICHLAND,1995-12-01,96.0,854.2999877929688,LIMESTONE,CABLE TOOL,15.0,,28.0,27,818036
30294,W,MONITOR,-84.12906,40.7085,GEOCODE,ALLEN,SHAWNEE,1990-09-17,34.0,865.5,,AUGER,,,25.0,,716811
30296,W,DOMESTIC,-84.09316,40.711549999999995,GEOCODE,ALLEN,PERRY,1982-12-13,106.0,885.4000244140625,LIMESTONE,,5.0,40.0,52.0,52,526359
30297,W,DOMESTIC,-84.18712,40.68631,GEOCODE,ALLEN,SHAWNEE,1991-09-11,53.0,842.9000244140625,GRAVEL,,20.0,25.0,53.0,,728566
30298,W,DOMESTIC,-83.95671,40.86208,GEOCODE,ALLEN,RICHLAND,1983-07-14,110.0,854.2999877929688,LIMESTONE,,3.0,30.0,49.0,46,622652
30300,W,DOMESTIC,-84.078284,40.832381999999996,DIGITIZED,ALLEN,MONROE,1953-04-21,44.0,820.0999755859375,LIMESTONE,,,,27.0,27,101264
30301,W,DOMESTIC,-84.03892499999999,40.731457,DIGITIZED,ALLEN,BATH,1958-07-17,58.0,912.9000244140625,LIMESTONE,,20.0,26.0,19.0,19,192897
30302,W,DOMESTIC,-84.18255599999999,40.702902,DIGITIZED,ALLEN,SHAWNEE,1954-05-03,88.0,881.2000122070312,SAND & GRAVEL,,,,88.0,,123372
30303,W,DOMESTIC,-84.134439,40.690667999999995,DIGITIZED,ALLEN,SHAWNEE,1960-03-04,53.0,868.4000244140625,GRAVEL,,8.0,33.0,53.0,,220200
30304,W,DOMESTIC,-84.134439,40.690667999999995,DIGITIZED,ALLEN,SHAWNEE,1964-08-01,50.0,868.4000244140625,GRAVEL,,7.0,44.0,50.0,,301099
30305,W,DOMESTIC,-84.134439,40.690667999999995,DIGITIZED,ALLEN,SHAWNEE,1963-11-06,262.0,868.4000244140625,GRAVEL,,7.0,34.0,262.0,,301062
30306,W,DOMESTIC,-84.147562,40.692561,DIGITIZED,ALLEN,SHAWNEE,1955-05-17,195.0,855.5999755859375,LIMESTONE,,12.0,28.0,182.0,182,141818
30311,W,DOMESTIC,-84.117753,40.785895,DIGITIZED,ALLEN,AMERICAN,1957-05-02,55.0,830.7999877929688,LIMESTONE,,10.0,24.0,28.0,28,192855
30312,W,DOMESTIC,-84.135965,40.779027,DIGITIZED,ALLEN,AMERICAN,1963-02-08,42.0,834.0,LIMESTONE,,10.0,28.0,30.0,28,286608
30313,W,DOMESTIC,-84.301363,40.833062999999996,DIGITIZED,ALLEN,MARION,1957-06-02,62.0,780.0,LIMESTONE,,2.0,15.0,25.0,25,192055
30314,W,DOMESTIC,-83.99114,40.73131,GEOCODE,ALLEN,JACKSON,1986-07-01,52.0,932.5999755859375,LIMESTONE,,20.0,20.0,48.0,45,651945
30315,W,MONITOR,-84.11354999999999,40.74255,,ALLEN,AMERICAN,1995-07-05,26.0,888.9000244140625,SILT & CLAY,AUGER,,,,,791511
30316,W,DOMESTIC,-84.151665,40.693742,DIGITIZED,ALLEN,SHAWNEE,1954-10-20,82.0,847.2000122070312,GRAVEL,,9.0,54.0,82.0,,141802
30323,W,DOMESTIC,-84.168607,40.722182,DIGITIZED,ALLEN,SHAWNEE,,128.0,845.4000244140625,LIMESTONE,,10.0,51.0,75.0,75,274615
30324,W,DOMESTIC,-84.168607,40.722182,DIGITIZED,ALLEN,SHAWNEE,1963-01-08,95.0,845.4000244140625,GRAVEL,,10.0,60.0,95.0,90,274630
30326,W,PUBLIC/SEMI-PUB,-83.96871999999999,40.716989999999996,GEOCODE,ALLEN,AUGLAIZE,1994-04-11,80.0,991.7000122070312,GRAVEL,ROTARY,15.0,55.0,80.0,,786581
30327,W,AGRIC/IRRIG,-84.06820499999999,40.734034,DIGITIZED,ALLEN,BATH,1965-06-21,178.0,897.5999755859375,LIMESTONE,,80.0,30.0,27.0,27,319442
30328,W,DOMESTIC,-84.032546,40.732422,DIGITIZED,ALLEN,BATH,1962-06-25,58.0,913.9000244140625,LIMESTONE,,20.0,26.0,20.0,20,266485
30329,W,DOMESTIC,-84.24638,40.830149999999996,GEOCODE,ALLEN,MARION,1972-10-24,97.0,783.0,LIMESTONE,,15.0,19.0,29.0,29,433532
30330,W,DOMESTIC,-84.32137,40.83497,GEOCODE,ALLEN,MARION,1993-08-17,57.0,775.2999877929688,LIMESTONE,ROTARY,12.0,21.0,25.0,25,769291
30331,W,DOMESTIC,-84.137649,40.690111,DIGITIZED,ALLEN,SHAWNEE,1964-07-13,149.0,867.0999755859375,GRAVEL,,,49.0,149.0,,306227
30332,W,PUBLIC/SEMI-PUB,-84.165379,40.698449,DIGITIZED,ALLEN,SHAWNEE,1957-08-19,276.0,840.5999755859375,LIMESTONE,,300.0,14.0,113.0,110,170289
30333,W,DOMESTIC,-84.203329,40.674941,DIGITIZED,ALLEN,SHAWNEE,1964-05-25,88.0,835.5,LIMESTONE,,20.0,15.0,52.0,52,306218
30336,W,DOMESTIC,-84.242201,40.767223,DIGITIZED,ALLEN,AMANDA,1966-07-20,204.0,807.9000244140625,LIMESTONE,,8.0,15.0,199.0,199,337047
30338,W,DOMESTIC,-84.051942,40.71604,DIGITIZED,ALLEN,PERRY,1964-10-19,83.0,929.5999755859375,LIMESTONE,,12.0,50.0,55.0,55,308826
30339,W,DOMESTIC,-83.95163,40.754979999999996,GEOCODE,ALLEN,JACKSON,1984-07-14,60.0,945.2999877929688,LIMESTONE,,20.0,21.0,27.0,24,636290
30340,W,DOMESTIC,-84.01644,40.764019999999995,GEOCODE,ALLEN,BATH,1994-06-14,114.0,903.7999877929688,LIMESTONE,ROTARY,30.0,50.0,45.0,45,784940
30341,W,DOMESTIC,-84.019184,40.763673,DIGITIZED,ALLEN,BATH,1968-02-20,72.0,901.2000122070312,LIMESTONE,,16.0,25.0,30.0,29,372604
30342,W,DOMESTIC,-84.134439,40.690667999999995,DIGITIZED,ALLEN,SHAWNEE,1959-04-30,238.0,868.4000244140625,LIMESTONE,,14.0,33.0,197.0,197,220165
30343,W,DOMESTIC,-84.134439,40.690667999999995,DIGITIZED,ALLEN,SHAWNEE,1959-08-23,48.0,868.4000244140625,GRAVEL,,8.0,33.0,48.0,,220176
30344,W,DOMESTIC,-84.134439,40.690667999999995,DIGITIZED,ALLEN,SHAWNEE,1957-08-31,195.0,868.4000244140625,GRAVEL,,5.0,30.0,195.0,,192072
30345,W,DOMESTIC,-84.232967,40.707526,DIGITIZED,ALLEN,AMANDA,1960-11-02,46.0,589.9000244140625,SAND & GRAVEL,,12.0,18.0,46.0,46,217126
30346,W,DOMESTIC,-84.227981,40.691876,DIGITIZED,ALLEN,AMANDA,1958-08-28,72.0,876.0,GRAVEL,,,,48.0,,227401
30352,W,DOMESTIC,-83.90867,40.763600000000004,GEOCODE,ALLEN,JACKSON,1992-06-12,60.0,948.5,LIMESTONE,ROTARY,12.0,23.0,30.0,27,755129
30353,W,DOMESTIC,-84.06846,40.809309999999996,GEOCODE,ALLEN,BATH,,54.0,846.2999877929688,SAND/GRAVEL/SHALE,CABLE TOOL,10.0,,,,791803
33146,W,,-84.095737,40.716184999999996,DIGITIZED,ALLEN,PERRY,1947-10-23,40.0,890.7999877929688,GRAVEL,,,15.0,41.0,,2426
33430,W,DOMESTIC,-84.3339,40.776289999999996,GEOCODE,ALLEN,AMANDA,1997-04-02,120.0,798.5999755859375,LIMESTONE,ROTARY,12.0,40.0,32.0,30,852565
35215,W,,-84.15547099999999,40.750037999999996,DIGITIZED,ALLEN,AMERICAN,1950-06-24,193.0,836.7999877929688,GRAVEL,,20.0,60.0,190.0,,60155
35219,W,,-84.17341499999999,40.754684999999995,DIGITIZED,ALLEN,AMERICAN,1950-06-13,102.0,824.5,LIMESTONE,,8.0,32.0,37.0,36,60153
35327,W,,-83.98881399999999,40.699678,DIGITIZED,ALLEN,AUGLAIZE,1950-04-26,78.0,970.0,LIMESTONE,,20.0,27.0,57.0,57,69632
35328,W,,-84.069509,40.762004,DIGITIZED,ALLEN,BATH,1950-02-09,82.0,888.5999755859375,LIMESTONE,,,47.0,42.0,42,30686
35329,W,,-83.95257199999999,40.811163,DIGITIZED,ALLEN,JACKSON,1949-01-15,53.0,892.4000244140625,LIMESTONE,,,18.0,45.0,44,38977
35330,W,,-83.94795099999999,40.75981,DIGITIZED,ALLEN,JACKSON,1951-03-26,75.0,921.0,LIMESTONE,,20.0,22.0,21.0,21,83407
35334,W,,-83.91800099999999,40.872864,DIGITIZED,ALLEN,RICHLAND,1950-07-26,51.0,846.5,LIMESTONE,,,16.0,26.0,50,71067
35335,W,,-83.974274,40.826566,DIGITIZED,ALLEN,RICHLAND,,49.0,873.4000244140625,LIMESTONE,,,15.0,33.0,47,94306
35347,W,,-84.351385,40.712576999999996,DIGITIZED,ALLEN,SPENCER,1950-09-08,250.0,,LIMESTONE,,435.0,31.0,50.0,,69649
37290,W,DOMESTIC,-84.03187,40.65133,GEOCODE,ALLEN,PERRY,1996-11-20,70.0,927.5999755859375,LIMESTONE,ROTARY,12.0,15.0,32.0,32,851170
37480,W,DOMESTIC,-83.93696,40.778079999999996,,ALLEN,JACKSON,1997-08-13,105.0,911.5999755859375,LIMESTONE,ROTARY,12.0,25.0,26.0,26,851221
37481,W,DOMESTIC,-83.96517,40.78478,GEOCODE,ALLEN,JACKSON,1997-07-11,135.0,904.7000122070312,LIMESTONE,ROTARY,25.0,24.0,35.0,35,851209
37482,W,PUBLIC/SEMI-PUB,-84.38749,40.80149,GLOBAL POSITIONING SYSTEM,ALLEN,MARION,1997-06-18,250.0,797.0999755859375,LIMESTONE,ROTARY,30.0,18.0,40.0,40,855314
37483,W,DOMESTIC,-84.07262,40.89917,GEOCODE,ALLEN,MONROE,1997-11-06,43.0,778.0999755859375,LIMESTONE,ROTARY,15.0,9.0,25.0,18,855338
37510,W,DOMESTIC,-84.34822,40.77955,GEOCODE,ALLEN,SPENCER,1998-04-16,121.0,801.0999755859375,LIMESTONE,CABLE TOOL,15.0,40.0,,26,855216
37551,W,DOMESTIC,-83.90825,40.75609,GEOCODE,ALLEN,JACKSON,1997-10-23,60.0,953.2000122070312,LIMESTONE,ROTARY,30.0,13.0,30.0,30,866924
37574,W,DOMESTIC,-83.91887,40.859469999999995,GEOCODE,ALLEN,RICHLAND,1997-10-01,67.0,861.2000122070312,LIMESTONE,CABLE TOOL,8.0,,26.0,26,846808
37618,W,DOMESTIC,-83.99436999999999,40.797529999999995,GEOCODE,ALLEN,BATH,1998-12-01,71.0,886.0999755859375,LIMESTONE,CABLE TOOL,7.0,,48.0,48,846787
37624,W,DOMESTIC,-83.92296999999999,40.76095,GEOCODE,ALLEN,JACKSON,1999-03-30,63.0,944.7999877929688,LIMESTONE,ROTARY,12.0,25.0,58.0,54,889230
37709,W,DOMESTIC,-84.24300000000001,40.797689999999996,GEOCODE,ALLEN,MARION,1999-10-09,65.0,796.9000244140625,LIMESTONE,CABLE TOOL,6.0,15.0,46.0,44,890245
37725,W,DOMESTIC,-83.91080000000001,40.717169999999996,GEOCODE,ALLEN,AUGLAIZE,2000-03-03,97.0,1015.4000244140625,LIMESTONE,ROTARY,10.0,50.0,64.0,60,910665
37726,W,DOMESTIC,-83.98498,40.73684,,ALLEN,JACKSON,1999-11-12,77.0,943.2999877929688,LIMESTONE,ROTARY,20.0,22.0,57.0,57,901898
37727,W,DOMESTIC,-83.97585,40.916900000000005,GEOCODE,ALLEN,RICHLAND,1999-12-09,36.0,781.4000244140625,LIMESTONE & ROCK,CABLE TOOL,6.0,11.0,26.0,9,898042
37791,W,DOMESTIC,-83.89941,40.86385,GEOCODE,ALLEN,RICHLAND,2000-05-04,220.0,862.2999877929688,LIMESTONE,ROTARY,15.0,84.0,27.0,20,897797
37820,W,DOMESTIC,-83.89112,40.86309,GEOCODE,ALLEN,RICHLAND,1999-09-01,63.0,865.7000122070312,LIMESTONE,ROTARY,3.0,20.0,29.0,25,902298
37863,W,DOMESTIC,-83.96128,40.672709999999995,GEOCODE,ALLEN,AUGLAIZE,2000-07-11,93.0,985.7999877929688,LIMESTONE,ROTARY,12.0,17.0,35.0,35,914498
37873,W,DOMESTIC,-83.95769,40.876619999999996,GEOCODE,ALLEN,RICHLAND,2000-06-26,57.0,831.0999755859375,LIMESTONE,ROTARY,10.0,20.0,30.0,26,910606
38133,W,DOMESTIC,-84.274,40.81892,GEOCODE,ALLEN,MARION,2000-11-09,63.0,763.0,LIMESTONE,ROTARY,12.0,14.0,25.0,25,922097
38320,W,DOMESTIC,-84.22722,40.82398,GEOCODE,ALLEN,MARION,2000-11-08,218.0,782.7999877929688,LIMESTONE,ROTARY,10.0,15.0,200.0,17,926966
38402,W,DOMESTIC,-84.01974,40.694849999999995,GEOCODE,ALLEN,PERRY,2001-09-06,102.0,969.0999755859375,SHALE,CABLE TOOL,15.0,70.0,100.0,101,932587
38503,W,DOMESTIC,-83.93900000000001,40.74652,,ALLEN,JACKSON,2001-11-05,70.0,961.2000122070312,LIMESTONE,ROTARY,15.0,44.0,52.0,67,940599
38601,W,DOMESTIC,-84.26467,40.85967,GLOBAL POSITIONING SYSTEM,ALLEN,MARION,2002-07-10,130.0,762.9000244140625,LIMESTONE,ROTARY,25.0,23.0,25.0,21,935605
38611,W,OTHER,-83.92218,40.70736,GEOCODE,ALLEN,AUGLAIZE,2001-09-15,150.0,981.5999755859375,STONE,CABLE TOOL,5.0,21.0,57.0,70,940825
38832,W,DOMESTIC,-84.31586,40.841539999999995,GEOCODE,ALLEN,MARION,2002-06-21,200.0,774.0999755859375,LIMESTONE,ROTARY,15.0,110.0,27.0,196,949933
38866,W,DOMESTIC,-83.99,40.7166,GEOCODE,ALLEN,AUGLAIZE,1990-05-02,83.0,971.9000244140625,GRAVEL,,20.0,40.0,83.0,,701342
38867,W,DOMESTIC,-83.97386999999999,40.716969999999996,GEOCODE,ALLEN,AUGLAIZE,1990-10-24,89.0,991.0999755859375,GRAVEL,CABLE TOOL,5.0,45.0,89.0,,721360
38871,W,DOMESTIC,-84.13745999999999,40.66144,GEOCODE,ALLEN,SHAWNEE,1988-10-31,50.0,890.0,GRAVEL,CABLE TOOL,20.0,38.0,50.0,,677672
38895,W,DOMESTIC,-84.00413999999999,40.89383,GEOCODE,ALLEN,MONROE,2002-10-11,58.0,791.7000122070312,LIMESTONE,ROTARY,12.0,14.0,25.0,25,947801
38952,W,DOMESTIC,-84.042262,40.768947,DIGITIZED,ALLEN,BATH,1962-09-03,79.0,897.9000244140625,LIMESTONE,,15.0,34.0,52.0,34,266500
38969,W,DOMESTIC,-84.168607,40.722182,DIGITIZED,ALLEN,SHAWNEE,1961-11-11,36.0,845.4000244140625,GRAVEL,,12.0,25.0,37.0,21,222295
38991,W,DOMESTIC,-84.117753,40.785895,DIGITIZED,ALLEN,AMERICAN,1963-04-18,84.0,830.7999877929688,LIMESTONE,,5.0,27.0,30.0,30,286073
39021,W,DOMESTIC,-84.169788,40.708855,DIGITIZED,ALLEN,SHAWNEE,1953-05-25,178.0,869.5,GRAVEL,,9.0,65.0,178.0,,85197
39027,W,DOMESTIC,-84.013579,40.739177999999995,DIGITIZED,ALLEN,BATH,1963-06-10,69.0,931.2000122070312,LIMESTONE,,20.0,41.0,38.0,37,286085
39033,W,DOMESTIC,-83.98046,40.76385,GEOCODE,ALLEN,JACKSON,1993-06-03,55.0,898.9000244140625,LIMESTONE,ROTARY,15.0,25.0,32.0,29,767861
39047,W,MUNICIPAL,-84.19334599999999,40.782768,DIGITIZED,ALLEN,AMERICAN,1955-07-13,120.0,810.2000122070312,LIMESTONE,,100.0,26.0,20.0,20,156832
39048,W,DOMESTIC,-83.90872,40.778569999999995,GEOCODE,ALLEN,JACKSON,1973-09-20,99.0,947.2000122070312,LIMESTONE,,15.0,32.0,39.0,39,512493
39054,W,DOMESTIC,-84.177302,40.703914999999995,DIGITIZED,ALLEN,SHAWNEE,1956-09-24,53.0,872.5,GRAVEL,,20.0,34.0,53.0,,173439
39058,W,DOMESTIC,-84.13260000000001,40.67753,GEOCODE,ALLEN,SHAWNEE,1988-09-10,66.0,880.5999755859375,GRAVEL,CABLE TOOL,15.0,45.0,66.0,,677662
39061,W,DOMESTIC,-84.27139,40.804649999999995,DIGITIZED,ALLEN,MARION,1957-10-30,59.0,786.7000122070312,LIMESTONE,,,12.0,17.0,12,205609
39062,W,DOMESTIC,-84.22953299999999,40.820564999999995,DIGITIZED,ALLEN,MARION,1958-11-19,40.0,784.5,LIMESTONE,,2.0,6.0,14.0,14,205616
39085,W,DOMESTIC,-84.211962,40.701150999999996,DIGITIZED,ALLEN,SHAWNEE,1958-05-07,75.0,866.2000122070312,GRAVEL,,,50.0,74.0,,219452
39100,W,DOMESTIC,-83.93972,40.862649999999995,GEOCODE,ALLEN,RICHLAND,2002-08-15,108.0,839.7000122070312,LIMESTONE,,40.0,,,30,946578
39114,W,DOMESTIC,-84.134439,40.690667999999995,DIGITIZED,ALLEN,SHAWNEE,1961-12-30,53.0,868.4000244140625,GRAVEL,,9.0,34.0,53.0,,264479
39250,W,DOMESTIC,-84.103831,40.801066,DIGITIZED,ALLEN,BATH,1953-06-18,50.0,821.0999755859375,LIMESTONE,,,,28.0,28,101272
39281,W,DOMESTIC,-84.147562,40.692561,DIGITIZED,ALLEN,SHAWNEE,1958-02-22,65.0,855.5999755859375,GRAVEL,,20.0,25.0,65.0,,187886
39284,W,CONSTRUCTION,-84.065502,40.757678999999996,DIGITIZED,ALLEN,BATH,1966-08-24,136.0,908.2999877929688,LIMESTONE,,40.0,85.0,51.0,49,342045
39401,W,MONITOR,-84.33487,40.83143,GEOCODE,ALLEN,SHAWNEE,2003-05-08,30.0,777.2000122070312,LIMESTONE,ROTARY,,,18.0,17,951354
39454,W,DOMESTIC,-83.99322,40.73406,GLOBAL POSITIONING SYSTEM,ALLEN,JACKSON,2003-08-22,60.0,930.9000244140625,LIMESTONE,ROTARY,20.0,20.0,32.0,57,963239
39487,W,DOMESTIC,-83.95716999999999,40.75422,GLOBAL POSITIONING SYSTEM,ALLEN,JACKSON,2004-03-26,123.0,944.7000122070312,EXISTING WELL,ROTARY,15.0,30.0,,121,963194
39501,W,DOMESTIC,-84.310244,40.842135999999996,DIGITIZED,ALLEN,MARION,1966-01-05,76.0,774.7000122070312,LIMESTONE,,15.0,14.0,27.0,24,337017
39544,W,DOMESTIC,-84.32341,40.81593,GLOBAL POSITIONING SYSTEM,ALLEN,MARION,2003-06-10,179.0,783.5999755859375,LIMESTONE,ROTARY,10.0,24.0,27.0,24,961871
39603,W,MONITOR,-84.11341,40.72199,GEOCODE,ALLEN,SHAWNEE,2004-04-19,26.0,864.0999755859375,GRAVEL & CLAY,AUGER,,,22.0,19,977137
39614,W,MONITOR,-84.33487,40.83143,GEOCODE,ALLEN,SHAWNEE,2003-08-27,29.0,777.2000122070312,GRAVEL,ROTARY,,,18.0,16,964834
39664,W,DOMESTIC,-84.056722,40.716637999999996,,ALLEN,PERRY,2004-06-17,100.0,922.0999755859375,LIMESTONE,ROTARY,30.0,5.0,60.0,98,981409
39828,W,DOMESTIC,-83.964638,40.730222,GLOBAL POSITIONING SYSTEM,ALLEN,AUGLAIZE,2005-05-09,85.0,968.7000122070312,,ROTARY,20.0,37.0,57.0,57,981350
39832,W,DOMESTIC,-83.93544,40.75613,GLOBAL POSITIONING SYSTEM,ALLEN,JACKSON,2004-11-03,130.0,947.4000244140625,LIMESTONE,ROTARY,7.0,30.0,68.0,128,981384
39952,W,DOMESTIC,-83.90017,40.86983,GLOBAL POSITIONING SYSTEM,ALLEN,RICHLAND,2004-06-15,103.0,858.7999877929688,LIMESTONE,ROTARY,20.0,58.0,,96,980919
40105,W,DOMESTIC,-84.22222,40.78678,GLOBAL POSITIONING SYSTEM,ALLEN,MARION,2005-04-08,62.0,792.4000244140625,,ROTARY,12.0,18.0,,26,981362
40182,W,DOMESTIC,-84.31823,40.71026,GEOCODE,ALLEN,SPENCER,2005-06-15,45.0,825.5999755859375,SAND & GRAVEL,CABLE TOOL,15.0,24.0,44.0,,962755
40194,W,DOMESTIC,-84.05194999999999,40.90161,GLOBAL POSITIONING SYSTEM,ALLEN,MONROE,2005-08-05,28.0,779.0999755859375,LIMESTONE,CABLE TOOL,8.0,8.0,28.0,25,997907
40255,W,DOMESTIC,-83.933138,40.650861,GLOBAL POSITIONING SYSTEM,ALLEN,AUGLAIZE,2005-10-31,100.0,1044.5,LIMESTONE,ROTARY,7.0,36.0,89.0,98,990637
40363,W,DOMESTIC,-84.22397,40.79347,GLOBAL POSITIONING SYSTEM,ALLEN,AMERICAN,2005-07-10,35.0,793.0999755859375,,ROTARY,20.0,14.0,31.0,31,990609
40411,W,DOMESTIC,-84.169141,40.729454,DIGITIZED,ALLEN,SHAWNEE,1954-08-14,101.0,841.5999755859375,SAND & GRAVEL,,6.0,60.0,100.0,,82992
40433,W,DOMESTIC,-84.137649,40.690111,DIGITIZED,ALLEN,SHAWNEE,1955-04-15,137.0,867.0999755859375,GRAVEL,,8.0,35.0,137.0,,141815
40484,W,DOMESTIC,-84.133203,40.68504,DIGITIZED,ALLEN,SHAWNEE,1957-05-10,47.0,871.5,GRAVEL,,10.0,29.0,47.0,,159598
40485,W,DOMESTIC,-84.122693,40.703891,DIGITIZED,ALLEN,SHAWNEE,1956-11-05,203.0,874.4000244140625,LIMESTONE,,10.0,10.0,140.0,145,159581
40486,W,DOMESTIC,-84.164428,40.712756,DIGITIZED,ALLEN,SHAWNEE,1962-11-01,71.0,851.2000122070312,GRAVEL,,10.0,56.0,71.0,,284467
40500,W,,-84.14805199999999,40.684537999999996,DIGITIZED,ALLEN,SHAWNEE,1957-07-02,42.0,859.5999755859375,GRAVEL,,20.0,14.0,42.0,,192863
40603,W,DOMESTIC,-84.08643,40.65412,GLOBAL POSITIONING SYSTEM,ALLEN,PERRY,2006-03-16,82.0,941.7999877929688,,ROTARY,25.0,40.0,82.0,,990662
40620,W,DOMESTIC,-83.89778,40.72889,GLOBAL POSITIONING SYSTEM,ALLEN,AUGLAIZE,2006-04-18,73.0,1014.4000244140625,LIMESTONE,CABLE TOOL,15.0,55.0,58.0,54,997877
40717,W,DOMESTIC,-83.9944,40.7177,GLOBAL POSITIONING SYSTEM,ALLEN,AUGLAIZE,2006-06-26,145.0,968.7999877929688,LIMESTONE,ROTARY,6.0,50.0,110.0,143,990693
40750,W,,-84.117605,40.761598,DIGITIZED,ALLEN,AMERICAN,1951-01-22,110.0,863.9000244140625,LIMESTONE,,30.0,85.0,95.0,92,82952
40751,W,,-84.12678799999999,40.708088,DIGITIZED,ALLEN,SHAWNEE,1942-06-12,400.0,866.5,SHALE,,185.0,75.0,54.0,54,9902028
41118,W,DOMESTIC,-84.165717,40.764385,DIGITIZED,ALLEN,AMERICAN,1956-01-19,65.0,819.4000244140625,SAND & GRAVEL,,10.0,22.0,66.0,,142836
41119,W,DOMESTIC,-84.165724,40.762768,DIGITIZED,ALLEN,AMERICAN,1962-08-20,48.0,817.0,GRAVEL,,10.0,35.0,48.0,,279858
41120,W,DOMESTIC,-84.13687999999999,40.673988,DIGITIZED,ALLEN,SHAWNEE,1957-05-19,71.0,877.2999877929688,GRAVEL,,7.0,34.0,71.0,,192051
41135,W,,-84.141887,40.816815,DIGITIZED,ALLEN,SUGAR CREEK,1954-05-28,47.0,800.5,LIMESTONE,,,13.0,25.0,21,40844
41165,W,DOMESTIC,-84.027008,40.842490999999995,DIGITIZED,ALLEN,MONROE,1955-04-25,60.0,829.9000244140625,LIMESTONE,,4.0,,34.0,34,153267
41184,W,,-84.126935,40.697646,DIGITIZED,ALLEN,SHAWNEE,1952-12-01,305.0,887.5,SAND,,20.0,75.0,305.0,,82972
41185,W,DOMESTIC,-84.15878599999999,40.694269,DIGITIZED,ALLEN,SHAWNEE,1959-05-07,49.0,841.2000122070312,GRAVEL,,8.0,30.0,49.0,,229461
41186,W,DOMESTIC,-84.169788,40.708855,DIGITIZED,ALLEN,SHAWNEE,1955-05-25,109.0,869.5,GRAVEL,,,,,,66468
41212,W,DOMESTIC,-84.147562,40.692561,DIGITIZED,ALLEN,SHAWNEE,1957-08-01,47.0,855.5999755859375,GRAVEL,,8.0,33.0,47.0,,192071
41213,W,DOMESTIC,-84.158104,40.710522,DIGITIZED,ALLEN,SHAWNEE,1955-11-16,91.0,843.0,GRAVEL,,10.0,40.0,91.0,,142834
41232,W,DOMESTIC,-84.36357,40.80155,GLOBAL POSITIONING SYSTEM,ALLEN,MARION,2006-05-24,45.0,787.2999877929688,LIMESTONE,ROTARY,7.0,10.0,25.0,18,976164
41770,W,,-84.15213,40.764,GEOCODE,ALLEN,AMERICAN,2002-02-01,30.0,837.2999877929688,,,,3.0,30.0,,113899
41778,W,DOMESTIC,-83.886389,40.800556,,ALLEN,JACKSON,2006-12-28,80.0,951.7999877929688,LIMESTONE,CABLE TOOL,12.0,40.0,54.0,49,1005837
41786,W,DOMESTIC,-84.089444,40.653332999999996,,ALLEN,PERRY,2007-03-05,71.0,941.5999755859375,SAND & GRAVEL,CABLE TOOL,20.0,45.0,,69,1005843
42457,W,DOMESTIC,-83.93673299999999,40.750267,,ALLEN,JACKSON,2006-09-11,81.0,954.0999755859375,LIMESTONE,ROTARY,20.0,37.0,40.0,79,1004692
42590,W,DOMESTIC,-84.14,40.663889999999995,,ALLEN,SHAWNEE,2008-12-05,53.0,887.5,SHALE,CABLE TOOL,15.0,35.0,53.0,50,1011856
42695,W,DOMESTIC,-84.04307,40.768319999999996,,ALLEN,BATH,2009-11-09,80.0,899.2999877929688,LIMESTONE,ROTARY,25.0,37.0,55.0,55,1013440
42718,W,DOMESTIC,-84.25571,40.852619999999995,GEOCODE,ALLEN,MARION,2008-08-22,53.0,763.9000244140625,LIMESTONE,AIR ROTARY,10.0,7.0,26.0,51,2018224
42772,W,DOMESTIC,-83.96167,40.71,,ALLEN,AUGLAIZE,2009-11-09,86.0,1004.0999755859375,SHALE,CABLE TOOL,10.0,65.0,84.0,84,1011875
43258,W,DOMESTIC,-83.937778,40.730278,,ALLEN,JACKSON,2010-09-21,76.0,997.5999755859375,SHALE,CABLE TOOL,20.0,55.0,74.0,74,1013485
43474,W,DOMESTIC,-84.258083,40.78485,,ALLEN,MARION,2012-05-18,60.0,808.0,,ROTARY,20.0,12.0,33.0,57,1014550
43498,W,DOMESTIC,-83.993883,40.744516999999995,,ALLEN,JACKSON,2012-09-10,75.0,927.5,LIMESTONE,ROTARY,12.0,29.0,43.0,43,1016871
43751,W,DOMESTIC,-84.10768,40.66939,GEOCODE,ALLEN,PERRY,1994-08-11,165.0,923.5,LIMESTONE,ROTARY,10.0,40.0,153.0,150,786626
43756,W,DOMESTIC,-84.153717,40.802417,,ALLEN,SUGAR CREEK,2013-07-02,80.0,808.2000122070312,LIMESTONE,ROTARY,15.0,22.0,27.0,78,1016894
43799,W,OTHER,-84.13293,40.71899,GLOBAL POSITIONING SYSTEM,ALLEN,SHAWNEE,2013-04-21,400.0,850.7000122070312,LIMESTONE,ROTARY,600.0,138.0,66.0,50,2045723
43896,W,DOMESTIC,-83.976007,40.848078,GLOBAL POSITIONING SYSTEM,ALLEN,RICHLAND,2014-11-01,48.0,867.0,LIMESTONE,CABLE TOOL,12.0,28.0,45.0,47,1015556
44116,W,DOMESTIC,-84.26203,40.737429999999996,GLOBAL POSITIONING SYSTEM,ALLEN,AMANDA,2014-06-09,91.0,820.5,LIMESTONE,ROTARY,20.0,21.0,38.0,37,2047732
44127,W,DOMESTIC,-83.93721699999999,40.720433,GLOBAL POSITIONING SYSTEM,ALLEN,AUGLAIZE,2015-10-28,110.0,,LIMESTONE,ROTARY,20.0,60.0,106.0,106,1019049
44244,W,DOMESTIC,-84.20393,40.706784,GLOBAL POSITIONING SYSTEM,ALLEN,SHAWNEE,2016-12-02,68.0,,LIMESTONE,AIR ROTARY,20.0,40.0,68.0,63,2060402
44417,W,DOMESTIC,-84.26729,40.82421,GLOBAL POSITIONING SYSTEM,ALLEN,MARION,2017-08-31,80.0,,LIMESTONE,AIR ROTARY,12.0,15.0,27.0,18,2064183
44429,W,DOMESTIC,-84.06826699999999,40.777867,GLOBAL POSITIONING SYSTEM,ALLEN,BATH,2017-02-01,75.0,,LIMESTONE,CABLE TOOL,10.0,45.0,55.0,55,1015572
44447,W,DOMESTIC,-84.24640000000001,40.716,GLOBAL POSITIONING SYSTEM,ALLEN,AMANDA,2016-12-21,200.0,,LIMESTONE,AIR ROTARY,8.0,30.0,45.0,37,2060946
44889,W,DOMESTIC,-83.952283,40.755182999999995,GLOBAL POSITIONING SYSTEM,ALLEN,JACKSON,2019-03-27,75.0,,LIMESTONE,ROTARY,20.0,31.0,32.0,,1023573
45009,W,DOMESTIC,-83.93764,40.72734,GEOCODE,ALLEN,JACKSON,1987-07-07,75.0,1003.2000122070312,LIMESTONE,,20.0,40.0,43.0,40,665257
45011,W,DOMESTIC,-83.96405999999999,40.90564,GEOCODE,ALLEN,RICHLAND,1987-11-19,65.0,803.2000122070312,LIMESTONE,,7.0,15.0,25.0,21,673363
45125,W,DOMESTIC,-83.930933,40.76295,GLOBAL POSITIONING SYSTEM,ALLEN,JACKSON,2019-10-07,56.0,,LIMESTONE,MUD/AIR ROTARY,15.0,28.0,28.0,,2076006
45143,W,DOMESTIC,-83.88966599999999,40.798116,GLOBAL POSITIONING SYSTEM,ALLEN,JACKSON,2017-11-03,59.0,,LIMESTONE,ROTARY,20.0,18.0,49.0,49,1020301
45226,W,DOMESTIC,-83.952199,40.761272999999996,DIGITAL MAP,ALLEN,JACKSON,2018-06-22,58.0,,LIMESTONE,ROTARY,20.0,18.0,27.0,18,1020701
45268,W,PUBLIC/SEMI-PUB,-84.012874,40.810759,DIGITAL MAP,ALLEN,BATH,2018-07-17,55.0,,LIMESTONE,AIR ROTARY,25.0,30.400000000000002,44.0,,1020688
45308,W,MONITOR,-84.10984599999999,40.723512,GLOBAL POSITIONING SYSTEM,ALLEN,SHAWNEE,2017-11-07,30.0,,CLAY,AUGER,,,20.0,,2066017
45321,W,DOMESTIC,-83.965328,40.833282,DIGITIZED,ALLEN,RICHLAND,1959-12-17,60.0,865.4000244140625,LIMESTONE,,5.0,18.0,39.0,58,244961
45324,W,AGRIC/IRRIG,-84.03262199999999,40.736143,DIGITIZED,ALLEN,BATH,1967-09-23,58.0,922.5999755859375,LIMESTONE,,30.0,30.0,39.0,37,338200
45325,W,MONITOR,-83.8803,40.82557,GEOCODE,ALLEN,RICHLAND,1993-06-18,20.0,903.9000244140625,SAND & GRAVEL,AUGER,,3.3000000000000003,5.0,,754741
45326,W,DOMESTIC,-83.93914,40.862719999999996,GEOCODE,ALLEN,RICHLAND,1993-06-07,30.0,844.2000122070312,LIMESTONE,CABLE TOOL,30.0,13.0,28.0,22,771628
45331,W,DOMESTIC,-84.26893,40.76553,GEOCODE,ALLEN,AMANDA,1995-01-24,28.0,804.5,GRAVEL,CABLE TOOL,8.0,15.0,28.0,,800628
45335,W,DOMESTIC,-83.98709,40.716629999999995,GEOCODE,ALLEN,AUGLAIZE,1991-09-30,90.0,976.0999755859375,GRAVEL,CABLE TOOL,20.0,60.0,90.0,,728569
45336,W,DOMESTIC,-84.13275,40.694489999999995,DIGITIZED,ALLEN,SHAWNEE,1955-02-21,189.0,871.5,GRAVEL,,12.0,48.0,189.0,,139825
45338,W,DOMESTIC,-84.22484999999999,40.71436,,ALLEN,AMANDA,1986-10-17,46.0,837.7000122070312,SAND,CABLE TOOL,10.0,25.0,44.0,,654578
45339,W,DOMESTIC,-84.01321999999999,40.76099,GEOCODE,ALLEN,BATH,1996-07-28,108.0,911.0,LIMESTONE,CABLE TOOL,15.0,40.0,44.0,40,826172
45340,W,DOMESTIC,-84.03241,40.800149999999995,GEOCODE,ALLEN,BATH,1981-09-10,44.0,872.0,LIMESTONE,,50.0,16.0,39.0,37,515482
45341,W,DOMESTIC,-84.010621,40.764973,DIGITIZED,ALLEN,BATH,1956-06-06,55.0,901.5999755859375,LIMESTONE,,20.0,22.0,26.0,26,173418
45342,W,DOMESTIC,-84.18449799999999,40.718782999999995,DIGITIZED,ALLEN,SHAWNEE,1955-05-27,61.0,853.2000122070312,GRAVEL,,15.0,41.0,61.0,,156824
45343,W,DOMESTIC,-84.20406,40.72372,GEOCODE,ALLEN,SHAWNEE,1988-01-15,42.0,833.7999877929688,GRAVEL,CABLE TOOL,20.0,25.0,42.0,,657195
45345,W,DOMESTIC,-84.2512,40.69401,GEOCODE,ALLEN,AMANDA,1996-04-18,40.0,837.7999877929688,GRAVEL,CABLE TOOL,15.0,34.0,40.0,,820008
45348,W,DOMESTIC,-84.104772,40.703398,DIGITIZED,ALLEN,PERRY,1957-08-26,34.0,883.5999755859375,GRAVEL,,8.0,12.0,34.0,,201617
45349,W,DOMESTIC,-84.089941,40.658789999999996,DIGITIZED,ALLEN,PERRY,1954-04-20,63.0,953.9000244140625,GRAVEL,,18.0,40.0,63.0,,123519
45350,W,DOMESTIC,-84.092246,40.710198999999996,DIGITIZED,ALLEN,PERRY,1958-09-25,35.0,890.7999877929688,SAND & GRAVEL,,8.0,12.0,35.0,,201638
45351,W,DOMESTIC,-84.242809,40.797255,DIGITIZED,ALLEN,MARION,1961-12-15,65.0,796.5999755859375,LIMESTONE,,5.0,15.0,32.0,32,205638
45352,W,DOMESTIC,-84.27619,40.823910999999995,DIGITIZED,ALLEN,MARION,1964-07-29,143.0,773.9000244140625,LIMESTONE,,9.0,8.0,16.0,7,301098
45353,W,PUBLIC/SEMI-PUB,-84.15263,40.749739999999996,,ALLEN,AMERICAN,1969-06-07,156.0,841.0,LIMESTONE,,25.0,115.0,102.0,104,379266
45354,W,DOMESTIC,-84.16485,40.776869999999995,GEOCODE,ALLEN,AMERICAN,1995-06-16,78.0,816.5,GRAVEL,CABLE TOOL,15.0,25.0,78.0,,800645
45355,W,DOMESTIC,-84.18417,40.693349999999995,GEOCODE,ALLEN,SHAWNEE,1989-10-12,64.0,849.7000122070312,GRAVEL,CABLE TOOL,20.0,40.0,64.0,,700564
45358,W,DOMESTIC,-84.056995,40.716609999999996,DIGITIZED,ALLEN,PERRY,1954-10-05,85.0,920.9000244140625,LIMESTONE,,15.0,56.0,59.0,59,123548
45359,W,DOMESTIC,-84.13221999999999,40.79491,,ALLEN,AMERICAN,1996-07-01,35.0,815.4000244140625,SAND & GRAVEL,CABLE TOOL,40.0,12.0,35.0,,818027
45360,W,DOMESTIC,-83.97543999999999,40.8098,GEOCODE,ALLEN,JACKSON,1987-01-29,50.0,882.9000244140625,LIMESTONE,,20.0,17.0,25.0,22,661919
45361,W,DOMESTIC,-83.90701,40.89232,GEOCODE,ALLEN,RICHLAND,1985-01-09,120.0,836.7999877929688,LIMESTONE,,5.0,50.0,38.0,36,613808
45362,W,DOMESTIC,-83.91194999999999,40.89195,GEOCODE,ALLEN,RICHLAND,1986-11-27,50.0,837.9000244140625,LIMESTONE,CABLE TOOL,10.0,26.0,36.0,35,665052
45363,W,DOMESTIC,-84.203417,40.697616,DIGITIZED,ALLEN,SHAWNEE,1956-06-17,83.0,878.5,GRAVEL,,7.0,49.0,83.0,,174064
45364,W,DOMESTIC,-84.38107,40.699929999999995,GEOCODE,ALLEN,SPENCER,1996-05-25,109.0,839.2999877929688,LIMESTONE,ROTARY,25.0,32.0,72.0,92,837112
45369,W,DOMESTIC,-84.16882799999999,40.790735,DIGITIZED,ALLEN,AMERICAN,1961-08-31,90.0,806.7999877929688,LIMESTONE,,20.0,12.0,89.0,89,205634
45370,W,DOMESTIC,-84.15487999999999,40.779115,DIGITIZED,ALLEN,AMERICAN,1965-06-17,154.0,817.7000122070312,GRAVEL,,7.0,39.0,154.0,,317289
45371,W,DOMESTIC,-84.146776,40.780484,DIGITIZED,ALLEN,AMERICAN,1964-10-13,86.0,826.0999755859375,LIMESTONE,,14.0,38.0,32.0,29,317262
45372,W,DOMESTIC,-84.106269,40.705307,DIGITIZED,ALLEN,PERRY,1955-06-12,87.0,890.5,LIMESTONE,,,40.0,44.0,44,62129
45373,W,INDUSTRIAL,-84.16152,40.768769999999996,,ALLEN,AMERICAN,1973-07-17,195.0,815.5,LIMESTONE,,20.0,55.0,195.0,193,512458
45374,W,DOMESTIC,-83.90827999999999,40.74404,,ALLEN,JACKSON,1994-10-20,48.0,977.2999877929688,LIMESTONE,ROTARY,10.0,30.0,48.0,45,804459
45375,W,DOMESTIC,-83.93701999999999,40.753859999999996,,ALLEN,JACKSON,1994-09-17,70.0,952.0999755859375,LIMESTONE,ROTARY,20.0,38.0,42.0,39,786645
45376,W,DOMESTIC,-83.95564999999999,40.74628,GEOCODE,ALLEN,JACKSON,1989-11-03,65.0,946.7999877929688,LIMESTONE,ROTARY,25.0,,33.0,30,705138
45378,W,DOMESTIC,-84.128699,40.778524999999995,DIGITIZED,ALLEN,AMERICAN,1961-04-28,51.0,832.0,LIMESTONE,,,23.0,31.0,28,251532
45380,W,DOMESTIC,-84.06663999999999,40.812416,DIGITIZED,ALLEN,BATH,1960-11-01,72.0,849.2999877929688,LIMESTONE,,,22.0,47.0,69,260651
45381,W,DOMESTIC,-84.160386,40.724889999999995,DIGITIZED,ALLEN,SHAWNEE,1955-11-05,200.0,864.7999877929688,LIMESTONE,,30.0,85.0,187.0,196,142833
45382,W,DOMESTIC,-84.150881,40.706624999999995,DIGITIZED,ALLEN,SHAWNEE,1955-04-22,75.0,819.5999755859375,GRAVEL,,14.0,27.0,75.0,,139835
45383,W,DOMESTIC,-84.13342,40.6835,GEOCODE,ALLEN,SHAWNEE,1993-05-07,90.0,874.2999877929688,GRAVEL,CABLE TOOL,15.0,55.0,90.0,,758674
45384,W,DOMESTIC,-84.20477,40.70476,,ALLEN,SHAWNEE,1986-08-06,63.0,860.4000244140625,GRAVEL,CABLE TOOL,10.0,25.0,63.0,,654572
45385,W,DOMESTIC,-84.183054,40.737590999999995,DIGITIZED,ALLEN,AMERICAN,1956-05-26,55.0,832.5999755859375,LIMESTONE,,8.0,38.0,45.0,53,142849
45386,W,MUNICIPAL,-84.193075,40.782534,DIGITIZED,ALLEN,AMERICAN,1960-10-31,122.0,809.5999755859375,LIMESTONE,,265.0,29.0,22.0,19,245583
45387,W,DOMESTIC,-84.15966,40.767344,DIGITIZED,ALLEN,AMERICAN,1966-06-22,225.0,819.5999755859375,LIMESTONE,,10.0,65.0,193.0,193,338156
45390,W,DOMESTIC,-83.95400599999999,40.66878,DIGITIZED,ALLEN,AUGLAIZE,1952-05-14,75.0,1030.9000244140625,GRAVEL,,,40.0,75.0,,94319
45391,W,DOMESTIC,-83.954358,40.669934,DIGITIZED,ALLEN,AUGLAIZE,1956-09-28,56.0,1026.5,GRAVEL,,12.0,44.0,56.0,,199751
45392,W,COMMERCIAL,-83.984008,40.656884,DIGITIZED,ALLEN,AUGLAIZE,1955-04-26,58.0,1006.2999877929688,LIMESTONE,,20.0,21.0,32.0,32,156815
45393,W,DOMESTIC,-83.98757599999999,40.745264999999996,DIGITIZED,ALLEN,JACKSON,1963-05-27,61.0,930.9000244140625,LIMESTONE,,20.0,22.0,47.0,47,286081
45394,W,DOMESTIC,-83.979813,40.695733,DIGITIZED,ALLEN,AUGLAIZE,1959-01-18,60.0,944.2000122070312,LIMESTONE,,,10.0,27.0,27,210905
45396,W,,-84.167458,40.757548,DIGITIZED,ALLEN,AMERICAN,1962-08-08,107.0,817.0999755859375,GRAVEL,,8.0,42.0,104.0,,284456
45397,W,DOMESTIC,-84.129198,40.758520999999995,DIGITIZED,ALLEN,AMERICAN,1952-12-29,180.0,846.4000244140625,LIMESTONE,,20.0,77.0,92.0,90,88281
45398,W,DOMESTIC,-84.22350999999999,40.783539999999995,GEOCODE,ALLEN,AMERICAN,1986-05-09,80.0,803.5999755859375,LIMESTONE,CABLE TOOL,1.0,30.0,28.0,28,654560
45399,W,MONITOR,-84.12906,40.7085,GEOCODE,ALLEN,SHAWNEE,1990-09-15,33.0,865.5,,AUGER,,,25.0,,716814
45400,W,MONITOR,-84.12906,40.7085,GEOCODE,ALLEN,SHAWNEE,1990-09-13,44.0,865.5,,AUGER,,,36.0,,716807
45404,W,DOMESTIC,-84.147804,40.767842,DIGITIZED,ALLEN,AMERICAN,1955-11-27,83.0,844.2999877929688,LIMESTONE,,9.0,18.0,46.0,46,141844
45406,W,DOMESTIC,-84.03804,40.71826,GEOCODE,ALLEN,PERRY,1985-10-11,220.0,940.9000244140625,LIMESTONE,,50.0,60.0,60.0,57,636295
45407,W,DOMESTIC,-84.22388,40.807559999999995,GEOCODE,ALLEN,AMERICAN,1987-05-19,68.0,796.0,LIMESTONE,,3.0,20.0,63.0,62,661942
45408,W,DOMESTIC,-84.20339,40.69054,,ALLEN,SHAWNEE,1992-10-26,87.0,877.0,GRAVEL,CABLE TOOL,6.0,60.0,87.0,,758660
45409,W,DOMESTIC,-83.99437999999999,40.840959999999995,GEOCODE,ALLEN,RICHLAND,1995-06-07,45.0,859.2999877929688,SAND & GRAVEL,,12.0,,45.0,,791792
45410,W,DOMESTIC,-83.95712,40.852289999999996,GEOCODE,ALLEN,RICHLAND,1995-05-01,69.0,847.5,LIMESTONE,ROTARY,12.0,16.0,38.0,38,811905
45417,W,DOMESTIC,-84.07688999999999,40.831449,DIGITIZED,ALLEN,MONROE,1955-05-16,42.0,821.2999877929688,LIMESTONE,,10.0,,28.0,28,153265
45418,W,DOMESTIC,-84.01288,40.71385,GEOCODE,ALLEN,PERRY,1994-08-03,75.0,962.0,SHALE,CABLE TOOL,10.0,55.0,72.0,72,800601
45419,W,DOMESTIC,-84.0947,40.72262,GEOCODE,ALLEN,BATH,1987-04-29,83.0,889.0,LIMESTONE,ROTARY,15.0,32.0,45.0,45,665416
45420,W,,-84.216526,40.805682,DIGITIZED,ALLEN,SUGAR CREEK,1958-11-10,79.0,793.2999877929688,LIMESTONE,,8.0,19.0,52.0,30,201642
45421,W,,-84.180314,40.844324,DIGITIZED,ALLEN,SUGAR CREEK,1955-09-28,152.0,778.7000122070312,LIMESTONE,,60.0,10.0,18.0,18,163811
45422,W,,-84.16620999999999,40.855225999999995,DIGITIZED,ALLEN,SUGAR CREEK,1953-11-01,103.0,787.2000122070312,LIMESTONE,,5.0,18.0,30.0,28,77451
45423,W,DOMESTIC,-84.1314,40.68138,GEOCODE,ALLEN,SHAWNEE,1987-10-07,323.0,879.2000122070312,LIMESTONE,,20.0,66.0,303.0,300,665288
45424,W,DOMESTIC,-84.134439,40.690667999999995,DIGITIZED,ALLEN,SHAWNEE,1964-10-10,51.0,868.4000244140625,GRAVEL,,7.0,44.0,51.0,,317261
45429,W,DOMESTIC,-84.07732899999999,40.86081,DIGITIZED,ALLEN,MONROE,1957-05-29,62.0,802.0,LIMESTONE,,16.0,16.0,27.0,27,191582
45430,W,DOMESTIC,-84.070798,40.828489999999995,DIGITIZED,ALLEN,MONROE,1954-06-30,35.0,830.0,LIMESTONE,,10.0,,30.0,30,129734
45431,W,DOMESTIC,-84.135965,40.779027,DIGITIZED,ALLEN,AMERICAN,1955-12-20,73.0,834.0,LIMESTONE,,,43.0,34.0,33,139089
45432,W,DOMESTIC,-84.135965,40.779027,DIGITIZED,ALLEN,AMERICAN,1956-09-11,50.0,834.0,LIMESTONE,,,,32.0,32,170258
45433,W,DOMESTIC,-84.06020000000001,40.78759,GEOCODE,ALLEN,BATH,1992-07-05,60.0,877.0,GRAVEL,ROTARY,12.0,40.0,50.0,46,755139
45434,W,DOMESTIC,-84.17294,40.75741,GEOCODE,ALLEN,JACKSON,1990-03-08,36.0,821.0,LIMESTONE,CABLE TOOL,20.0,15.0,25.0,25,704878
45435,W,DOMESTIC,-83.99152,40.731300000000005,GEOCODE,ALLEN,JACKSON,1988-07-30,93.0,932.5999755859375,LIMESTONE,,15.0,23.0,45.0,42,685085
45443,W,DOMESTIC,-84.31445,40.80282,GEOCODE,ALLEN,MARION,1994-10-07,63.0,787.7000122070312,LIMESTONE,ROTARY,10.0,18.0,30.0,43,790482
45444,W,DOMESTIC,-84.24564,40.792269999999995,GEOCODE,ALLEN,MARION,1995-06-07,88.0,796.0,LIMESTONE,ROTARY,1.0,20.0,42.0,42,811930
45450,W,DOMESTIC,-84.11585,40.846329999999995,GEOCODE,ALLEN,MONROE,1987-01-16,36.0,788.2000122070312,GRAVEL,CABLE TOOL,5.0,26.0,36.0,,654586
45453,W,DOMESTIC,-84.137649,40.690111,DIGITIZED,ALLEN,SHAWNEE,1953-07-21,50.0,867.0999755859375,GRAVEL,,20.0,34.0,50.0,,115252
45458,W,DOMESTIC,-84.03465,40.807100000000005,GEOCODE,ALLEN,BATH,1984-03-23,38.0,857.0999755859375,GRAVEL,,15.0,25.0,38.0,,623000
45459,W,DOMESTIC,-84.18775,40.68604,GEOCODE,ALLEN,SHAWNEE,1988-05-25,36.0,843.5,GRAVEL,CABLE TOOL,20.0,20.0,36.0,,677653
45463,W,DOMESTIC,-84.13396,40.81695,GEOCODE,ALLEN,MONROE,1967-08-31,100.0,802.9000244140625,LIMESTONE,,3.0,20.0,44.0,40,369556
45464,W,DOMESTIC,-83.93696,40.78042,,ALLEN,JACKSON,1992-06-12,62.0,929.7999877929688,LIMESTONE,ROTARY,8.0,16.0,30.0,27,755127
45465,W,DOMESTIC,-84.174706,40.774881,DIGITIZED,ALLEN,AMERICAN,1956-11-25,46.0,816.9000244140625,LIMESTONE,,6.0,18.0,27.0,27,174087
50207,W,,-84.14733199999999,40.73137,DIGITIZED,ALLEN,AMERICAN,1947-10-02,100.0,865.7000122070312,LIMESTONE,,,47.0,85.0,83,23411
50335,W,,-84.07790899999999,40.832547,DIGITIZED,ALLEN,MONROE,,45.0,818.5,LIMESTONE,,,,23.0,23,56748
50336,W,,-84.014495,40.723669,DIGITIZED,ALLEN,PERRY,1948-08-07,94.0,941.7000122070312,LIMESTONE,,20.0,40.0,64.0,64,26380
50337,W,,-83.919533,40.871899,DIGITIZED,ALLEN,RICHLAND,1949-05-11,106.0,848.2000122070312,LIMESTONE,,,21.0,32.0,27,38989
50338,W,,-83.917416,40.834567,DIGITIZED,ALLEN,RICHLAND,1949-07-08,12.0,873.2000122070312,GRAVEL,,45.0,7.0,13.0,,38991
50340,W,,-84.110272,40.715402999999995,DIGITIZED,ALLEN,SHAWNEE,1941-06-23,400.0,895.9000244140625,SHALE,,650.0,141.3,,51,9902023
52163,W,DOMESTIC,-83.96685,40.77693,GEOCODE,ALLEN,JACKSON,1997-03-10,54.0,912.2000122070312,LIMESTONE,ROTARY,12.0,20.0,32.0,32,851174
52311,W,DOMESTIC,-83.97107,40.68315,GEOCODE,ALLEN,AUGLAIZE,1998-02-27,68.0,957.0,LIMESTONE,ROTARY,75.0,3.0,28.0,20,871237
52312,W,DOMESTIC,-84.27250000000001,40.816159999999996,GEOCODE,ALLEN,MARION,1998-02-16,83.0,775.2999877929688,LIMESTONE,ROTARY,4.0,10.0,26.0,21,867904
52345,W,,-83.96113,40.67274,GEOCODE,ALLEN,AUGLAIZE,1997-09-02,64.0,986.5999755859375,LIMESTONE,CABLE TOOL,15.0,20.0,57.0,56,826133
52346,W,DOMESTIC,-84.05170000000001,40.788889999999995,GEOCODE,ALLEN,BATH,1997-08-01,42.0,857.2000122070312,SAND & GRAVEL,CABLE TOOL,7.0,,42.0,,846816
52376,W,DOMESTIC,-84.28972999999999,40.70736,GEOCODE,ALLEN,AMANDA,1998-11-05,148.0,822.2000122070312,LIMESTONE,ROTARY,6.0,40.0,37.0,33,889156
52400,W,DOMESTIC,-84.25829,40.72909,,ALLEN,AMANDA,1997-08-22,35.0,824.2999877929688,GRAVEL & SAND,CABLE TOOL,20.0,18.0,34.0,,859457
52478,W,DOMESTIC,-84.04585999999999,40.846669999999996,GEOCODE,ALLEN,MONROE,1998-06-01,27.0,821.2999877929688,SAND & GRAVEL,CABLE TOOL,10.0,,27.0,,846796
52479,W,DOMESTIC,-84.2038,40.81635,GEOCODE,ALLEN,SUGAR CREEK,1998-12-01,56.0,786.0999755859375,GRAVEL,ROTARY,20.0,10.0,56.0,,884276
52566,W,DOMESTIC,-84.26277999999999,40.84742,GEOCODE,ALLEN,MARION,2000-04-10,48.0,767.9000244140625,LIMESTONE,ROTARY,10.0,8.0,26.0,23,910582
52641,W,DOMESTIC,-83.89952,40.87549,GEOCODE,ALLEN,RICHLAND,2000-05-05,267.0,846.0999755859375,LIMESTONE,ROTARY,15.0,84.0,28.0,27,897798
52674,W,DOMESTIC,-84.02017,40.811139999999995,GEOCODE,ALLEN,BATH,1999-08-09,35.0,860.7999877929688,GRAVEL,CABLE TOOL,15.0,18.0,35.0,,895890
52675,W,DOMESTIC,-84.02942,40.76348,GEOCODE,ALLEN,BATH,1999-11-23,66.0,875.2999877929688,LIMESTONE,ROTARY,15.0,30.0,32.0,28,906374
52851,W,DOMESTIC,-84.26163,40.74154,,ALLEN,AMANDA,2001-07-30,69.0,821.7999877929688,LIMESTONE,CABLE TOOL,9.0,26.0,44.0,44,921666
52886,W,MONITOR,-84.11341,40.72199,GEOCODE,ALLEN,AMERICAN,2000-12-12,36.0,864.0999755859375,GRAVEL,AUGER,,,26.0,,919366
52924,W,DOMESTIC,-84.01328,40.693979999999996,GEOCODE,ALLEN,PERRY,2001-03-08,90.0,942.0,LIMESTONE,ROTARY,15.0,26.0,86.0,86,929676
52959,W,DOMESTIC,-84.35855,40.75693,,ALLEN,SPENCER,2001-07-16,47.0,812.7999877929688,LIMESTONE,CABLE TOOL,7.0,25.0,38.0,38,921664
52960,W,DOMESTIC,-84.22384,40.78082,GEOCODE,ALLEN,MARION,2001-06-04,52.0,801.7999877929688,LIMESTONE,ROTARY,10.0,12.0,26.0,26,929717
53124,W,DOMESTIC,-83.92414,40.688300000000005,GEOCODE,ALLEN,AUGLAIZE,2000-11-15,120.0,1000.4000244140625,LIMESTONE,ROTARY,8.0,20.0,25.0,20,922098
53168,W,DOMESTIC,-84.22328,40.73504,GEOCODE,ALLEN,AMANDA,2001-11-01,77.0,828.0999755859375,LIMESTONE,ROTARY,15.0,25.0,43.0,38,935891
53193,W,DOMESTIC,-84.28048,40.73382,,ALLEN,AMANDA,2001-10-30,58.0,816.2999877929688,SHALE,CABLE TOOL,10.0,50.0,56.0,57,932593
53254,W,DOMESTIC,-84.20958,40.69096,GEOCODE,ALLEN,SHAWNEE,2002-01-09,100.0,860.0,LIMESTONE,ROTARY,10.0,36.0,72.0,98,940587
53292,W,DOMESTIC,-83.92098,40.7915,GEOCODE,ALLEN,JACKSON,2001-11-05,54.0,927.2000122070312,LIMESTONE,ROTARY,30.0,25.0,40.0,50,936593
53318,W,DOMESTIC,-83.97762,40.76386,GEOCODE,ALLEN,JACKSON,2001-06-25,56.0,916.4000244140625,LIMESTONE,CABLE TOOL,8.0,35.0,38.0,38,916249
53372,W,DOMESTIC,-84.28057,40.741789999999995,,ALLEN,AMANDA,2001-12-08,44.0,810.7000122070312,SAND & GRAVEL,CABLE TOOL,14.0,22.0,41.0,42,936658
53417,W,DOMESTIC,-84.01585999999999,40.78926,GEOCODE,ALLEN,BATH,2001-06-01,43.0,891.0,CLAY & SAND,CABLE TOOL,12.0,18.0,40.0,40,892914
53552,W,DOMESTIC,-84.31804,40.841249999999995,GEOCODE,ALLEN,MARION,2002-07-10,160.0,774.2999877929688,LIMESTONE,ROTARY,15.0,95.0,,,940572
53604,W,DOMESTIC,-83.890541,40.911183,DIGITIZED,ALLEN,RICHLAND,1958-05-16,70.0,829.5,LIMESTONE,,,20.0,30.0,68,210054
53647,W,DOMESTIC,-84.05169,40.70849,GEOCODE,ALLEN,PERRY,1987-09-21,120.0,938.7000122070312,LIMESTONE,,12.0,65.0,60.0,57,665283
53669,W,DOMESTIC,-84.17527,40.69772,GEOCODE,ALLEN,SHAWNEE,1990-11-17,137.0,855.5999755859375,LIMESTONE,ROTARY,20.0,44.0,98.0,98,726665
53727,W,DOMESTIC,-84.01329199999999,40.731977,DIGITIZED,ALLEN,BATH,1962-04-02,77.0,949.7999877929688,LIMESTONE,,20.0,49.0,47.0,47,266473
53782,W,DOMESTIC,-84.168607,40.722182,DIGITIZED,ALLEN,SHAWNEE,1963-02-11,80.0,845.4000244140625,LIMESTONE,,15.0,38.0,38.0,38,274631
53803,W,,-83.971435,40.832114,DIGITIZED,ALLEN,RICHLAND,1948-09-17,55.0,870.4000244140625,LIMESTONE,,,14.0,36.0,54,38972
53814,W,DOMESTIC,-83.93768,40.72983,,ALLEN,AUGLAIZE,1993-03-01,123.0,997.9000244140625,LIMESTONE,ROTARY,10.0,48.0,95.0,95,758023
53843,W,DOMESTIC,-84.137649,40.690111,DIGITIZED,ALLEN,SHAWNEE,1954-03-02,103.0,867.0999755859375,GRAVEL,,20.0,26.0,100.0,,115276
53879,W,DOMESTIC,-84.108538,40.802343,DIGITIZED,ALLEN,BATH,1956-02-25,54.0,813.5999755859375,LIMESTONE,,20.0,15.0,26.0,26,173405
53919,W,DOMESTIC,-84.13590599999999,40.670589,DIGITIZED,ALLEN,SHAWNEE,1961-06-10,55.0,862.7999877929688,GRAVEL,,10.0,29.0,55.0,,250929
54019,W,,-84.090786,40.686861,DIGITIZED,ALLEN,PERRY,1950-04-14,89.0,921.9000244140625,GRAVEL,,,,89.0,,56718
54031,W,,-84.052269,40.785616999999995,DIGITIZED,ALLEN,BATH,,33.0,854.0,GRAVEL,,,,33.0,,56729
54053,W,DOMESTIC,-84.201443,40.693836999999995,DIGITIZED,ALLEN,SHAWNEE,1953-07-10,86.0,869.5999755859375,GRAVEL,,20.0,45.0,86.0,,100643
54063,W,DOMESTIC,-84.128256,40.695176,DIGITIZED,ALLEN,SHAWNEE,1954-10-26,179.0,884.4000244140625,GRAVEL,,14.0,77.0,179.0,,139812
54069,W,DOMESTIC,-84.13385699999999,40.685176999999996,DIGITIZED,ALLEN,SHAWNEE,1957-07-22,102.0,870.5999755859375,LIMESTONE & ROCK,,25.0,23.0,58.0,58,159600
54118,W,DOMESTIC,-84.167633,40.696266,DIGITIZED,ALLEN,SHAWNEE,1960-06-30,33.0,845.2999877929688,GRAVEL,,15.0,12.0,33.0,,245565
54133,W,DOMESTIC,-84.16422299999999,40.720574,DIGITIZED,ALLEN,SHAWNEE,1961-08-17,162.0,849.2000122070312,SAND & GRAVEL,,12.0,62.0,162.0,,258468
54347,W,DOMESTIC,-84.320832,40.816446,DIGITIZED,ALLEN,MARION,1965-10-02,41.0,783.5,LIMESTONE,,45.0,16.0,39.0,35,337005
54641,W,DOMESTIC,-84.012,40.800779999999996,GLOBAL POSITIONING SYSTEM,ALLEN,BATH,2004-07-27,50.0,876.7000122070312,LIMESTONE,ROTARY,25.0,18.0,44.0,48,981392
54726,W,DOMESTIC,-83.975167,40.808833,GLOBAL POSITIONING SYSTEM,ALLEN,JACKSON,2005-04-11,50.0,887.0999755859375,,ROTARY,15.0,22.0,32.0,29,987186
54763,W,DOMESTIC,-83.9815,40.87733,GLOBAL POSITIONING SYSTEM,ALLEN,RICHLAND,2004-04-27,42.0,818.0,LIMESTONE,ROTARY,15.0,18.0,26.0,18,972048
54888,W,DOMESTIC,-84.2393,40.711749999999995,GEOCODE,ALLEN,AMANDA,2005-01-28,70.0,837.5,LIMESTONE,CABLE TOOL,15.0,40.0,52.0,50,978616
55008,W,DOMESTIC,-84.26043299999999,40.7051,GLOBAL POSITIONING SYSTEM,ALLEN,AMANDA,2005-05-02,37.0,828.0999755859375,SAND & GRAVEL,CABLE TOOL,10.0,25.0,35.0,35,962752
55048,W,DOMESTIC,-84.05068,40.796600000000005,GLOBAL POSITIONING SYSTEM,ALLEN,BATH,2005-08-05,46.0,856.2000122070312,LIMESTONE,CABLE TOOL,8.0,21.0,42.0,44,997903
55264,W,DOMESTIC,-84.22982999999999,40.71308,GLOBAL POSITIONING SYSTEM,ALLEN,AMANDA,2005-08-02,90.0,838.4000244140625,,ROTARY,30.0,24.0,47.0,44,990617
55274,W,,-84.170763,40.839757999999996,DIGITIZED,ALLEN,SUGAR CREEK,1959-08-17,124.0,779.5999755859375,LIMESTONE,,21.0,16.0,16.0,16,220173
55288,W,DOMESTIC,-84.146436,40.692091999999995,DIGITIZED,ALLEN,SHAWNEE,1953-10-20,110.0,860.5999755859375,SAND & GRAVEL,,5.0,30.0,108.0,,82981
55289,W,DOMESTIC,-84.179564,40.756401,DIGITIZED,ALLEN,AMERICAN,1953-08-18,95.0,830.0,LIMESTONE,,4.0,25.0,38.0,38,112903
55303,W,DOMESTIC,-84.13687999999999,40.673988,DIGITIZED,ALLEN,SHAWNEE,1956-06-17,73.0,877.2999877929688,GRAVEL,,10.0,34.0,73.0,,174062
55382,W,DOMESTIC,-84.07892,40.70442,GLOBAL POSITIONING SYSTEM,ALLEN,PERRY,2006-02-02,182.0,909.5999755859375,,ROTARY,20.0,36.0,95.0,180,990651
55423,W,DOMESTIC,-84.26722,40.75083,GLOBAL POSITIONING SYSTEM,ALLEN,AMANDA,2006-04-27,43.0,811.9000244140625,LIMESTONE,AIR ROTARY,25.0,11.0,33.0,29,2002524
55463,W,DOMESTIC,-84.25139,40.71111,GLOBAL POSITIONING SYSTEM,ALLEN,AMANDA,2005-10-10,40.0,827.5,,CABLE TOOL,20.0,25.0,38.0,39,997855
55541,W,DOMESTIC,-84.00810899999999,40.764244999999995,DIGITIZED,ALLEN,BATH,1964-07-01,60.0,904.7999877929688,LIMESTONE,,20.0,27.0,32.0,32,302395
55542,W,,-84.040876,40.75937,DIGITIZED,ALLEN,BATH,1948-11-16,51.0,869.0999755859375,LIMESTONE,,20.0,7.0,22.0,22,26393
55543,W,,-84.075628,40.831626,DIGITIZED,ALLEN,MONROE,,37.0,822.0999755859375,LIMESTONE,,,,24.0,24,56749
55736,W,DOMESTIC,-83.938217,40.801241999999995,DIGITIZED,ALLEN,JACKSON,1964-11-27,67.0,918.2999877929688,LIMESTONE,,,19.0,37.0,65,310012
55952,W,,-84.10986899999999,40.780972999999996,DIGITIZED,ALLEN,AMERICAN,1949-07-05,67.0,843.0999755859375,LIMESTONE,,20.0,,44.0,44,69604
56016,W,DOMESTIC,-84.013599,40.746106999999995,DIGITIZED,ALLEN,BATH,1957-07-17,60.0,921.2000122070312,LIMESTONE,,20.0,31.0,24.0,24,192864
56017,W,DOMESTIC,-84.095041,40.76101,DIGITIZED,ALLEN,BATH,1957-05-16,100.0,872.7000122070312,LIMESTONE,,5.0,70.0,42.0,42,160018
56018,W,DOMESTIC,-83.994052,40.801595,DIGITIZED,ALLEN,JACKSON,1954-01-07,68.0,886.7999877929688,LIMESTONE,,,19.0,39.0,65,94349
56019,W,PUBLIC/SEMI-PUB,-83.95084899999999,40.767368,DIGITIZED,ALLEN,JACKSON,1963-06-29,48.0,912.7000122070312,LIMESTONE,,20.0,13.0,18.0,17,286091
56020,W,,-84.08193299999999,40.832249999999995,DIGITIZED,ALLEN,MONROE,1960-06-08,25.0,810.5,LIMESTONE,,10.0,20.0,20.0,20,208718
56021,W,DOMESTIC,-84.067048,40.702631,DIGITIZED,ALLEN,PERRY,1965-01-04,72.0,932.7999877929688,GRAVEL,,16.0,52.0,73.0,,319428
56052,W,DOMESTIC,-83.889941,40.684067,DIGITIZED,ALLEN,AUGLAIZE,1956-04-12,52.0,994.0999755859375,LIMESTONE,,,16.0,29.0,29,62149
56062,W,DOMESTIC,-84.04178,40.759445,DIGITIZED,ALLEN,BATH,1963-10-29,47.0,870.7000122070312,LIMESTONE,,20.0,12.0,23.0,23,302363
56063,W,DOMESTIC,-84.05982,40.860752999999995,DIGITIZED,ALLEN,MONROE,1953-10-01,39.0,796.2999877929688,LIMESTONE,,,,18.0,18,101289
56064,W,DOMESTIC,-84.104098,40.703579999999995,DIGITIZED,ALLEN,PERRY,1959-04-21,100.0,884.2999877929688,LIMESTONE,,3.0,28.0,42.0,42,160033
56065,W,DOMESTIC,-83.911664,40.878811999999996,DIGITIZED,ALLEN,RICHLAND,1958-10-01,59.0,838.9000244140625,LIMESTONE,,5.0,,20.0,20,185737
56620,W,DOMESTIC,-83.9024,40.847916999999995,,ALLEN,RICHLAND,2007-06-29,50.0,880.0,LIMESTONE,ROTARY,30.0,23.0,35.0,35,1007146
56637,W,DOMESTIC,-84.212317,40.837582999999995,,ALLEN,SUGAR CREEK,2007-02-05,59.0,777.5,ROCK,CABLE TOOL,15.0,10.0,27.0,26,962769
56638,W,DOMESTIC,-84.378917,40.8003,,ALLEN,MARION,2007-03-05,40.0,789.4000244140625,LIMESTONE,CABLE TOOL,8.0,20.0,29.0,27,962770
56751,W,MONITOR,-83.96849,40.83323,GLOBAL POSITIONING SYSTEM,ALLEN,MONROE,2007-05-08,30.0,861.2000122070312,SILT,AUGER,,30.0,20.0,,2009780
56795,W,MONITOR,-84.3394,40.847100000000005,,ALLEN,MARION,2006-06-21,13.0,769.0,CLAY,,,,,,991689
57136,W,DOMESTIC,-83.94734,40.87499,GEOCODE,ALLEN,RICHLAND,2008-07-23,57.0,835.2000122070312,LIMESTONE,ROTARY,20.0,14.0,32.0,32,1007230
57353,W,DOMESTIC,-84.15298299999999,40.797533,,ALLEN,AMERICAN,2008-06-04,122.0,804.2000122070312,LIMESTONE,ROTARY,6.0,22.0,110.0,110,1007222
57548,W,DOMESTIC,-84.165,40.810278,GLOBAL POSITIONING SYSTEM,ALLEN,SUGAR CREEK,2009-11-09,56.0,795.2000122070312,LIMESTONE,AIR ROTARY,20.0,20.0,26.0,20,2025017
57562,W,DOMESTIC,-84.10782999999999,40.677800000000005,GLOBAL POSITIONING SYSTEM,ALLEN,PERRY,2009-11-20,88.0,909.2000122070312,GRAVEL & SAND,ROTARY,80.0,38.300000000000004,85.0,,2025102
57617,W,DOMESTIC,-83.901111,40.766943999999995,GLOBAL POSITIONING SYSTEM,ALLEN,JACKSON,2009-07-31,42.0,948.9000244140625,LIMESTONE,AIR ROTARY,20.0,18.0,26.5,41,2023551
57830,W,DOMESTIC,-84.008667,40.818517,,ALLEN,MONROE,2007-10-10,47.0,861.7000122070312,LIMESTONE & SHALE,CABLE TOOL,20.0,23.0,39.0,38,997924
57845,W,MONITOR,-84.10300000000001,40.73713,GLOBAL POSITIONING SYSTEM,ALLEN,AMANDA,2008-01-22,15.0,851.7999877929688,CLAY,AUGER,,0.0,5.0,,2014880
58090,W,DOMESTIC,-84.249167,40.688055999999996,,ALLEN,AMANDA,2010-09-24,56.0,850.0,SHALE,CABLE TOOL,20.0,40.0,54.0,54,1013484
58091,W,,-84.325,40.683333,,ALLEN,SPENCER,2011-03-10,65.0,867.2999877929688,LIMESTONE,CABLE TOOL,20.0,42.0,63.0,61,1013492
58208,W,DOMESTIC,-83.971867,40.796949999999995,,ALLEN,JACKSON,2010-12-14,65.0,904.7999877929688,LIMESTONE,ROTARY,8.0,,45.0,45,1014604
58232,W,DOMESTIC,-83.962402,40.862832999999995,,ALLEN,RICHLAND,2011-07-01,36.0,839.2000122070312,SHALE & LIMESTONE,CABLE TOOL,10.0,21.0,32.0,32,997929
58288,W,DOMESTIC,-83.852,40.861216999999996,,ALLEN,RICHLAND,2011-07-01,80.0,856.7000122070312,LIMESTONE,ROTARY,20.0,19.0,34.0,34,1014586
58346,W,MONITOR,-84.15700000000001,40.737383,GLOBAL POSITIONING SYSTEM,ALLEN,AMERICAN,2010-05-13,14.0,840.4000244140625,SILT,AUGER,,6.0,2.0,,2027179
58433,W,DOMESTIC,-83.9487,40.76,,ALLEN,JACKSON,2010-09-20,60.0,927.9000244140625,,ROTARY,10.0,22.0,30.0,30,1014625
58527,W,DOMESTIC,-84.24183,40.68633,,ALLEN,AMANDA,2013-06-18,55.0,865.7999877929688,SHALE,CABLE TOOL,20.0,40.0,53.0,53,1016368
58688,W,DOMESTIC,-84.232778,40.755832999999996,,ALLEN,MARION,2013-12-07,36.0,818.7000122070312,SHALE,CABLE TOOL,15.0,25.0,35.0,35,1016379
58808,W,MONITOR,-84.0766,40.731,GLOBAL POSITIONING SYSTEM,ALLEN,PERRY,2014-10-29,16.0,881.7999877929688,GRAVEL,GEOPROBE,,0.0,6.0,,2049853
58845,W,DOMESTIC,-84.057051,40.716550999999995,GLOBAL POSITIONING SYSTEM,ALLEN,PERRY,2016-01-14,110.0,,LIMESTONE,AIR ROTARY,10.0,40.0,60.0,55,2055676
58995,W,DOMESTIC,-84.047167,40.665633,GLOBAL POSITIONING SYSTEM,ALLEN,PERRY,2015-11-05,80.0,,GRAVEL,ROTARY,25.0,7.0,80.0,,1018693
59030,W,DOMESTIC,-84.077033,40.775383,GLOBAL POSITIONING SYSTEM,ALLEN,BATH,2015-08-14,98.0,863.0999755859375,LIMESTONE,ROTARY,20.0,56.0,44.0,44,1018681
59110,W,DOMESTIC,-84.29083299999999,40.839721999999995,GLOBAL POSITIONING SYSTEM,ALLEN,MARION,2014-10-20,183.0,773.5999755859375,LIMESTONE,AIR ROTARY,15.0,18.0,26.0,53,2049925
59145,W,DOMESTIC,-84.371675,40.778493,GLOBAL POSITIONING SYSTEM,ALLEN,SPENCER,2016-03-23,203.0,,LIMESTONE,AIR ROTARY,10.0,40.0,26.0,20,2056558
59247,W,DOMESTIC,-84.295661,40.729344999999995,GLOBAL POSITIONING SYSTEM,ALLEN,AMANDA,2016-10-14,80.0,,LIMESTONE,AIR ROTARY,8.0,40.0,35.0,34,2059540
59254,W,DOMESTIC,-84.10770000000001,40.676632999999995,GLOBAL POSITIONING SYSTEM,ALLEN,PERRY,2015-10-01,105.0,,SAND & GRAVEL,ROTARY,20.0,33.0,105.0,,1019651
59325,W,DOMESTIC,-84.364111,40.688524,DIGITAL MAP,ALLEN,SPENCER,2017-08-07,98.0,,LIMESTONE,ROTARY,30.0,53.0,85.0,83,1020181
59358,W,MONITOR,-84.07775,40.73027,GLOBAL POSITIONING SYSTEM,ALLEN,PERRY,2017-01-12,18.0,,CLAY,GEOPROBE,,10.0,8.0,,2061006
59365,W,MONITOR,-84.04048,40.78854,GLOBAL POSITIONING SYSTEM,ALLEN,BATH,2017-04-11,14.0,,CLAY,GEOPROBE,,7.0,4.0,,2061931
59398,W,DOMESTIC,-84.15632,40.798269999999995,,ALLEN,AMERICAN,1985-07-11,61.0,798.7999877929688,LIMESTONE,,8.0,18.0,40.0,37,650791
59419,W,DOMESTIC,-84.13741,40.801719999999996,GEOCODE,ALLEN,AMERICAN,1996-11-01,55.0,816.9000244140625,LIMESTONE,CABLE TOOL,15.0,35.0,38.0,36,839966
59426,W,DOMESTIC,-84.32015,40.833619999999996,GEOCODE,ALLEN,MARION,1994-06-16,171.0,777.7999877929688,LIMESTONE,ROTARY,25.0,80.0,25.0,25,784938
59448,W,DOMESTIC,-84.21378,40.78548,,ALLEN,AMERICAN,1990-05-28,33.0,795.0999755859375,LIMESTONE,ROTARY,10.0,14.0,30.0,30,715008
59522,W,DOMESTIC,-84.238117,40.75075,GLOBAL POSITIONING SYSTEM,ALLEN,AMANDA,2019-09-03,45.0,,LIMESTONE,MUD/AIR ROTARY,15.0,22.0,40.0,,2075385
59564,W,DOMESTIC,-84.28117999999999,40.702311,DIGITAL MAP,ALLEN,AMANDA,2018-12-12,57.0,,LIMESTONE,ROTARY,10.0,33.0,44.0,,1021067
59653,W,DOMESTIC,-84.348513,40.695507,DIGITAL MAP,ALLEN,SPENCER,2018-10-12,76.0,,LIMESTONE,ROTARY,25.0,43.0,75.0,,1021047
59938,W,DOMESTIC,-83.94471999999999,40.750792,DIGITAL MAP,ALLEN,JACKSON,2018-08-03,72.0,,LIMESTONE,ROTARY,30.0,32.0,35.0,,1020683
59965,W,DOMESTIC,-84.36696599999999,40.77965,GLOBAL POSITIONING SYSTEM,ALLEN,SPENCER,2019-02-15,135.0,,LIMESTONE,ROTARY,20.0,17.0,27.0,,1023568
60120,W,DOMESTIC,-83.93835,40.712666,GLOBAL POSITIONING SYSTEM,ALLEN,AUGLAIZE,2018-06-18,125.0,,LIMESTONE,ROTARY,20.0,53.0,95.0,95,1020697
60222,W,PUBLIC/SEMI-PUB,-83.970934,40.832733999999995,DIGITIZED,ALLEN,RICHLAND,1956-02-21,57.0,870.0,LIMESTONE,,,18.0,39.0,54,120498
60223,W,MONITOR,-84.10553999999999,40.74388,,ALLEN,BATH,1990-11-01,25.0,879.0,GLACIAL TILL,AUGER,,31.400000000000002,25.0,,721889
60224,W,MONITOR,-84.08970000000001,40.702079999999995,,ALLEN,PERRY,1994-07-11,8.0,900.2999877929688,GRAVEL,AUGER,,,3.0,,787409
60226,W,DOMESTIC,-84.225186,40.714656,DIGITIZED,ALLEN,AMANDA,1964-06-18,45.0,839.4000244140625,LIMESTONE,,11.0,23.0,42.0,41,308813
60228,W,DOMESTIC,-84.199747,40.751492999999996,DIGITIZED,ALLEN,AMERICAN,1958-05-29,37.0,826.4000244140625,GRAVEL,,10.0,24.0,37.0,,199789
60229,W,DOMESTIC,-83.98131,40.70974,GEOCODE,ALLEN,AUGLAIZE,1994-02-18,110.0,1009.7000122070312,GRAVEL,ROTARY,12.0,64.0,110.0,,786569
60230,W,PUBLIC/SEMI-PUB,-83.92666,40.7051,GLOBAL POSITIONING SYSTEM,ALLEN,AUGLAIZE,1995-07-28,304.0,983.7999877929688,LIMESTONE,ROTARY,50.0,23.0,38.0,33,821963
60231,W,DOMESTIC,-84.31783999999999,40.841519999999996,GEOCODE,ALLEN,MARION,1990-07-06,101.0,774.7000122070312,LIMESTONE,ROTARY,7.0,46.0,26.0,26,707284
60232,W,DOMESTIC,-84.175355,40.697336,DIGITIZED,ALLEN,SHAWNEE,1962-03-26,110.0,858.4000244140625,LIMESTONE,,8.0,18.0,70.0,69,258477
60236,W,DOMESTIC,-83.99553999999999,40.71671,GEOCODE,ALLEN,AUGLAIZE,1990-09-15,80.0,969.0,GRAVEL,ROTARY,10.0,43.0,80.0,,715052
60237,W,DOMESTIC,-84.1156,40.78367,GEOCODE,ALLEN,AMERICAN,1986-11-11,128.0,842.2999877929688,LIMESTONE,,8.0,46.0,36.0,33,661901
60239,W,DOMESTIC,-84.164428,40.712756,DIGITIZED,ALLEN,SHAWNEE,1966-03-26,170.0,851.2000122070312,LIMESTONE,,14.0,71.0,148.0,148,337026
60240,W,DOMESTIC,-83.93666999999999,40.86276,GEOCODE,ALLEN,RICHLAND,1996-08-16,80.0,847.5999755859375,LIMESTONE,ROTARY,4.0,20.0,32.0,32,842011
60241,W,DOMESTIC,-84.139478,40.69358,DIGITIZED,ALLEN,SHAWNEE,1962-11-02,47.0,860.0999755859375,GRAVEL,,15.0,30.0,47.0,,281613
60244,W,DOMESTIC,-84.28090999999999,40.74044,,ALLEN,AMANDA,1986-10-07,49.0,810.2000122070312,SAND,,18.0,34.0,49.0,,612311
60246,W,DOMESTIC,-84.03190599999999,40.763419999999996,DIGITIZED,ALLEN,BATH,1963-06-15,50.0,884.5,LIMESTONE,,20.0,15.0,21.0,20,286087
60247,W,DOMESTIC,-83.987653,40.789542,DIGITIZED,ALLEN,JACKSON,1961-10-23,82.0,917.0999755859375,LIMESTONE,,14.0,37.0,52.0,52,266468
60248,W,DOMESTIC,-84.23678,40.78767,GEOCODE,ALLEN,MARION,1991-10-26,121.0,801.5,LIMESTONE,ROTARY,6.0,18.0,30.0,28,725674
60252,W,DOMESTIC,-84.15151,40.68776,GEOCODE,ALLEN,SHAWNEE,1976-06-17,137.0,856.7999877929688,GRAVEL,,15.0,40.0,137.0,,511826
60253,W,DOMESTIC,-84.18506,40.84446,,ALLEN,SUGAR CREEK,1988-12-07,63.0,781.0,LIMESTONE,ROTARY,10.0,19.0,25.0,23,690147
60254,W,DOMESTIC,-84.18468299999999,40.693706,DIGITIZED,ALLEN,SHAWNEE,1956-03-25,61.0,851.5,GRAVEL,,12.0,18.0,61.0,,174052
60255,W,DOMESTIC,-84.15978899999999,40.723447,DIGITIZED,ALLEN,SHAWNEE,1957-04-16,188.0,862.7999877929688,LIMESTONE,,10.0,71.0,152.0,185,181722
60256,W,DOMESTIC,-84.13897,40.682179999999995,GEOCODE,ALLEN,SHAWNEE,1989-03-09,340.0,867.7999877929688,LIMESTONE,ROTARY,15.0,60.0,298.0,295,696677
60257,W,DOMESTIC,-84.16304699999999,40.710946,DIGITIZED,ALLEN,SHAWNEE,1959-11-09,71.0,862.2000122070312,GRAVEL,,13.0,57.0,71.0,,220185
60258,W,DOMESTIC,-84.15953999999999,40.69143,GEOCODE,ALLEN,SHAWNEE,1985-06-19,76.0,843.2999877929688,GRAVEL,,20.0,25.0,76.0,,649686
60263,W,DOMESTIC,-84.03018999999999,40.786789999999996,GEOCODE,ALLEN,BATH,1986-10-30,215.0,880.7000122070312,LIMESTONE,,30.0,45.0,40.0,37,636286
60264,W,DOMESTIC,-84.10572499999999,40.703314999999996,DIGITIZED,ALLEN,PERRY,1960-10-09,56.0,882.9000244140625,LIMESTONE,,8.0,28.0,44.0,44,160039
60265,W,DOMESTIC,-84.10493799999999,40.707277999999995,DIGITIZED,ALLEN,PERRY,1957-07-18,40.0,893.7999877929688,GRAVEL,,,,40.0,,201610
60266,W,DOMESTIC,-84.19856,40.74991,GEOCODE,ALLEN,AMERICAN,1994-02-17,46.0,818.7999877929688,LIMESTONE,CABLE TOOL,15.0,18.0,39.0,39,780350
60267,W,DOMESTIC,-84.11747,40.78544,GEOCODE,ALLEN,AMERICAN,1981-05-07,129.0,826.5999755859375,LIMESTONE,,12.0,44.0,29.0,29,600981
60268,W,DOMESTIC,-84.18637,40.842949999999995,,ALLEN,SUGAR CREEK,1991-03-21,65.0,785.5999755859375,LIMESTONE,ROTARY,1.0,8.0,27.0,27,726639
60269,W,DOMESTIC,-84.13848,40.66141,GEOCODE,ALLEN,SHAWNEE,1977-03-01,48.0,887.7999877929688,GRAVEL,,15.0,40.0,48.0,,511872
60270,W,DOMESTIC,-84.19087999999999,40.67169,GEOCODE,ALLEN,SHAWNEE,1983-08-29,40.0,850.4000244140625,GRAVEL,,15.0,18.0,40.0,,526377
60271,W,DOMESTIC,-84.39641,40.70637,,ALLEN,SPENCER,1996-06-05,112.0,830.2999877929688,LIMESTONE,ROTARY,10.0,34.0,70.0,70,835541
60277,W,DOMESTIC,-84.056995,40.716609999999996,DIGITIZED,ALLEN,PERRY,1953-05-19,61.0,920.9000244140625,GRAVEL,,15.0,31.0,61.0,,100630
60278,W,DOMESTIC,-83.9792,40.69423,GEOCODE,ALLEN,AUGLAIZE,1990-04-10,28.0,941.7999877929688,LIMESTONE,ROTARY,20.0,8.0,25.0,23,707061
60279,W,DOMESTIC,-84.203417,40.697616,DIGITIZED,ALLEN,SHAWNEE,1956-05-29,86.0,878.5,GRAVEL,,10.0,40.0,86.0,,159565
60284,W,DOMESTIC,-83.95535,40.68244,GEOCODE,ALLEN,AUGLAIZE,1992-04-07,80.0,973.2000122070312,LIMESTONE,ROTARY,15.0,38.0,60.0,50,745255
60285,W,DOMESTIC,-84.13427,40.66634,GEOCODE,ALLEN,SHAWNEE,1990-07-21,46.0,887.2999877929688,GRAVEL,ROTARY,15.0,24.0,46.0,,755147
60286,W,DOMESTIC,-84.13444199999999,40.699838,DIGITIZED,ALLEN,SHAWNEE,1958-04-28,73.0,872.5999755859375,GRAVEL,,,30.0,73.0,,197512
60288,W,DOMESTIC,-84.38521899999999,40.801519,GEOCODE,ALLEN,MARION,1982-09-20,36.0,794.5,SAND & GRAVEL,CABLE TOOL,15.0,20.0,36.0,,763576
60289,W,DOMESTIC,-84.34951,40.80168,GEOCODE,ALLEN,MARION,1994-08-01,129.0,787.5,LIMESTONE,ROTARY,10.0,26.0,27.0,27,790408
60290,W,DOMESTIC,-84.10032,40.80025,GEOCODE,ALLEN,BATH,1990-10-04,45.0,833.5999755859375,GRAVEL & SHALE,CABLE TOOL,10.0,38.0,45.0,,721355
60291,W,DOMESTIC,-84.316614,40.779049,DIGITAL MAP,ALLEN,MARION,1987-01-15,27.0,,SAND & GRAVEL,,10.0,12.0,,26,665651
60292,W,DOMESTIC,-83.949213,40.716778999999995,DIGITIZED,ALLEN,AUGLAIZE,1960-05-17,148.0,994.5,LIMESTONE,,8.0,45.0,120.0,120,245560
60293,W,DOMESTIC,-83.984685,40.71657,DIGITIZED,ALLEN,AUGLAIZE,1957-09-20,97.0,980.7000122070312,GRAVEL,,,48.0,97.0,70,169650
60295,W,MUNICIPAL,-84.192824,40.782301,DIGITIZED,ALLEN,AMERICAN,1965-02-10,327.0,808.7000122070312,LIMESTONE,,182.0,45.0,26.0,24,328651
60297,W,DOMESTIC,-83.986915,40.694827,DIGITIZED,ALLEN,AUGLAIZE,1960-08-31,31.0,952.5,LIMESTONE,,10.0,14.0,20.0,20,250906
60298,W,DOMESTIC,-84.259063,40.811969999999995,DIGITIZED,ALLEN,MARION,1953-09-13,52.0,787.5999755859375,LIMESTONE,,13.0,16.0,21.0,21,112912
60299,W,DOMESTIC,-84.297647,40.829615,DIGITIZED,ALLEN,MARION,1958-06-14,42.0,779.2000122070312,LIMESTONE,,6.0,14.0,27.0,27,192089
60300,W,DOMESTIC,-84.37374,40.801488,DIGITIZED,ALLEN,MARION,1963-06-27,55.0,789.0,LIMESTONE,,7.0,11.0,22.0,22,284493
60301,W,DOMESTIC,-84.253491,40.829208,DIGITIZED,ALLEN,MARION,1954-08-02,57.0,778.5999755859375,LIMESTONE,,,6.0,14.0,11,40846
60304,W,DOMESTIC,-84.20506999999999,40.84187,GEOCODE,ALLEN,SUGAR CREEK,1996-09-11,45.0,778.7999877929688,LIMESTONE,ROTARY,10.0,14.0,31.0,31,843051
60305,W,DOMESTIC,-84.15289,40.680859999999996,GEOCODE,ALLEN,SHAWNEE,1986-02-23,207.0,860.0999755859375,LIMESTONE,,15.0,19.0,198.0,198,625540
60307,W,DOMESTIC,-84.11173699999999,40.783322,DIGITIZED,ALLEN,AMERICAN,1965-05-24,72.0,841.2999877929688,LIMESTONE,,20.0,38.0,44.0,43,319437
60308,W,DOMESTIC,-84.199343,40.764981,DIGITIZED,ALLEN,AMERICAN,1956-11-11,67.0,815.0,GRAVEL,,14.0,22.0,67.0,,174081
60309,W,DOMESTIC,-84.187131,40.707388,DIGITIZED,ALLEN,SHAWNEE,1964-09-25,83.0,863.7000122070312,GRAVEL,,12.0,62.0,83.0,,317257
60310,W,DOMESTIC,-84.149987,40.684042,DIGITIZED,ALLEN,SHAWNEE,1958-03-03,42.0,861.2999877929688,GRAVEL,,18.0,17.0,42.0,,173449
60311,W,DOMESTIC,-84.177302,40.703914999999995,DIGITIZED,ALLEN,SHAWNEE,1955-05-31,59.0,872.5,GRAVEL,,15.0,38.0,59.0,,156825
60312,W,DOMESTIC,-83.91824,40.84068,GEOCODE,ALLEN,RICHLAND,1994-07-05,62.0,885.5,LIMESTONE,ROTARY,12.0,29.0,41.0,41,790384
60314,W,DOMESTIC,-84.17913899999999,40.757661,DIGITIZED,ALLEN,AMERICAN,1956-06-29,31.0,827.5,GRAVEL,,8.0,23.0,31.0,,166788
60316,W,DOMESTIC,-84.09043,40.665639999999996,GEOCODE,ALLEN,PERRY,1989-11-10,215.0,965.0999755859375,LIMESTONE,ROTARY,15.0,82.0,200.0,197,705137
60317,W,DOMESTIC,-84.01324,40.713809999999995,GEOCODE,ALLEN,PERRY,1989-10-04,80.0,962.2999877929688,LIMESTONE,,15.0,40.0,70.0,66,701328
60318,W,DOMESTIC,-84.18719,40.73384,,ALLEN,AMERICAN,1970-04-30,53.0,832.0,LIMESTONE,,15.0,30.0,53.0,48,404172
60319,W,DOMESTIC,-84.18907,40.79296,GEOCODE,ALLEN,AMERICAN,1983-05-10,78.0,795.4000244140625,LIMESTONE,,6.0,45.0,18.0,18,526364
60321,W,DOMESTIC,-84.13687999999999,40.673988,DIGITIZED,ALLEN,SHAWNEE,1954-08-19,77.0,877.2999877929688,GRAVEL,,9.0,35.0,77.0,,112947
60322,W,DOMESTIC,-83.91028,40.89198,GEOCODE,ALLEN,RICHLAND,1994-07-13,50.0,836.7000122070312,LIMESTONE,CABLE TOOL,10.0,,,28,761072
60326,W,DOMESTIC,-84.089219,40.830483,DIGITIZED,ALLEN,MONROE,1954-02-25,50.0,812.7000122070312,LIMESTONE,,5.0,,25.0,25,126107
60327,W,DOMESTIC,-84.01328,40.72434,GEOCODE,ALLEN,PERRY,1993-06-30,95.0,941.9000244140625,LIMESTONE,ROTARY,7.0,45.0,68.0,62,767887
60328,W,DOMESTIC,-84.11059,40.775839999999995,GEOCODE,ALLEN,AMERICAN,1991-03-20,135.0,851.9000244140625,LIMESTONE,ROTARY,15.0,70.0,92.0,89,737524
60329,W,,-84.183623,40.844651999999996,DIGITIZED,ALLEN,SUGAR CREEK,1955-06-03,67.0,781.7000122070312,LIMESTONE,,4.0,,50.0,50,153279
60330,W,DOMESTIC,-84.13522999999999,40.68101,GEOCODE,ALLEN,SHAWNEE,1981-05-06,204.0,873.7999877929688,LIMESTONE,,20.0,35.0,162.0,155,515461
60331,W,DOMESTIC,-84.138981,40.727653,DIGITIZED,ALLEN,SHAWNEE,1958-04-26,252.0,886.7999877929688,GRAVEL,,8.0,126.60000000000001,252.0,,201625
60332,W,DOMESTIC,-84.147562,40.692561,DIGITIZED,ALLEN,SHAWNEE,1956-01-15,135.0,855.5999755859375,GRAVEL,,5.0,35.0,135.0,,141845
60337,W,DOMESTIC,-84.00262,40.65269,GEOCODE,ALLEN,AUGLAIZE,1995-05-24,95.0,959.0,LIMESTONE,AIR ROTARY,15.0,34.0,49.0,49,811926
60338,W,,-83.97465799999999,40.833293,DIGITIZED,ALLEN,RICHLAND,1955-07-01,49.0,861.2999877929688,LIMESTONE,,7.0,15.0,27.0,27,144613
60346,W,DOMESTIC,-83.93056,40.645289999999996,GEOCODE,ALLEN,AUGLAIZE,1993-12-15,100.0,1045.800048828125,LIMESTONE,ROTARY,10.0,43.0,89.0,86,786556
60347,W,DOMESTIC,-83.9411,40.731649999999995,GEOCODE,ALLEN,AUGLAIZE,1994-03-29,90.0,983.9000244140625,GRAVEL,CABLE TOOL,20.0,40.0,90.0,,786332
60348,W,DOMESTIC,-83.87973,40.74799,GEOCODE,ALLEN,JACKSON,1992-10-10,70.0,984.4000244140625,LIMESTONE,ROTARY,20.0,48.0,52.0,49,755173
60349,W,DOMESTIC,-84.15878599999999,40.694269,DIGITIZED,ALLEN,SHAWNEE,1960-09-29,43.0,841.2000122070312,SAND & GRAVEL,,,26.0,43.0,,227440
60357,W,DOMESTIC,-83.97368999999999,40.716969999999996,GEOCODE,ALLEN,AUGLAIZE,1990-04-20,135.0,990.2000122070312,LIMESTONE,ROTARY,12.0,58.0,124.0,121,707070
60358,W,DOMESTIC,-84.24271,40.83104,GEOCODE,ALLEN,MARION,1988-05-17,30.0,781.2999877929688,LIMESTONE,,8.0,10.0,25.0,19,680917
60359,W,DOMESTIC,-84.18703099999999,40.717273,DIGITIZED,ALLEN,SHAWNEE,1957-08-31,57.0,857.4000244140625,GRAVEL,,15.0,45.0,57.0,,187876
60360,W,DOMESTIC,-84.137649,40.690111,DIGITIZED,ALLEN,SHAWNEE,1954-08-17,210.0,867.0999755859375,LIMESTONE,,20.0,26.0,168.0,168,115278
60361,W,DOMESTIC,-84.137649,40.690111,DIGITIZED,ALLEN,SHAWNEE,1956-09-04,61.0,867.0999755859375,SAND,,12.0,32.0,61.0,,161217
60362,W,DOMESTIC,-84.137649,40.690111,DIGITIZED,ALLEN,SHAWNEE,1954-07-14,110.0,867.0999755859375,GRAVEL,,15.0,35.0,110.0,,115296
60363,W,DOMESTIC,-84.184837,40.699268,DIGITIZED,ALLEN,SHAWNEE,1953-08-27,67.0,864.7000122070312,GRAVEL,,15.0,34.0,67.0,,123501
60364,W,DOMESTIC,-84.186529,40.699242999999996,DIGITIZED,ALLEN,SHAWNEE,1955-04-18,66.0,870.5,GRAVEL,,15.0,33.0,66.0,,156813
60371,W,DOMESTIC,-84.03914999999999,40.80681,GEOCODE,ALLEN,BATH,1995-03-27,32.0,853.5999755859375,CLAY & BOULDERS,CABLE TOOL,12.0,18.0,,,791800
60372,W,DOMESTIC,-84.079285,40.795479,DIGITIZED,ALLEN,BATH,1961-07-20,75.0,849.0999755859375,LIMESTONE,,5.0,30.0,40.0,40,266452
60374,W,DOMESTIC,-84.28124,40.750766,DIGITIZED,ALLEN,AMANDA,1957-10-15,51.0,810.5,LIMESTONE,,10.0,12.0,26.0,23,205646
60377,W,,-84.08631,40.712668,DIGITIZED,ALLEN,PERRY,1956-10-12,45.0,893.9000244140625,GRAVEL,,5.0,25.0,43.0,,145260
60378,W,DOMESTIC,-84.05254,40.903349999999996,GEOCODE,ALLEN,MONROE,1995-06-08,84.0,777.2999877929688,LIMESTONE,ROTARY,45.0,17.0,26.0,26,796732
60379,W,DOMESTIC,-84.133909,40.76095,DIGITIZED,ALLEN,AMERICAN,1963-10-01,65.0,845.7999877929688,GRAVEL,,10.0,35.0,65.0,,281630
60380,W,DOMESTIC,-84.07451999999999,40.774429999999995,GEOCODE,ALLEN,BATH,1996-09-23,100.0,876.9000244140625,LIMESTONE,ROTARY,10.0,64.0,56.0,56,843055
65294,W,,-84.114099,40.785939,DIGITIZED,ALLEN,AMERICAN,1948-05-12,78.0,833.5999755859375,LIMESTONE,,,40.0,45.0,75,30658
65419,W,,-84.10346299999999,40.801460999999996,DIGITIZED,ALLEN,BATH,1948-11-06,80.0,822.2999877929688,LIMESTONE,,20.0,19.0,31.0,31,26392
65420,W,,-84.067578,40.746036,DIGITIZED,ALLEN,BATH,1950-04-10,62.0,870.5,LIMESTONE,,20.0,15.0,20.0,20,69637
65421,W,,-83.938257,40.7442,DIGITIZED,ALLEN,JACKSON,1948-06-04,74.0,961.0999755859375,LIMESTONE,,20.0,34.0,42.0,42,26369
65428,W,,-84.08441499999999,40.831497,DIGITIZED,ALLEN,MONROE,1950-04-26,29.0,815.5999755859375,LIMESTONE,,,,24.0,24,56721
65430,W,,-84.08357699999999,40.696343999999996,DIGITIZED,ALLEN,PERRY,,102.0,914.4000244140625,GRAVEL,,,,,,56733
65431,W,,-84.112512,40.708003,DIGITIZED,ALLEN,SHAWNEE,1938-09-08,190.0,890.7999877929688,LIMESTONE,,,60.0,,71,9902025
65432,W,,-84.211923,40.717985,DIGITIZED,ALLEN,SHAWNEE,1947-12-02,148.0,844.7000122070312,QUICKSAND,,,67.0,148.0,,35403
65446,W,,-84.152717,40.692133999999996,DIGITIZED,ALLEN,SHAWNEE,1950-04-12,140.0,847.0,GRAVEL,,20.0,25.0,140.0,,69630
65447,W,,-84.202137,40.722263999999996,DIGITIZED,ALLEN,SHAWNEE,1950-06-15,184.0,841.7999877929688,LIMESTONE,,10.0,60.0,172.0,172,35421
66834,W,DOMESTIC,-84.24544,40.805679999999995,GEOCODE,ALLEN,MARION,1997-10-14,88.0,795.4000244140625,LIMESTONE,ROTARY,2.0,14.0,26.0,26,852559
66835,W,DOMESTIC,-84.26127,40.813089999999995,GEOCODE,ALLEN,MARION,1997-04-28,188.0,785.9000244140625,LIMESTONE,ROTARY,30.0,48.0,,73,852574
67474,W,DOMESTIC,-84.1892,40.800529999999995,GEOCODE,ALLEN,AMERICAN,1998-05-23,55.0,801.9000244140625,GRAVEL,ROTARY,30.0,17.0,55.0,,866867
67475,W,DOMESTIC,-83.96115999999999,40.75651,GEOCODE,ALLEN,JACKSON,1998-06-03,63.0,935.0,LIMESTONE,ROTARY,30.0,28.0,34.0,34,866874
67476,W,DOMESTIC,-84.00782,40.70207,GEOCODE,ALLEN,PERRY,1998-06-05,170.0,991.2999877929688,LIMESTONE,ROTARY,5.0,70.0,160.0,160,866876
67479,W,DOMESTIC,-84.15151999999999,40.69976,GEOCODE,ALLEN,JACKSON,1999-08-17,102.0,842.2999877929688,LIMESTONE,ROTARY,35.0,39.0,47.0,42,899128
67545,W,DOMESTIC,-84.00128,40.65146,GEOCODE,ALLEN,PERRY,1997-12-18,61.0,961.5,GRAVEL,ROTARY,7.0,25.0,61.0,,866835
67559,W,DOMESTIC,-84.02736999999999,40.86101,GEOCODE,ALLEN,MARION,1997-07-12,33.0,802.0,LIMESTONE,ROTARY,15.0,15.0,26.0,26,851210
67561,W,DOMESTIC,-84.08955999999999,40.6809,GEOCODE,ALLEN,PERRY,1999-02-17,165.0,929.2999877929688,SAND,CABLE TOOL,15.0,70.0,163.0,163,879762
67620,W,DOMESTIC,-84.07051,40.706959999999995,GEOCODE,ALLEN,PERRY,1999-02-16,75.0,921.5999755859375,GRAVEL,ROTARY,30.0,45.0,75.0,,884343
67636,W,DOMESTIC,-83.99671,40.65847,,ALLEN,AUGLAIZE,1997-10-01,102.0,954.2999877929688,LIMESTONE,ROTARY,7.0,43.0,36.0,36,851241
67665,W,DOMESTIC,-84.37324,40.707029999999996,GEOCODE,ALLEN,SPENCER,1998-01-15,57.0,829.5999755859375,LIMESTONE,CABLE TOOL,12.0,21.0,,55,855212
67693,W,DOMESTIC,-83.95164,40.7763,GEOCODE,ALLEN,JACKSON,1998-09-01,47.0,918.9000244140625,LIMESTONE,CABLE TOOL,15.0,,,28,846792
67695,W,DOMESTIC,-84.01328,40.72641,GEOCODE,ALLEN,PERRY,1998-12-03,68.0,949.0,GRAVEL,CABLE TOOL,15.0,55.0,67.0,,879755
67709,W,DOMESTIC,-84.18607999999999,40.84666,GEOCODE,ALLEN,SUGAR CREEK,1998-10-12,44.0,774.4000244140625,LIMESTONE,CABLE TOOL,8.0,12.0,,25,886250
67785,W,DOMESTIC,-83.96538,40.772749999999995,GEOCODE,ALLEN,JACKSON,1999-09-28,68.0,919.2000122070312,LIMESTONE,ROTARY,15.0,25.0,30.0,30,901864
68162,W,DOMESTIC,-84.10768,40.668569999999995,GEOCODE,ALLEN,PERRY,2001-05-11,90.0,921.2000122070312,SAND,CABLE TOOL,15.0,40.0,88.0,,916241
68190,W,DOMESTIC,-84.25671,40.81093,GEOCODE,ALLEN,MARION,2001-01-25,82.0,786.7999877929688,LIMESTONE,ROTARY,6.0,16.0,30.0,26,926946
68200,W,DOMESTIC,-84.28072999999999,40.73532,GEOCODE,ALLEN,AMANDA,2001-06-04,38.0,813.0999755859375,SHALE,CABLE TOOL,12.0,28.0,37.0,36,921662
68244,W,DOMESTIC,-84.07030999999999,40.78602,GEOCODE,ALLEN,BATH,2000-09-15,48.0,874.2000122070312,SHALE,CABLE TOOL,15.0,15.0,47.0,47,916214
68349,W,DOMESTIC,-84.02861999999999,40.725269999999995,GEOCODE,ALLEN,PERRY,2001-04-03,85.0,936.0,LIMESTONE,CABLE TOOL,16.0,50.0,49.0,47,916237
68422,W,DOMESTIC,-84.31190000000001,40.84157,GEOCODE,ALLEN,MARION,2001-11-07,154.0,773.5999755859375,LIMESTONE,ROTARY,15.0,80.0,27.0,23,935896
68423,W,DOMESTIC,-84.26238,40.843579999999996,GEOCODE,ALLEN,MARION,2001-10-22,83.0,771.7999877929688,LIMESTONE,ROTARY,12.0,10.0,27.0,24,935889
68454,W,DOMESTIC,-84.00832,40.70874,GEOCODE,ALLEN,PERRY,2001-08-30,110.0,976.7999877929688,LIMESTONE,CABLE TOOL,6.0,80.0,103.0,109,932584
68455,W,DOMESTIC,-84.08955999999999,40.681259999999995,GEOCODE,ALLEN,PERRY,2001-12-03,70.0,925.9000244140625,SHALE,CABLE TOOL,15.0,55.0,68.0,69,932598
68554,W,DOMESTIC,-84.00936999999999,40.65274,GEOCODE,ALLEN,AUGLAIZE,2001-06-15,46.0,949.5999755859375,LIMESTONE,CABLE TOOL,20.0,6.0,32.0,32,916246
68872,W,DOMESTIC,-83.91055,40.77601,GEOCODE,ALLEN,JACKSON,2002-08-14,49.0,933.7000122070312,LIMESTONE,ROTARY,15.0,25.0,32.0,27,949924
68891,W,DOMESTIC,-84.13860000000001,40.68246,GEOCODE,ALLEN,SHAWNEE,1986-09-05,343.0,866.2999877929688,LIMESTONE,,25.0,60.0,303.0,300,636267
68902,W,DOMESTIC,-84.07036,40.68463,GEOCODE,ALLEN,PERRY,1987-02-21,310.0,969.9000244140625,LIMESTONE,,15.0,82.0,301.0,297,661921
68908,W,DOMESTIC,-84.27731,40.708279999999995,GEOCODE,ALLEN,AMANDA,2002-12-02,49.0,821.0,LIMESTONE,CABLE TOOL,15.0,27.0,32.0,32,936672
68911,W,DOMESTIC,-84.17126999999999,40.79253,GEOCODE,ALLEN,AMERICAN,1991-11-18,144.0,804.2000122070312,GRAVEL,CABLE TOOL,15.0,30.0,144.0,,728573
68949,W,DOMESTIC,-83.90879,40.80505,GEOCODE,ALLEN,JACKSON,2002-08-15,70.0,924.7999877929688,LIMESTONE,ROTARY,15.0,30.0,47.0,68,947768
68966,W,DOMESTIC,-84.29952999999999,40.70022,,ALLEN,AMANDA,1996-09-11,106.0,833.4000244140625,LIMESTONE,ROTARY,10.0,30.0,46.0,46,841944
69005,W,PUBLIC/SEMI-PUB,-83.89038,40.90444,GEOCODE,ALLEN,RICHLAND,1991-07-25,80.0,817.7000122070312,LIMESTONE,ROTARY,50.0,25.0,26.0,23,725324
69010,W,DOMESTIC,-84.137649,40.690111,DIGITIZED,ALLEN,SHAWNEE,1956-08-14,46.0,867.0999755859375,SAND & GRAVEL,,12.0,30.0,46.0,,161214
69022,W,DOMESTIC,-84.21847,40.729243,DIGITIZED,ALLEN,SHAWNEE,1961-10-26,51.0,831.2999877929688,LIMESTONE,,7.0,24.0,39.0,39,264472
69023,W,DOMESTIC,-84.37915,40.707100000000004,GEOCODE,ALLEN,SPENCER,2003-03-19,108.0,828.2999877929688,LIMESTONE,ROTARY,30.0,35.0,66.0,106,956724
69043,W,DOMESTIC,-84.166849,40.732431,DIGITIZED,ALLEN,AMERICAN,1956-08-19,120.0,844.5,GRAVEL,,15.0,68.0,120.0,,166796
69100,W,,-84.123452,40.845622,DIGITIZED,ALLEN,SUGAR CREEK,1957-08-24,36.0,787.5,LIMESTONE,,9.0,8.0,19.0,14,205604
69117,W,DOMESTIC,-84.07065999999999,40.794149999999995,GEOCODE,ALLEN,BATH,1987-12-10,90.0,846.0999755859375,LIMESTONE,,8.0,25.0,30.0,27,673361
69128,W,,-84.186239,40.84325,DIGITIZED,ALLEN,SUGAR CREEK,1960-06-10,82.0,784.0999755859375,LIMESTONE,,,,23.0,23,227413
69135,W,DOMESTIC,-84.01326999999999,40.754400000000004,GEOCODE,ALLEN,BATH,2002-06-01,65.0,922.7999877929688,SAND & CLAY,CABLE TOOL,8.0,31.0,33.0,63,940809
69162,W,DOMESTIC,-84.18705899999999,40.729194,DIGITIZED,ALLEN,SHAWNEE,1965-11-01,199.0,833.2000122070312,LIMESTONE,,14.0,38.0,187.0,187,337010
69165,W,DOMESTIC,-84.035949,40.788858999999995,DIGITIZED,ALLEN,BATH,1963-07-08,72.0,882.5999755859375,LIMESTONE,,16.0,26.0,46.0,45,286093
69181,W,DOMESTIC,-84.164428,40.712756,DIGITIZED,ALLEN,SHAWNEE,1961-05-27,125.0,851.2000122070312,GRAVEL,,,66.0,125.0,,251537
69240,W,DOMESTIC,-83.89214,40.75156,GLOBAL POSITIONING SYSTEM,ALLEN,JACKSON,2003-04-12,90.0,954.4000244140625,LIMESTONE,ROTARY,25.0,25.0,28.0,88,947842
69281,W,DOMESTIC,-84.377613,40.71438,DIGITIZED,ALLEN,SPENCER,1956-05-19,65.0,824.7000122070312,LIMESTONE,,,10.0,47.0,23,141576
69330,W,DOMESTIC,-83.986915,40.694827,DIGITIZED,ALLEN,AUGLAIZE,1960-07-20,27.0,952.5,LIMESTONE,,2.0,8.0,27.0,15,244909
69374,W,DOMESTIC,-84.013,40.803166,,ALLEN,BATH,2003-09-18,67.0,882.7000122070312,LIMESTONE,ROTARY,20.0,25.0,50.0,44,965559
69379,W,MONITOR,-84.11341,40.72199,GEOCODE,ALLEN,SHAWNEE,2003-04-10,30.0,864.0999755859375,SAND & GRAVEL,AUGER,,,24.0,,951347
69392,W,DOMESTIC,-84.24266999999999,40.77663,GEOCODE,ALLEN,MARION,2003-11-20,63.0,799.9000244140625,LIMESTONE,ROTARY,15.0,12.0,32.0,59,972089
69435,W,DOMESTIC,-84.24069,40.77383,GLOBAL POSITIONING SYSTEM,ALLEN,MARION,2003-12-03,50.0,796.7000122070312,LIMESTONE,ROTARY,20.0,9.0,32.0,48,963208
69485,W,DOMESTIC,-83.99441999999999,40.80215,GEOCODE,ALLEN,BATH,2003-07-03,52.0,882.5,LIMESTONE,CABLE TOOL,5.0,24.0,44.0,50,960954
69503,W,,-84.23633,40.805,GLOBAL POSITIONING SYSTEM,ALLEN,MARION,2004-01-27,40.0,792.5999755859375,LIMESTONE,ROTARY,15.0,12.0,27.0,37,972024
69574,W,DOMESTIC,-84.319833,40.831165999999996,,ALLEN,MARION,2003-08-27,172.0,780.7000122070312,LIMESTONE,ROTARY,8.0,80.0,27.0,23,965544
69662,W,MONITOR,-84.33487,40.83143,GEOCODE,ALLEN,SHAWNEE,2003-08-28,29.0,777.2000122070312,CONCRETE,ROTARY,,,18.0,17,964843
69692,W,DOMESTIC,-84.27852,40.68628,GLOBAL POSITIONING SYSTEM,ALLEN,AMANDA,2003-11-28,64.0,857.9000244140625,SHALE,CABLE TOOL,13.0,45.0,,61,962739
69755,W,DOMESTIC,-83.91789,40.69553,GLOBAL POSITIONING SYSTEM,ALLEN,AUGLAIZE,2004-02-07,63.0,994.9000244140625,LIMESTONE,ROTARY,10.0,20.0,26.0,21,963185
69757,W,DOMESTIC,-84.10777,40.683229999999995,GEOCODE,ALLEN,PERRY,2003-07-22,125.0,901.2000122070312,SHALE & LIMESTONE,CABLE TOOL,20.0,30.0,120.0,105,947320
69768,W,DOMESTIC,-84.22287,40.72425,GEOCODE,ALLEN,SHAWNEE,2003-01-17,40.0,833.9000244140625,SHALE,,15.0,30.0,38.0,38,967468
69971,W,DOMESTIC,-84.05135,40.71353,GEOCODE,ALLEN,PERRY,2004-02-27,62.0,937.2000122070312,SHALE & LIMESTONE,CABLE TOOL,10.0,52.0,53.0,55,967471
70024,W,DOMESTIC,-84.23383,40.693329999999996,GLOBAL POSITIONING SYSTEM,ALLEN,AMANDA,2004-06-28,140.0,864.2000122070312,LIMESTONE,ROTARY,10.0,50.0,66.0,58,980838
70092,W,DOMESTIC,-84.360278,40.686389,GLOBAL POSITIONING SYSTEM,ALLEN,SPENCER,2005-02-14,90.0,864.2999877929688,LIMESTONE,CABLE TOOL,15.0,60.0,84.0,84,978617
70258,W,DOMESTIC,-83.91843999999999,40.909749999999995,,ALLEN,RICHLAND,2005-08-22,45.0,815.2000122070312,LIMESTONE,ROTARY,20.0,15.0,36.0,40,971560
70424,W,MONITOR,-84.15155999999999,40.70552,GEOCODE,ALLEN,SHAWNEE,2005-07-18,15.0,833.2999877929688,,AUGER,,3.0,14.0,,996260
70489,W,DOMESTIC,-84.002393,40.745425,DIGITIZED,ALLEN,BATH,1961-01-21,46.0,914.0999755859375,LIMESTONE,,5.0,28.0,26.0,26,208729
70495,W,DOMESTIC,-83.96177999999999,40.73658,GLOBAL POSITIONING SYSTEM,ALLEN,JACKSON,2005-09-03,55.0,959.7999877929688,,ROTARY,30.0,34.0,48.0,53,990623
70506,W,DOMESTIC,-84.137649,40.690111,DIGITIZED,ALLEN,SHAWNEE,1954-09-04,42.0,867.0999755859375,GRAVEL,,14.0,33.0,42.0,,139806
70521,W,DOMESTIC,-84.090329,40.664876,DIGITIZED,ALLEN,PERRY,1954-06-15,85.0,964.7000122070312,SAND,,5.0,72.0,85.0,,132669
70633,W,DOMESTIC,-84.019363,40.789366,DIGITIZED,ALLEN,BATH,1957-03-03,62.0,881.2000122070312,LIMESTONE,,5.0,18.0,47.0,47,174097
70634,W,DOMESTIC,-84.08998799999999,40.850314,DIGITIZED,ALLEN,MONROE,1961-09-28,46.0,802.0,LIMESTONE,,10.0,18.0,42.0,41,208745
70656,W,DOMESTIC,-84.28694,40.8575,GLOBAL POSITIONING SYSTEM,ALLEN,MARION,2006-04-11,63.0,759.9000244140625,LIMESTONE,AIR ROTARY,2.0,18.0,27.0,18,2002191
70705,W,DOMESTIC,-84.245,40.728609999999996,GLOBAL POSITIONING SYSTEM,ALLEN,AMANDA,2006-04-28,42.0,827.0,SHALE,CABLE TOOL,10.0,20.0,40.0,41,997880
70706,W,DOMESTIC,-84.18833,40.74417,GLOBAL POSITIONING SYSTEM,ALLEN,AMERICAN,2006-03-22,40.0,803.2999877929688,SANDSTONE & SHALE,CABLE TOOL,20.0,20.0,32.0,39,997874
70772,W,DOMESTIC,-84.24196599999999,40.708241,DIGITIZED,ALLEN,AMANDA,1960-06-10,39.0,829.7999877929688,GRAVEL,,,,39.0,,184693
70891,W,DOMESTIC,-83.928732,40.903054,DIGITIZED,ALLEN,RICHLAND,1952-11-24,58.0,809.5999755859375,LIMESTONE,,15.0,25.0,20.0,18,95773
70892,W,DOMESTIC,-84.169788,40.708855,DIGITIZED,ALLEN,SHAWNEE,1954-01-25,60.0,869.5,GRAVEL,,,48.0,60.0,,94350
70976,W,,-84.025194,40.817504,DIGITIZED,ALLEN,BATH,1962-03-29,58.0,857.4000244140625,LIMESTONE,,20.0,9.0,32.0,32,266472
71127,W,DOMESTIC,-84.382222,40.711110999999995,GLOBAL POSITIONING SYSTEM,ALLEN,SPENCER,2006-08-29,88.0,825.2000122070312,LIMESTONE,AIR ROTARY,30.0,20.0,64.0,86,2004818
71148,W,DOMESTIC,-83.99803399999999,40.749671,,ALLEN,BATH,2006-08-23,250.0,929.0,LIMESTONE,ROTARY,200.0,26.0,38.0,33,1004696
71193,W,DOMESTIC,-84.114387,40.782618,DIGITIZED,ALLEN,AMERICAN,1952-12-12,85.0,844.7000122070312,LIMESTONE,,,15.0,43.0,39,40834
71195,W,DOMESTIC,-84.164428,40.712756,DIGITIZED,ALLEN,SHAWNEE,1960-12-12,98.0,851.2000122070312,GRAVEL,,8.0,76.0,98.0,,245878
71205,W,DOMESTIC,-84.158887,40.723789,DIGITIZED,ALLEN,SHAWNEE,1956-11-15,85.0,867.0999755859375,SAND & GRAVEL,,10.0,68.0,82.0,,145261
71264,W,DOMESTIC,-84.137649,40.690111,DIGITIZED,ALLEN,SHAWNEE,1955-05-23,195.0,867.0999755859375,LIMESTONE,,15.0,30.0,128.0,128,139841
71270,W,DOMESTIC,-84.001712,40.745445,DIGITIZED,ALLEN,BATH,1961-05-31,60.0,914.0999755859375,LIMESTONE,,20.0,19.0,19.0,19,245595
71288,W,DOMESTIC,-84.117753,40.785895,DIGITIZED,ALLEN,AMERICAN,1957-10-02,59.0,830.7999877929688,LIMESTONE,,8.0,22.0,25.0,25,192877
71289,W,DOMESTIC,-83.981792,40.779019,DIGITIZED,ALLEN,JACKSON,1963-06-25,54.0,902.0999755859375,LIMESTONE,,16.0,22.0,26.0,25,286089
71290,W,DOMESTIC,-84.134439,40.690667999999995,DIGITIZED,ALLEN,SHAWNEE,1964-04-25,86.0,868.4000244140625,SAND & GRAVEL,,10.0,39.0,86.0,,308807
71768,W,DOMESTIC,-83.9753,40.694666999999995,,ALLEN,AUGLAIZE,2007-07-11,50.0,950.2999877929688,LIMESTONE,ROTARY,20.0,16.0,38.0,38,1007144
71930,W,MONITOR,-84.33916699999999,40.846833,MAP-OTHERS,ALLEN,MARION,2007-05-02,13.0,769.5999755859375,SHALE,AUGER,,0.0,5.0,10,2010312
72252,W,DOMESTIC,-84.28013,40.748129999999996,GLOBAL POSITIONING SYSTEM,ALLEN,AMANDA,2006-02-14,35.0,812.2999877929688,SAND & GRAVEL,CABLE TOOL,15.0,15.0,31.0,32,962761
72644,W,DOMESTIC,-84.06639,40.71667,,ALLEN,PERRY,2009-01-02,55.0,911.5,SHALE,CABLE TOOL,20.0,40.0,53.0,54,1011858
72768,W,DOMESTIC,-84.316667,40.853333,GLOBAL POSITIONING SYSTEM,ALLEN,MARION,2008-10-07,63.0,764.7999877929688,LIMESTONE,AIR ROTARY,6.0,18.0,26.0,19,2020029
72769,W,DOMESTIC,-83.87980999999999,40.69246,GEOCODE,ALLEN,AUGLAIZE,2008-06-30,82.0,996.9000244140625,LIMESTONE,AIR ROTARY,40.0,12.0,35.0,81,2018098
72821,W,DOMESTIC,-83.91,40.86,GLOBAL POSITIONING SYSTEM,ALLEN,RICHLAND,2009-10-02,60.0,857.2999877929688,LIMESTONE,AIR ROTARY,3.0,18.0,32.0,29,2025616
72905,W,DOMESTIC,-84.03200000000001,40.64563,,ALLEN,PERRY,2009-09-24,40.0,927.2999877929688,,ROTARY,25.0,15.0,40.0,,1007295
72991,W,DOMESTIC,-84.30282,40.70762,GEOCODE,ALLEN,SPENCER,2008-06-27,30.0,815.2999877929688,SHALE,CABLE TOOL,20.0,8.0,28.0,28,1005877
73119,W,MONITOR,-84.10300000000001,40.73713,GLOBAL POSITIONING SYSTEM,ALLEN,AMANDA,2008-01-22,13.0,851.7999877929688,CLAY,AUGER,,0.0,3.0,,2014877
73139,W,DOMESTIC,-84.230278,40.695833,,ALLEN,AMANDA,2007-07-16,64.0,864.0,SHALE,CABLE TOOL,15.0,40.0,63.0,63,1005854
73140,W,DOMESTIC,-84.22916699999999,40.771389,,ALLEN,AMANDA,2008-04-23,30.0,804.0999755859375,SHALE,CABLE TOOL,20.0,15.0,28.0,29,1005872
73323,W,DOMESTIC,-83.985,40.696667,GLOBAL POSITIONING SYSTEM,ALLEN,AUGLAIZE,2012-02-03,89.0,945.5999755859375,LIMESTONE,AIR ROTARY,40.0,10.0,38.0,32,2036715
73329,W,DOMESTIC,-83.93777999999999,40.782000000000004,,ALLEN,JACKSON,2010-03-31,60.0,936.0,LIMESTONE,ROTARY,30.0,30.0,46.0,57,1013416
73339,W,DOMESTIC,-84.25800000000001,40.739833,GLOBAL POSITIONING SYSTEM,ALLEN,AMANDA,2010-09-01,50.0,819.9000244140625,LIMESTONE,AIR ROTARY,15.0,28.0,44.0,48,2028739
73380,W,AGRIC/IRRIG,-84.07000000000001,40.709666999999996,GLOBAL POSITIONING SYSTEM,ALLEN,PERRY,2010-08-17,300.0,913.0,LIMESTONE,AIR ROTARY,80.0,60.0,94.0,82,2028444
73436,W,DOMESTIC,-83.975183,40.821549999999995,,ALLEN,RICHLAND,2011-09-01,35.0,873.0999755859375,LIMESTONE,CABLE TOOL,12.0,18.0,28.0,26,1013041
73598,W,DOMESTIC,-84.185817,40.839683,,ALLEN,SUGAR CREEK,2012-10-24,240.0,783.4000244140625,LIMESTONE,ROTARY,20.0,18.0,80.0,80,1016878
73770,W,DOMESTIC,-84.391,40.690332999999995,GLOBAL POSITIONING SYSTEM,ALLEN,SPENCER,2011-09-16,103.0,854.2999877929688,LIMESTONE,AIR ROTARY,30.0,40.0,73.0,98,2034475
73799,W,DOMESTIC,-84.0588,40.71655,,ALLEN,PERRY,2012-06-22,100.0,920.4000244140625,LIMESTONE,ROTARY,20.0,51.0,57.0,57,1016885
73845,W,DOMESTIC,-84.14989,40.6622,GLOBAL POSITIONING SYSTEM,ALLEN,SHAWNEE,2013-10-22,84.0,873.5999755859375,SAND & GRAVEL,ROTARY,15.0,24.400000000000002,80.0,,2045170
73904,W,,-84.242778,40.725,,ALLEN,AMANDA,2013-04-03,50.0,835.5999755859375,,CABLE TOOL,12.0,30.0,48.0,48,1016363
73985,W,OTHER,-84.17678,40.723884999999996,GLOBAL POSITIONING SYSTEM,ALLEN,SHAWNEE,2015-06-09,220.0,817.2999877929688,LIMESTONE,ROTARY,260.0,24.0,30.0,22,2052887
73990,W,DOMESTIC,-83.993267,40.713417,GLOBAL POSITIONING SYSTEM,ALLEN,AUGLAIZE,2014-11-13,112.0,981.2999877929688,GRAVEL & LIMESTONE,ROTARY,12.0,53.0,112.0,,1017869
73992,W,MONITOR,-84.076833,40.730833,GLOBAL POSITIONING SYSTEM,ALLEN,PERRY,2015-09-02,15.300000190734863,882.5,CLAY,GEOPROBE,,6.5,5.3,,2053670
74168,W,DOMESTIC,-84.041389,40.656110999999996,GLOBAL POSITIONING SYSTEM,ALLEN,PERRY,2014-09-23,80.0,925.9000244140625,SHALE,CABLE TOOL,15.0,30.0,78.0,78,1018034
74197,W,DOMESTIC,-84.23487,40.695471,GLOBAL POSITIONING SYSTEM,ALLEN,AMANDA,2015-11-24,63.0,,LIMESTONE,ROTARY,10.0,23.0,60.0,60,1018691
74245,W,DOMESTIC,-84.26173399999999,40.722592999999996,GLOBAL POSITIONING SYSTEM,ALLEN,AMANDA,2016-06-17,138.0,,LIMESTONE,AIR ROTARY,10.0,40.0,44.0,40,2057705
74266,W,DOMESTIC,-83.91958799999999,40.680968,GLOBAL POSITIONING SYSTEM,ALLEN,AUGLAIZE,2014-10-10,60.0,1006.4000244140625,LIMESTONE,ROTARY,12.0,19.0,37.0,57,1017874
74275,W,DOMESTIC,-83.994624,40.79197,GLOBAL POSITIONING SYSTEM,ALLEN,BATH,2017-04-28,80.0,,LIMESTONE,AIR ROTARY,40.0,30.0,48.0,40,2062169
74318,W,DOMESTIC,-84.0531,40.86505,GLOBAL POSITIONING SYSTEM,ALLEN,MONROE,2014-02-10,120.0,793.0,LIMESTONE,ROTARY,10.0,18.0,27.0,117,1017838
74525,W,DOMESTIC,-84.012733,40.734649999999995,GLOBAL POSITIONING SYSTEM,ALLEN,BATH,2016-11-29,100.0,,LIMESTONE,ROTARY,25.0,35.0,53.0,53,1019641
74528,W,MONITOR,-84.04043999999999,40.788959999999996,GLOBAL POSITIONING SYSTEM,ALLEN,BATH,2017-08-22,6.0,,,GEOPROBE,,,4.0,,2064414
74601,W,DOMESTIC,-83.90159,40.8997,GEOCODE,ALLEN,RICHLAND,1991-05-12,105.0,825.9000244140625,LIMESTONE,,10.0,30.0,26.0,23,725305
74661,W,DOMESTIC,-84.24262999999999,40.7738,GLOBAL POSITIONING SYSTEM,ALLEN,MARION,2018-01-09,80.0,,LIMESTONE,AIR ROTARY,15.0,8.0,32.0,27,2067610
74705,W,DOMESTIC,-83.943033,40.751132999999996,GLOBAL POSITIONING SYSTEM,ALLEN,JACKSON,2020-03-05,70.0,,LIMESTONE,MUD/AIR ROTARY,20.0,30.0,46.0,,2078863
74803,W,DOMESTIC,-84.08115,40.817583,DIGITAL MAP,ALLEN,MONROE,2018-03-08,43.0,,LIMESTONE,ROTARY,20.0,17.0,39.0,39,1020313
74969,W,MUNICIPAL,-84.3524,40.715677,GLOBAL POSITIONING SYSTEM,ALLEN,SPENCER,2019-09-11,252.0,,LIMESTONE,ROTARY,600.0,22.400000000000002,55.0,,2076119
75077,W,DOMESTIC,-83.99018,40.74559,GEOCODE,ALLEN,JACKSON,1995-12-01,105.0,927.7000122070312,LIMESTONE,ROTARY,8.0,28.0,45.0,42,828328
75163,W,DOMESTIC,-84.28116,40.80037,GLOBAL POSITIONING SYSTEM,ALLEN,MARION,2017-10-26,100.0,,LIMESTONE,AIR ROTARY,12.0,40.0,27.0,20,2065374
75256,W,DOMESTIC,-83.992133,40.786215999999996,GLOBAL POSITIONING SYSTEM,ALLEN,JACKSON,2017-12-18,75.0,,LIMESTONE,ROTARY,15.0,48.0,64.0,64,1020321
75258,W,DOMESTIC,-84.12476699999999,40.664249999999996,GLOBAL POSITIONING SYSTEM,ALLEN,SHAWNEE,2019-04-23,55.0,,LIMESTONE,MUD/AIR ROTARY,10.0,10.0,47.0,,2073293
75267,W,DOMESTIC,-83.93763299999999,40.884867,GLOBAL POSITIONING SYSTEM,ALLEN,RICHLAND,2020-04-10,50.0,,LIMESTONE,MUD/AIR ROTARY,20.0,20.0,31.0,,2079184
75360,W,DOMESTIC,-84.26185,40.734069999999996,GLOBAL POSITIONING SYSTEM,ALLEN,AMANDA,2020-01-27,38.5,,LIMESTONE,ROTARY,15.0,18.0,38.0,,2077892
75393,W,AGRIC/IRRIG,-83.897216,40.689566,GLOBAL POSITIONING SYSTEM,ALLEN,AUGLAIZE,2017-08-21,120.0,,LIMESTONE,ROTARY,80.0,12.0,30.0,30,1020275
75408,W,DOMESTIC,-83.92191799999999,40.902426,DIGITIZED,ALLEN,RICHLAND,1959-09-12,70.0,813.2000122070312,LIMESTONE,,7.0,18.0,25.0,68,244955
75409,W,DOMESTIC,-84.1847,40.70661,GEOCODE,ALLEN,SHAWNEE,1985-09-04,243.0,870.2999877929688,LIMESTONE,,15.0,78.0,220.0,117,629987
75413,W,DOMESTIC,-84.31943,40.735644,DIGITIZED,ALLEN,AMANDA,1960-08-16,33.0,806.7999877929688,LIMESTONE,,20.0,12.0,33.0,31,227434
75414,W,DOMESTIC,-84.09212,40.82808,GEOCODE,ALLEN,MONROE,1995-09-19,102.0,811.2999877929688,LIMESTONE,ROTARY,2.0,18.0,25.0,25,822272
75415,W,DOMESTIC,-84.169788,40.708855,DIGITIZED,ALLEN,SHAWNEE,1954-07-08,60.0,869.5,GRAVEL,,15.0,48.0,60.0,,123527
75416,W,DOMESTIC,-83.901232,40.893304,DIGITIZED,ALLEN,RICHLAND,1956-06-16,62.0,823.7999877929688,LIMESTONE,,,12.0,19.0,60,161662
75418,W,DOMESTIC,-84.26593,40.7653,GEOCODE,ALLEN,AMANDA,1995-01-24,26.0,801.2999877929688,GRAVEL,CABLE TOOL,20.0,15.0,26.0,,800627
75421,W,DOMESTIC,-84.007035,40.745424,DIGITIZED,ALLEN,BATH,1958-10-25,48.0,914.2000122070312,LIMESTONE,,8.0,16.0,21.0,21,220152
75423,W,DOMESTIC,-84.164428,40.712756,DIGITIZED,ALLEN,SHAWNEE,1962-12-27,106.0,851.2000122070312,GRAVEL,,10.0,57.0,106.0,70,274629
75424,W,DOMESTIC,-84.18927,40.68631,GEOCODE,ALLEN,SHAWNEE,1981-08-06,160.0,843.7999877929688,LIMESTONE,,30.0,28.0,75.0,72,651911
75425,W,DOMESTIC,-84.13761,40.68671,,ALLEN,SHAWNEE,1972-08-29,215.0,865.5999755859375,LIMESTONE,,30.0,62.0,172.0,167,451064
75426,W,,-84.14193,40.68642,,ALLEN,SHAWNEE,1977-08-04,53.0,865.0999755859375,SAND & GRAVEL,,30.0,39.0,50.0,,534114
75427,W,DOMESTIC,-83.93287,40.869769999999995,GEOCODE,ALLEN,RICHLAND,1990-06-11,40.0,843.7999877929688,LIMESTONE,CABLE TOOL,9.0,24.0,35.0,33,698972
75431,W,DOMESTIC,-84.080503,40.655803,DIGITIZED,ALLEN,PERRY,1960-02-14,109.0,934.2999877929688,SAND & GRAVEL,,5.0,40.0,109.0,,208714
75432,W,DOMESTIC,-84.01325,40.80126,GEOCODE,ALLEN,BATH,1986-10-01,46.0,878.0999755859375,LIMESTONE,,15.0,19.0,46.0,41,636271
75433,W,DOMESTIC,-84.01326,40.80233,GEOCODE,ALLEN,BATH,1993-12-15,63.0,879.5999755859375,LIMESTONE,ROTARY,30.0,23.0,50.0,45,786552
75436,W,DOMESTIC,-84.10844,40.68647,,ALLEN,SHAWNEE,1995-03-22,46.0,891.0,GRAVEL,CABLE TOOL,15.0,30.0,46.0,,800634
75437,W,DOMESTIC,-84.18645,40.7256,GEOCODE,ALLEN,SHAWNEE,1989-07-28,60.0,835.2999877929688,LIMESTONE,ROTARY,7.0,27.0,54.0,50,700164
75438,W,DOMESTIC,-84.20383,40.817589999999996,GEOCODE,ALLEN,SUGAR CREEK,1988-09-21,66.0,787.2000122070312,LIMESTONE,,20.0,12.0,66.0,60,690118
75439,W,DOMESTIC,-84.13785,40.682469999999995,GEOCODE,ALLEN,SHAWNEE,1975-12-20,60.0,867.0999755859375,GRAVEL,,15.0,45.0,60.0,,511828
75440,W,DOMESTIC,-84.25153999999999,40.687419999999996,,ALLEN,AMANDA,1990-04-30,142.0,855.2000122070312,LIMESTONE,ROTARY,8.0,35.0,48.0,48,707315
75443,W,DOMESTIC,-83.99423999999999,40.7768,GEOCODE,ALLEN,BATH,1989-08-17,158.0,909.2000122070312,LIMESTONE,ROTARY,4.0,50.0,49.0,49,700262
75444,W,DOMESTIC,-84.28134999999999,40.824051,DIGITIZED,ALLEN,MARION,1963-05-18,89.0,772.0999755859375,LIMESTONE,,3.0,7.0,18.0,18,284488
75445,W,DOMESTIC,-84.17654999999999,40.79905,GEOCODE,ALLEN,AMERICAN,1996-07-19,134.0,803.7000122070312,LIMESTONE,ROTARY,15.0,25.0,123.0,123,842023
75447,W,DOMESTIC,-84.21454,40.81494,GEOCODE,ALLEN,SUGAR CREEK,1992-04-08,60.0,791.4000244140625,LIMESTONE,ROTARY,20.0,17.0,29.0,26,745257
75448,W,DOMESTIC,-84.17904999999999,40.80533,GEOCODE,ALLEN,SUGAR CREEK,1992-09-02,160.0,795.2999877929688,LIMESTONE,ROTARY,50.0,16.0,97.0,94,755162
75451,W,DOMESTIC,-84.09406,40.801939999999995,GEOCODE,ALLEN,BATH,1991-05-24,35.0,826.9000244140625,GRAVEL,CABLE TOOL,6.0,28.0,35.0,,728553
75452,W,DOMESTIC,-84.38752,40.71121,GEOCODE,ALLEN,SPENCER,1995-05-23,110.0,825.0999755859375,LIMESTONE,ROTARY,8.0,30.0,58.0,58,811927
75456,W,DOMESTIC,-83.9163,40.792629999999996,GEOCODE,ALLEN,JACKSON,1990-09-13,41.0,928.5,LIMESTONE,CABLE TOOL,20.0,17.0,29.0,12,716902
75457,W,DOMESTIC,-83.89509,40.702839999999995,GEOCODE,ALLEN,AUGLAIZE,1991-10-14,63.0,997.0,LIMESTONE,ROTARY,12.0,14.0,32.0,32,741797
75458,W,DOMESTIC,-84.203417,40.697616,DIGITIZED,ALLEN,SHAWNEE,1955-07-15,80.0,878.5,GRAVEL & SAND,,7.0,40.0,80.0,,159553
75459,W,DOMESTIC,-84.16556299999999,40.732365,DIGITIZED,ALLEN,AMERICAN,1956-04-26,64.0,844.5,GRAVEL,,10.0,42.0,64.0,,166780
75460,W,DOMESTIC,-84.208878,40.762513,DIGITIZED,ALLEN,AMERICAN,1963-11-30,34.0,804.7999877929688,LIMESTONE,,10.0,20.0,29.0,28,291145
75462,W,DOMESTIC,-84.31979,40.83168,GEOCODE,ALLEN,MARION,1992-12-21,58.0,780.0,LIMESTONE,ROTARY,12.0,18.0,25.0,25,758047
75463,W,DOMESTIC,-84.32063,40.83492,GEOCODE,ALLEN,MARION,1993-02-10,59.0,775.4000244140625,LIMESTONE,ROTARY,10.0,22.0,25.0,25,758012
75464,W,DOMESTIC,-83.95491799999999,40.680962,DIGITIZED,ALLEN,AUGLAIZE,1964-09-21,50.0,974.9000244140625,LIMESTONE,,20.0,8.0,27.0,27,319412
75465,W,DOMESTIC,-84.05686999999999,40.68784,,ALLEN,PERRY,1995-09-28,116.0,941.9000244140625,LIMESTONE,ROTARY,10.0,49.0,93.0,88,821901
75466,W,DOMESTIC,-84.02652599999999,40.810606,DIGITIZED,ALLEN,BATH,1956-10-18,59.0,859.7000122070312,LIMESTONE,,9.0,12.0,33.0,31,154722
75467,W,DOMESTIC,-84.16667,40.82749,GEOCODE,ALLEN,SUGAR CREEK,1993-06-18,147.0,790.5,GRAVEL,ROTARY,30.0,9.0,147.0,,767884
75468,W,DOMESTIC,-84.141001,40.690576,DIGITIZED,ALLEN,SHAWNEE,1956-07-26,43.0,866.7000122070312,GRAVEL,,10.0,32.0,43.0,,181706
75474,W,DOMESTIC,-84.06727,40.702349999999996,GEOCODE,ALLEN,PERRY,1985-10-01,107.0,931.5999755859375,LIMESTONE,,10.0,50.0,73.0,73,649699
75475,W,DOMESTIC,-84.10842,40.695989999999995,GEOCODE,ALLEN,PERRY,1976-10-27,45.0,886.2999877929688,GRAVEL,,15.0,33.0,45.0,,511870
75476,W,DOMESTIC,-83.993021,40.745279,DIGITIZED,ALLEN,JACKSON,1963-05-14,63.0,931.5999755859375,LIMESTONE,,18.0,27.0,50.0,50,286078
75477,W,DOMESTIC,-84.19413999999999,40.81662,,ALLEN,SUGAR CREEK,1993-10-22,67.0,788.9000244140625,GRAVEL,ROTARY,25.0,17.0,67.0,,776164
75478,W,DOMESTIC,-84.16575999999999,40.80619,GEOCODE,ALLEN,SUGAR CREEK,1995-09-05,30.0,799.0,LIMESTONE,CABLE TOOL,15.0,15.0,26.0,26,812354
75479,W,DOMESTIC,-84.13806,40.72652,GEOCODE,ALLEN,SHAWNEE,1986-01-18,268.0,873.2000122070312,LIMESTONE,,15.0,133.0,253.0,192,651914
75484,W,,-84.10484,40.70834,,ALLEN,PERRY,1960-10-07,42.0,891.7000122070312,,,10.0,14.0,42.0,,250912
75485,W,DOMESTIC,-84.22350999999999,40.78291,,ALLEN,AMERICAN,1986-11-20,87.0,804.2000122070312,LIMESTONE,,15.0,14.0,26.0,23,661904
75487,W,DOMESTIC,-83.91887,40.90233,GEOCODE,ALLEN,RICHLAND,1991-10-24,141.0,812.0,LIMESTONE,ROTARY,4.0,25.0,27.0,22,740418
75488,W,DOMESTIC,-84.13687999999999,40.673988,DIGITIZED,ALLEN,SHAWNEE,1957-01-06,83.0,877.2999877929688,GRAVEL,,7.0,34.0,83.0,,174089
75491,W,DOMESTIC,-84.16924999999999,40.779775,DIGITIZED,ALLEN,AMERICAN,1955-08-07,42.0,822.0999755859375,GRAVEL,,10.0,27.0,42.0,,159554
75496,W,DOMESTIC,-83.9899,40.778659999999995,GEOCODE,ALLEN,JACKSON,1995-12-01,57.0,910.0999755859375,LIMESTONE,CABLE TOOL,30.0,,42.0,40,818006
75497,W,DOMESTIC,-84.17605999999999,40.765589999999996,GEOCODE,ALLEN,AMERICAN,1988-01-20,70.0,819.7999877929688,GRAVEL,,10.0,28.0,70.0,,680932
75498,W,DOMESTIC,-84.14674,40.6865,GEOCODE,ALLEN,SHAWNEE,1986-09-10,223.0,856.9000244140625,LIMESTONE,,10.0,36.0,206.0,203,636269
75499,W,DOMESTIC,-84.147562,40.692561,DIGITIZED,ALLEN,SHAWNEE,1961-08-12,48.0,855.5999755859375,GRAVEL,,12.0,38.0,,24,222287
75504,W,DOMESTIC,-84.091292,40.831159,DIGITIZED,ALLEN,MONROE,1956-08-14,42.0,809.0,LIMESTONE,,10.0,18.0,23.0,21,176895
75505,W,DOMESTIC,-84.08751,40.68981,GEOCODE,ALLEN,PERRY,1993-09-27,65.0,921.7999877929688,GRAVEL,CABLE TOOL,15.0,50.0,65.0,,773737
75506,W,DOMESTIC,-84.0128,40.64819,GEOCODE,ALLEN,PERRY,1996-04-22,43.0,948.0999755859375,SAND & GRAVEL,CABLE TOOL,15.0,15.0,43.0,42,820009
75507,W,PUBLIC/SEMI-PUB,-83.97500000000001,40.830732,DIGITIZED,ALLEN,RICHLAND,1955-02-05,59.0,864.9000244140625,,,,,38.0,,144604
75508,W,DOMESTIC,-84.03143,40.762969999999996,GEOCODE,ALLEN,BATH,1990-07-10,100.0,889.5,LIMESTONE,ROTARY,4.0,15.0,,45,707288
75509,W,,-84.18781299999999,40.840244,DIGITIZED,ALLEN,SUGAR CREEK,1957-06-08,66.0,781.5,LIMESTONE,,5.0,15.0,22.0,63,154730
75510,W,DOMESTIC,-84.147562,40.692561,DIGITIZED,ALLEN,SHAWNEE,1953-12-12,254.0,855.5999755859375,LIMESTONE,,7.0,30.0,186.0,190,115270
75511,W,DOMESTIC,-84.147562,40.692561,DIGITIZED,ALLEN,SHAWNEE,1955-05-17,40.0,855.5999755859375,GRAVEL,,12.0,28.0,40.0,,141820
75515,W,DOMESTIC,-84.118034,40.788168999999996,DIGITIZED,ALLEN,AMERICAN,1962-09-15,140.0,829.7999877929688,LIMESTONE,,8.0,40.0,27.0,26,286052
75516,W,DOMESTIC,-84.309874,40.843084,DIGITIZED,ALLEN,MARION,1961-06-26,86.0,772.9000244140625,LIMESTONE,,7.0,23.0,21.0,21,264456
75517,W,MONITOR,-84.11354999999999,40.74255,,ALLEN,AMERICAN,1994-04-29,24.0,888.9000244140625,GRAVEL & CLAY,AUGER,,,,,791662
75518,W,DOMESTIC,-84.15171,40.712869999999995,GEOCODE,ALLEN,SHAWNEE,1983-02-03,242.0,864.7000122070312,LIMESTONE,,12.0,81.0,224.0,224,618573
75525,W,PUBLIC/SEMI-PUB,-83.95916,40.67597,GEOCODE,ALLEN,AUGLAIZE,1993-11-05,105.0,993.0999755859375,LIMESTONE,ROTARY,10.0,23.0,68.0,65,776158
75526,W,DOMESTIC,-84.23338,40.77419,GEOCODE,ALLEN,MARION,1990-03-19,31.0,803.7999877929688,GRAVEL,CABLE TOOL,6.0,12.0,31.0,,704879
75529,W,DOMESTIC,-83.97568799999999,40.825175,DIGITIZED,ALLEN,RICHLAND,1952-10-08,52.0,871.4000244140625,LIMESTONE,,20.0,10.0,34.0,34,100613
75530,W,DOMESTIC,-83.91745999999999,40.877579999999995,GEOCODE,ALLEN,RICHLAND,1994-05-15,122.0,837.0,LIMESTONE,ROTARY,4.0,50.0,26.0,24,786593
75537,W,DOMESTIC,-84.04656,40.86841,GEOCODE,ALLEN,MONROE,1984-02-20,72.0,798.0999755859375,LIMESTONE,,7.0,13.0,29.0,24,650752
75538,W,DOMESTIC,-84.25881,40.823879999999996,GEOCODE,ALLEN,MARION,1984-06-04,46.0,789.0,LIMESTONE,,5.0,8.0,25.0,25,630703
75539,W,DOMESTIC,-84.15612999999999,40.68627,,ALLEN,SHAWNEE,1992-03-31,120.0,857.5999755859375,GRAVEL,CABLE TOOL,20.0,25.0,120.0,,746136
75541,W,DOMESTIC,-83.91547,40.87733,GEOCODE,ALLEN,RICHLAND,1992-11-18,92.0,843.7999877929688,LIMESTONE,CABLE TOOL,,,24.0,62,723795
75542,W,DOMESTIC,-84.137649,40.690111,DIGITIZED,ALLEN,SHAWNEE,1955-06-04,225.0,867.0999755859375,LIMESTONE,,15.0,23.0,155.0,158,139843
75543,W,DOMESTIC,-84.163308,40.699897,DIGITIZED,ALLEN,SHAWNEE,1954-02-12,58.0,843.7000122070312,GRAVEL,,,,58.0,,121416
75545,W,DOMESTIC,-84.05206,40.87372,GEOCODE,ALLEN,MONROE,1981-05-06,34.0,789.0,LIMESTONE,,17.0,14.0,25.0,25,600980
75546,W,CONSTRUCTION,-84.083255,40.702588,DIGITIZED,ALLEN,PERRY,1964-07-15,53.0,907.9000244140625,GRAVEL,,,29.0,53.0,,306228
75547,W,DOMESTIC,-84.074186,40.774015,DIGITIZED,ALLEN,BATH,1964-05-10,84.0,878.0999755859375,LIMESTONE,,10.0,,38.0,46,279879
75548,W,DOMESTIC,-84.16105999999999,40.6865,,ALLEN,SHAWNEE,1988-04-07,278.0,854.9000244140625,LIMESTONE,,15.0,22.0,268.0,265,673396
75549,W,DOMESTIC,-84.10839,40.682382,DIGITIZED,ALLEN,SHAWNEE,1956-06-16,47.0,898.2000122070312,GRAVEL,,16.0,23.0,44.0,,159567
75550,W,DOMESTIC,-84.134439,40.690667999999995,DIGITIZED,ALLEN,SHAWNEE,1958-11-14,48.0,868.4000244140625,GRAVEL,,8.0,33.0,48.0,,220155
75553,W,DOMESTIC,-84.166849,40.732431,DIGITIZED,ALLEN,AMERICAN,1956-09-21,58.0,844.5,GRAVEL,,10.0,40.0,58.0,,187851
75554,W,DOMESTIC,-84.165724,40.762768,DIGITIZED,ALLEN,AMERICAN,1962-03-23,158.0,817.0,SAND & GRAVEL,,20.0,40.0,159.0,,279853
78561,W,DOMESTIC,-84.04567999999999,40.80583,GEOCODE,ALLEN,BATH,1997-03-03,42.0,853.2999877929688,CLAY & SAND,CABLE TOOL,8.0,,42.0,,846763
80513,W,,-84.08742,40.831483999999996,DIGITIZED,ALLEN,MONROE,1950-04-08,33.0,812.4000244140625,LIMESTONE,,,,27.0,24,56717
80523,W,,-83.898189,40.822542999999996,DIGITIZED,ALLEN,RICHLAND,1949-03-15,67.0,896.0,LIMESTONE,,,24.0,39.0,36,38984
80524,W,,-84.159654,40.722145999999995,DIGITIZED,ALLEN,SHAWNEE,1948-10-23,190.0,856.5999755859375,LIMESTONE,,16.0,65.0,153.0,152,49526
80531,W,,-84.13548999999999,40.828775,DIGITIZED,ALLEN,SUGAR CREEK,1947-09-29,76.0,788.0,LIMESTONE,,8.0,64.0,27.0,24,5851
82462,W,COMMERCIAL,-84.24210000000001,40.71413,,ALLEN,AMANDA,1997-02-24,73.0,825.2999877929688,LIMESTONE,CABLE TOOL,10.0,18.0,35.0,35,824325
82470,W,DOMESTIC,-84.05127,40.695389999999996,GEOCODE,ALLEN,PERRY,1997-01-07,95.0,934.7000122070312,LIMESTONE,CABLE TOOL,4.0,52.0,63.0,63,839980
82471,W,DOMESTIC,-84.03187,40.65133,GEOCODE,ALLEN,PERRY,1996-11-20,70.0,927.5999755859375,LIMESTONE,ROTARY,12.0,15.0,32.0,32,851154
82472,W,DOMESTIC,-84.18656,40.69334,GEOCODE,ALLEN,SHAWNEE,1996-08-07,56.0,856.5999755859375,GRAVEL,CABLE TOOL,15.0,30.0,56.0,,839958
82588,W,DOMESTIC,-83.92296999999999,40.761019999999995,GEOCODE,ALLEN,JACKSON,1998-06-02,65.0,942.9000244140625,LIMESTONE,ROTARY,15.0,35.0,26.0,26,866875
82590,W,DOMESTIC,-83.99815,40.658429999999996,GEOCODE,ALLEN,AUGLAIZE,1999-08-17,129.0,952.9000244140625,LIMESTONE,ROTARY,20.0,35.0,40.0,36,899127
82650,W,DOMESTIC,-84.01299,40.71628,,ALLEN,PERRY,1997-08-01,58.0,954.2000122070312,SAND/GRAVEL/SHALE,CABLE TOOL,7.0,,58.0,,846775
82653,W,DOMESTIC,-84.32175,40.83499,GEOCODE,ALLEN,MARION,1997-10-21,60.0,775.5,LIMESTONE,ROTARY,10.0,12.0,26.0,21,867874
82720,W,DOMESTIC,-83.90835,40.794109999999996,GEOCODE,ALLEN,JACKSON,1997-10-10,60.0,939.0,LIMESTONE,ROTARY,30.0,28.0,36.0,36,851246
82741,W,DOMESTIC,-84.16469,40.66453,GEOCODE,ALLEN,SHAWNEE,1998-01-05,45.0,864.0999755859375,GRAVEL,CABLE TOOL,15.0,15.0,45.0,,859476
82762,W,DOMESTIC,-84.22364,40.79105,GEOCODE,ALLEN,AMERICAN,1998-10-30,52.0,790.0999755859375,LIMESTONE,ROTARY,10.0,14.0,26.0,26,884260
82782,W,DOMESTIC,-84.28068999999999,40.773689999999995,,ALLEN,AMANDA,1998-04-13,87.0,796.5,LIMESTONE,CABLE TOOL,5.0,18.0,24.0,24,859488
82788,W,DOMESTIC,-83.93821,40.862300000000005,GEOCODE,ALLEN,RICHLAND,1999-06-11,63.0,849.7999877929688,LIMESTONE,ROTARY,15.0,31.0,36.0,36,884318
82792,W,DOMESTIC,-84.20196,40.692029999999995,GEOCODE,ALLEN,SHAWNEE,1998-09-30,82.0,872.2000122070312,GRAVEL,CABLE TOOL,13.0,55.0,82.0,,879743
82856,W,DOMESTIC,-84.00802,40.65268,GEOCODE,ALLEN,AUGLAIZE,1999-12-22,110.0,947.7000122070312,LIMESTONE,ROTARY,15.0,20.0,36.0,50,901911
82861,W,DOMESTIC,-84.28124,40.843489999999996,GEOCODE,ALLEN,MARION,1999-09-29,55.0,768.4000244140625,LIMESTONE,ROTARY,12.0,30.0,32.0,28,902294
82873,W,DOMESTIC,-84.06801,40.83222,,ALLEN,MONROE,1999-12-07,150.0,825.9000244140625,LIMESTONE & ROCK,ROTARY,30.0,22.0,,65,897776
82996,W,DOMESTIC,-84.04193,40.775369999999995,GEOCODE,ALLEN,BATH,1999-01-20,46.0,884.9000244140625,LIMESTONE & SHALE,CABLE TOOL,12.0,,42.0,42,892932
83179,W,DOMESTIC,-84.10811,40.678509999999996,GEOCODE,ALLEN,SHAWNEE,2001-06-28,150.0,906.2000122070312,LIMESTONE,ROTARY,12.0,33.0,149.0,149,936551
83243,W,DOMESTIC,-84.31367999999999,40.70757,GEOCODE,ALLEN,AMANDA,2000-10-27,92.0,833.7999877929688,LIMESTONE,CABLE TOOL,7.0,31.0,49.0,49,921653
83258,W,DOMESTIC,-84.09767,40.742689999999996,GEOCODE,ALLEN,JACKSON,2001-06-12,120.0,873.0,LIMESTONE,ROTARY,15.0,35.0,35.0,35,929700
83304,W,DOMESTIC,-84.31063999999999,40.84158,GEOCODE,ALLEN,MARION,2001-02-13,68.0,772.2000122070312,LIMESTONE,ROTARY,20.0,25.0,27.0,21,926948
83343,W,MONITOR,-84.11354999999999,40.74255,,ALLEN,AMERICAN,2000-06-20,25.0,888.9000244140625,,AUGER,,,5.0,,924118
83486,W,DOMESTIC,-83.95438,40.669889999999995,GEOCODE,ALLEN,AUGLAIZE,2001-01-09,73.0,1026.199951171875,GRAVEL,ROTARY,20.0,48.0,70.0,,922120
83566,W,DOMESTIC,-84.06841,40.70234,GEOCODE,ALLEN,PERRY,2001-11-01,68.0,927.5999755859375,LIMESTONE & SHALE,CABLE TOOL,20.0,55.0,66.0,67,932592
83867,W,DOMESTIC,-84.18637,40.842949999999995,,ALLEN,SUGAR CREEK,2002-07-08,152.0,785.5999755859375,LIMESTONE,ROTARY,12.0,32.0,,150,940569
83922,W,DOMESTIC,-83.936938,40.760676,DIGITIZED,ALLEN,JACKSON,1963-06-27,59.0,941.4000244140625,LIMESTONE,,20.0,29.0,29.0,28,286090
83946,W,DOMESTIC,-84.12928,40.6854,GEOCODE,ALLEN,SHAWNEE,1991-07-02,75.0,885.5999755859375,GRAVEL,ROTARY,15.0,45.0,75.0,,725321
83977,W,DOMESTIC,-84.14005999999999,40.69367,GEOCODE,ALLEN,SHAWNEE,1989-05-16,130.0,862.7000122070312,GRAVEL,CABLE TOOL,15.0,65.0,130.0,,677688
83990,W,DOMESTIC,-84.06912,40.64644,GLOBAL POSITIONING SYSTEM,ALLEN,PERRY,2003-04-21,178.0,913.0,LIMESTONE,ROTARY,10.0,8.0,48.0,44,961806
84008,W,DOMESTIC,-83.91632299999999,40.731705999999996,DIGITIZED,ALLEN,AUGLAIZE,1954-12-13,90.0,994.5,LIMESTONE,,1.0,32.0,58.0,85,120471
84077,W,DOMESTIC,-83.95671,40.86208,GEOCODE,ALLEN,RICHLAND,1984-04-16,85.0,854.2999877929688,LIMESTONE,,1.0,30.0,49.0,47,638160
84084,W,DOMESTIC,-83.98400000000001,40.740719999999996,GLOBAL POSITIONING SYSTEM,ALLEN,JACKSON,2003-04-16,52.0,934.7999877929688,GRAVEL,ROTARY,20.0,15.0,52.0,,947850
84085,W,DOMESTIC,-84.187131,40.707388,DIGITIZED,ALLEN,SHAWNEE,1963-10-08,96.0,863.7000122070312,LIMESTONE,,16.0,58.0,84.0,84,302361
84131,W,DOMESTIC,-84.137649,40.690111,DIGITIZED,ALLEN,SHAWNEE,1953-04-23,50.0,867.0999755859375,GRAVEL,,20.0,33.0,50.0,,88288
84134,W,DOMESTIC,-84.02435899999999,40.791339,DIGITIZED,ALLEN,BATH,1958-04-22,55.0,880.0,LIMESTONE,,20.0,11.0,54.0,54,192888
84159,W,DOMESTIC,-84.091942,40.711462,DIGITIZED,ALLEN,PERRY,1958-12-27,44.0,888.2999877929688,GRAVEL,,15.0,22.0,44.0,,170869
84162,W,DOMESTIC,-84.040863,40.789345999999995,DIGITIZED,ALLEN,BATH,1955-08-13,71.0,886.5,LIMESTONE,,6.0,21.0,46.0,46,156837
84177,W,DOMESTIC,-84.091228,40.80267,DIGITIZED,ALLEN,BATH,1955-09-15,66.0,836.7000122070312,LIMESTONE,,15.0,27.0,40.0,40,156846
84181,W,DOMESTIC,-83.92254,40.70739,GEOCODE,ALLEN,AUGLAIZE,2002-08-06,42.0,981.2999877929688,SHALE,CABLE TOOL,20.0,18.0,40.0,40,947325
84197,W,DOMESTIC,-84.185918,40.693242999999995,DIGITIZED,ALLEN,SHAWNEE,1954-10-27,65.0,858.5999755859375,GRAVEL,,9.0,38.0,65.0,,141804
84210,W,MONITOR,-84.11341,40.72199,GEOCODE,ALLEN,SHAWNEE,1994-10-22,15.0,864.0999755859375,GLACIAL TILL,AUGER,,,10.0,,827585
84211,W,DOMESTIC,-84.15911299999999,40.708824,DIGITIZED,ALLEN,SHAWNEE,1957-01-21,158.0,849.7999877929688,GRAVEL,,10.0,42.0,158.0,,159590
84212,W,DOMESTIC,-84.09445,40.79304,GEOCODE,ALLEN,BATH,2002-11-01,28.0,839.4000244140625,SAND & CLAY,CABLE TOOL,7.0,21.0,27.0,27,940812
84230,W,DOMESTIC,-84.03932999999999,40.89747,GEOCODE,ALLEN,MONROE,1991-10-08,43.0,780.5,LIMESTONE,ROTARY,30.0,10.0,25.0,40,736539
84231,W,DOMESTIC,-84.164428,40.712756,DIGITIZED,ALLEN,SHAWNEE,1962-08-25,77.0,851.2000122070312,GRAVEL,,10.0,59.0,77.0,30,274620
84233,W,DOMESTIC,-84.134439,40.690667999999995,DIGITIZED,ALLEN,SHAWNEE,1961-12-04,81.0,868.4000244140625,GRAVEL,,10.0,35.0,81.0,,264476
84258,W,DOMESTIC,-84.13687999999999,40.673988,DIGITIZED,ALLEN,SHAWNEE,1963-12-09,66.0,877.2999877929688,SAND & GRAVEL,,10.0,34.0,66.0,,291147
84281,W,DOMESTIC,-84.16575999999999,40.804809999999996,GEOCODE,ALLEN,SUGAR CREEK,1988-11-21,62.0,801.0,LIMESTONE,,10.0,15.0,25.0,22,690150
84308,W,,-84.08653,40.829941999999996,DIGITIZED,ALLEN,MONROE,1950-04-27,29.0,813.0,LIMESTONE,,,,22.0,20,56720
84340,W,,-84.178832,40.704226999999996,DIGITIZED,ALLEN,SHAWNEE,1950-04-05,68.0,875.4000244140625,SAND & GRAVEL,,,59.0,68.0,,71057
84352,W,DOMESTIC,-84.180145,40.757951,DIGITIZED,ALLEN,AMERICAN,1964-09-04,91.0,826.5,LIMESTONE,,16.0,37.0,41.0,40,319408
84360,W,DOMESTIC,-84.133603,40.692629,DIGITIZED,ALLEN,SHAWNEE,1951-12-10,73.0,872.9000244140625,GRAVEL,,10.0,32.0,73.0,,160200
84362,W,DOMESTIC,-84.137649,40.690111,DIGITIZED,ALLEN,SHAWNEE,1954-08-09,105.0,867.0999755859375,GRAVEL,,7.0,35.0,105.0,,139801
84374,W,DOMESTIC,-83.898951,40.830419,DIGITIZED,ALLEN,RICHLAND,1955-04-15,42.0,892.7000122070312,LIMESTONE,,4.0,10.0,20.0,20,144606
84381,W,DOMESTIC,-84.213031,40.695586,DIGITIZED,ALLEN,SHAWNEE,1955-10-08,59.0,875.0,GRAVEL,,14.0,37.0,59.0,,166760
84460,W,COMMERCIAL,-84.17027,40.77296,,ALLEN,AMERICAN,1967-11-22,220.0,807.4000244140625,LIMESTONE,,9.0,28.0,210.0,207,366757
84521,W,MONITOR,-84.33487,40.83143,GEOCODE,ALLEN,SHAWNEE,2003-05-08,27.0,777.2000122070312,STONE,ROTARY,,,15.0,14,951357
84544,W,DOMESTIC,-84.39043,40.707300000000004,GLOBAL POSITIONING SYSTEM,ALLEN,SPENCER,2003-12-16,64.0,828.5,GRAVEL,CABLE TOOL,15.0,20.0,62.0,62,962740
84573,W,DOMESTIC,-84.216296,40.760948,DIGITIZED,ALLEN,AMERICAN,1963-11-14,39.0,814.5999755859375,LIMESTONE,,13.0,19.0,31.0,30,291141
84607,W,MONITOR,-84.33487,40.83143,GEOCODE,ALLEN,MARION,2003-12-11,14.0,777.2000122070312,CLAY/SAND/GRAVEL,AUGER,,,9.0,,970648
84627,W,DOMESTIC,-84.07016999999999,40.81433,GLOBAL POSITIONING SYSTEM,ALLEN,BATH,2004-02-09,70.0,845.4000244140625,LIMESTONE,ROTARY,10.0,20.0,50.0,67,972026
84878,W,DOMESTIC,-84.09864,40.81628,GLOBAL POSITIONING SYSTEM,ALLEN,BATH,2004-01-14,75.0,816.9000244140625,LIMESTONE,ROTARY,20.0,16.0,29.0,73,963180
84943,W,DOMESTIC,-84.28365,40.69425,GLOBAL POSITIONING SYSTEM,ALLEN,AMANDA,2004-05-27,81.0,853.4000244140625,LIMESTONE,CABLE TOOL,7.0,25.0,70.0,70,962743
85340,W,DOMESTIC,-84.00977999999999,40.80393,GLOBAL POSITIONING SYSTEM,ALLEN,BATH,2005-04-01,49.0,877.7999877929688,LIMESTONE & SHALE,CABLE TOOL,10.0,21.0,48.0,47,960945
85464,W,DOMESTIC,-84.18728,40.74115,GEOCODE,ALLEN,AMERICAN,1990-04-18,40.0,822.5,GRAVEL,CABLE TOOL,10.0,15.0,40.0,,704881
85602,W,DOMESTIC,-83.88071,40.862321,DIGITIZED,ALLEN,RICHLAND,1959-09-18,70.0,871.2000122070312,LIMESTONE,,5.0,24.0,30.0,68,244956
85603,W,,-83.986886,40.779757,DIGITIZED,ALLEN,JACKSON,1948-06-14,68.0,913.0999755859375,LIMESTONE,,,28.0,39.0,63,38962
85604,W,DOMESTIC,-84.158104,40.710522,DIGITIZED,ALLEN,SHAWNEE,1955-07-07,86.0,843.0,GRAVEL,,18.0,33.0,87.0,,142824
85673,W,DOMESTIC,-83.961359,40.740032,DIGITIZED,ALLEN,JACKSON,1953-08-12,60.0,952.5999755859375,LIMESTONE,,23.0,24.0,39.0,58,94343
85674,W,DOMESTIC,-84.013899,40.848813,DIGITIZED,ALLEN,MONROE,1953-01-23,57.0,836.0,LIMESTONE,,,12.0,28.0,27,40811
85705,W,,-84.117738,40.758438,DIGITIZED,ALLEN,AMERICAN,1949-10-05,71.0,874.5,LIMESTONE,,,,62.0,61,56713
85708,W,DOMESTIC,-84.21546599999999,40.761472999999995,DIGITIZED,ALLEN,AMERICAN,1964-09-28,31.0,812.4000244140625,SAND & GRAVEL,,10.0,19.0,31.0,,308821
85849,W,DOMESTIC,-83.956094,40.808133999999995,DIGITIZED,ALLEN,JACKSON,1957-03-13,48.0,901.4000244140625,LIMESTONE,,20.0,20.0,45.0,44,192851
85850,W,DOMESTIC,-83.989584,40.698656,DIGITIZED,ALLEN,AUGLAIZE,1958-05-20,79.0,968.9000244140625,LIMESTONE,,13.0,32.0,59.0,59,192892
85851,W,DOMESTIC,-84.11072,40.77401,DIGITIZED,ALLEN,AMERICAN,1960-01-30,108.0,852.9000244140625,LIMESTONE,,10.0,52.0,92.0,92,208713
85852,W,DOMESTIC,-84.163662,40.769425999999996,DIGITIZED,ALLEN,AMERICAN,1960-09-12,175.0,816.5999755859375,GRAVEL,,10.0,45.0,175.0,,208723
85854,W,,-83.95250999999999,40.757920999999996,DIGITIZED,ALLEN,JACKSON,1948-03-08,59.0,934.5999755859375,LIMESTONE,,20.0,17.0,27.0,25,26355
85855,W,,-84.028363,40.771421,DIGITIZED,ALLEN,BATH,1950-06-27,51.0,902.5,LIMESTONE,,,14.0,37.0,48,71064
85979,W,DOMESTIC,-84.134439,40.690667999999995,DIGITIZED,ALLEN,SHAWNEE,1960-03-28,84.0,868.4000244140625,GRAVEL,,10.0,33.0,84.0,,245855
86263,W,DOMESTIC,-84.32728499999999,40.842284,DIGITIZED,ALLEN,MARION,1963-06-17,112.0,774.7999877929688,LIMESTONE,,14.0,73.0,23.0,23,284491
86266,W,DOMESTIC,-84.187131,40.707388,DIGITIZED,ALLEN,SHAWNEE,1956-04-11,80.0,863.7000122070312,GRAVEL,,15.0,60.0,80.0,,166777
86278,W,DOMESTIC,-83.96972199999999,40.731667,DIGITIZED,ALLEN,JACKSON,1955-09-01,81.0,960.2999877929688,LIMESTONE,,,35.0,61.0,61,62144
86279,W,DOMESTIC,-84.091942,40.711462,DIGITIZED,ALLEN,PERRY,1955-07-04,36.0,888.2999877929688,GRAVEL,,20.0,23.0,36.0,,170852
86288,W,DOMESTIC,-84.033056,40.764444,GLOBAL POSITIONING SYSTEM,ALLEN,BATH,2006-09-28,60.0,877.5,LIMESTONE,AIR ROTARY,8.0,30.0,34.0,58,2005554
86296,W,,-84.069777,40.766248,DIGITIZED,ALLEN,BATH,1949-12-01,80.0,888.2000122070312,LIMESTONE,,,44.0,43.0,43,30685
86318,W,DOMESTIC,-84.013547,40.775898999999995,DIGITIZED,ALLEN,BATH,1956-04-28,85.0,916.0,LIMESTONE,,,39.0,60.0,84,161655
86374,W,DOMESTIC,-84.2814,40.71865,GLOBAL POSITIONING SYSTEM,ALLEN,AMANDA,2006-05-31,55.0,826.4000244140625,LIMESTONE,ROTARY,20.0,28.0,46.0,46,990701
86713,W,DOMESTIC,-84.231517,40.695,,ALLEN,AMANDA,2007-09-27,68.0,865.5,LIMESTONE,ROTARY,20.0,16.0,64.0,64,1007180
87289,W,DOMESTIC,-84.209722,40.664443999999996,,ALLEN,SHAWNEE,2006-07-13,102.0,842.5999755859375,,CABLE TOOL,20.0,12.0,52.0,101,997887
87555,W,DOMESTIC,-83.91884999999999,40.745217,,ALLEN,JACKSON,2008-08-14,82.0,974.2999877929688,LIMESTONE,ROTARY,20.0,18.0,44.0,44,1007235
87747,W,MONITOR,-84.156933,40.737167,GLOBAL POSITIONING SYSTEM,ALLEN,AMERICAN,2008-11-07,14.600000381469727,841.5,CLAY,AUGER,,10.0,2.0,,2019943
87765,W,DOMESTIC,-84.337222,40.772222,GLOBAL POSITIONING SYSTEM,ALLEN,MARION,2009-08-10,203.0,802.7000122070312,LIMESTONE,AIR ROTARY,20.0,20.0,26.0,31,2023779
87769,W,DOMESTIC,-83.949722,40.665833,GLOBAL POSITIONING SYSTEM,ALLEN,AUGLAIZE,2008-07-31,83.0,1037.0,LIMESTONE,AIR ROTARY,30.0,20.0,60.0,77,2018219
87842,W,DOMESTIC,-84.38878,40.72152,GLOBAL POSITIONING SYSTEM,ALLEN,SPENCER,2009-02-03,60.0,824.0999755859375,LIMESTONE,CABLE TOOL,15.0,21.0,53.0,53,2021178
87953,W,MONITOR,-84.33991,40.84621,MAP-OTHERS,ALLEN,MARION,2006-08-29,16.0,770.5,CLAY,AUGER,,0.0,9.0,,2018997
87998,W,DOMESTIC,-84.251944,40.713333,,ALLEN,AMANDA,2008-07-18,43.0,833.7000122070312,SHALE,CABLE TOOL,10.0,25.0,41.0,42,1005879
88017,W,MONITOR,-83.96855,40.83293,GEOCODE,ALLEN,JACKSON,2008-05-22,13.0,859.7000122070312,FILL MATERIAL,AUGER,,13.0,13.0,,2016641
88058,W,MONITOR,-84.0905,40.73775,GLOBAL POSITIONING SYSTEM,ALLEN,BATH,2007-11-09,17.0,872.2999877929688,CLAY,AUGER,,,6.5,,2014282
88339,W,DOMESTIC,-84.17448,40.757439999999995,GEOCODE,ALLEN,AMERICAN,1991-12-12,52.0,824.2000122070312,LIMESTONE,CABLE TOOL,6.0,40.0,40.0,40,746128
88340,W,DOMESTIC,-84.15661999999999,40.68584,GEOCODE,ALLEN,SHAWNEE,1988-09-05,132.0,856.5999755859375,GRAVEL,,20.0,28.0,132.0,72,685094
88446,W,PUBLIC/SEMI-PUB,-83.93138499999999,40.866923,MAP-USGS 1:24000,ALLEN,RICHLAND,2012-08-14,70.0,845.5999755859375,LIMESTONE,ROTARY,20.0,202.0,27.0,19,1016859
88540,W,DOMESTIC,-84.359833,40.730000000000004,GLOBAL POSITIONING SYSTEM,ALLEN,SPENCER,2011-03-25,93.0,811.5999755859375,LIMESTONE,AIR ROTARY,15.0,30.0,59.0,54,2032174
88608,W,DOMESTIC,-83.98777799999999,40.698056,,ALLEN,AUGLAIZE,2012-06-15,70.0,961.0999755859375,LIMESTONE,CABLE TOOL,12.0,45.0,50.0,50,1015436
88699,W,DOMESTIC,-83.916917,40.797283,,ALLEN,JACKSON,2010-09-16,90.0,951.7000122070312,,ROTARY,25.0,47.0,60.0,60,1014622
88864,W,DOMESTIC,-83.97537,40.827138,DIGITIZED,ALLEN,RICHLAND,1954-02-10,63.0,869.7999877929688,LIMESTONE,,,,37.0,36,86239
88968,W,,-83.963433,40.767333,,ALLEN,JACKSON,2013-09-01,57.0,921.2000122070312,LIMESTONE,CABLE TOOL,9.0,27.0,32.0,32,1015579
89009,W,DOMESTIC,-84.26983299999999,40.693166999999995,GLOBAL POSITIONING SYSTEM,ALLEN,AMANDA,2015-04-21,41.0,843.0,LIMESTONE,AIR ROTARY,20.0,27.0,38.0,40,2051719
89071,W,DOMESTIC,-83.96294999999999,40.76645,GLOBAL POSITIONING SYSTEM,ALLEN,JACKSON,2014-07-01,58.0,924.2999877929688,LIMESTONE,CABLE TOOL,8.0,27.0,33.0,32,1015554
89082,W,DOMESTIC,-83.941867,40.750983,GLOBAL POSITIONING SYSTEM,ALLEN,JACKSON,2015-09-09,90.0,,LIMESTONE,ROTARY,30.0,37.0,39.0,39,1018686
89090,W,DOMESTIC,-83.994067,40.801717,GLOBAL POSITIONING SYSTEM,ALLEN,JACKSON,2014-07-01,39.0,885.2000122070312,SHALE & LIMESTONE,CABLE TOOL,12.0,18.0,37.0,37,1015575
89112,W,MONITOR,-84.0779,40.73032,GLOBAL POSITIONING SYSTEM,ALLEN,PERRY,2016-02-25,14.0,,SAND,GEOPROBE,,3.5,4.0,,2056359
89266,W,MONITOR,-84.04025999999999,40.78874,GLOBAL POSITIONING SYSTEM,ALLEN,BATH,2016-11-09,12.0,,CLAY,GEOPROBE,,4.0,2.0,,2060270
89304,W,DOMESTIC,-84.29064,40.84522,GLOBAL POSITIONING SYSTEM,ALLEN,MARION,2015-09-18,66.0,773.2000122070312,LIMESTONE,ROTARY,12.0,17.0,26.0,25,2053826
89355,W,MONITOR,-84.04052999999999,40.78861,GLOBAL POSITIONING SYSTEM,ALLEN,BATH,2017-08-22,14.0,,,GEOPROBE,,,4.0,,2064408
89456,W,DOMESTIC,-84.0754,40.831666999999996,GLOBAL POSITIONING SYSTEM,ALLEN,MONROE,2016-06-03,40.0,,LIMESTONE,ROTARY,30.0,11.0,31.0,31,1019459
89671,W,DOMESTIC,-83.92124,40.70297,GEOCODE,ALLEN,AUGLAIZE,1986-04-05,85.0,984.7000122070312,LIMESTONE,,4.0,10.0,28.0,25,651937
89837,W,DOMESTIC,-84.34974,40.801939999999995,GLOBAL POSITIONING SYSTEM,ALLEN,MARION,2018-10-09,45.0,,LIMESTONE,ROTARY/AIRHAMR,20.0,16.0,30.0,,2070490
89959,W,DOMESTIC,-84.31003,40.771119999999996,GLOBAL POSITIONING SYSTEM,ALLEN,AMANDA,2019-04-05,70.0,,LIMESTONE,ROTARY,10.0,14.0,27.0,,2072846
90001,W,DOMESTIC,-84.23333,40.69086,GLOBAL POSITIONING SYSTEM,ALLEN,AMANDA,2019-07-02,123.0,,LIMESTONE,ROTARY,10.0,47.0,71.0,,2074176
90377,W,PUBLIC/SEMI-PUB,-83.937816,40.89214,DIGITIZED,ALLEN,RICHLAND,1952-12-18,64.0,828.4000244140625,LIMESTONE,,18.0,27.0,33.0,63,94329
90378,W,DOMESTIC,-84.18504,40.705619999999996,GEOCODE,ALLEN,SHAWNEE,1990-03-23,83.0,872.5999755859375,GRAVEL,CABLE TOOL,12.0,65.0,83.0,,704880
90380,W,DOMESTIC,-84.164637,40.751058,DIGITIZED,ALLEN,AMERICAN,1956-09-16,177.0,823.5999755859375,GRAVEL,,14.0,42.0,177.0,,174077
90381,W,DOMESTIC,-84.1909,40.75591,,ALLEN,AMERICAN,1988-08-30,83.0,822.0,LIMESTONE,ROTARY,4.0,45.0,32.0,32,688030
90382,W,DOMESTIC,-83.99659,40.65143,GEOCODE,ALLEN,AUGLAIZE,1995-05-08,64.0,970.5999755859375,LIMESTONE,CABLE TOOL,10.0,20.0,,54,812367
90383,W,DOMESTIC,-84.28560999999999,40.8555,GEOCODE,ALLEN,MARION,1994-09-15,43.0,765.5,LIMESTONE,ROTARY,5.0,12.0,26.0,25,790423
90384,W,DOMESTIC,-83.98461999999999,40.743300000000005,,ALLEN,JACKSON,1995-09-27,83.0,924.5,LIMESTONE,ROTARY,50.0,25.0,62.0,59,828304
90385,W,DOMESTIC,-83.96701,40.86203,GEOCODE,ALLEN,RICHLAND,1990-03-22,60.0,842.2000122070312,LIMESTONE,CABLE TOOL,10.0,26.0,38.0,37,709678
90388,W,DOMESTIC,-84.24225,40.705709999999996,GEOCODE,ALLEN,AMANDA,1994-11-25,43.0,836.7000122070312,GRAVEL,CABLE TOOL,15.0,25.0,43.0,,800620
90389,W,DOMESTIC,-84.30910999999999,40.752,GEOCODE,ALLEN,AMANDA,1995-08-19,34.0,803.2000122070312,SAND & GRAVEL,,12.0,14.0,34.0,,813021
90390,W,DOMESTIC,-83.98040999999999,40.79499,GEOCODE,ALLEN,JACKSON,1973-07-13,50.0,910.0999755859375,LIMESTONE,,25.0,22.0,50.0,46,512455
90391,W,DOMESTIC,-84.17781,40.68637,,ALLEN,SHAWNEE,1984-11-13,120.0,841.7999877929688,LIMESTONE,,15.0,13.0,79.0,71,651471
90393,W,DOMESTIC,-84.080416,40.687974,DIGITIZED,ALLEN,PERRY,1963-08-30,66.0,933.5,GRAVEL,,8.0,31.0,60.0,,281627
90394,W,DOMESTIC,-84.01326,40.718979999999995,GEOCODE,ALLEN,BATH,1994-12-05,92.0,949.2000122070312,LIMESTONE,CABLE TOOL,10.0,,,48,791808
90395,W,DOMESTIC,-84.184545,40.71579,DIGITIZED,ALLEN,SHAWNEE,1954-07-10,101.0,860.0999755859375,LIMESTONE,,,,68.0,68,72875
90398,W,DOMESTIC,-84.22043,40.70269,,ALLEN,AMANDA,1994-06-15,129.0,856.5,LIMESTONE,ROTARY,15.0,40.0,56.0,56,784937
90399,W,DOMESTIC,-84.2399,40.75129,,ALLEN,AMANDA,1996-02-16,72.0,821.9000244140625,LIMESTONE,ROTARY,15.0,23.0,39.0,39,828342
90401,W,DOMESTIC,-84.105925,40.706649,DIGITIZED,ALLEN,PERRY,1960-08-16,100.0,898.7000122070312,LIMESTONE,,5.0,51.0,50.0,50,145270
90402,W,DOMESTIC,-83.9499,40.757605999999996,DIGITIZED,ALLEN,JACKSON,1958-05-08,61.0,935.4000244140625,LIMESTONE,,,30.0,31.0,59,210053
90404,W,DOMESTIC,-84.13638999999999,40.65944,GEOCODE,ALLEN,SHAWNEE,1991-02-19,54.0,899.2999877929688,GRAVEL,CABLE TOOL,15.0,43.0,54.0,,721370
90405,W,DOMESTIC,-84.20403999999999,40.695989999999995,GEOCODE,ALLEN,SHAWNEE,1991-05-24,102.0,880.7000122070312,SHALE,CABLE TOOL,10.0,45.0,95.0,95,728552
90407,W,DOMESTIC,-84.190107,40.772521,DIGITIZED,ALLEN,AMERICAN,1962-11-19,40.0,813.4000244140625,SAND & GRAVEL,,8.0,20.0,40.0,,286061
90409,W,DOMESTIC,-84.101174,40.707099,DIGITIZED,ALLEN,PERRY,1962-06-11,92.0,884.5,LIMESTONE,,20.0,13.0,45.0,45,266483
90410,W,DOMESTIC,-84.18460999999999,40.77388,,ALLEN,AMERICAN,1980-04-28,63.0,810.5999755859375,LIMESTONE,,9.0,28.0,30.0,30,569386
90411,W,DOMESTIC,-84.2239,40.78593,GEOCODE,ALLEN,MARION,1996-07-24,42.0,798.9000244140625,LIMESTONE,ROTARY,8.0,16.0,28.0,28,828395
90412,W,DOMESTIC,-84.32016,40.83226,GEOCODE,ALLEN,MARION,1996-07-15,73.0,778.4000244140625,LIMESTONE,ROTARY,2.0,18.0,26.0,26,835524
90414,W,DOMESTIC,-84.165292,40.700536,DIGITIZED,ALLEN,SHAWNEE,1961-07-03,87.0,848.5999755859375,GRAVEL,,10.0,29.0,87.0,,250931
90415,W,MONITOR,-84.11341,40.72199,GEOCODE,ALLEN,SHAWNEE,1994-10-19,29.0,864.0999755859375,FILL MATERIAL,AUGER,,,,,827579
90416,W,DOMESTIC,-84.093137,40.711072,DIGITIZED,ALLEN,PERRY,1950-01-20,49.0,889.4000244140625,SAND & GRAVEL,,,19.0,49.0,,30689
90417,W,DOMESTIC,-84.13687999999999,40.673988,DIGITIZED,ALLEN,SHAWNEE,1956-11-11,68.0,877.2999877929688,GRAVEL,,9.0,34.0,68.0,,174084
90418,W,DOMESTIC,-84.13967699999999,40.670527,DIGITIZED,ALLEN,SHAWNEE,1964-02-14,159.0,878.7999877929688,SAND & GRAVEL,,10.0,35.0,159.0,,291150
90419,W,DOMESTIC,-84.07303,40.717169999999996,GEOCODE,ALLEN,PERRY,1958-08-27,116.0,901.2000122070312,LIMESTONE,,6.0,25.0,51.0,51,201635
90420,W,DOMESTIC,-84.06558,40.71667,GEOCODE,ALLEN,PERRY,1971-07-21,118.0,910.4000244140625,LIMESTONE,,40.0,48.0,68.0,66,438365
90421,W,DOMESTIC,-84.03236,40.809239999999996,GEOCODE,ALLEN,BATH,1993-06-30,42.0,849.0,LIMESTONE,ROTARY,30.0,12.0,36.0,32,767888
90422,W,DOMESTIC,-84.09076,40.80782,GEOCODE,ALLEN,BATH,1989-05-20,40.0,818.7000122070312,LIMESTONE,ROTARY,10.0,19.0,31.0,29,696702
90423,W,DOMESTIC,-84.06525099999999,40.811487,DIGITIZED,ALLEN,BATH,1960-12-16,57.0,845.0999755859375,LIMESTONE,,,22.0,37.0,53,260655
90424,W,DOMESTIC,-84.00337499999999,40.812501999999995,DIGITIZED,ALLEN,BATH,1954-09-15,59.0,872.2000122070312,LIMESTONE,,,24.0,41.0,57,120468
90425,W,DOMESTIC,-84.013549,40.792454,DIGITIZED,ALLEN,BATH,1958-06-04,52.0,883.7000122070312,LIMESTONE,,15.0,13.0,40.0,40,199790
90426,W,DOMESTIC,-84.28152,40.83294,GEOCODE,ALLEN,MARION,1988-10-19,54.0,766.5,LIMESTONE,ROTARY,10.0,11.0,25.0,25,689059
90427,W,DOMESTIC,-84.156206,40.694553,DIGITIZED,ALLEN,SHAWNEE,1962-09-20,40.0,839.2000122070312,SAND & GRAVEL,,8.0,27.0,40.0,,258490
90428,W,,-84.153241,40.704606,DIGITIZED,ALLEN,SHAWNEE,1953-05-20,79.0,822.2000122070312,SAND & GRAVEL,,,,79.0,,72859
90429,W,DOMESTIC,-84.125722,40.697699,DIGITIZED,ALLEN,SHAWNEE,1963-03-13,70.0,886.2999877929688,SAND & GRAVEL,,8.0,31.0,70.0,,281620
90432,W,DOMESTIC,-83.986915,40.694827,DIGITIZED,ALLEN,AUGLAIZE,1961-05-04,62.0,952.5,LIMESTONE,,18.0,15.0,40.0,38,244925
90433,W,DOMESTIC,-84.330962,40.839045,DIGITIZED,ALLEN,MARION,1955-11-18,30.0,773.9000244140625,LIMESTONE,,10.0,,22.0,22,153286
90434,W,DOMESTIC,-83.961383,40.742019,DIGITIZED,ALLEN,JACKSON,1957-11-21,65.0,954.2999877929688,LIMESTONE,,,27.0,46.0,62,161699
90435,W,DOMESTIC,-83.930039,40.706092,DIGITIZED,ALLEN,AUGLAIZE,1956-04-03,73.0,999.7000122070312,LIMESTONE,,,30.0,52.0,52,169605
90436,W,DOMESTIC,-83.922932,40.706235,DIGITIZED,ALLEN,AUGLAIZE,1960-04-06,52.0,979.5999755859375,LIMESTONE,,20.0,6.0,38.0,38,245554
90437,W,DOMESTIC,-83.974991,40.686862999999995,DIGITIZED,ALLEN,AUGLAIZE,1964-07-09,54.0,951.9000244140625,LIMESTONE,,16.0,9.0,29.0,28,302397
90438,W,DOMESTIC,-84.20506999999999,40.842479999999995,GEOCODE,ALLEN,SUGAR CREEK,1995-06-13,53.0,777.7000122070312,LIMESTONE,ROTARY,15.0,18.0,31.0,28,804498
90440,W,DOMESTIC,-84.05812,40.808769999999996,GEOCODE,ALLEN,BATH,1995-10-10,100.0,843.7000122070312,LIMESTONE,ROTARY,10.0,28.0,42.0,39,828303
90441,W,DOMESTIC,-84.17727,40.75785,GEOCODE,ALLEN,AMERICAN,1992-09-02,101.0,831.2999877929688,LIMESTONE,CABLE TOOL,10.0,21.0,32.0,100,723789
90442,W,DOMESTIC,-84.149987,40.684042,DIGITIZED,ALLEN,SHAWNEE,1958-08-04,35.0,861.2999877929688,GRAVEL,,8.0,20.0,35.0,,201634
90443,W,DOMESTIC,-83.91105,40.87864,GEOCODE,ALLEN,RICHLAND,1982-05-04,64.0,840.4000244140625,LIMESTONE,,12.0,48.0,29.0,27,515487
90444,W,DOMESTIC,-83.92255999999999,40.86982,GEOCODE,ALLEN,RICHLAND,1991-12-19,95.0,849.2999877929688,LIMESTONE,ROTARY,19.0,70.0,32.0,28,740431
90445,W,DOMESTIC,-83.91884,40.89626,GEOCODE,ALLEN,RICHLAND,1993-04-28,120.0,828.4000244140625,LIMESTONE,ROTARY,7.0,32.0,28.0,28,769280
90446,W,,-84.113878,40.809124,DIGITIZED,ALLEN,SUGAR CREEK,1963-06-20,60.0,815.2000122070312,LIMESTONE,,6.0,19.0,31.0,58,279867
90449,W,DOMESTIC,-83.98619,40.77919,GEOCODE,ALLEN,JACKSON,1994-12-24,40.0,900.9000244140625,LIMESTONE,ROTARY,15.0,22.0,36.0,31,804475
90450,W,DOMESTIC,-84.14639,40.655359999999995,,ALLEN,JACKSON,1993-10-02,68.0,886.0,LIMESTONE,CABLE TOOL,,,40.0,40,761041
90451,W,DOMESTIC,-83.95174999999999,40.794959999999996,GEOCODE,ALLEN,JACKSON,1994-09-28,55.0,914.5,LIMESTONE,ROTARY,12.0,20.0,45.0,42,804453
90452,W,DOMESTIC,-84.02299,40.665729999999996,GEOCODE,ALLEN,PERRY,1989-05-22,41.0,923.2000122070312,GRAVEL,CABLE TOOL,20.0,8.0,41.0,,677690
90453,W,DOMESTIC,-84.03652,40.71778,GEOCODE,ALLEN,PERRY,1985-06-21,68.0,948.7999877929688,GRAVEL & SHALE,,20.0,46.0,68.0,,649687
90454,W,DOMESTIC,-84.017603,40.789406,DIGITIZED,ALLEN,BATH,1963-08-05,52.0,887.0999755859375,LIMESTONE,,14.0,19.0,48.0,47,286099
90455,W,DOMESTIC,-84.17895999999999,40.765589999999996,,ALLEN,AMERICAN,1983-08-22,120.0,827.5999755859375,LIMESTONE,,20.0,30.0,110.0,106,622656
90456,W,DOMESTIC,-84.15702,40.68477,GEOCODE,ALLEN,SHAWNEE,1987-06-08,204.0,856.5,LIMESTONE,,20.0,30.0,188.0,179,661948
90457,W,DOMESTIC,-84.20407,40.72059,GEOCODE,ALLEN,SHAWNEE,1991-08-27,63.0,832.5999755859375,LIMESTONE,ROTARY,27.0,27.0,47.0,47,737564
90458,W,DOMESTIC,-84.13633999999999,40.65944,GEOCODE,ALLEN,SHAWNEE,1992-03-17,57.0,899.2999877929688,GRAVEL,CABLE TOOL,20.0,45.0,57.0,,746134
90459,W,DOMESTIC,-84.13687999999999,40.673988,DIGITIZED,ALLEN,SHAWNEE,1954-09-17,81.0,877.2999877929688,GRAVEL,,9.0,35.0,81.0,,112948
90460,W,DOMESTIC,-84.137649,40.690111,DIGITIZED,ALLEN,SHAWNEE,1952-09-19,42.0,867.0999755859375,GRAVEL,,20.0,28.0,40.0,,88273
90461,W,DOMESTIC,-83.92851999999999,40.819300000000005,GEOCODE,ALLEN,RICHLAND,1995-09-21,60.0,885.2000122070312,LIMESTONE,ROTARY,20.0,16.0,37.0,35,821999
90462,W,DOMESTIC,-83.90724999999999,40.84865,GEOCODE,ALLEN,RICHLAND,1990-07-25,40.0,876.2000122070312,LIMESTONE,CABLE TOOL,20.0,22.0,35.0,35,698973
90467,W,DOMESTIC,-84.073651,40.894055,DIGITIZED,ALLEN,MONROE,1955-07-20,39.0,782.7999877929688,LIMESTONE,,8.0,,21.0,21,153271
90468,W,DOMESTIC,-84.02738,40.71816,GEOCODE,ALLEN,PERRY,1994-12-05,64.0,933.7000122070312,LIMESTONE,CABLE TOOL,12.0,,,40,791813
90469,W,DOMESTIC,-84.04866,40.79889,GEOCODE,ALLEN,BATH,1988-04-16,46.0,842.7999877929688,LIMESTONE,,15.0,20.0,46.0,45,664798
90470,W,DOMESTIC,-84.05633999999999,40.77466,GEOCODE,ALLEN,BATH,1990-06-20,180.0,889.2000122070312,LIMESTONE,ROTARY,6.0,65.0,,49,715021
90471,W,DOMESTIC,-84.098624,40.80261,DIGITIZED,ALLEN,BATH,1954-09-03,39.0,829.7000122070312,LIMESTONE,,5.0,,36.0,34,126132
90472,W,DOMESTIC,-84.063583,40.774933999999995,DIGITIZED,ALLEN,BATH,1954-03-09,162.0,885.4000244140625,LIMESTONE,,2.0,25.0,45.0,45,123511
90473,W,DOMESTIC,-84.013133,40.810458,GLOBAL POSITIONING SYSTEM,ALLEN,BATH,1961-03-29,57.0,876.5,LIMESTONE,,20.0,18.0,38.0,38,245585
90477,W,DOMESTIC,-84.118034,40.788168999999996,DIGITIZED,ALLEN,AMERICAN,1961-10-14,44.0,829.7999877929688,LIMESTONE,,20.0,20.0,28.0,28,266466
90478,W,DOMESTIC,-84.301503,40.831506999999995,DIGITIZED,ALLEN,MARION,1958-07-29,57.0,778.4000244140625,LIMESTONE,,3.0,15.0,24.0,24,192096
90479,W,DOMESTIC,-84.25183,40.793639999999996,,ALLEN,MARION,1986-11-21,88.0,798.0,LIMESTONE,ROTARY,15.0,15.0,45.0,45,664078
90480,W,DOMESTIC,-84.15097999999999,40.6661,GEOCODE,ALLEN,SHAWNEE,1989-01-19,122.0,865.4000244140625,GRAVEL,CABLE TOOL,15.0,20.0,122.0,,677681
90485,W,DOMESTIC,-83.99432999999999,40.787279999999996,GEOCODE,ALLEN,AUGLAIZE,1994-04-01,150.0,919.2999877929688,GRAVEL,ROTARY,10.0,70.0,150.0,,784886
90486,W,PUBLIC/SEMI-PUB,-84.13546,40.78008,,ALLEN,AMERICAN,1984-12-10,104.0,836.9000244140625,LIMESTONE,,12.0,45.0,37.0,34,650784
90487,W,DOMESTIC,-84.26238,40.84426,GEOCODE,ALLEN,MARION,1984-08-31,102.0,774.0999755859375,LIMESTONE,,15.0,18.0,26.0,22,651455
90490,W,PUBLIC/SEMI-PUB,-84.083528,40.832142,GLOBAL POSITIONING SYSTEM,ALLEN,MONROE,1989-01-31,35.0,814.2000122070312,LIMESTONE,ROTARY,12.0,14.0,25.0,22,694245
90491,W,DOMESTIC,-84.16505,40.7669,,ALLEN,AMERICAN,1986-10-22,184.0,814.7000122070312,LIMESTONE,ROTARY,10.0,35.0,148.0,148,664060
90492,W,DOMESTIC,-84.032816,40.73168,DIGITIZED,ALLEN,BATH,1963-01-26,39.0,915.7000122070312,LIMESTONE,,10.0,22.0,20.0,19,291103
90493,W,DOMESTIC,-84.04061899999999,40.758001,DIGITIZED,ALLEN,BATH,1958-09-09,51.0,878.0,LIMESTONE,,20.0,17.0,23.0,23,224056
90494,W,DOMESTIC,-84.008183,40.774996,DIGITIZED,ALLEN,BATH,1956-06-23,70.0,915.2999877929688,LIMESTONE,,,40.0,52.0,69,161663
90495,W,DOMESTIC,-84.20312,40.73676,,ALLEN,AMERICAN,1989-10-05,100.0,825.7000122070312,LIMESTONE,ROTARY,50.0,23.0,35.0,32,700143
90496,W,DOMESTIC,-84.20428,40.710139999999996,GEOCODE,ALLEN,SHAWNEE,1995-05-31,63.0,859.2999877929688,GRAVEL,CABLE TOOL,20.0,40.0,63.0,,800642
90499,W,DOMESTIC,-83.91584999999999,40.87732,GEOCODE,ALLEN,RICHLAND,1993-02-16,96.0,842.9000244140625,LIMESTONE,CABLE TOOL,12.0,,25.0,25,761035
90500,W,DOMESTIC,-84.204036,40.6965,DIGITIZED,ALLEN,SHAWNEE,1958-12-20,83.0,879.7000122070312,GRAVEL,,6.0,40.0,83.0,,201646
90505,W,DOMESTIC,-84.01944,40.79493,GEOCODE,ALLEN,BATH,1992-03-26,55.0,874.0,LIMESTONE,ROTARY,20.0,14.0,40.0,40,745252
90506,W,DOMESTIC,-83.99432999999999,40.78809,GEOCODE,ALLEN,BATH,1993-02-16,76.0,919.0,LIMESTONE,CABLE TOOL,12.0,28.0,42.0,75,761036
90508,W,DOMESTIC,-84.11066,40.664719999999996,GEOCODE,ALLEN,SHAWNEE,1992-05-06,77.0,918.0,SAND & GRAVEL,ROTARY,20.0,37.0,74.0,,751210
90509,W,DOMESTIC,-84.06387,40.66594,GEOCODE,ALLEN,SHAWNEE,1985-05-08,126.0,917.7000122070312,GRAVEL,,12.0,25.0,126.0,,649681
90513,W,DOMESTIC,-83.96401999999999,40.767559999999996,,ALLEN,JACKSON,1992-07-06,60.0,920.7000122070312,LIMESTONE,CABLE TOOL,15.0,40.0,40.0,40,746149
90514,W,DOMESTIC,-84.165724,40.762768,DIGITIZED,ALLEN,AMERICAN,1961-07-20,158.0,817.0,SAND & GRAVEL,,7.0,40.0,158.0,,208742
90515,W,DOMESTIC,-83.956186,40.81073,DIGITIZED,ALLEN,JACKSON,1957-03-21,49.0,900.5999755859375,LIMESTONE,,20.0,20.0,44.0,43,192852
95314,W,,-84.260312,40.706649999999996,DIGITIZED,ALLEN,AMANDA,1949-07-28,41.0,836.2000122070312,GRAVEL,,,12.0,40.0,,55614
95315,W,,-84.115191,40.774823999999995,DIGITIZED,ALLEN,AMERICAN,1950-02-10,52.0,847.7999877929688,GRAVEL,,10.0,41.0,52.0,,69625
95437,W,,-83.92319599999999,40.705926,DIGITIZED,ALLEN,AUGLAIZE,1948-08-09,67.0,980.2000122070312,LIMESTONE,,20.0,10.0,40.0,40,26381
95438,W,,-84.008231,40.773861,DIGITIZED,ALLEN,BATH,1949-01-07,81.0,906.7000122070312,LIMESTONE,,,29.0,41.0,79,38980
95446,W,,-83.975099,40.831268,DIGITIZED,ALLEN,RICHLAND,1950-04-10,68.0,863.9000244140625,LIMESTONE,,,13.0,38.0,65,71058
95454,W,,-84.143046,40.663880999999996,DIGITIZED,ALLEN,SHAWNEE,1949-04-02,41.0,878.5,GRAVEL,,15.0,25.0,41.0,,49544
96739,W,OTHER,-84.13736999999999,40.71563,GEOCODE,ALLEN,SHAWNEE,1997-02-05,26.0,838.2999877929688,STONE,AUGER,,,11.0,,850633
96740,W,PUBLIC/SEMI-PUB,-84.05261,40.78888,GEOCODE,ALLEN,BATH,1997-04-01,44.0,856.4000244140625,SAND & GRAVEL,CABLE TOOL,8.0,,44.0,,846819
97297,W,DOMESTIC,-84.12449,40.695789999999995,GEOCODE,ALLEN,BATH,1996-12-01,50.0,894.2000122070312,LIMESTONE,CABLE TOOL,20.0,28.0,40.0,40,846756
97436,W,DOMESTIC,-83.938914,40.908654999999996,,ALLEN,RICHLAND,1997-10-20,50.0,806.0,LIMESTONE,ROTARY,20.0,18.5,29.0,25,848609
97465,W,DOMESTIC,-84.1892,40.80037,GEOCODE,ALLEN,AMERICAN,1998-05-11,96.0,801.2999877929688,SAND,CABLE TOOL,15.0,35.0,96.0,,859491
97466,W,DOMESTIC,-83.94543,40.681529999999995,GEOCODE,ALLEN,AUGLAIZE,1998-03-11,70.0,981.7999877929688,LIMESTONE,ROTARY,20.0,24.0,41.0,41,866847
97488,W,DOMESTIC,-84.20962999999999,40.69392,GEOCODE,ALLEN,SHAWNEE,1998-02-12,86.0,879.2000122070312,GRAVEL,CABLE TOOL,15.0,63.0,86.0,,859481
97635,W,DOMESTIC,-84.03211,40.68523,GEOCODE,ALLEN,PERRY,1999-01-20,157.0,949.7000122070312,GRAVEL,ROTARY,10.0,60.0,157.0,,889248
97715,W,DOMESTIC,-83.95058999999999,40.66607,GEOCODE,ALLEN,AUGLAIZE,1999-12-27,43.0,1030.800048828125,GRAVEL,ROTARY,15.0,26.0,43.0,,901913
97716,W,DOMESTIC,-84.03199,40.816069999999996,GEOCODE,ALLEN,BATH,1999-12-09,62.0,860.7999877929688,LIMESTONE,ROTARY,20.0,30.0,38.0,38,901907
97717,W,DOMESTIC,-84.03591999999999,40.79479,GEOCODE,ALLEN,BATH,1999-11-01,46.0,864.2999877929688,SAND/GRAVEL/SHALE,CABLE TOOL,12.0,,46.0,,892928
97730,W,DOMESTIC,-84.35914,40.787279999999996,GEOCODE,ALLEN,SPENCER,2000-03-31,52.0,782.0999755859375,LIMESTONE,CABLE TOOL,4.0,14.0,25.0,17,890249
97756,W,DOMESTIC,-83.93051,40.81928,GEOCODE,ALLEN,RICHLAND,1999-08-12,63.0,885.4000244140625,LIMESTONE,ROTARY,30.0,20.0,35.0,35,901950
98129,W,DOMESTIC,-84.22386,40.78207,GEOCODE,ALLEN,MARION,2001-04-28,27.0,803.5,SAND,CABLE TOOL,6.0,17.0,26.0,,921659
98130,W,DOMESTIC,-84.31343,40.84128,GEOCODE,ALLEN,MARION,2001-02-07,74.0,774.7000122070312,LIMESTONE,ROTARY,5.0,25.0,28.0,22,926947
98239,W,DOMESTIC,-84.24201,40.80413,GEOCODE,ALLEN,MARION,2001-10-29,53.0,790.2999877929688,LIMESTONE,ROTARY,10.0,18.0,27.0,21,935890
98293,W,DOMESTIC,-83.91866999999999,40.84598,GEOCODE,ALLEN,RICHLAND,2001-02-19,73.0,868.7999877929688,LIMESTONE,ROTARY,15.0,22.0,42.0,42,922108
98305,W,DOMESTIC,-83.95043,40.66634,GEOCODE,ALLEN,AUGLAIZE,2000-05-05,42.0,1028.5,SAND/GRAVEL/BOULDERS,CABLE TOOL,20.0,20.0,42.0,,895921
98390,W,DOMESTIC,-84.07115999999999,40.81702,GEOCODE,ALLEN,BATH,2001-08-15,38.0,832.9000244140625,CLAY & BOULDERS,CABLE TOOL,15.0,20.0,36.0,,932582
98424,W,DOMESTIC,-84.24163999999999,40.69125,GEOCODE,ALLEN,AMANDA,2002-02-14,122.0,860.7000122070312,LIMESTONE,ROTARY,50.0,39.0,65.0,61,942328
98570,W,DOMESTIC,-84.04911,40.7991,GEOCODE,ALLEN,BATH,2001-06-01,52.0,842.5,LIMESTONE & SHALE,CABLE TOOL,12.0,26.0,50.0,18,892915
98701,W,DOMESTIC,-84.01286999999999,40.78263,GEOCODE,ALLEN,BATH,2002-03-12,92.0,910.4000244140625,LIMESTONE,ROTARY,20.0,40.0,62.0,62,940552
98760,W,DOMESTIC,-84.3164,40.841539999999995,GEOCODE,ALLEN,MARION,1995-12-01,143.0,774.7999877929688,LIMESTONE,ROTARY,25.0,85.0,,64,822321
98769,W,PUBLIC/SEMI-PUB,-84.078088,40.729588,DIGITIZED,ALLEN,PERRY,1961-03-01,165.0,883.5999755859375,LIMESTONE,,30.0,45.0,41.0,40,223464
98803,W,DOMESTIC,-84.03063999999999,40.817609999999995,,ALLEN,BATH,2002-05-03,63.0,859.5,LIMESTONE,ROTARY,10.0,25.0,38.0,59,949930
98830,W,DOMESTIC,-84.18464,40.70391,GEOCODE,ALLEN,SHAWNEE,1988-10-17,85.0,880.2999877929688,GRAVEL,CABLE TOOL,12.0,60.0,85.0,,677669
98883,W,DOMESTIC,-83.994565,40.733042999999995,DIGITIZED,ALLEN,BATH,1961-11-06,54.0,929.5999755859375,LIMESTONE,,20.0,11.0,24.0,24,266469
98891,W,DOMESTIC,-83.93781,40.86929,GEOCODE,ALLEN,RICHLAND,2002-08-16,143.0,850.2000122070312,LIMESTONE,ROTARY,20.0,38.0,35.0,140,947769
98932,W,INDUSTRIAL,-84.146058,40.727602999999995,DIGITIZED,ALLEN,SHAWNEE,1959-01-28,226.0,871.7000122070312,LIMESTONE,,8.0,110.0,189.0,190,201647
98938,W,DOMESTIC,-84.29061,40.693169999999995,GEOCODE,ALLEN,AMANDA,2002-12-10,83.0,844.0999755859375,LIMESTONE,ROTARY,7.0,40.0,51.0,46,956771
98942,W,DOMESTIC,-84.019933,40.763487,DIGITIZED,ALLEN,BATH,1966-06-13,83.0,901.7000122070312,LIMESTONE,,8.0,35.0,42.0,40,342031
98946,W,DOMESTIC,-84.134439,40.690667999999995,DIGITIZED,ALLEN,SHAWNEE,1963-05-29,56.0,868.4000244140625,GRAVEL,,10.0,38.0,56.0,30,274642
98967,W,DOMESTIC,-84.39663,40.69228,GEOCODE,ALLEN,SPENCER,2003-03-27,157.0,849.2000122070312,LIMESTONE,ROTARY,10.0,60.0,81.0,154,956725
98995,W,DOMESTIC,-83.91861,40.687639999999995,GEOCODE,ALLEN,AUGLAIZE,1994-03-28,50.0,1002.2999877929688,LIMESTONE,CABLE TOOL,10.0,15.0,25.0,25,786331
99014,W,MONITOR,-84.07916999999999,40.730779999999996,,ALLEN,PERRY,2002-12-12,12.0,887.2999877929688,,AUGER,,,4.0,,947541
99027,W,DOMESTIC,-84.118034,40.788168999999996,DIGITIZED,ALLEN,AMERICAN,1954-07-18,70.0,829.7999877929688,LIMESTONE,,,20.0,23.0,24,123388
99043,W,DOMESTIC,-84.18538,40.71452,GEOCODE,ALLEN,SHAWNEE,1985-03-20,73.0,863.9000244140625,LIMESTONE,,10.0,48.0,65.0,60,650777
99081,W,DOMESTIC,-84.20340499999999,40.699253999999996,DIGITIZED,ALLEN,SHAWNEE,1957-11-06,131.0,876.2999877929688,LIMESTONE,,,,83.0,83,199780
99085,W,DOMESTIC,-84.135965,40.779027,DIGITIZED,ALLEN,AMERICAN,1962-01-17,70.0,834.0,LIMESTONE,,,44.0,32.0,31,251567
99105,W,DOMESTIC,-84.164428,40.712756,DIGITIZED,ALLEN,SHAWNEE,1956-12-04,104.0,851.2000122070312,GRAVEL,,10.0,48.0,104.0,,181715
99106,W,DOMESTIC,-84.164428,40.712756,DIGITIZED,ALLEN,SHAWNEE,1964-04-18,75.0,851.2000122070312,GRAVEL,,10.0,61.0,75.0,,298572
99130,W,DOMESTIC,-83.936719,40.768888,DIGITIZED,ALLEN,JACKSON,1961-05-19,66.0,927.2000122070312,LIMESTONE,,,14.0,25.0,64,260664
99146,W,DOMESTIC,-84.20403999999999,40.69669,GEOCODE,ALLEN,SHAWNEE,2003-03-27,76.0,879.9000244140625,SHALE,CABLE TOOL,15.0,55.0,74.0,74,947305
99210,W,DOMESTIC,-84.06830099999999,40.702560999999996,DIGITIZED,ALLEN,PERRY,1964-09-24,64.0,927.2999877929688,GRAVEL,,12.0,47.0,64.0,,319414
99211,W,DOMESTIC,-83.88025499999999,40.733309999999996,DIGITIZED,ALLEN,JACKSON,1965-08-03,81.0,1007.5999755859375,LIMESTONE,,16.0,52.0,56.0,56,319449
99219,W,DOMESTIC,-84.12870099999999,40.759091999999995,DIGITIZED,ALLEN,AMERICAN,1955-01-25,90.0,847.2000122070312,GRAVEL,,20.0,60.0,90.0,,139823
99222,W,DOMESTIC,-84.147562,40.692561,DIGITIZED,ALLEN,SHAWNEE,1955-06-25,40.0,855.5999755859375,GRAVEL,,13.0,28.0,40.0,,141822
99284,W,DOMESTIC,-84.01593,40.652919999999995,GLOBAL POSITIONING SYSTEM,ALLEN,PERRY,2003-07-16,37.0,935.7000122070312,LIMESTONE,ROTARY,60.0,7.0,38.0,36,965129
99441,W,DOMESTIC,-84.23483,40.832,GLOBAL POSITIONING SYSTEM,ALLEN,MARION,2004-02-25,96.0,780.2000122070312,LIMESTONE,ROTARY,20.0,20.0,27.0,91,972071
99475,W,DOMESTIC,-83.93543,40.7691,GLOBAL POSITIONING SYSTEM,ALLEN,JACKSON,2004-04-02,100.0,932.0999755859375,LIMESTONE,ROTARY,10.0,28.0,27.0,98,963193
99529,W,DOMESTIC,-83.90799,40.88127,GEOCODE,ALLEN,RICHLAND,2004-09-20,160.0,833.5999755859375,LIMESTONE,ROTARY,15.0,70.0,26.0,22,981337
99667,W,DOMESTIC,-83.93625999999999,40.74538,,ALLEN,JACKSON,2004-06-08,80.0,966.9000244140625,LIMESTONE,ROTARY,50.0,37.0,60.0,49,979924
99672,W,DOMESTIC,-84.23731,40.71208,GEOCODE,ALLEN,AMANDA,2003-10-24,50.0,839.0,SHALE & LIMESTONE,,15.0,30.0,48.0,48,967458
99724,W,DOMESTIC,-84.02721,40.80988,GEOCODE,ALLEN,BATH,2003-10-01,36.0,846.2000122070312,LIMESTONE,CABLE TOOL,12.0,21.0,34.0,34,960958
99803,W,DOMESTIC,-84.107222,40.845777,,ALLEN,MONROE,2005-02-25,95.0,793.0999755859375,LIMESTONE,ROTARY,30.0,10.0,95.0,87,981372
99835,W,DOMESTIC,-84.37155299999999,40.73605,GLOBAL POSITIONING SYSTEM,ALLEN,SPENCER,2005-05-04,51.0,817.2999877929688,LIMESTONE,CABLE TOOL,10.0,21.0,48.0,48,962753
100295,W,DOMESTIC,-84.2842,40.826679999999996,GEOCODE,ALLEN,MARION,1991-06-18,45.0,771.7000122070312,LIMESTONE,CABLE TOOL,9.0,10.0,25.0,16,677288
100461,W,DOMESTIC,-84.179692,40.703767,DIGITIZED,ALLEN,SHAWNEE,1953-09-08,76.0,873.7999877929688,GRAVEL & CLAY,,,,74.0,,72865
100521,W,DOMESTIC,-84.24238,40.692794,DIGITIZED,ALLEN,AMANDA,1963-04-29,60.0,858.7999877929688,GRAVEL,,10.0,39.0,60.0,,274638
100540,W,DOMESTIC,-84.28305999999999,40.693059999999996,GLOBAL POSITIONING SYSTEM,ALLEN,AMANDA,2006-03-30,80.0,850.2000122070312,GRAVEL,AIR ROTARY,12.0,45.0,60.0,60,2001983
100587,W,DOMESTIC,-84.16139,40.66833,GLOBAL POSITIONING SYSTEM,ALLEN,SHAWNEE,2006-04-07,44.0,867.5999755859375,SHALE,CABLE TOOL,20.0,30.0,42.0,43,997876
100637,W,,-84.18614699999999,40.839666,DIGITIZED,ALLEN,SUGAR CREEK,1959-08-17,86.0,784.2999877929688,LIMESTONE,,2.0,30.0,50.0,50,213775
100640,W,DOMESTIC,-84.037172,40.731469,DIGITIZED,ALLEN,BATH,1965-10-05,54.0,919.2000122070312,LIMESTONE,,12.0,34.0,25.0,24,342010
101034,W,DOMESTIC,-84.118034,40.788168999999996,DIGITIZED,ALLEN,AMERICAN,1964-06-12,45.0,829.7999877929688,LIMESTONE,,20.0,25.0,30.0,30,302390
101107,W,DOMESTIC,-84.135965,40.779027,DIGITIZED,ALLEN,AMERICAN,1961-05-04,70.0,834.0,LIMESTONE,,,45.0,32.0,31,251533
101129,W,,-84.055211,40.731429999999996,DIGITIZED,ALLEN,BATH,1954-12-29,52.0,900.4000244140625,LIMESTONE,,6.0,34.0,17.0,17,123510
101147,W,DOMESTIC,-83.88032199999999,40.732183,DIGITIZED,ALLEN,AUGLAIZE,1964-09-01,86.0,1011.5999755859375,LIMESTONE,,20.0,49.0,64.0,62,319407
101148,W,DOMESTIC,-83.956187,40.810182999999995,DIGITIZED,ALLEN,JACKSON,1961-11-07,61.0,902.2000122070312,LIMESTONE,,15.0,22.0,45.0,45,266470
101149,W,DOMESTIC,-84.10976699999999,40.676494,DIGITIZED,ALLEN,SHAWNEE,1954-09-08,60.0,906.9000244140625,GRAVEL,,5.0,,60.0,,126133
101150,W,,-84.171148,40.831717,DIGITIZED,ALLEN,SUGAR CREEK,1965-08-21,168.0,785.2000122070312,LIMESTONE,,45.0,10.0,21.0,20,317298
101152,W,DOMESTIC,-84.184936,40.839315,DIGITIZED,ALLEN,SUGAR CREEK,1954-07-16,77.0,783.7999877929688,LIMESTONE,,5.0,30.0,47.0,45,77463
101739,W,DOMESTIC,-84.15555599999999,40.779722,,ALLEN,AMERICAN,2007-04-06,40.0,819.2999877929688,SAND & GRAVEL,CABLE TOOL,15.0,25.0,39.0,39,1005845
101899,W,DOMESTIC,-83.90472199999999,40.819167,GLOBAL POSITIONING SYSTEM,ALLEN,JACKSON,2007-02-12,68.0,911.2999877929688,LIMESTONE,AIR ROTARY,12.0,25.0,48.0,65,2008196
101927,W,DOMESTIC,-84.3,40.804444,GLOBAL POSITIONING SYSTEM,ALLEN,MARION,2007-01-24,188.0,787.0,LIMESTONE,AIR ROTARY,10.0,35.0,26.0,18,2007975
102102,W,DOMESTIC,-84.304433,40.7854,,ALLEN,MARION,2006-09-25,182.0,794.5,LIMESTONE,ROTARY,20.0,23.0,,180,1004684
102122,W,DOMESTIC,-83.90816699999999,40.781116999999995,,ALLEN,JACKSON,2006-09-22,65.0,939.2999877929688,LIMESTONE,ROTARY,20.0,25.0,33.0,63,1004685
102666,W,DOMESTIC,-83.90704,40.70407,GLOBAL POSITIONING SYSTEM,ALLEN,AUGLAIZE,2010-03-29,76.0,985.2000122070312,LIMESTONE,ROTARY,40.0,10.0,42.0,36,2026502
102680,W,DOMESTIC,-83.941389,40.867222,GLOBAL POSITIONING SYSTEM,ALLEN,RICHLAND,2009-09-18,106.0,855.2000122070312,LIMESTONE,AIR ROTARY,20.0,40.0,32.0,26,2025016
102708,W,DOMESTIC,-83.9225,40.706669999999995,,ALLEN,AUGLAIZE,2009-11-02,42.0,979.7999877929688,SHALE,CABLE TOOL,20.0,18.0,40.0,40,1011874
103014,W,DOMESTIC,-84.22666699999999,40.764444,,ALLEN,AMANDA,2007-10-26,26.0,808.4000244140625,SHALE,CABLE TOOL,15.0,10.0,25.0,25,1005862
103015,W,DOMESTIC,-83.988333,40.694722,,ALLEN,AUGLAIZE,2007-08-29,53.0,948.9000244140625,LIMESTONE,CABLE TOOL,15.0,30.0,51.0,51,1005858
103028,W,AGRIC/IRRIG,-84.29087,40.7823,GLOBAL POSITIONING SYSTEM,ALLEN,MARION,2008-05-15,148.0,791.5999755859375,LIMESTONE,ROTARY,75.0,15.0,26.0,130,2016479
103066,W,MONITOR,-84.108733,40.798033,GLOBAL POSITIONING SYSTEM,ALLEN,BATH,2007-10-11,25.0,829.7999877929688,CLAY,AUGER,,6.0,2.0,,2013785
103071,W,DOMESTIC,-83.9778,40.71405,,ALLEN,AUGLAIZE,2008-03-26,97.0,996.7999877929688,GRAVEL,ROTARY,30.0,60.0,97.0,,1007199
103164,W,DOMESTIC,-83.984783,40.695133,,ALLEN,AUGLAIZE,2011-09-13,60.0,942.2000122070312,LIMESTONE,ROTARY,30.0,14.0,42.0,42,1014576
103167,W,DOMESTIC,-84.257667,40.858332999999995,GLOBAL POSITIONING SYSTEM,ALLEN,MARION,2011-07-22,143.0,762.5999755859375,LIMESTONE,AIR ROTARY,12.0,20.0,26.0,43,2033462
103205,W,DOMESTIC,-84.274,40.740666999999995,GLOBAL POSITIONING SYSTEM,ALLEN,AMANDA,2010-09-22,43.0,809.4000244140625,GRAVEL & LIMESTONE,AIR ROTARY,20.0,15.0,30.0,32,2029591
103443,W,DOMESTIC,-84.08926699999999,40.665033,,ALLEN,PERRY,2012-09-07,215.0,961.7999877929688,LIMESTONE,ROTARY,25.0,78.0,200.0,198,1016870
103502,W,DOMESTIC,-84.02754999999999,40.783833,,ALLEN,BATH,2010-10-01,58.0,881.7999877929688,LIMESTONE,CABLE TOOL,8.0,18.0,27.0,27,1013036
103584,W,DOMESTIC,-83.93854999999999,40.86175,,ALLEN,RICHLAND,2010-08-23,160.0,851.2000122070312,LIMESTONE,ROTARY,20.0,40.0,,80,1013435
103619,W,DOMESTIC,-84.12283,40.674800000000005,GLOBAL POSITIONING SYSTEM,ALLEN,SHAWNEE,2011-12-13,180.0,898.9000244140625,LIMESTONE,ROTARY,120.0,45.5,150.0,145,2035848
103638,W,DOMESTIC,-84.36547999999999,40.69949,GEOCODE,ALLEN,SPENCER,1992-05-04,86.0,846.4000244140625,LIMESTONE,ROTARY,5.0,40.0,68.0,68,747611
103739,W,DOMESTIC,-83.97361099999999,40.717777999999996,,ALLEN,AUGLAIZE,2013-11-14,96.0,990.5,SHALE,CABLE TOOL,12.0,65.0,94.0,84,1016378
103856,W,DOMESTIC,-83.89,40.821283,GLOBAL POSITIONING SYSTEM,ALLEN,RICHLAND,2015-05-01,35.0,902.2999877929688,LIMESTONE,CABLE TOOL,15.0,9.0,27.0,27,1015561
103897,W,MONITOR,-84.076667,40.730833,GLOBAL POSITIONING SYSTEM,ALLEN,PERRY,2015-09-02,16.0,881.7999877929688,CLAY,GEOPROBE,,,6.0,,2053672
103930,W,DOMESTIC,-83.936533,40.793867,GLOBAL POSITIONING SYSTEM,ALLEN,JACKSON,2015-09-18,85.0,,LIMESTONE,ROTARY,20.0,41.0,58.0,58,1018698
103952,W,MONITOR,-84.0766,40.731100000000005,GLOBAL POSITIONING SYSTEM,ALLEN,PERRY,2014-10-29,16.0,882.0999755859375,GRAVEL,GEOPROBE,,0.0,6.0,,2049850
103957,W,DOMESTIC,-84.345473,40.807793,GLOBAL POSITIONING SYSTEM,ALLEN,MARION,2015-09-09,203.0,783.7999877929688,LIMESTONE,AIR ROTARY,12.0,80.0,27.0,23,2054356
103973,W,MONITOR,-84.07766699999999,40.730333,GLOBAL POSITIONING SYSTEM,ALLEN,PERRY,2015-10-19,13.5,,SAND,GEOPROBE,,5.0,3.5,,2055233
104218,W,MONITOR,-84.04041,40.788779999999996,GLOBAL POSITIONING SYSTEM,ALLEN,BATH,2016-03-18,12.0,,CLAY,GEOPROBE,,8.0,2.0,,2056890
104296,W,AGRIC/IRRIG,-84.126783,40.814316999999996,GLOBAL POSITIONING SYSTEM,ALLEN,SUGAR CREEK,2017-06-14,280.0,,LIMESTONE,ROTARY,130.0,18.0,30.0,30,2063307
104337,W,DOMESTIC,-84.0894,40.664716999999996,GLOBAL POSITIONING SYSTEM,ALLEN,PERRY,2016-05-23,123.0,,SAND & GRAVEL,ROTARY,12.0,71.0,123.0,,1019460
104371,W,DOMESTIC,-84.38659,40.800748999999996,GLOBAL POSITIONING SYSTEM,ALLEN,MARION,2017-04-17,120.0,,LIMESTONE,AIR ROTARY,40.0,20.0,43.0,32,2062164
104507,W,DOMESTIC,-84.10307999999999,40.83171,,ALLEN,MONROE,1993-06-16,56.0,806.0999755859375,LIMESTONE,ROTARY,4.0,12.0,31.0,31,769284
104717,W,DOMESTIC,-83.91021599999999,40.749566,GLOBAL POSITIONING SYSTEM,ALLEN,JACKSON,2017-09-11,59.0,,LIMESTONE,ROTARY,20.0,22.0,33.0,33,1020285
104818,W,DOMESTIC,-84.24210000000001,40.688767,GLOBAL POSITIONING SYSTEM,ALLEN,AMANDA,2019-05-01,90.0,,LIMESTONE,MUD/AIR ROTARY,12.0,41.0,62.0,,2073292
104904,W,DOMESTIC,-84.10284999999999,40.81635,GLOBAL POSITIONING SYSTEM,ALLEN,BATH,2019-07-09,70.0,,LIMESTONE,MUD/AIR ROTARY,15.0,20.0,36.0,,2074685
104966,W,PUBLIC/SEMI-PUB,-83.92285,40.71069,GEOCODE,ALLEN,JACKSON,1996-10-11,82.0,993.2999877929688,LIMESTONE,ROTARY,30.0,34.0,72.0,27,843057
105251,W,DOMESTIC,-83.995817,40.724416999999995,GLOBAL POSITIONING SYSTEM,ALLEN,PERRY,2019-06-05,95.0,,LIMESTONE,MUD/AIR ROTARY,15.0,29.0,66.0,,2074155
105275,W,DOMESTIC,-83.967862,40.833436999999996,DIGITIZED,ALLEN,RICHLAND,1955-04-18,63.0,858.5999755859375,LIMESTONE,,4.0,,35.0,58,144607
105276,W,DOMESTIC,-83.947257,40.892271,DIGITIZED,ALLEN,RICHLAND,1956-04-19,40.0,820.2000122070312,LIMESTONE,,6.0,15.0,28.0,15,144627
105277,W,PUBLIC/SEMI-PUB,-84.18509,40.70786,GEOCODE,ALLEN,SHAWNEE,1969-09-23,200.0,873.7000122070312,LIMESTONE,,20.0,60.0,,72,379271
105278,W,DOMESTIC,-84.248939,40.711157,DIGITIZED,ALLEN,AMANDA,1963-08-20,50.0,828.2999877929688,LIMESTONE,,12.0,20.0,38.0,37,302351
105279,W,DOMESTIC,-84.23017899999999,40.713586,DIGITIZED,ALLEN,AMANDA,1954-06-03,80.0,838.2000122070312,LIMESTONE,,,,40.0,75,72873
105284,W,DOMESTIC,-84.10942399999999,40.800652,DIGITIZED,ALLEN,AMERICAN,1958-03-24,247.0,821.7999877929688,LIMESTONE,,110.0,18.0,91.0,91,192080
105285,W,DOMESTIC,-84.175355,40.697336,DIGITIZED,ALLEN,SHAWNEE,1962-05-09,91.0,858.4000244140625,LIMESTONE,,8.0,30.0,86.0,66,264488
105286,W,DOMESTIC,-83.911498,40.878218,DIGITIZED,ALLEN,RICHLAND,1962-10-19,57.0,838.4000244140625,LIMESTONE,,5.0,,23.0,23,278310
105287,W,DOMESTIC,-83.908062,40.880162999999996,DIGITIZED,ALLEN,RICHLAND,1958-04-17,52.0,840.2000122070312,LIMESTONE,,,33.0,25.0,25,204645
105289,W,DOMESTIC,-84.31545,40.707300000000004,,ALLEN,AMANDA,1991-05-22,148.0,836.2999877929688,LIMESTONE,ROTARY,25.0,38.0,56.0,56,732308
105292,W,DOMESTIC,-84.21321999999999,40.7605,GEOCODE,ALLEN,AMERICAN,1974-02-20,61.0,808.9000244140625,LIMESTONE,,20.0,28.0,28.0,28,514379
105293,W,DOMESTIC,-84.01665799999999,40.746145,DIGITIZED,ALLEN,BATH,1955-05-20,74.0,920.2000122070312,LIMESTONE,,20.0,31.0,22.0,22,156822
105296,W,DOMESTIC,-84.14054399999999,40.695048,DIGITIZED,ALLEN,SHAWNEE,1958-05-13,128.0,849.5999755859375,GRAVEL,,30.0,32.0,128.0,,181740
105299,W,DOMESTIC,-84.07021399999999,40.682794,DIGITIZED,ALLEN,PERRY,1962-08-04,266.0,969.4000244140625,SANDSTONE,,7.0,70.0,263.0,262,258485
105300,W,DOMESTIC,-84.01324,40.79031,GEOCODE,ALLEN,BATH,1996-08-22,32.0,886.4000244140625,GRAVEL,CABLE TOOL,15.0,10.0,32.0,,826170
105303,W,DOMESTIC,-84.185389,40.717031,DIGITIZED,ALLEN,SHAWNEE,1958-09-02,70.0,861.7999877929688,GRAVEL,,12.0,50.0,70.0,,224054
105304,W,DOMESTIC,-84.191,40.722739999999995,GEOCODE,ALLEN,SHAWNEE,1993-04-17,54.0,833.7999877929688,LIMESTONE,,15.0,21.0,54.0,50,767856
105306,W,DOMESTIC,-84.28085999999999,40.73563,,ALLEN,AMANDA,1993-08-18,146.0,812.0999755859375,LIMESTONE,ROTARY,6.0,30.0,48.0,48,769292
105307,W,DOMESTIC,-83.99419,40.748259999999995,,ALLEN,BATH,1988-04-01,38.0,938.5,LIMESTONE,CABLE TOOL,8.0,18.0,27.0,27,657197
105308,W,DOMESTIC,-84.10490399999999,40.705845,DIGITIZED,ALLEN,PERRY,1956-09-01,67.0,887.9000244140625,LIMESTONE,,10.0,22.0,44.0,30,160012
105309,W,DOMESTIC,-84.078439,40.717504,DIGITIZED,ALLEN,PERRY,1955-01-15,162.0,896.2000122070312,LIMESTONE,,,52.0,46.0,52,62125
105310,W,DOMESTIC,-84.22936399999999,40.817738,DIGITIZED,ALLEN,MARION,1959-04-23,38.0,785.9000244140625,LIMESTONE,,15.0,4.5,14.0,8,222260
105311,W,DOMESTIC,-83.959514,40.785379,DIGITIZED,ALLEN,JACKSON,1960-07-21,60.0,912.7000122070312,LIMESTONE,,15.0,24.0,34.0,34,245567
105312,W,DOMESTIC,-83.993813,40.76032,DIGITIZED,ALLEN,JACKSON,1963-07-13,63.0,924.0,LIMESTONE,,20.0,35.0,43.0,42,286094
105313,W,DOMESTIC,-83.975143,40.770579,DIGITIZED,ALLEN,JACKSON,1965-09-21,71.0,917.5,LIMESTONE,,16.0,29.0,32.0,30,342008
105314,W,DOMESTIC,-84.13153,40.758829999999996,GEOCODE,ALLEN,AMERICAN,1992-08-06,178.0,842.7999877929688,LIMESTONE,ROTARY,10.0,96.0,171.0,171,757979
105315,W,DOMESTIC,-84.02435899999999,40.791339,DIGITIZED,ALLEN,BATH,1961-05-03,42.0,880.0,GRAVEL,,14.0,8.0,42.0,,245897
105316,W,DOMESTIC,-83.880963,40.873853,DIGITIZED,ALLEN,RICHLAND,1953-02-06,88.0,841.5,LIMESTONE,,22.0,16.0,16.0,85,94331
105317,W,DOMESTIC,-84.16552,40.72788,GEOCODE,ALLEN,SHAWNEE,1988-12-23,210.0,847.2999877929688,LIMESTONE,ROTARY,15.0,98.0,177.0,177,694239
105320,W,DOMESTIC,-84.09407999999999,40.79656,GEOCODE,ALLEN,BATH,1994-07-13,72.0,842.9000244140625,LIMESTONE,CABLE TOOL,10.0,,48.0,48,761066
105321,W,DOMESTIC,-84.02082999999999,40.78924,GEOCODE,ALLEN,BATH,1993-06-04,80.0,878.2999877929688,LIMESTONE,ROTARY,12.0,13.0,60.0,55,767874
105322,W,DOMESTIC,-84.37058999999999,40.728919999999995,GEOCODE,ALLEN,SPENCER,1994-06-01,82.0,826.7999877929688,LIMESTONE,ROTARY,15.0,28.0,56.0,56,784923
105326,W,DOMESTIC,-84.102544,40.706103999999996,DIGITIZED,ALLEN,PERRY,1956-06-14,41.0,883.7000122070312,GRAVEL,,15.0,21.0,41.0,,170863
105327,W,DOMESTIC,-84.03596,40.79476,GEOCODE,ALLEN,BATH,1987-05-01,60.0,865.0,LIMESTONE,,10.0,25.0,45.0,42,661931
105328,W,DOMESTIC,-84.11662,40.786629999999995,GEOCODE,ALLEN,AMERICAN,1973-09-18,80.0,830.2999877929688,LIMESTONE,,8.0,24.0,27.0,27,512474
105329,W,DOMESTIC,-84.13687999999999,40.673988,DIGITIZED,ALLEN,SHAWNEE,1955-07-01,77.0,877.2999877929688,SAND & GRAVEL,,6.0,37.0,77.0,,130247
105331,W,DOMESTIC,-84.33494,40.78358,GEOCODE,ALLEN,MARION,1993-01-22,171.0,796.5999755859375,LIMESTONE,ROTARY,10.0,34.0,31.0,31,758001
105332,W,DOMESTIC,-83.976354,40.68177,DIGITIZED,ALLEN,AUGLAIZE,1957-09-20,60.0,955.7000122070312,LIMESTONE,,,8.0,31.0,31,169636
105333,W,DOMESTIC,-84.0363,40.78781,GEOCODE,ALLEN,BATH,1983-07-29,219.0,885.0,LIMESTONE,,6.0,48.0,49.0,49,618582
105334,W,DOMESTIC,-84.22385,40.781009999999995,GEOCODE,ALLEN,MARION,1991-10-22,60.0,801.0999755859375,LIMESTONE,ROTARY,10.0,13.0,26.0,23,737519
105335,W,DOMESTIC,-84.1092,40.664739999999995,GEOCODE,ALLEN,SHAWNEE,1985-06-01,179.0,925.0999755859375,LIMESTONE,,20.0,55.0,167.0,164,650785
105340,W,DOMESTIC,-84.03233,40.66636,GEOCODE,ALLEN,PERRY,1987-09-21,32.0,922.0,GRAVEL,CABLE TOOL,7.0,18.0,32.0,,657171
105341,W,DOMESTIC,-84.03251999999999,40.69412,GEOCODE,ALLEN,PERRY,1994-03-07,90.0,972.7000122070312,GRAVEL,CABLE TOOL,7.0,60.0,90.0,,786328
105342,W,DOMESTIC,-84.26649599999999,40.816114999999996,DIGITIZED,ALLEN,MARION,1962-05-28,46.0,782.7999877929688,LIMESTONE,,9.0,12.0,17.0,17,264494
105343,W,DOMESTIC,-84.277559,40.816106,DIGITIZED,ALLEN,MARION,1962-05-14,112.0,775.5999755859375,LIMESTONE,,5.0,8.0,17.0,17,264489
105344,W,DOMESTIC,-83.961389,40.740701,DIGITIZED,ALLEN,JACKSON,1953-08-21,62.0,952.2000122070312,LIMESTONE,,23.0,24.0,40.0,60,94345
105345,W,DOMESTIC,-83.99376,40.702504999999995,DIGITIZED,ALLEN,AUGLAIZE,1961-09-18,108.0,1000.2000122070312,GRAVEL,,16.0,70.0,108.0,,266461
105346,W,DOMESTIC,-83.983764,40.706644999999995,DIGITIZED,ALLEN,AUGLAIZE,1963-05-06,157.0,999.4000244140625,LIMESTONE,,12.0,62.0,131.0,141,286711
105347,W,DOMESTIC,-83.960736,40.669429,DIGITIZED,ALLEN,AUGLAIZE,1960-10-19,50.0,990.2000122070312,GRAVEL,,18.0,16.0,50.0,,244915
105350,W,DOMESTIC,-84.16144,40.696549999999995,GEOCODE,ALLEN,SHAWNEE,1986-06-27,45.0,845.7000122070312,GRAVEL,CABLE TOOL,20.0,35.0,45.0,,654567
105352,W,DOMESTIC,-84.16489399999999,40.766483,DIGITIZED,ALLEN,AMERICAN,1956-09-07,38.0,817.7000122070312,GRAVEL,,20.0,18.0,38.0,,181710
105353,W,INDUSTRIAL,-84.12002,40.74868,,ALLEN,AMERICAN,1962-04-20,316.0,874.7999877929688,LIMESTONE,,125.0,120.0,120.0,300,279854
105354,W,DOMESTIC,-84.07481,40.80328,GEOCODE,ALLEN,BATH,1998-08-08,57.0,860.5,GRAVEL,CABLE TOOL,20.0,45.0,57.0,,677700
105355,W,DOMESTIC,-84.00938,40.74292,GEOCODE,ALLEN,BATH,1996-07-01,75.0,918.5999755859375,LIMESTONE,CABLE TOOL,12.0,30.0,37.0,37,818024
105356,W,DOMESTIC,-84.01033,40.77182,GEOCODE,ALLEN,BATH,1973-07-17,80.0,898.2000122070312,LIMESTONE,,15.0,27.0,36.0,36,451874
105357,W,DOMESTIC,-84.26890999999999,40.80996,GEOCODE,ALLEN,MARION,1983-08-23,202.0,793.0999755859375,LIMESTONE,,9.0,18.0,28.0,28,618589
105358,W,DOMESTIC,-84.177302,40.703914999999995,DIGITIZED,ALLEN,SHAWNEE,1955-12-07,68.0,872.5,GRAVEL,,20.0,35.0,68.0,,173402
105360,W,DOMESTIC,-84.38996999999999,40.75743,GEOCODE,ALLEN,SPENCER,1996-10-28,41.0,810.5,SAND & GRAVEL,CABLE TOOL,15.0,10.0,,,813012
105361,W,,-84.156971,40.802386999999996,DIGITIZED,ALLEN,SUGAR CREEK,1954-09-27,58.0,800.0,LIMESTONE,,20.0,8.0,8.0,8,123546
105363,W,DOMESTIC,-84.147804,40.767842,DIGITIZED,ALLEN,AMERICAN,1955-05-25,72.0,844.2999877929688,LIMESTONE,,6.0,,54.0,54,153270
105365,W,DOMESTIC,-84.01822,40.6757,GEOCODE,ALLEN,PERRY,1987-09-01,32.0,922.5,GRAVEL,CABLE TOOL,12.0,18.0,32.0,,657168
105366,W,DOMESTIC,-83.99453,40.734696,DIGITIZED,ALLEN,BATH,1965-11-15,45.0,926.0,LIMESTONE,,20.0,18.0,24.0,23,342016
105367,W,DOMESTIC,-84.002591,40.742436999999995,DIGITIZED,ALLEN,BATH,1963-07-05,63.0,929.5,LIMESTONE,,16.0,37.0,42.0,41,286092
105368,W,DOMESTIC,-84.11225,40.77692,,ALLEN,AMERICAN,1981-05-02,112.0,848.2000122070312,LIMESTONE,,15.0,62.0,48.0,45,515491
105369,W,DOMESTIC,-84.15808,40.679629999999996,GEOCODE,ALLEN,SHAWNEE,1992-03-09,53.0,859.0,GRAVEL,CABLE TOOL,20.0,20.0,53.0,,746132
105370,W,DOMESTIC,-84.15661,40.686009999999996,GEOCODE,ALLEN,SHAWNEE,1992-02-28,102.0,855.9000244140625,GRAVEL,CABLE TOOL,20.0,30.0,102.0,,746133
105371,W,DOMESTIC,-83.90655,40.899319999999996,GEOCODE,ALLEN,RICHLAND,1994-06-10,62.0,826.7000122070312,LIMESTONE,ROTARY,10.0,24.0,28.0,25,786603
105377,W,DOMESTIC,-84.03350999999999,40.68786,,ALLEN,PERRY,1990-08-08,158.0,966.5999755859375,GRAVEL,CABLE TOOL,20.0,45.0,160.0,,723754
105378,W,DOMESTIC,-84.00871,40.708929999999995,GEOCODE,ALLEN,PERRY,1994-03-17,83.0,977.2000122070312,GRAVEL,CABLE TOOL,20.0,50.0,83.0,,786329
105379,W,DOMESTIC,-84.04682,40.731398,DIGITIZED,ALLEN,BATH,1957-09-27,61.0,909.9000244140625,LIMESTONE,,15.0,,34.0,34,199776
105380,W,DOMESTIC,-84.16529,40.758539999999996,,ALLEN,AMERICAN,1991-11-01,205.0,819.7000122070312,LIMESTONE,ROTARY,10.0,75.0,175.0,172,737517
105381,W,,-84.191664,40.830833999999996,DIGITIZED,ALLEN,SUGAR CREEK,1953-05-13,107.0,784.5,GRAVEL,,13.0,6.0,107.0,,85196
105382,W,,-84.18039499999999,40.818673,DIGITIZED,ALLEN,SUGAR CREEK,1966-03-15,164.0,793.7000122070312,LIMESTONE,,15.0,18.0,148.0,146,337024
105383,W,DOMESTIC,-84.134439,40.690667999999995,DIGITIZED,ALLEN,SHAWNEE,1959-11-09,175.0,868.4000244140625,GRAVEL,,8.0,33.0,175.0,,220186
105391,W,DOMESTIC,-84.135965,40.779027,DIGITIZED,ALLEN,AMERICAN,1955-06-27,80.0,834.0,LIMESTONE,,,44.0,31.0,31,139069
105392,W,DOMESTIC,-84.04635999999999,40.73112,GEOCODE,ALLEN,BATH,1992-08-06,82.0,909.7000122070312,LIMESTONE,ROTARY,15.0,28.0,33.0,28,759151
105393,W,PUBLIC/SEMI-PUB,-83.89675,40.7325,GEOCODE,ALLEN,JACKSON,1995-08-10,88.0,992.2000122070312,LIMESTONE,CABLE TOOL,18.0,35.0,56.0,56,819978
105394,W,MONITOR,-84.20361,40.78694,,ALLEN,AMERICAN,1994-03-30,13.0,792.2000122070312,SAND,AUGER,,3.8000000000000003,13.0,,716065
105395,W,MONITOR,-84.20361,40.78694,,ALLEN,AMERICAN,1994-03-28,9.0,792.2000122070312,SAND & GRAVEL,AUGER,,1.9000000000000001,8.0,,716069
105400,W,DOMESTIC,-83.95678,40.712900000000005,GEOCODE,ALLEN,AUGLAIZE,1994-01-11,100.0,993.5999755859375,GRAVEL & CLAY,CABLE TOOL,10.0,46.0,100.0,,761056
105401,W,DOMESTIC,-84.23335999999999,40.779779999999995,GEOCODE,ALLEN,MARION,1989-09-23,75.0,794.5,LIMESTONE,ROTARY,12.0,13.0,27.0,25,700144
105403,W,DOMESTIC,-84.15878599999999,40.694269,DIGITIZED,ALLEN,SHAWNEE,1960-09-02,51.0,841.2000122070312,GRAVEL,,7.0,33.0,51.0,,245869
105404,W,DOMESTIC,-84.16422299999999,40.720574,DIGITIZED,ALLEN,SHAWNEE,1964-04-10,182.0,849.2000122070312,LIMESTONE,,10.0,76.0,173.0,173,308805
105405,W,DOMESTIC,-84.168607,40.722182,DIGITIZED,ALLEN,SHAWNEE,,48.0,845.4000244140625,SAND & GRAVEL,,9.0,35.0,48.0,,274602
105415,W,DOMESTIC,-84.07032,40.78168,GEOCODE,ALLEN,BATH,1996-07-23,200.0,879.9000244140625,LIMESTONE,ROTARY,15.0,63.0,56.0,56,843026
105416,W,DOMESTIC,-84.18048,40.773109999999996,,ALLEN,AMERICAN,1987-06-12,55.0,813.4000244140625,LIMESTONE,,10.0,23.0,33.0,33,632435
105417,W,DOMESTIC,-84.20300999999999,40.74975,,ALLEN,AMERICAN,1993-10-02,48.0,823.0,GRAVEL & SHALE,CABLE TOOL,12.0,,48.0,,761038
105420,W,DOMESTIC,-83.88978,40.90827,GEOCODE,ALLEN,RICHLAND,1994-10-19,78.0,823.7000122070312,LIMESTONE,ROTARY,5.0,15.0,30.0,70,796516
105421,W,DOMESTIC,-84.158862,40.698623999999995,DIGITIZED,ALLEN,SHAWNEE,1963-07-24,97.0,838.7999877929688,QUICKSAND,,10.0,25.0,97.0,,291119
105422,W,DOMESTIC,-84.10843799999999,40.675171,DIGITIZED,ALLEN,SHAWNEE,1962-07-29,54.0,910.7999877929688,SAND & GRAVEL,,6.0,29.0,54.0,,281602
105429,W,DOMESTIC,-84.06997,40.774409999999996,GEOCODE,ALLEN,BATH,1994-02-08,100.0,883.0999755859375,LIMESTONE,ROTARY,15.0,62.0,55.0,52,786563
105431,W,DOMESTIC,-84.1823,40.71552,GEOCODE,ALLEN,SHAWNEE,1988-07-14,164.0,859.4000244140625,LIMESTONE,,4.0,92.0,63.0,63,678517
105433,W,DOMESTIC,-84.242755,40.704538,DIGITIZED,ALLEN,AMANDA,1963-09-25,42.0,839.2000122070312,SAND & GRAVEL,,10.0,20.0,42.0,,291132
105434,W,DOMESTIC,-84.25119699999999,40.688064,DIGITIZED,ALLEN,AMANDA,1955-03-31,62.0,848.2000122070312,LIMESTONE,,,,,42,121432
105435,W,DOMESTIC,-84.284967,40.718782999999995,DIGITIZED,ALLEN,AMANDA,1955-06-18,111.0,825.7999877929688,LIMESTONE,,,43.0,37.0,43,62139
105439,W,DOMESTIC,-84.174706,40.774881,DIGITIZED,ALLEN,AMERICAN,1958-07-29,44.0,816.9000244140625,LIMESTONE,,14.0,14.0,34.0,34,192095
105440,W,DOMESTIC,-84.174706,40.774881,DIGITIZED,ALLEN,AMERICAN,1955-08-23,49.0,816.9000244140625,LIMESTONE,,,,19.0,19,121441
105441,W,DOMESTIC,-83.94814799999999,40.812239999999996,DIGITIZED,ALLEN,JACKSON,1961-08-21,51.0,890.5999755859375,LIMESTONE,,25.0,9.0,32.0,32,266458
110455,W,,-83.90935999999999,40.768682,DIGITIZED,ALLEN,JACKSON,1948-10-05,57.0,950.2999877929688,LIMESTONE,,,21.0,36.0,54,38973
110464,W,,-84.091822,40.662478,DIGITIZED,ALLEN,PERRY,1949-10-30,86.0,964.4000244140625,GRAVEL,,20.0,70.0,86.0,,69615
110465,W,,-83.981988,40.891833,DIGITIZED,ALLEN,RICHLAND,1948-09-13,58.0,796.9000244140625,LIMESTONE,,,,26.0,51,33103
110468,W,,-84.149141,40.691593999999995,DIGITIZED,ALLEN,SHAWNEE,1950-10-25,176.0,860.0999755859375,LIMESTONE,,,36.0,153.0,42,30780
112354,W,DOMESTIC,-83.98398999999999,40.78577,GEOCODE,ALLEN,JACKSON,1996-07-15,76.0,926.5,LIMESTONE,CABLE TOOL,6.0,51.0,64.0,64,820022
112524,W,MONITOR,-84.11341,40.72199,GEOCODE,ALLEN,SHAWNEE,1997-09-17,17.0,864.0999755859375,,AUGER,,,7.0,,852947
112546,W,DOMESTIC,-84.00882,40.742909999999995,GEOCODE,ALLEN,BATH,1997-06-01,49.0,925.7000122070312,LIMESTONE,CABLE TOOL,12.0,22.0,32.0,30,846817
112608,W,DOMESTIC,-84.12038,40.704609999999995,GEOCODE,ALLEN,BATH,1997-11-20,65.0,877.7000122070312,LIMESTONE,CABLE TOOL,15.0,25.0,32.0,32,859472
112666,W,DOMESTIC,-84.28522,40.84558,,ALLEN,MARION,1998-09-22,173.0,756.4000244140625,LIMESTONE,ROTARY,2.0,15.0,25.0,23,881980
112720,W,DOMESTIC,-83.89018999999999,40.91155,GEOCODE,ALLEN,RICHLAND,1998-12-16,91.0,826.7000122070312,LIMESTONE,ROTARY,30.0,,36.0,36,884286
112747,W,DOMESTIC,-84.02042999999999,40.86111,GEOCODE,ALLEN,MONROE,1999-10-27,80.0,803.7999877929688,LIMESTONE,ROTARY,20.0,22.0,25.0,24,897771
112760,W,DOMESTIC,-83.99888,40.70258,GEOCODE,ALLEN,PERRY,2000-04-05,150.0,1000.7999877929688,LIMESTONE,ROTARY,30.0,70.0,140.0,140,901936
112912,W,DOMESTIC,-84.01286999999999,40.78181,GEOCODE,ALLEN,BATH,2000-08-07,83.0,917.2999877929688,LIMESTONE,,12.0,47.0,68.0,68,914499
113106,W,DOMESTIC,-84.26165999999999,40.74273,,ALLEN,AMANDA,2001-03-05,43.0,823.2999877929688,CLAY & BOULDERS,CABLE TOOL,20.0,25.0,42.0,,916231
113107,W,DOMESTIC,-84.30953,40.74952,GEOCODE,ALLEN,AMANDA,2000-09-12,45.0,800.7000122070312,LIMESTONE,ROTARY,7.0,22.0,36.0,33,921097
113129,W,DOMESTIC,-84.08957,40.68214,GEOCODE,ALLEN,BATH,2000-10-03,59.0,918.2000122070312,LIMESTONE,ROTARY,5.0,34.0,35.0,31,921096
113149,W,DOMESTIC,-84.04539,40.846669999999996,GEOCODE,ALLEN,MONROE,2000-12-15,50.0,820.0,LIMESTONE,ROTARY,30.0,17.0,35.0,35,922123
113150,W,DOMESTIC,-84.02823,40.88404,GEOCODE,ALLEN,MONROE,2000-08-02,48.0,788.9000244140625,LIMESTONE,ROTARY,6.0,12.0,27.0,23,921023
113171,W,DOMESTIC,-83.8908,40.79896,GEOCODE,ALLEN,JACKSON,2000-09-19,74.0,949.7000122070312,LIMESTONE,ROTARY,7.0,40.0,45.0,40,921098
113215,W,DOMESTIC,-84.01286999999999,40.78022,GEOCODE,ALLEN,BATH,2001-06-01,82.0,917.5999755859375,LIMESTONE,ROTARY,30.0,47.0,68.0,68,929719
113777,W,DOMESTIC,-83.91111,40.776,GEOCODE,ALLEN,JACKSON,2002-06-01,45.0,935.5,LIMESTONE,CABLE TOOL,18.0,24.0,30.0,44,940817
113868,W,DOMESTIC,-84.13004,40.66462,,ALLEN,SHAWNEE,1987-10-09,63.0,892.7999877929688,SAND & GRAVEL,,15.0,45.0,63.0,,662319
113869,W,PUBLIC/SEMI-PUB,-84.090147,40.655179,DIGITIZED,ALLEN,PERRY,1953-05-19,78.0,946.2999877929688,GRAVEL,,20.0,43.0,78.0,,100634
113870,W,DOMESTIC,-84.092792,40.714644,DIGITIZED,ALLEN,PERRY,1957-06-11,40.0,885.9000244140625,GRAVEL,,,,,,201605
113941,W,DOMESTIC,-84.08767999999999,40.80283,GEOCODE,ALLEN,BATH,1995-07-01,49.0,844.2000122070312,GRAVEL & SAND,CABLE TOOL,10.0,,51.0,,791788
113983,W,DOMESTIC,-83.90970999999999,40.86317,GEOCODE,ALLEN,RICHLAND,1999-11-17,134.0,862.5,LIMESTONE,ROTARY,2.0,35.0,36.0,31,906373
113984,W,DOMESTIC,-83.9385,40.90629,GEOCODE,ALLEN,RICHLAND,1991-12-11,95.0,806.5,LIMESTONE,CABLE TOOL,20.0,27.0,27.0,13,716921
113988,W,DOMESTIC,-84.15477,40.83658,,ALLEN,SUGAR CREEK,2002-12-13,138.0,783.5999755859375,LIMESTONE,ROTARY,15.0,12.0,,63,956759
114001,W,MONITOR,-84.10553999999999,40.74388,,ALLEN,BATH,1990-10-29,29.0,879.0,GRAVEL & CLAY,AUGER,,,19.0,,721885
114090,W,DOMESTIC,-83.94120000000001,40.869659999999996,GEOCODE,ALLEN,RICHLAND,2002-10-23,123.0,849.0,LIMESTONE,ROTARY,20.0,38.0,,71,949900
114096,W,,-84.118787,40.816846,DIGITIZED,ALLEN,SUGAR CREEK,1957-07-11,75.0,815.2999877929688,LIMESTONE,,7.0,12.0,29.0,27,154735
114109,W,DOMESTIC,-84.01286999999999,40.78219,GEOCODE,ALLEN,BATH,2002-08-09,66.0,913.4000244140625,SHALE,CABLE TOOL,20.0,50.0,64.0,65,947278
114157,W,DOMESTIC,-84.127468,40.696484999999996,DIGITIZED,ALLEN,SHAWNEE,1964-08-20,85.0,889.0999755859375,GRAVEL,,4.0,57.0,85.0,,317252
114161,W,DOMESTIC,-84.165604,40.71187,DIGITIZED,ALLEN,SHAWNEE,1962-08-22,77.0,859.9000244140625,SAND & GRAVEL,,10.0,63.0,77.0,40,274619
114170,W,DOMESTIC,-83.927664,40.702546999999996,DIGITIZED,ALLEN,AUGLAIZE,1963-05-31,40.0,979.5999755859375,LIMESTONE,,20.0,2.0,23.0,20,286083
114183,W,DOMESTIC,-84.08901,40.89322,GEOCODE,ALLEN,MONROE,1995-12-01,44.0,774.0,LIMESTONE,CABLE TOOL,20.0,,27.0,25,818003
114212,W,DOMESTIC,-84.02723,40.769839999999995,GEOCODE,ALLEN,BATH,2003-04-29,36.0,894.5,SHALE,CABLE TOOL,20.0,28.0,34.0,35,947309
114224,W,DOMESTIC,-84.29032099999999,40.838457,DIGITIZED,ALLEN,MARION,1962-12-01,70.0,775.5999755859375,LIMESTONE,,2.0,18.0,24.0,24,284472
114253,W,DOMESTIC,-84.06466999999999,40.865829999999995,GLOBAL POSITIONING SYSTEM,ALLEN,MONROE,2003-05-29,40.0,792.0999755859375,LIMESTONE,ROTARY,10.0,12.0,26.0,38,956698
114298,W,DOMESTIC,-84.138232,40.66099,DIGITIZED,ALLEN,SHAWNEE,1952-09-25,93.0,890.4000244140625,SAND & GRAVEL,,,,93.0,,100306
114309,W,DOMESTIC,-84.13687999999999,40.673988,DIGITIZED,ALLEN,SHAWNEE,1955-04-15,76.0,877.2999877929688,GRAVEL,,10.0,34.0,76.0,,141816
114324,W,DOMESTIC,-84.169534,40.687169,DIGITIZED,ALLEN,SHAWNEE,1954-12-08,91.0,839.2000122070312,LIMESTONE,,9.0,22.0,81.0,81,141807
114544,W,DOMESTIC,-83.97516999999999,40.819829999999996,GLOBAL POSITIONING SYSTEM,ALLEN,RICHLAND,2003-08-12,75.0,881.9000244140625,LIMESTONE,ROTARY,15.0,24.0,37.0,73,963242
114575,W,DOMESTIC,-83.93677,40.685900000000004,GLOBAL POSITIONING SYSTEM,ALLEN,AUGLAIZE,2004-03-23,63.0,971.5,LIMESTONE,ROTARY,30.0,12.0,37.0,61,963197
114593,W,,-84.29418,40.816829999999996,GLOBAL POSITIONING SYSTEM,ALLEN,MARION,2004-04-21,50.0,783.0,LIMESTONE,CABLE TOOL,12.0,15.0,27.0,25,962742
114611,W,DOMESTIC,-84.02883,40.891000000000005,GLOBAL POSITIONING SYSTEM,ALLEN,MONROE,2004-03-22,53.0,785.2999877929688,LIMESTONE,ROTARY,30.0,7.0,27.0,49,978494
114641,W,DOMESTIC,-84.22200000000001,40.708166,,ALLEN,SHAWNEE,2003-09-26,43.0,849.7999877929688,GRAVEL,ROTARY,15.0,27.0,43.0,,965553
114721,W,DOMESTIC,-84.09581,40.666109999999996,GLOBAL POSITIONING SYSTEM,ALLEN,PERRY,2003-10-30,88.0,953.7999877929688,GRAVEL,ROTARY,15.0,65.0,88.0,,963217
114786,W,DOMESTIC,-84.08989,40.67742,GEOCODE,ALLEN,PERRY,2003-09-27,77.0,939.0999755859375,SHALE,,15.0,40.0,75.0,75,967451
114863,W,DOMESTIC,-83.98342,40.70675,GLOBAL POSITIONING SYSTEM,ALLEN,AUGLAIZE,2004-07-21,105.0,998.0999755859375,GRAVEL,ROTARY,20.0,60.0,105.0,,981394
114926,W,DOMESTIC,-83.92989,40.86418,GEOCODE,ALLEN,RICHLAND,2005-04-25,100.0,850.5,,ROTARY,20.0,70.0,27.0,25,981351
114933,W,DOMESTIC,-83.90071999999999,40.832679999999996,GLOBAL POSITIONING SYSTEM,ALLEN,RICHLAND,2004-08-16,54.0,886.5999755859375,LIMESTONE,CABLE TOOL,5.0,22.0,27.0,25,968434
114989,W,DOMESTIC,-84.28138,40.691109999999995,GLOBAL POSITIONING SYSTEM,ALLEN,AMANDA,2004-05-10,80.0,855.9000244140625,LIMESTONE,CABLE TOOL,5.0,50.0,70.0,70,978593
115182,W,DOMESTIC,-84.2335,40.78468,GLOBAL POSITIONING SYSTEM,ALLEN,MARION,2005-09-16,50.0,801.5999755859375,LIMESTONE,ROTARY,12.0,18.0,35.0,48,990629
115399,W,DOMESTIC,-84.130083,40.818276999999995,GLOBAL POSITIONING SYSTEM,ALLEN,SUGAR CREEK,2005-10-18,138.0,807.0,LIMESTONE,ROTARY,30.0,17.0,28.0,136,990635
115439,W,DOMESTIC,-83.91194,40.89639,GLOBAL POSITIONING SYSTEM,ALLEN,RICHLAND,2006-04-25,123.0,829.0999755859375,LIMESTONE,AIR ROTARY,30.0,70.0,38.0,34,2002469
115544,W,DOMESTIC,-84.06192,40.681129999999996,GLOBAL POSITIONING SYSTEM,ALLEN,PERRY,2005-12-07,67.0,939.5,GRAVEL,ROTARY,45.0,27.0,64.0,,2000542
115555,W,DOMESTIC,-84.128394,40.776044999999996,DIGITIZED,ALLEN,AMERICAN,1953-12-01,44.0,838.2000122070312,LIMESTONE,,,20.0,32.0,32,123353
115609,W,DOMESTIC,-84.176046,40.779722,DIGITIZED,ALLEN,AMERICAN,1966-04-02,50.0,808.7000122070312,LIMESTONE,,24.0,19.0,32.0,30,342022
115619,W,DOMESTIC,-84.08708299999999,40.831734999999995,DIGITIZED,ALLEN,MONROE,1954-02-27,42.0,813.7000122070312,LIMESTONE,,10.0,,26.0,26,126108
115666,W,DOMESTIC,-83.992008,40.745293,DIGITIZED,ALLEN,JACKSON,1965-05-04,63.0,931.2000122070312,LIMESTONE,,16.0,25.0,50.0,50,319434
115667,W,DOMESTIC,-84.07897899999999,40.832369,DIGITIZED,ALLEN,MONROE,1960-06-04,35.0,816.9000244140625,LIMESTONE,,10.0,20.0,18.0,34,208717
115780,W,DOMESTIC,-84.183999,40.779748,DIGITIZED,ALLEN,AMERICAN,1964-01-07,51.0,809.0999755859375,LIMESTONE,,7.0,29.0,23.0,22,302370
115781,W,,-84.021118,40.695799,DIGITIZED,ALLEN,PERRY,1947-12-03,156.0,983.0,GRAVEL & SAND,,15.0,60.0,156.0,,26353
115859,W,,-84.03357199999999,40.785277,DIGITIZED,ALLEN,BATH,1950-08-19,54.0,881.2000122070312,LIMESTONE,,20.0,40.0,42.0,42,69644
116137,W,DOMESTIC,-84.3075,40.765,GLOBAL POSITIONING SYSTEM,ALLEN,AMANDA,2006-08-30,164.0,796.9000244140625,LIMESTONE,AIR ROTARY,15.0,40.0,36.0,31,2004820
116197,W,DOMESTIC,-84.12535299999999,40.69851,DIGITIZED,ALLEN,SHAWNEE,1954-01-29,76.0,884.7999877929688,GRAVEL,,,19.0,76.0,,127355
116288,W,DOMESTIC,-84.175355,40.697336,DIGITIZED,ALLEN,SHAWNEE,1962-11-24,126.0,858.4000244140625,LIMESTONE,,14.0,57.0,86.0,76,274628
116289,W,DOMESTIC,-84.13687999999999,40.673988,DIGITIZED,ALLEN,SHAWNEE,1955-03-15,50.0,877.2999877929688,GRAVEL,,9.0,34.0,50.0,,141813
116988,W,DOMESTIC,-83.96211699999999,40.737449999999995,,ALLEN,JACKSON,2006-10-03,60.0,955.7000122070312,,ROTARY,20.0,25.0,44.0,60,1004678
117345,W,DOMESTIC,-83.9375,40.65887,,ALLEN,AUGLAIZE,2008-07-24,100.0,1031.9000244140625,LIMESTONE,ROTARY,20.0,27.0,60.0,60,1007229
117434,W,DOMESTIC,-84.275278,40.733056,GLOBAL POSITIONING SYSTEM,ALLEN,AMANDA,2006-10-03,102.0,822.0999755859375,LIMESTONE,AIR ROTARY,3.0,30.0,50.0,89,2005758
117558,W,DOMESTIC,-84.25968,40.78762,,ALLEN,MARION,2009-10-20,90.0,803.4000244140625,LIMESTONE,ROTARY,10.0,20.0,30.0,30,1013394
117703,W,DOMESTIC,-84.28222199999999,40.733056,GLOBAL POSITIONING SYSTEM,ALLEN,AMANDA,2008-10-15,62.0,818.5,LIMESTONE,AIR ROTARY,12.0,34.0,48.0,50,2020032
117724,W,DOMESTIC,-84.23388899999999,40.781389,GLOBAL POSITIONING SYSTEM,ALLEN,MARION,2008-06-11,83.0,792.5,LIMESTONE,AIR ROTARY,20.0,16.0,33.0,81,2017577
117847,W,OTHER,-84.08201,40.84769,GLOBAL POSITIONING SYSTEM,ALLEN,MONROE,2010-03-08,100.0,807.4000244140625,LIMESTONE,ROTARY,12.0,33.8,30.0,25,2026304
117927,W,DOMESTIC,-84.01948999999999,40.694849999999995,GEOCODE,ALLEN,PERRY,2008-09-04,95.0,970.0,SHALE,CABLE TOOL,20.0,65.0,93.0,93,1005882
118057,W,DOMESTIC,-84.122778,40.668889,,ALLEN,SHAWNEE,2010-04-27,102.0,897.0,LIMESTONE,CABLE TOOL,6.0,35.0,50.0,46,1013469
118085,W,DOMESTIC,-84.35805599999999,40.765556,,ALLEN,SPENCER,2007-11-28,44.0,805.7000122070312,SHALE,CABLE TOOL,20.0,15.0,42.0,43,1005863
118170,W,DOMESTIC,-83.99175,40.737317,GLOBAL POSITIONING SYSTEM,ALLEN,JACKSON,2010-09-08,70.0,936.7000122070312,LIMESTONE,ROTARY,10.0,30.0,40.0,40,1013438
118234,W,DOMESTIC,-84.050562,40.856288,GLOBAL POSITIONING SYSTEM,ALLEN,MONROE,2011-09-16,83.0,809.5,LIMESTONE,ROTARY,6.0,18.0,32.0,29,2034915
118244,W,INDUSTRIAL,-84.072498,40.716105,,ALLEN,PERRY,1968-04-12,169.0,905.5999755859375,LIMESTONE,,300.0,49.0,86.0,86,336638
118247,W,,-84.12306,40.69891,GEOCODE,ALLEN,SHAWNEE,1971-07-22,410.0,893.4000244140625,LIMESTONE,,18.0,205.0,156.0,155,409681
118291,W,MONITOR,-83.96705,40.83274,GLOBAL POSITIONING SYSTEM,ALLEN,RICHLAND,2010-11-24,22.0,865.5999755859375,CLAY/SAND/SILT,AUGER,,17.0,12.0,,2030360
118314,W,DOMESTIC,-84.237667,40.785667,GLOBAL POSITIONING SYSTEM,ALLEN,MARION,2010-08-13,161.0,800.5999755859375,LIMESTONE,AIR ROTARY,8.0,40.0,37.0,32,2028476
118583,W,MONITOR,-84.156617,40.737232999999996,GLOBAL POSITIONING SYSTEM,ALLEN,AMERICAN,2012-10-02,15.0,843.0,GRAVEL,GEOPROBE,,,5.0,,2040610
118665,W,MONITOR,-84.35340000000001,40.7089,GLOBAL POSITIONING SYSTEM,ALLEN,SPENCER,2011-01-18,29.0,829.5999755859375,CLAY,AUGER,,18.7,19.0,,2031206
118707,W,,-84.075583,40.87555,,ALLEN,MONROE,2011-07-01,31.0,782.5,LIMESTONE,CABLE TOOL,9.0,8.0,26.0,26,997930
118713,W,AGRIC/IRRIG,-83.927267,40.866133,GLOBAL POSITIONING SYSTEM,ALLEN,RICHLAND,2013-06-17,100.0,848.9000244140625,LIMESTONE,ROTARY,7.0,26.0,30.0,27,2043611
118737,W,DOMESTIC,-84.15786,40.695409999999995,GEOCODE,ALLEN,SHAWNEE,1973-11-01,112.0,836.2999877929688,SAND,,20.0,30.0,112.0,,379288
118748,W,GAS PROBE,-84.16904,40.72706,GEOCODE,ALLEN,SHAWNEE,1996-10-30,36.0,837.2000122070312,SAND & GRAVEL,AUGER,,,29.0,,850464
118985,W,DOMESTIC,-84.255042,40.758572,GLOBAL POSITIONING SYSTEM,ALLEN,AMANDA,2016-03-01,65.0,,LIMESTONE,AIR ROTARY,40.0,15.0,39.0,28,2056306
119071,W,MONITOR,-84.07766699999999,40.730167,GLOBAL POSITIONING SYSTEM,ALLEN,PERRY,2015-10-19,13.300000190734863,,SILT,GEOPROBE,,5.0,3.3000000000000003,,2055235
119101,W,DOMESTIC,-84.312429,40.840742999999996,GLOBAL POSITIONING SYSTEM,ALLEN,MARION,2016-05-12,73.0,,LIMESTONE,AIR ROTARY,10.0,20.0,26.0,25,2057104
119194,W,DOMESTIC,-84.16687,40.839698999999996,GLOBAL POSITIONING SYSTEM,ALLEN,SUGAR CREEK,2015-12-17,210.0,,LIMESTONE,AIR ROTARY,20.0,8.0,27.0,17,2055675
119265,W,DOMESTIC,-84.07551099999999,40.789168,GLOBAL POSITIONING SYSTEM,ALLEN,BATH,2016-10-07,77.0,,LIMESTONE,ROTARY,12.0,6.0,27.0,27,1019659
119275,W,DOMESTIC,-83.984967,40.834683,GLOBAL POSITIONING SYSTEM,ALLEN,RICHLAND,2016-06-21,55.0,,LIMESTONE,ROTARY,20.0,15.0,40.0,40,1019454
119326,W,DOMESTIC,-84.05250000000001,40.722767,GLOBAL POSITIONING SYSTEM,ALLEN,PERRY,2016-03-08,118.0,,LIMESTONE,ROTARY,30.0,47.0,50.0,50,1019021
119344,W,DOMESTIC,-84.14393,40.66421,GLOBAL POSITIONING SYSTEM,ALLEN,SHAWNEE,2017-04-26,41.0,,SAND & GRAVEL,ROTARY,20.0,19.0,38.0,,2062124
119432,W,OTHER,-84.22283499999999,40.704006,GLOBAL POSITIONING SYSTEM,ALLEN,SHAWNEE,1992-10-02,240.0,,LIMESTONE,ROTARY,150.0,42.0,,63,841976
119611,W,MONITOR,-84.108704,40.723698,GLOBAL POSITIONING SYSTEM,ALLEN,SHAWNEE,2017-11-07,30.0,,CLAY,AUGER,,,20.0,,2066014
119948,W,DOMESTIC,-84.15593299999999,40.779767,GLOBAL POSITIONING SYSTEM,ALLEN,AMERICAN,2019-11-07,257.0,,LIMESTONE,MUD/AIR ROTARY,15.0,31.0,248.0,,2076728
119995,W,DOMESTIC,-84.26084999999999,40.69892,GEOCODE,ALLEN,AMANDA,1995-08-24,108.0,842.5,LIMESTONE,ROTARY,20.0,40.0,46.0,42,821830
120002,W,DOMESTIC,-84.09406,40.80218,GEOCODE,ALLEN,BATH,1994-08-04,90.0,824.2999877929688,LIMESTONE,ROTARY,4.0,22.0,32.0,29,795183
120066,W,DOMESTIC,-84.122466,40.661316,GLOBAL POSITIONING SYSTEM,ALLEN,SHAWNEE,2019-01-22,70.0,,LIMESTONE,ROTARY,6.0,22.0,41.0,,1023567
120325,W,MONITOR,-84.08970000000001,40.702079999999995,,ALLEN,PERRY,1994-07-11,8.0,900.2999877929688,GRAVEL,AUGER,,,3.0,,787408
120327,W,AGRIC/IRRIG,-83.91432999999999,40.69582,,ALLEN,AUGLAIZE,1991-07-19,40.0,997.5,LIMESTONE,ROTARY,20.0,10.0,26.0,23,737478
120328,W,DOMESTIC,-84.31747999999999,40.84153,GEOCODE,ALLEN,MARION,1986-07-29,105.0,774.2999877929688,LIMESTONE,,3.0,45.0,25.0,21,636252
120329,W,DOMESTIC,-84.019363,40.789366,DIGITIZED,ALLEN,BATH,1960-10-20,48.0,881.2000122070312,LIMESTONE,,10.0,28.0,40.0,46,208725
120330,W,DOMESTIC,-84.158104,40.710522,DIGITIZED,ALLEN,SHAWNEE,1955-05-19,128.0,843.0,LIMESTONE,,10.0,35.0,125.0,125,142816
120336,W,TEST WELL,-84.33389,40.76871,,ALLEN,AMANDA,1996-05-14,315.0,803.5999755859375,LIMESTONE,ROTARY,,,38.0,38,822345
120339,W,DOMESTIC,-84.04710999999999,40.897149999999996,GEOCODE,ALLEN,MONROE,1978-09-08,44.0,783.4000244140625,LIMESTONE,,20.0,11.0,25.0,25,532686
120340,W,DOMESTIC,-84.02995,40.808119999999995,GEOCODE,ALLEN,BATH,1996-02-17,43.0,851.2999877929688,GRAVEL & SAND,CABLE TOOL,7.0,,44.0,,818013
120341,W,DOMESTIC,-83.98510999999999,40.78291,GEOCODE,ALLEN,JACKSON,1993-09-09,90.0,912.5,LIMESTONE,ROTARY,12.0,47.0,57.0,54,776146
120343,W,DOMESTIC,-84.16557399999999,40.709188999999995,DIGITIZED,ALLEN,SHAWNEE,1962-08-08,63.0,858.7999877929688,SAND & GRAVEL,,8.0,53.0,63.0,,266494
120345,W,DOMESTIC,-84.32253,40.765100000000004,GEOCODE,ALLEN,AMANDA,1992-09-11,142.0,805.9000244140625,LIMESTONE,ROTARY,9.0,25.0,34.0,32,759218
120347,W,DOMESTIC,-84.039496,40.746036,DIGITIZED,ALLEN,BATH,1954-10-21,77.0,910.4000244140625,LIMESTONE,,20.0,36.0,38.0,38,156801
120348,W,DOMESTIC,-84.16551,40.781839999999995,GEOCODE,ALLEN,AMERICAN,1992-10-19,95.0,810.9000244140625,GRAVEL,CABLE TOOL,15.0,35.0,95.0,,758659
120350,W,DOMESTIC,-84.15709,40.67989,GEOCODE,ALLEN,SHAWNEE,1988-08-31,201.0,856.2999877929688,LIMESTONE,ROTARY,50.0,29.0,201.0,198,690107
120352,W,DOMESTIC,-84.089277,40.713355,DIGITIZED,ALLEN,PERRY,1953-02-27,101.0,886.2000122070312,LIMESTONE,,,39.0,94.0,92,82609
120353,W,DOMESTIC,-84.100453,40.707941,DIGITIZED,ALLEN,PERRY,1956-02-29,67.0,884.0,LIMESTONE,,5.0,23.0,52.0,52,169602
120354,W,DOMESTIC,-84.12075999999999,40.77044,GEOCODE,ALLEN,AMERICAN,1990-08-28,145.0,843.9000244140625,LIMESTONE,ROTARY,6.0,70.0,116.0,113,715045
120355,W,DOMESTIC,-83.932352,40.727978,DIGITIZED,ALLEN,AUGLAIZE,1953-08-17,90.0,1002.0,LIMESTONE,,20.0,40.0,83.0,83,100647
120356,W,DOMESTIC,-84.35951999999999,40.734027,DIGITIZED,ALLEN,SPENCER,1956-08-07,44.0,816.0999755859375,GRAVEL,,,,44.0,,184659
120361,W,DOMESTIC,-84.056995,40.716609999999996,DIGITIZED,ALLEN,PERRY,1953-05-27,72.0,920.9000244140625,LIMESTONE,,20.0,45.0,53.0,53,100635
120362,W,DOMESTIC,-84.24340000000001,40.83061,GEOCODE,ALLEN,MARION,1988-10-03,30.0,782.2999877929688,LIMESTONE,ROTARY,6.0,11.0,25.0,16,690125
120363,W,DOMESTIC,-84.0528,40.78888,GEOCODE,ALLEN,BATH,1994-09-15,79.0,858.2000122070312,LIMESTONE,CABLE TOOL,10.0,,,74,761075
120364,W,DOMESTIC,-83.90675999999999,40.89232,GEOCODE,ALLEN,RICHLAND,1989-11-20,108.0,837.2999877929688,LIMESTONE,ROTARY,15.0,53.0,39.0,35,705513
120367,W,DOMESTIC,-84.180848,40.779998,DIGITIZED,ALLEN,AMERICAN,1965-11-01,51.0,805.9000244140625,LIMESTONE,,20.0,15.0,20.0,18,342012
120369,W,DOMESTIC,-83.98741,40.778800000000004,GEOCODE,ALLEN,JACKSON,1981-07-15,70.0,908.2000122070312,LIMESTONE,,12.0,25.0,35.0,33,515474
120370,W,DOMESTIC,-83.88092,40.80142,GEOCODE,ALLEN,JACKSON,1987-10-13,60.0,953.7999877929688,LIMESTONE,,12.0,36.0,52.0,49,665293
120371,W,DOMESTIC,-84.102544,40.706103999999996,DIGITIZED,ALLEN,PERRY,1956-05-21,42.0,883.7000122070312,GRAVEL,,15.0,23.0,42.0,,170860
120372,W,DOMESTIC,-83.961473,40.660815,,ALLEN,AUGLAIZE,1992-02-06,100.0,1042.5,LIMESTONE,ROTARY,10.0,34.0,70.0,80,746751
120373,W,DOMESTIC,-83.92083,40.70431,GEOCODE,ALLEN,AUGLAIZE,1988-08-11,123.0,984.5,LIMESTONE,,10.0,16.0,56.0,53,685090
120374,W,DOMESTIC,-84.00193999999999,40.65266,GEOCODE,ALLEN,AUGLAIZE,1996-08-12,62.0,960.2000122070312,LIMESTONE,ROTARY,11.0,27.0,40.0,36,840348
120375,W,DOMESTIC,-83.93693999999999,40.740829999999995,GEOCODE,ALLEN,JACKSON,1995-08-28,82.0,970.7000122070312,LIMESTONE,ROTARY,15.0,36.0,68.0,64,821988
120376,W,AGRIC/IRRIG,-83.92213,40.83367,GEOCODE,ALLEN,RICHLAND,1989-03-01,308.0,865.2000122070312,LIMESTONE,AIR ROTARY,150.0,12.0,27.0,20,693262
120377,W,DOMESTIC,-84.140393,40.698549,DIGITIZED,ALLEN,SHAWNEE,1953-04-01,37.0,868.2999877929688,GRAVEL,,5.0,6.0,37.0,,120119
120378,W,COMMERCIAL,-84.109068,40.772538,DIGITIZED,ALLEN,AMERICAN,1962-07-26,92.0,852.9000244140625,GRAVEL,,14.0,62.0,91.0,,266492
120379,W,DOMESTIC,-84.192183,40.756133,DIGITIZED,ALLEN,AMERICAN,1957-11-16,74.0,817.5999755859375,LIMESTONE,,10.0,22.0,33.0,33,160024
120380,W,PUBLIC/SEMI-PUB,-84.04363,40.6876,,ALLEN,PERRY,1973-12-01,156.0,953.7999877929688,LIMESTONE,,15.0,38.0,134.0,134,514370
120381,W,DOMESTIC,-84.05263,40.68787,,ALLEN,PERRY,1994-06-10,78.0,927.0,LIMESTONE,CABLE TOOL,10.0,50.0,74.0,74,786343
120382,W,,-84.10506,40.74507,GEOCODE,ALLEN,BATH,1968-06-11,307.0,879.7000122070312,LIMESTONE,,150.0,60.0,65.0,56,379414
120383,W,DOMESTIC,-84.020591,40.810931,DIGITIZED,ALLEN,BATH,1955-06-29,54.0,859.9000244140625,LIMESTONE,,,21.0,34.0,53,120484
120384,W,DOMESTIC,-84.12035,40.81203,GEOCODE,ALLEN,SUGAR CREEK,1993-11-04,57.0,798.4000244140625,LIMESTONE,ROTARY,3.0,26.0,28.0,28,779639
120385,W,DOMESTIC,-84.15167,40.680209999999995,GEOCODE,ALLEN,SHAWNEE,1989-08-20,165.0,859.5,LIMESTONE,ROTARY,25.0,23.0,147.0,144,700168
120387,W,DOMESTIC,-84.179181,40.755959,DIGITIZED,ALLEN,AMERICAN,1957-08-21,119.0,996.7999877929688,LIMESTONE,,10.0,40.0,41.0,40,199772
120388,W,DOMESTIC,-84.134455,40.759341,DIGITIZED,ALLEN,AMERICAN,1963-09-19,114.0,841.5999755859375,SAND & GRAVEL,,10.0,66.0,114.0,,298557
120392,W,DOMESTIC,-83.952072,40.66684,DIGITIZED,ALLEN,AUGLAIZE,1957-09-20,76.0,1026.800048828125,GRAVEL & CLAY,,,30.0,71.0,,169632
120393,W,DOMESTIC,-83.888744,40.654401,DIGITIZED,ALLEN,AUGLAIZE,1959-11-09,85.0,1044.5,LIMESTONE,,10.0,50.0,63.0,63,224097
120394,W,DOMESTIC,-84.29477299999999,40.85826,DIGITIZED,ALLEN,MARION,1963-08-08,66.0,764.4000244140625,LIMESTONE,,4.0,16.0,20.0,19,291121
120395,W,DOMESTIC,-83.98304,40.731597,DIGITIZED,ALLEN,JACKSON,1956-08-08,74.0,949.5,LIMESTONE,,15.0,19.0,67.0,67,173427
120396,W,DOMESTIC,-83.880237,40.732957999999996,DIGITIZED,ALLEN,JACKSON,1961-10-06,86.0,1010.2000122070312,LIMESTONE,,,47.0,62.0,84,260672
120397,W,DOMESTIC,-83.940935,40.759851999999995,DIGITIZED,ALLEN,JACKSON,1958-11-14,53.0,936.5,LIMESTONE,,,26.0,29.0,26,210064
120398,W,DOMESTIC,-83.97030000000001,40.692335,DIGITIZED,ALLEN,AUGLAIZE,1959-01-18,53.0,950.2999877929688,LIMESTONE,,,10.0,20.0,20,210904
120399,W,DOMESTIC,-84.16593999999999,40.70613,,ALLEN,SHAWNEE,1975-03-25,83.0,851.5,GRAVEL,,30.0,63.0,,,476012
120400,W,DOMESTIC,-84.13788,40.69369,GEOCODE,ALLEN,SHAWNEE,1986-05-14,74.0,858.7999877929688,SAND & GRAVEL,CABLE TOOL,20.0,50.0,73.0,,654561
120404,W,DOMESTIC,-84.08955,40.6796,GEOCODE,ALLEN,PERRY,1996-02-07,70.0,933.2999877929688,GRAVEL,CABLE TOOL,15.0,50.0,70.0,,819999
120405,W,DOMESTIC,-84.17443,40.7578,,ALLEN,AMERICAN,1969-03-24,74.0,823.0,LIMESTONE,,16.0,49.0,38.0,35,392112
120406,W,DOMESTIC,-83.96956,40.833909999999996,GEOCODE,ALLEN,RICHLAND,1987-02-14,50.0,862.0,LIMESTONE,CABLE TOOL,10.0,15.0,37.0,35,665060
120410,W,DOMESTIC,-84.02826,40.695100000000004,GEOCODE,ALLEN,PERRY,1985-08-07,89.0,980.7000122070312,GRAVEL,,14.0,64.0,89.0,,612518
120411,W,DOMESTIC,-84.22371,40.79373,GEOCODE,ALLEN,AMERICAN,1989-07-10,35.0,793.2999877929688,LIMESTONE,ROTARY,12.0,13.0,30.0,30,696722
120412,W,DOMESTIC,-84.02826499999999,40.788937,DIGITIZED,ALLEN,BATH,1964-08-18,75.0,876.7999877929688,LIMESTONE,,20.0,13.0,41.0,40,319404
120413,W,DOMESTIC,-84.11748999999999,40.78604,GEOCODE,ALLEN,AMERICAN,1984-08-09,84.0,833.0999755859375,LIMESTONE,,13.0,29.0,36.0,36,638194
120414,W,DOMESTIC,-84.13687999999999,40.673988,DIGITIZED,ALLEN,SHAWNEE,1957-08-04,79.0,877.2999877929688,GRAVEL,,6.0,34.0,79.0,,192066
120415,W,DOMESTIC,-84.137649,40.690111,DIGITIZED,ALLEN,SHAWNEE,1951-10-08,388.0,867.0999755859375,LIMESTONE,,14.0,38.0,300.0,300,160197
120421,W,,-84.086642,40.830425999999996,DIGITIZED,ALLEN,MONROE,1953-06-03,39.0,812.5999755859375,LIMESTONE,,,,24.0,20,101268
120422,W,DOMESTIC,-84.072306,40.896695,DIGITIZED,ALLEN,MONROE,1960-09-27,59.0,779.0,LIMESTONE,,18.0,12.0,22.0,57,244982
120423,W,DOMESTIC,-84.074339,40.894538,DIGITIZED,ALLEN,MONROE,1965-06-29,36.0,783.4000244140625,LIMESTONE,,24.0,9.0,21.0,34,337304
120424,W,DOMESTIC,-84.08544499999999,40.803405999999995,DIGITIZED,ALLEN,BATH,1964-02-10,64.0,842.7999877929688,LIMESTONE,,10.0,35.0,48.0,48,279872
120425,W,DOMESTIC,-84.108452,40.799721999999996,DIGITIZED,ALLEN,BATH,1953-11-04,30.0,823.0,LIMESTONE,,2.0,,,24,101292
120426,W,,-84.188006,40.838648,DIGITIZED,ALLEN,SUGAR CREEK,1963-05-07,50.0,782.7999877929688,LIMESTONE,,10.0,30.0,31.0,31,281622
120427,W,DOMESTIC,-84.18202,40.70279,GEOCODE,ALLEN,SHAWNEE,1984-01-06,80.0,879.5999755859375,GRAVEL,,15.0,60.0,80.0,,622993
120428,W,DOMESTIC,-84.215937,40.729141,DIGITIZED,ALLEN,SHAWNEE,1956-08-10,60.0,833.0999755859375,LIMESTONE,,20.0,24.0,35.0,33,166795
120436,W,DOMESTIC,-84.117753,40.785895,DIGITIZED,ALLEN,AMERICAN,1959-02-11,68.0,830.7999877929688,LIMESTONE,,20.0,25.0,28.0,28,224066
120437,W,DOMESTIC,-84.01348,40.816700000000004,GEOCODE,ALLEN,BATH,1992-06-15,50.0,849.5,LIMESTONE,ROTARY,12.0,8.0,26.0,20,745275
120438,W,DOMESTIC,-84.09621899999999,40.761485,DIGITIZED,ALLEN,BATH,1964-06-09,100.0,871.7000122070312,LIMESTONE,,10.0,78.0,46.0,45,302389
120439,W,MONITOR,-84.20361,40.78694,,ALLEN,AMERICAN,1994-03-29,11.0,792.2000122070312,SAND & GRAVEL,AUGER,,3.9,9.0,,716064
120440,W,DOMESTIC,-84.15106999999999,40.69535,GEOCODE,ALLEN,SHAWNEE,1985-06-03,89.0,849.9000244140625,SAND & GRAVEL,,10.0,29.0,89.0,,629953
120444,W,DOMESTIC,-83.98667999999999,40.65849,GEOCODE,ALLEN,AUGLAIZE,1993-03-01,160.0,976.5,LIMESTONE,ROTARY,11.0,27.0,67.0,61,768191
120445,W,DOMESTIC,-83.97435999999999,40.69384,GEOCODE,ALLEN,AUGLAIZE,1993-07-22,28.0,941.7000122070312,LIMESTONE,ROTARY,12.0,10.0,28.0,25,776128
120446,W,DOMESTIC,-83.97958,40.71186,GEOCODE,ALLEN,AUGLAIZE,1993-08-17,92.0,1005.0,GRAVEL,CABLE TOOL,10.0,60.0,92.0,,773734
120447,W,DOMESTIC,-84.23302,40.772800000000004,GEOCODE,ALLEN,MARION,1984-10-10,32.0,806.5999755859375,SAND & GRAVEL,,10.0,15.0,33.0,,604446
120448,W,DOMESTIC,-84.23311,40.78595,GEOCODE,ALLEN,MARION,1984-07-16,33.0,800.7999877929688,SAND & GRAVEL,,12.0,16.0,33.0,,604442
120449,W,DOMESTIC,-84.23313999999999,40.787209999999995,GEOCODE,ALLEN,MARION,1993-06-08,50.0,801.0,LIMESTONE,ROTARY,5.0,20.0,36.0,32,767878
120450,W,DOMESTIC,-84.12799,40.77268,,ALLEN,AMERICAN,1971-09-09,80.0,848.2999877929688,LIMESTONE,,,32.0,33.0,30,416573
120451,W,DOMESTIC,-84.16422299999999,40.720574,DIGITIZED,ALLEN,SHAWNEE,1956-06-17,158.0,849.2000122070312,GRAVEL,,14.0,76.0,158.0,,174066
120452,W,DOMESTIC,-84.168607,40.722182,DIGITIZED,ALLEN,SHAWNEE,1960-10-12,24.0,845.4000244140625,GRAVEL,,6.0,15.0,24.0,,245873
120453,W,DOMESTIC,-84.18703099999999,40.717273,DIGITIZED,ALLEN,SHAWNEE,1959-09-01,60.0,857.4000244140625,GRAVEL,,8.0,46.0,60.0,,220181
120454,W,DOMESTIC,-83.91676,40.87759,GEOCODE,ALLEN,RICHLAND,1993-10-02,91.0,839.5,LIMESTONE,CABLE TOOL,12.0,,,25,761047
120455,W,DOMESTIC,-83.91490999999999,40.87761,GEOCODE,ALLEN,RICHLAND,1990-10-17,91.0,842.7000122070312,LIMESTONE,CABLE TOOL,10.0,61.0,,25,717272
120461,W,DOMESTIC,-84.02785,40.88063,GEOCODE,ALLEN,MONROE,1986-07-21,60.0,795.7000122070312,LIMESTONE,,8.0,17.0,27.0,24,651949
120462,W,DOMESTIC,-84.0703,40.80271,GEOCODE,ALLEN,BATH,1995-12-15,31.0,836.5,GRAVEL & SAND,CABLE TOOL,12.0,,32.0,,818044
120463,W,DOMESTIC,-84.16547,40.77657,,ALLEN,AMERICAN,1994-07-03,113.0,814.7000122070312,LIMESTONE,CABLE TOOL,30.0,,,86,761073
120464,W,DOMESTIC,-84.21365999999999,40.77003,,ALLEN,AMERICAN,1991-07-18,87.0,808.5,LIMESTONE,ROTARY,15.0,34.0,34.0,34,736606
120465,W,DOMESTIC,-84.21325999999999,40.76887,,ALLEN,AMERICAN,1993-08-12,40.0,806.7000122070312,LIMESTONE,ROTARY,20.0,12.0,29.0,25,776134
120466,W,DOMESTIC,-84.16708,40.69566,GEOCODE,ALLEN,SHAWNEE,1992-12-12,136.0,845.7000122070312,LIMESTONE,CABLE TOOL,10.0,45.0,128.0,128,758664
120467,W,DOMESTIC,-84.15344999999999,40.67942,GEOCODE,ALLEN,SHAWNEE,1993-12-15,218.0,859.9000244140625,LIMESTONE,ROTARY,20.0,20.0,175.0,175,784869
120468,W,DOMESTIC,-84.20327999999999,40.702909999999996,,ALLEN,SHAWNEE,1995-10-13,71.0,871.0999755859375,GRAVEL,CABLE TOOL,10.0,50.0,71.0,,819988
120469,W,OTHER,-84.12992,40.686800000000005,,ALLEN,SHAWNEE,1996-02-13,65.0,883.0999755859375,GRAVEL,CABLE TOOL,15.0,45.0,65.0,,820000
120470,W,DOMESTIC,-84.137649,40.690111,DIGITIZED,ALLEN,SHAWNEE,1954-05-18,91.0,867.0999755859375,GRAVEL,,20.0,34.0,91.0,,115289
120471,W,DOMESTIC,-84.137649,40.690111,DIGITIZED,ALLEN,SHAWNEE,1953-09-09,94.0,867.0999755859375,GRAVEL,,20.0,35.0,94.0,,115259
120472,W,,-84.1366,40.670615999999995,DIGITIZED,ALLEN,SHAWNEE,1956-12-03,142.0,870.9000244140625,SAND,,,42.0,142.0,,161219
120478,W,,-83.95326999999999,40.846289999999996,GEOCODE,ALLEN,RICHLAND,1985-12-07,115.0,849.2000122070312,LIMESTONE,,60.0,14.0,29.0,25,673358
120479,W,DOMESTIC,-84.22357699999999,40.724105,DIGITIZED,ALLEN,AMANDA,1956-12-01,42.0,831.5999755859375,GRAVEL,,,,42.0,,184664
120480,W,DOMESTIC,-84.223648,40.714897,DIGITIZED,ALLEN,AMANDA,1956-05-08,41.0,838.5,GRAVEL,,,,41.0,,121450
120481,W,PUBLIC/SEMI-PUB,-84.05219,40.9035,GEOCODE,ALLEN,MONROE,1990-07-28,71.0,776.9000244140625,LIMESTONE,ROTARY,40.0,10.0,27.0,65,715110
120482,W,DOMESTIC,-84.05198,40.86399,GEOCODE,ALLEN,MONROE,1982-09-09,60.0,793.7000122070312,LIMESTONE,,15.0,8.0,38.0,38,618562
120483,W,DOMESTIC,-84.041111,40.730669999999996,DIGITIZED,ALLEN,PERRY,1964-09-02,35.0,909.0,LIMESTONE,,14.0,20.0,19.0,19,308818
120484,W,PUBLIC/SEMI-PUB,-83.946338,40.759724999999996,,ALLEN,JACKSON,1970-06-04,42.0,916.0999755859375,LIMESTONE,,300.0,7.0,18.0,15,404180
120485,W,DOMESTIC,-84.10243299999999,40.752213,DIGITIZED,ALLEN,BATH,1962-07-22,120.0,886.9000244140625,LIMESTONE,,5.0,60.0,70.0,105,279856
120486,W,DOMESTIC,-84.137649,40.690111,DIGITIZED,ALLEN,SHAWNEE,1956-04-09,170.0,867.0999755859375,LIMESTONE,,20.0,22.0,142.0,142,166776
120487,W,DOMESTIC,-84.137658,40.694174,DIGITIZED,ALLEN,SHAWNEE,1963-07-13,88.0,859.9000244140625,SAND & GRAVEL,,10.0,35.0,88.0,,291116
120488,W,PUBLIC/SEMI-PUB,-84.28135499999999,40.771705,DIGITIZED,ALLEN,AMANDA,1961-02-25,42.0,798.2999877929688,LIMESTONE,,,10.0,20.0,20,205628
120491,W,DOMESTIC,-83.994089,40.810112,DIGITIZED,ALLEN,JACKSON,1957-09-13,63.0,880.2999877929688,LIMESTONE,,,19.0,42.0,61,161695
125375,W,,-84.163882,40.751630999999996,DIGITIZED,ALLEN,AMERICAN,1946-10-18,222.0,824.2000122070312,GRAVEL,,20.0,60.0,222.0,,9902009
125509,W,,-83.97484,40.659496,DIGITIZED,ALLEN,AUGLAIZE,1949-12-08,60.0,1004.0,LIMESTONE,,20.0,20.0,28.0,28,69620
125510,W,,-83.910431,40.747679,DIGITIZED,ALLEN,JACKSON,1950-01-28,70.0,965.4000244140625,LIMESTONE,,20.0,35.0,70.0,42,69622
125512,W,,-84.061325,40.831345,DIGITIZED,ALLEN,MONROE,1950-04-18,46.0,839.0,LIMESTONE,,,16.0,42.0,40,30692
125518,W,,-84.05055,40.708089,DIGITIZED,ALLEN,PERRY,1949-02-25,89.0,940.5,LIMESTONE,,20.0,50.0,57.0,57,26396
125520,W,,-84.113956,40.723143,DIGITIZED,ALLEN,SHAWNEE,1942-08-22,400.0,866.2000122070312,LIMESTONE & SHALE,,600.0,70.0,,50,9902022
125521,W,,-84.199683,40.692744999999995,DIGITIZED,ALLEN,SHAWNEE,1947-11-07,73.0,863.2999877929688,GRAVEL,,24.0,50.0,73.0,,23419
125523,W,,-84.185006,40.844241,DIGITIZED,ALLEN,SUGAR CREEK,1948-08-24,46.0,782.0,STONE,,,46.0,28.0,25,5866
125530,W,,-84.183607,40.837589,DIGITIZED,ALLEN,SUGAR CREEK,1948-05-17,58.0,780.7999877929688,LIMESTONE,,5.0,58.0,21.0,16,5854
127362,W,DOMESTIC,-84.31857,40.70754,GEOCODE,ALLEN,SPENCER,1996-10-23,42.0,827.2999877929688,SAND & GRAVEL,CABLE TOOL,12.0,25.0,42.0,,839964
127473,W,DOMESTIC,-84.21754,40.77876,GEOCODE,ALLEN,AMERICAN,1999-07-01,28.0,791.4000244140625,LIMESTONE,CABLE TOOL,7.0,11.0,21.0,19,890236
127521,W,DOMESTIC,-84.24266,40.774519999999995,GEOCODE,ALLEN,MARION,1997-08-15,103.0,796.5999755859375,LIMESTONE,ROTARY,1.0,20.0,27.0,24,852639
127536,W,DOMESTIC,-84.08134,40.72052,GEOCODE,ALLEN,PERRY,1998-09-12,42.0,883.5999755859375,LIMESTONE,ROTARY,10.0,23.0,36.0,36,866912
127560,W,DOMESTIC,-84.0463,40.66057,GEOCODE,ALLEN,PERRY,1997-09-23,101.0,920.2000122070312,GRAVEL,ROTARY,15.0,30.0,101.0,,867859
127619,W,DOMESTIC,-84.04612999999999,40.8175,,ALLEN,BATH,1997-10-17,40.0,851.0999755859375,SAND & CLAY,CABLE TOOL,20.0,20.0,39.0,,859465
127675,W,DOMESTIC,-83.98357,40.70045,GEOCODE,ALLEN,AUGLAIZE,1998-11-01,117.0,959.9000244140625,LIMESTONE,ROTARY,5.0,70.0,75.0,72,889153
127685,W,DOMESTIC,-83.99436999999999,40.87609,GEOCODE,ALLEN,RICHLAND,1998-11-19,44.0,799.7999877929688,LIMESTONE,ROTARY,15.0,10.0,27.0,18,889168
127742,W,DOMESTIC,-84.25706,40.76126,GEOCODE,ALLEN,AMANDA,1999-09-21,32.0,802.5,SAND & GRAVEL,CABLE TOOL,10.0,12.0,32.0,,890244
127762,W,DOMESTIC,-83.91657,40.79286,GEOCODE,ALLEN,JACKSON,2000-09-22,48.0,928.5,LIMESTONE,ROTARY,20.0,30.0,42.0,42,922079
127769,W,DOMESTIC,-83.92119,40.7057,GEOCODE,ALLEN,AUGLAIZE,1999-10-15,60.0,983.4000244140625,LIMESTONE,ROTARY,5.0,18.0,40.0,40,901875
127798,W,DOMESTIC,-84.10972,40.858619999999995,GEOCODE,ALLEN,MONROE,2000-04-24,28.0,785.0,LIMESTONE,ROTARY,20.0,10.0,28.0,11,914476
127907,W,COMMERCIAL,-83.91145999999999,40.702909999999996,GEOCODE,ALLEN,AUGLAIZE,1999-09-21,32.0,985.5,CLAY & BOULDERS,CABLE TOOL,15.0,12.0,32.0,31,895897
128142,W,MONITOR,-84.11341,40.72199,GEOCODE,ALLEN,AMERICAN,2001-01-03,30.0,864.0999755859375,COBBLES,AUGER,,,19.0,,919365
128222,W,DOMESTIC,-84.26298,40.85791,GEOCODE,ALLEN,MARION,2001-01-25,77.0,763.0,LIMESTONE,ROTARY,4.0,17.0,25.0,22,914083
128298,W,DOMESTIC,-84.33494999999999,40.78845,GEOCODE,ALLEN,MARION,2001-09-14,53.0,795.7000122070312,LIMESTONE,CABLE TOOL,4.0,20.0,29.0,27,936652
128412,W,DOMESTIC,-84.37056,40.69216,GEOCODE,ALLEN,SPENCER,2000-11-06,172.0,857.0999755859375,LIMESTONE,ROTARY,12.0,70.0,88.0,82,926965
128862,W,DOMESTIC,-84.27138,40.804538,DIGITIZED,ALLEN,MARION,1957-08-17,108.0,786.5,LIMESTONE,,,12.0,14.0,70,205601
128892,W,DOMESTIC,-83.97504699999999,40.861413,DIGITIZED,ALLEN,RICHLAND,1955-09-10,40.0,840.0999755859375,LIMESTONE,,5.0,12.0,30.0,30,144619
128924,W,DOMESTIC,-84.056995,40.716609999999996,DIGITIZED,ALLEN,PERRY,1963-09-27,90.0,920.9000244140625,LIMESTONE,,10.0,38.0,65.0,65,298558
128985,W,DOMESTIC,-84.05162,40.6942,GEOCODE,ALLEN,PERRY,2002-09-13,120.0,932.5,LIMESTONE,ROTARY,6.0,40.0,57.0,57,947786
128999,W,DOMESTIC,-83.986915,40.694827,DIGITIZED,ALLEN,AUGLAIZE,1962-04-04,60.0,952.5,LIMESTONE,,20.0,21.0,52.0,52,266474
129037,W,DOMESTIC,-84.007949,40.773331,DIGITIZED,ALLEN,BATH,1953-03-20,67.0,906.0999755859375,LIMESTONE,,22.0,27.0,38.0,65,94333
129076,W,DOMESTIC,-83.97820999999999,40.69544,GEOCODE,ALLEN,AUGLAIZE,1994-04-04,40.0,946.7000122070312,LIMESTONE,ROTARY,30.0,15.0,34.0,30,786580
129126,W,MONITOR,-84.07916999999999,40.730779999999996,,ALLEN,PERRY,2002-12-11,18.0,887.2999877929688,CLAY,AUGER,,0.0,8.0,,947543
129139,W,DOMESTIC,-84.14638,40.737711999999995,DIGITIZED,ALLEN,AMERICAN,1954-08-10,170.0,860.0,LIMESTONE,,,100.0,162.0,140,123399
129145,W,DOMESTIC,-83.986915,40.694827,DIGITIZED,ALLEN,AUGLAIZE,1956-04-07,79.0,952.5,LIMESTONE,,20.0,26.0,55.0,55,173408
129146,W,DOMESTIC,-84.13687999999999,40.673988,DIGITIZED,ALLEN,SHAWNEE,1957-11-06,56.0,877.2999877929688,GRAVEL,,12.0,35.0,56.0,,173444
129163,W,DOMESTIC,-84.20436,40.71508,GEOCODE,ALLEN,SHAWNEE,2002-11-01,75.0,842.9000244140625,SHALE,CABLE TOOL,15.0,50.0,73.0,74,947289
129164,W,DOMESTIC,-84.17951,40.813269999999996,GEOCODE,ALLEN,SUGAR CREEK,2002-12-24,110.0,788.7999877929688,SHALE,CABLE TOOL,15.0,22.0,108.0,109,947297
129197,W,DOMESTIC,-84.107973,40.705377999999996,DIGITIZED,ALLEN,PERRY,1959-04-24,36.0,887.0,GRAVEL,,8.0,25.0,36.0,,229459
129199,W,DOMESTIC,-83.91864,40.84408,GEOCODE,ALLEN,RICHLAND,2002-12-01,46.0,873.5999755859375,LIMESTONE,CABLE TOOL,12.0,22.0,43.0,45,940813
129210,W,DOMESTIC,-83.952232,40.821692,DIGITIZED,ALLEN,RICHLAND,1964-10-05,45.0,879.5999755859375,LIMESTONE,,6.0,20.0,23.0,18,276255
129227,W,DOMESTIC,-83.91884999999999,40.897200000000005,GEOCODE,ALLEN,RICHLAND,1994-12-05,46.0,824.2999877929688,LIMESTONE,CABLE TOOL,12.0,,28.0,28,791815
129267,W,DOMESTIC,-84.1708,40.81704,,ALLEN,SUGAR CREEK,1997-08-11,92.0,792.4000244140625,LIMESTONE,ROTARY,60.0,8.0,49.0,17,860339
129277,W,DOMESTIC,-84.13770000000001,40.83551,GEOCODE,ALLEN,SUGAR CREEK,1995-02-02,44.0,788.2000122070312,LIMESTONE,ROTARY,20.0,7.0,25.0,25,796713
129307,W,,-84.28139399999999,40.723079999999996,DIGITIZED,ALLEN,AMANDA,1949-12-08,73.0,831.0999755859375,LIMESTONE,,,28.0,,43,56451
129322,W,DOMESTIC,-84.159618,40.723278,DIGITIZED,ALLEN,SHAWNEE,1953-03-20,120.0,861.0999755859375,LIMESTONE,,,,80.0,95,72857
129349,W,DOMESTIC,-84.004086,40.701859999999996,DIGITIZED,ALLEN,PERRY,1963-09-30,150.0,1001.9000244140625,GRAVEL,,10.0,76.0,150.0,,302359
129350,W,DOMESTIC,-83.950662,40.76169,DIGITIZED,ALLEN,JACKSON,1957-09-04,47.0,927.9000244140625,LIMESTONE,,,22.0,35.0,45,161694
129352,W,DOMESTIC,-84.13687999999999,40.673988,DIGITIZED,ALLEN,SHAWNEE,1953-11-04,54.0,877.2999877929688,GRAVEL,,9.0,35.0,54.0,,112927
129364,W,DOMESTIC,-84.091302,40.71206,DIGITIZED,ALLEN,PERRY,1956-02-29,36.0,886.5999755859375,GRAVEL,,20.0,18.0,36.0,,166772
129393,W,DOMESTIC,-84.167891,40.732265,DIGITIZED,ALLEN,AMERICAN,1957-08-10,124.0,847.0,GRAVEL,,15.0,54.0,124.0,,187872
129508,W,MONITOR,-84.33487,40.83143,GEOCODE,ALLEN,SHAWNEE,2003-05-09,30.0,777.2000122070312,STONE,ROTARY,,,17.0,16,951355
129563,W,DOMESTIC,-84.087785,40.71541,DIGITIZED,ALLEN,PERRY,1963-09-11,37.0,886.5,SAND & GRAVEL,,10.0,13.0,37.0,,291130
129597,W,DOMESTIC,-84.23279,40.75761,GEOCODE,ALLEN,AMANDA,2003-04-03,34.0,815.0,LIMESTONE,CABLE TOOL,14.0,20.0,32.0,30,960961
129675,W,DOMESTIC,-84.03092,40.80779,,ALLEN,BATH,2004-04-01,34.0,851.2000122070312,SAND & CLAY,CABLE TOOL,12.0,14.0,33.0,33,960929
129686,W,DOMESTIC,-83.95917,40.71667,GLOBAL POSITIONING SYSTEM,ALLEN,AUGLAIZE,2004-07-26,158.0,1006.9000244140625,LIMESTONE,ROTARY,3.0,50.0,114.0,152,980900
129721,W,DOMESTIC,-84.17617,40.83067,GLOBAL POSITIONING SYSTEM,ALLEN,SUGAR CREEK,2004-04-06,232.0,781.7999877929688,LIMESTONE,ROTARY,15.0,10.0,29.0,226,972052
129783,W,MONITOR,-84.33487,40.83143,GEOCODE,ALLEN,SHAWNEE,2003-08-21,14.0,777.2000122070312,SILT & CLAY,AUGER,,,8.0,,964838
129862,W,DOMESTIC,-84.15795,40.66459,GEOCODE,ALLEN,SHAWNEE,2003-09-18,170.0,862.0,SHALE,CABLE TOOL,20.0,18.0,168.0,168,947324
129875,W,DOMESTIC,-84.22433,40.7825,GLOBAL POSITIONING SYSTEM,ALLEN,MARION,2003-12-01,55.0,804.0999755859375,LIMESTONE,ROTARY,25.0,16.0,32.0,54,972014
129928,W,DOMESTIC,-83.91467,40.90833,GLOBAL POSITIONING SYSTEM,ALLEN,RICHLAND,2004-07-12,278.0,817.4000244140625,LIMESTONE,ROTARY,20.0,26.0,33.0,274,980848
129979,W,DOMESTIC,-83.93782999999999,40.74783,GLOBAL POSITIONING SYSTEM,ALLEN,JACKSON,2004-08-19,78.0,956.0999755859375,LIMESTONE,ROTARY,12.0,30.0,47.0,39,980861
130008,W,DOMESTIC,-84.126138,40.847361,,ALLEN,SUGAR CREEK,2005-04-20,40.0,785.0,LIMESTONE,ROTARY,6.0,15.0,26.0,17,981348
130099,W,DOMESTIC,-83.95778,40.88661,GLOBAL POSITIONING SYSTEM,ALLEN,RICHLAND,2004-05-05,106.0,820.2000122070312,LIMESTONE,ROTARY,20.0,24.0,27.0,103,981423
130370,W,DOMESTIC,-84.08055,40.831559999999996,GLOBAL POSITIONING SYSTEM,ALLEN,MONROE,2005-08-05,27.0,814.9000244140625,LIMESTONE,CABLE TOOL,10.0,16.0,26.0,26,997906
130600,W,DOMESTIC,-84.06952,40.716636,DIGITIZED,ALLEN,PERRY,1960-04-27,61.0,909.2999877929688,GRAVEL,,18.0,30.0,61.0,,185800
130601,W,DOMESTIC,-84.383285,40.801479,DIGITIZED,ALLEN,MARION,1957-09-23,55.0,792.9000244140625,LIMESTONE,,,15.0,34.0,32,196304
130664,W,DOMESTIC,-84.234501,40.712782999999995,DIGITIZED,ALLEN,AMANDA,1963-10-22,40.0,837.2999877929688,SAND & GRAVEL,,10.0,20.0,40.0,,291137
130681,W,DOMESTIC,-84.005842,40.805647,DIGITIZED,ALLEN,BATH,1961-07-06,54.0,873.7999877929688,LIMESTONE,,20.0,13.0,41.0,41,245600
130682,W,DOMESTIC,-84.070093,40.660793,DIGITIZED,ALLEN,PERRY,1957-05-05,146.0,916.5999755859375,LIMESTONE,,10.0,24.0,125.0,125,159596
130731,W,DOMESTIC,-84.078052,40.732067,DIGITIZED,ALLEN,BATH,1957-02-20,99.0,887.5999755859375,LIMESTONE,,,61.0,41.0,96,161677
130753,W,MONITOR,-84.1049,40.732600000000005,GLOBAL POSITIONING SYSTEM,ALLEN,BATH,2006-03-28,15.0,851.5,CLAY,AUGER,,0.0,5.0,14,2002143
130859,W,DOMESTIC,-84.18528599999999,40.715897999999996,DIGITIZED,ALLEN,SHAWNEE,1958-05-16,106.0,861.0,LIMESTONE,,10.0,52.0,64.0,64,199785
130860,W,DOMESTIC,-84.01800999999999,40.746325999999996,DIGITIZED,ALLEN,BATH,1966-05-20,56.0,905.7000122070312,LIMESTONE,,20.0,24.0,20.0,18,342025
131271,W,COMMERCIAL,-84.151939,40.704719999999995,DIGITIZED,ALLEN,SHAWNEE,1954-11-13,124.0,836.5999755859375,LIMESTONE,,20.0,63.0,,80,139815
131272,W,DOMESTIC,-84.147804,40.767842,DIGITIZED,ALLEN,AMERICAN,1957-03-22,75.0,844.2999877929688,LIMESTONE,,20.0,35.0,58.0,56,159594
131273,W,DOMESTIC,-84.147562,40.692561,DIGITIZED,ALLEN,SHAWNEE,1957-01-06,109.0,855.5999755859375,GRAVEL,,10.0,32.0,109.0,,174091
131291,W,,-84.03712399999999,40.898616,DIGITIZED,ALLEN,MONROE,1949-01-05,64.0,777.0,LIMESTONE,,160.0,40.0,23.0,18,40805
131333,W,DOMESTIC,-84.109073,40.772945,DIGITIZED,ALLEN,AMERICAN,1964-07-20,105.0,852.4000244140625,GRAVEL,,6.0,68.0,102.0,,302400
131335,W,DOMESTIC,-84.168607,40.722182,DIGITIZED,ALLEN,SHAWNEE,1962-08-02,121.0,845.4000244140625,LIMESTONE,,10.0,56.0,66.0,63,274616
131968,W,DOMESTIC,-84.192112,40.816917,,ALLEN,SUGAR CREEK,2007-08-01,180.0,788.7000122070312,LIMESTONE,ROTARY,30.0,16.0,76.0,76,1007157
132145,W,DOMESTIC,-84.185283,40.8434,,ALLEN,SUGAR CREEK,2007-01-26,180.0,783.7999877929688,LIMESTONE,ROTARY,20.0,18.0,,140,1006362
132240,W,DOMESTIC,-84.044583,40.847500000000004,,ALLEN,MONROE,2006-04-01,27.0,821.5999755859375,LIMESTONE,CABLE TOOL,10.0,15.0,27.0,25,997913
132393,W,,-84.0048,40.74655,,ALLEN,BATH,2006-04-28,375.0,927.9000244140625,LIMESTONE,ROTARY,250.0,26.0,35.0,31,990683
132821,W,DOMESTIC,-83.95994999999999,40.668749999999996,,ALLEN,AUGLAIZE,2009-07-10,80.0,1005.2999877929688,GRAVEL,ROTARY,10.0,23.0,55.0,,1007281
132840,W,DOMESTIC,-83.93773,40.86852,,ALLEN,RICHLAND,2009-05-27,195.0,850.2000122070312,LIMESTONE,ROTARY,25.0,27.0,,90,1007277
133013,W,DOMESTIC,-84.02561999999999,40.771249999999995,,ALLEN,BATH,2009-03-01,65.0,899.9000244140625,LIMESTONE,CABLE TOOL,12.0,23.0,35.0,64,997927
133050,W,DOMESTIC,-84.2287,40.8096,,ALLEN,MARION,2009-02-16,100.0,791.7999877929688,,ROTARY,20.0,16.0,,40,1007268
133213,W,,-83.951667,40.712222,,ALLEN,AUGLAIZE,2007-05-14,110.0,992.5,LIMESTONE,CABLE TOOL,8.0,40.0,75.0,109,1005846
133374,W,DOMESTIC,-84.15944999999999,40.69148,GEOCODE,ALLEN,SHAWNEE,1984-06-28,196.0,843.2000122070312,LIMESTONE,,12.0,34.0,171.0,171,638174
133418,W,MONITOR,-83.96712,40.83229,GLOBAL POSITIONING SYSTEM,ALLEN,RICHLAND,2010-11-23,15.0,867.0,CLAY/SAND/SILT,AUGER,,10.0,5.0,,2030367
133432,W,DOMESTIC,-83.960267,40.757767,,ALLEN,JACKSON,2012-01-16,80.0,936.2999877929688,LIMESTONE,ROTARY,20.0,30.0,32.0,32,1014562
133443,W,DOMESTIC,-84.036667,40.700556,,ALLEN,PERRY,2010-09-13,92.0,965.5,SHALE,CABLE TOOL,20.0,60.0,91.0,91,1013482
133444,W,DOMESTIC,-83.89055599999999,40.834167,,ALLEN,RICHLAND,2010-10-26,35.0,893.0999755859375,SHALE,CABLE TOOL,15.0,25.0,33.0,33,1013486
133500,W,DOMESTIC,-83.93405,40.7169,,ALLEN,AUGLAIZE,2012-03-21,105.0,1023.2000122070312,LIMESTONE,ROTARY,20.0,60.0,102.0,102,1014559
133544,W,AGRIC/IRRIG,-83.987353,40.816964999999996,,ALLEN,JACKSON,1999-06-28,400.0,865.5,LIMESTONE,ROTARY,400.0,12.0,28.0,26,1014543
133833,W,DOMESTIC,-83.92304999999999,40.708917,,ALLEN,AUGLAIZE,2010-06-24,90.0,988.0,,ROTARY,8.0,20.0,67.0,88,1013423
133876,W,DOMESTIC,-83.986583,40.780283,,ALLEN,JACKSON,2012-05-10,55.0,916.0999755859375,LIMESTONE,ROTARY,20.0,27.0,42.0,42,1014554
133922,W,DOMESTIC,-83.92445,40.746469999999995,GEOCODE,ALLEN,BATH,1997-06-12,65.0,961.7000122070312,LIMESTONE,ROTARY,20.0,22.0,56.0,56,851207
133969,W,DOMESTIC,-84.35914,40.7994,GEOCODE,ALLEN,MARION,1991-09-23,62.0,787.0,LIMESTONE,ROTARY,20.0,26.0,29.0,29,741478
134011,W,,-83.992933,40.777516999999996,,ALLEN,JACKSON,2013-10-01,49.0,903.5,LIMESTONE,CABLE TOOL,12.0,26.0,37.0,48,1015578
134145,W,DOMESTIC,-84.273833,40.701667,GLOBAL POSITIONING SYSTEM,ALLEN,AMANDA,2014-07-15,103.0,815.5,LIMESTONE,AIR ROTARY,12.0,40.0,43.0,38,2048443
134155,W,DOMESTIC,-84.26515599999999,40.814777,GLOBAL POSITIONING SYSTEM,ALLEN,MARION,2015-12-01,152.0,,LIMESTONE,AIR ROTARY,20.0,40.0,26.0,,2055312
134262,W,DOMESTIC,-83.919117,40.869316999999995,GLOBAL POSITIONING SYSTEM,ALLEN,RICHLAND,2015-12-23,178.0,,LIMESTONE,ROTARY,12.0,67.0,32.0,32,1019042
134443,W,DOMESTIC,-84.06115,40.774217,GLOBAL POSITIONING SYSTEM,ALLEN,BATH,2015-07-30,180.0,885.0,LIMESTONE,ROTARY,10.0,64.0,50.0,115,1018675
134508,W,DOMESTIC,-84.10770000000001,40.676632999999995,GLOBAL POSITIONING SYSTEM,ALLEN,PERRY,2015-10-07,105.0,,SAND & GRAVEL,ROTARY,20.0,33.0,105.0,,1019648
134546,W,DOMESTIC,-84.318877,40.841664,DIGITAL MAP,ALLEN,MARION,2017-07-08,58.0,,LIMESTONE,ROTARY,20.0,26.0,26.0,23,1020189
134632,W,DOMESTIC,-83.933483,40.909467,GLOBAL POSITIONING SYSTEM,ALLEN,RICHLAND,2016-08-04,57.0,,LIMESTONE,ROTARY,30.0,17.0,26.0,26,1019445
134633,W,DOMESTIC,-84.02875,40.796966999999995,GLOBAL POSITIONING SYSTEM,ALLEN,BATH,2016-07-14,65.0,,LIMESTONE,ROTARY,30.0,22.0,48.0,48,1019443
134686,W,DOMESTIC,-84.359085,40.718004,GLOBAL POSITIONING SYSTEM,ALLEN,SPENCER,2016-08-29,80.0,,LIMESTONE,AIR ROTARY,30.0,30.0,56.0,53,2058789
134789,W,DOMESTIC,-83.92985999999999,40.73209,GEOCODE,ALLEN,JACKSON,1973-07-31,78.0,986.0999755859375,LIMESTONE,,30.0,30.0,49.0,49,512464
134862,W,DOMESTIC,-84.04376599999999,40.832415999999995,GLOBAL POSITIONING SYSTEM,ALLEN,MONROE,2018-06-22,50.0,,LIMESTONE,ROTARY,25.0,11.0,43.0,43,1020696
134963,W,OTHER,-84.134778,40.721174999999995,DIGITAL MAP,ALLEN,SHAWNEE,2017-10-25,120.0,,LIMESTONE,ROTARY,7.0,71.0,97.0,95,2065182
135483,W,MONITOR,-84.04034999999999,40.78884,GLOBAL POSITIONING SYSTEM,ALLEN,BATH,2019-11-01,13.0,,,DIRECT PUSH,,,3.0,,2076731
135580,W,DOMESTIC,-84.171122,40.692910999999995,DIGITIZED,ALLEN,SHAWNEE,1954-07-12,160.0,849.0999755859375,LIMESTONE,,,35.0,137.0,137,123396
135583,W,DOMESTIC,-84.164637,40.751058,DIGITIZED,ALLEN,AMERICAN,1954-02-21,206.0,823.5999755859375,LIMESTONE,,8.0,35.0,196.0,194,112934
135584,W,DOMESTIC,-83.98498,40.74185,,ALLEN,JACKSON,1984-07-31,90.0,930.4000244140625,LIMESTONE,,12.0,32.0,65.0,64,650772
135585,W,DOMESTIC,-83.98492999999999,40.751039999999996,GEOCODE,ALLEN,JACKSON,1993-10-20,62.0,922.7999877929688,LIMESTONE,ROTARY,20.0,20.0,38.0,35,776153
135586,W,DOMESTIC,-84.169788,40.708855,DIGITIZED,ALLEN,SHAWNEE,1960-06-01,220.0,869.5,LIMESTONE,,15.0,58.0,119.0,119,217113
135587,W,DOMESTIC,-84.169788,40.708855,DIGITIZED,ALLEN,SHAWNEE,1956-07-15,77.0,869.5,GRAVEL,,5.0,51.0,77.0,,174069
135588,W,DOMESTIC,-83.93592,40.862500000000004,GEOCODE,ALLEN,RICHLAND,1995-02-12,62.0,849.5,LIMESTONE,ROTARY,15.0,23.0,34.0,30,804485
135594,W,DOMESTIC,-84.2328,40.75242,,ALLEN,AMANDA,1988-01-15,33.0,816.4000244140625,GRAVEL,CABLE TOOL,20.0,20.0,33.0,,657188
135595,W,DOMESTIC,-84.27805,40.70042,,ALLEN,AMANDA,1985-08-23,91.0,822.0999755859375,LIMESTONE,,7.0,28.0,40.0,40,629986
135597,W,AGRIC/IRRIG,-83.9426,40.73191,GEOCODE,ALLEN,JACKSON,1994-04-19,64.0,978.9000244140625,GRAVEL,ROTARY,15.0,26.0,64.0,,786586
135598,W,DOMESTIC,-84.049939,40.745810999999996,DIGITIZED,ALLEN,BATH,1958-04-30,60.0,891.2999877929688,LIMESTONE,,15.0,26.0,33.0,33,192890
135599,W,DOMESTIC,-84.072833,40.766769,DIGITIZED,ALLEN,BATH,1959-11-03,86.0,878.9000244140625,LIMESTONE,,20.0,55.0,44.0,44,224096
135600,W,DOMESTIC,-83.95735499999999,40.796779,DIGITIZED,ALLEN,JACKSON,1963-07-17,63.0,917.0,LIMESTONE,,16.0,32.0,49.0,48,286095
135601,W,DOMESTIC,-83.97546299999999,40.802012,DIGITIZED,ALLEN,JACKSON,1959-08-03,64.0,904.7999877929688,LIMESTONE,,5.0,18.0,54.0,62,244951
135602,W,DOMESTIC,-84.170315,40.693885,DIGITIZED,ALLEN,SHAWNEE,1954-08-27,92.0,846.5999755859375,GRAVEL,,,22.0,92.0,,139052
135603,W,DOMESTIC,-84.22287,40.724489999999996,GEOCODE,ALLEN,SHAWNEE,1990-05-09,55.0,833.2999877929688,LIMESTONE,ROTARY,15.0,25.0,47.0,43,715006
135605,W,DOMESTIC,-84.22334,40.73129,,ALLEN,AMANDA,1988-09-08,185.0,829.5999755859375,LIMESTONE,ROTARY,9.0,51.0,62.0,62,688033
135606,W,DOMESTIC,-84.26122,40.699239999999996,,ALLEN,AMANDA,1994-07-27,96.0,839.5,LIMESTONE,CABLE TOOL,15.0,56.0,50.0,48,779266
135607,W,DOMESTIC,-83.99437999999999,40.79826,GEOCODE,ALLEN,BATH,1994-10-20,95.0,880.0999755859375,LIMESTONE,ROTARY,12.0,48.0,63.0,60,804455
135608,W,DOMESTIC,-83.916628,40.776269,DIGITIZED,ALLEN,JACKSON,1963-03-29,60.0,938.2999877929688,LIMESTONE,,20.0,23.0,30.0,30,286069
135609,W,DOMESTIC,-83.993803,40.762237999999996,DIGITIZED,ALLEN,JACKSON,1960-02-15,65.0,922.9000244140625,LIMESTONE,,20.0,29.0,41.0,41,224099
135610,W,DOMESTIC,-83.95031399999999,40.762018999999995,DIGITIZED,ALLEN,JACKSON,1957-12-02,51.0,917.0999755859375,LIMESTONE,,16.0,20.0,21.0,21,173447
135611,W,DOMESTIC,-84.18921,40.80101,GEOCODE,ALLEN,AMERICAN,1994-06-13,45.0,802.0,GRAVEL,CABLE TOOL,10.0,20.0,45.0,,786342
135612,W,DOMESTIC,-84.259841,39.043143,,ALLEN,SPENCER,1948-04-20,78.0,879.2000122070312,LIMESTONE,,,10.0,42.0,75,55604
135617,W,DOMESTIC,-84.24213999999999,40.691629999999996,,ALLEN,AMANDA,1991-11-29,62.0,858.0,GRAVEL,CABLE TOOL,20.0,35.0,62.0,,728575
135618,W,DOMESTIC,-84.203417,40.697616,DIGITIZED,ALLEN,SHAWNEE,1956-05-25,88.0,878.5,GRAVEL,,8.0,40.0,88.0,,159564
135619,W,DOMESTIC,-84.38398,40.71395,GEOCODE,ALLEN,SPENCER,1992-04-06,60.0,824.2999877929688,LIMESTONE,CABLE TOOL,20.0,20.0,52.0,49,745788
135620,W,DOMESTIC,-84.12643,40.787248,DIGITIZED,ALLEN,AMERICAN,1961-04-14,75.0,816.7999877929688,LIMESTONE,,6.0,16.0,22.0,22,245896
135621,W,DOMESTIC,-84.093137,40.711072,DIGITIZED,ALLEN,PERRY,1956-06-17,35.0,889.4000244140625,GRAVEL,,18.0,20.0,35.0,,170864
135622,W,DOMESTIC,-84.03200000000001,40.809349999999995,GEOCODE,ALLEN,BATH,1991-07-25,50.0,849.0999755859375,LIMESTONE,ROTARY,20.0,12.0,36.0,30,725325
135623,W,DOMESTIC,-84.18705899999999,40.729194,DIGITIZED,ALLEN,SHAWNEE,1965-11-01,187.0,833.2000122070312,LIMESTONE,,36.0,38.0,50.0,49,337009
135625,W,DOMESTIC,-84.31044,40.85906,GEOCODE,ALLEN,MARION,1992-07-20,49.0,763.2000122070312,LIMESTONE,ROTARY,15.0,9.0,25.0,25,757969
135626,W,DOMESTIC,-84.06877,40.6875,,ALLEN,PERRY,1990-03-19,235.0,961.9000244140625,LIMESTONE,,10.0,71.0,208.0,170,701335
135627,W,DOMESTIC,-84.07064,40.670649999999995,GEOCODE,ALLEN,PERRY,1984-06-06,230.0,931.4000244140625,LIMESTONE,,15.0,34.0,172.0,172,638169
135628,W,DOMESTIC,-84.012765,40.808141,DIGITIZED,ALLEN,BATH,1952-09-04,82.0,880.0999755859375,LIMESTONE,,20.0,36.0,55.0,55,100609
135629,W,DOMESTIC,-84.013319,40.795905,DIGITIZED,ALLEN,BATH,1962-07-06,55.0,879.2999877929688,LIMESTONE,,20.0,20.0,41.0,41,266487
135630,W,DOMESTIC,-84.16345,40.707629999999995,GEOCODE,ALLEN,SHAWNEE,1971-07-02,169.0,856.2999877929688,LIMESTONE,,30.0,72.0,161.0,153,438358
135632,W,DOMESTIC,-83.909729,40.678244,DIGITIZED,ALLEN,AUGLAIZE,1956-08-06,65.0,1011.0,LIMESTONE,,20.0,18.0,31.0,31,173426
135633,W,DOMESTIC,-84.08643,40.791309999999996,GEOCODE,ALLEN,BATH,1987-07-01,100.0,845.0,LIMESTONE,,8.0,40.0,47.0,38,665258
135634,W,DOMESTIC,-84.06300999999999,40.7021,GEOCODE,ALLEN,PERRY,1994-04-08,80.0,944.7999877929688,GRAVEL,CABLE TOOL,15.0,70.0,80.0,,786334
135635,W,DOMESTIC,-84.300264,40.790355999999996,DIGITIZED,ALLEN,MARION,1958-07-08,58.0,792.4000244140625,LIMESTONE,,,1.0,24.0,24,205614
135636,W,DOMESTIC,-83.982616,40.706405,DIGITIZED,ALLEN,AUGLAIZE,1956-12-20,110.0,991.0,SAND & GRAVEL,,,60.0,110.0,,169610
135637,W,DOMESTIC,-84.187131,40.707388,DIGITIZED,ALLEN,SHAWNEE,1956-06-17,91.0,863.7000122070312,GRAVEL,,10.0,54.0,91.0,,174065
135639,W,DOMESTIC,-84.13405,40.693729999999995,GEOCODE,ALLEN,SHAWNEE,1986-06-23,152.0,867.5999755859375,GRAVEL,CABLE TOOL,12.0,100.0,152.0,,654566
135640,W,MONITOR,-84.11341,40.72199,GEOCODE,ALLEN,SHAWNEE,1994-10-24,38.0,864.0999755859375,LIMESTONE,AUGER,,,,31,827588
135642,W,DOMESTIC,-84.161262,40.740908999999995,DIGITIZED,ALLEN,AMERICAN,1956-07-16,160.0,840.5999755859375,LIMESTONE,,8.0,107.0,,133,145256
135648,W,DOMESTIC,-84.06052,40.80768,GEOCODE,ALLEN,BATH,1989-07-13,40.0,848.0,LIMESTONE,ROTARY,12.0,21.0,35.0,35,700153
135649,W,DOMESTIC,-84.00891,40.74263,GEOCODE,ALLEN,BATH,1970-08-06,81.0,925.7999877929688,LIMESTONE,,30.0,33.0,42.0,42,404193
135650,W,DOMESTIC,-84.02623,40.76658,GEOCODE,ALLEN,BATH,1970-11-30,90.0,885.4000244140625,LIMESTONE,,30.0,30.0,42.0,40,419660
135651,W,DOMESTIC,-84.187131,40.707388,DIGITIZED,ALLEN,SHAWNEE,1956-08-06,90.0,863.7000122070312,GRAVEL,,9.0,48.0,90.0,,174071
135652,W,DOMESTIC,-84.149987,40.684042,DIGITIZED,ALLEN,SHAWNEE,1961-04-15,128.0,861.2999877929688,LIMESTONE,,10.0,18.0,89.0,89,258462
135654,W,DOMESTIC,-84.13687999999999,40.673988,DIGITIZED,ALLEN,SHAWNEE,1959-11-09,120.0,877.2999877929688,GRAVEL,,10.0,33.0,120.0,,220184
135660,W,DOMESTIC,-84.147804,40.767842,DIGITIZED,ALLEN,AMERICAN,1956-07-20,75.0,844.2999877929688,LIMESTONE,,,,45.0,45,184658
135665,W,DOMESTIC,-83.994525,40.766258,DIGITIZED,ALLEN,BATH,1953-05-21,54.0,902.2000122070312,LIMESTONE,,25.0,19.0,22.0,53,94337
135666,W,DOMESTIC,-84.019947,40.731594,DIGITIZED,ALLEN,BATH,1953-08-19,86.0,942.7999877929688,LIMESTONE,,20.0,51.0,48.0,48,100648
135667,W,DOMESTIC,-84.034055,40.731411,DIGITIZED,ALLEN,BATH,1962-08-10,63.0,924.0,LIMESTONE,,10.0,40.0,50.0,60,279857
135668,W,DOMESTIC,-84.10898999999999,40.787349999999996,GEOCODE,ALLEN,AMERICAN,1988-01-05,82.0,839.0999755859375,LIMESTONE,,12.0,34.0,37.0,34,673367
135669,W,DOMESTIC,-84.16924,40.68882,GEOCODE,ALLEN,SHAWNEE,1989-10-10,36.0,842.4000244140625,GRAVEL,CABLE TOOL,20.0,12.0,36.0,,700562
135672,W,DOMESTIC,-84.13687999999999,40.673988,DIGITIZED,ALLEN,SHAWNEE,1956-05-26,77.0,877.2999877929688,GRAVEL,,9.0,38.0,77.0,,142847
135673,W,DOMESTIC,-84.137649,40.690111,DIGITIZED,ALLEN,SHAWNEE,1956-01-12,344.0,867.0999755859375,LIMESTONE,,14.0,35.0,276.0,215,166766
135674,W,DOMESTIC,-84.137649,40.690111,DIGITIZED,ALLEN,SHAWNEE,1952-05-14,129.0,867.0999755859375,GRAVEL,,20.0,30.0,129.0,,88264
135675,W,DOMESTIC,-84.20949,40.69187,GEOCODE,ALLEN,SHAWNEE,1989-10-06,58.0,857.0999755859375,GRAVEL,CABLE TOOL,20.0,40.0,58.0,,700563
135676,W,DOMESTIC,-84.147562,40.692561,DIGITIZED,ALLEN,SHAWNEE,1955-10-03,174.0,855.5999755859375,LIMESTONE,,20.0,15.0,152.0,152,166759
135679,W,DOMESTIC,-84.092381,40.828618,DIGITIZED,ALLEN,MONROE,1961-02-08,43.0,810.2999877929688,LIMESTONE,,10.0,17.0,26.0,26,208731
135680,W,DOMESTIC,-84.05133,40.709179999999996,GEOCODE,ALLEN,PERRY,1992-07-10,120.0,939.2999877929688,LIMESTONE,ROTARY,20.0,65.0,58.0,55,755146
135681,W,DOMESTIC,-84.00119,40.652229999999996,GEOCODE,ALLEN,PERRY,1993-10-06,42.0,963.7999877929688,LIMESTONE,ROTARY,15.0,14.0,29.0,26,776156
135682,W,DOMESTIC,-83.97633499999999,40.832119999999996,DIGITIZED,ALLEN,RICHLAND,1953-07-28,63.0,865.2000122070312,LIMESTONE,,20.0,15.0,38.0,61,94342
135683,W,DOMESTIC,-84.1786,40.765859999999996,,ALLEN,AMERICAN,1991-08-16,46.0,825.0999755859375,GRAVEL,CABLE TOOL,20.0,20.0,,,728562
135684,W,DOMESTIC,-84.024712,40.790603,DIGITIZED,ALLEN,BATH,1963-08-21,98.0,879.5999755859375,LIMESTONE,,10.0,19.0,61.0,30,298553
135685,W,,-84.184658,40.844947999999995,DIGITIZED,ALLEN,SUGAR CREEK,1954-07-20,89.0,781.5999755859375,LIMESTONE,,,15.0,22.0,31,77464
135686,W,DOMESTIC,-84.147562,40.692561,DIGITIZED,ALLEN,SHAWNEE,1961-10-05,143.0,855.5999755859375,LIMESTONE,,7.0,32.0,139.0,139,264468
135687,W,DOMESTIC,-84.147562,40.692561,DIGITIZED,ALLEN,SHAWNEE,1961-07-23,95.0,855.5999755859375,GRAVEL,,7.0,33.0,95.0,,264461
135688,W,DOMESTIC,-84.15878599999999,40.694269,DIGITIZED,ALLEN,SHAWNEE,1956-06-30,179.0,841.2000122070312,GRAVEL,,18.0,25.0,,,161208
135695,W,DOMESTIC,-83.922642,40.681774999999995,GLOBAL POSITIONING SYSTEM,ALLEN,AUGLAIZE,1987-03-12,360.0,990.7999877929688,LIMESTONE,,75.0,15.0,25.0,10,661922
135696,W,DOMESTIC,-84.135965,40.779027,DIGITIZED,ALLEN,AMERICAN,1955-10-15,72.0,834.0,LIMESTONE,,,53.0,33.0,32,139084
135697,W,DOMESTIC,-84.2309,40.80949,GEOCODE,ALLEN,MARION,1988-11-02,83.0,790.7000122070312,LIMESTONE,ROTARY,4.0,10.0,25.0,10,690141
135698,W,DOMESTIC,-83.92311,40.732189999999996,GEOCODE,ALLEN,JACKSON,1973-08-07,85.0,990.0,LIMESTONE,,12.0,37.0,65.0,65,512470
135703,W,DOMESTIC,-84.05008,40.89741,GEOCODE,ALLEN,MONROE,1979-07-09,77.0,780.2000122070312,LIMESTONE,,20.0,21.0,25.0,25,546599
135704,W,DOMESTIC,-83.93733999999999,40.69748,,ALLEN,AUGLAIZE,1994-09-23,130.0,980.2000122070312,LIMESTONE,ROTARY,20.0,17.0,52.0,49,786649
135705,W,DOMESTIC,-84.25246,40.78716,GEOCODE,ALLEN,MARION,1995-05-25,70.0,802.4000244140625,LIMESTONE,ROTARY,10.0,10.0,26.0,22,804495
135713,W,DOMESTIC,-84.050992,40.731331999999995,DIGITIZED,ALLEN,BATH,1954-09-22,68.0,898.5,LIMESTONE,,10.0,35.0,31.0,31,123544
135714,W,DOMESTIC,-84.20306,40.755379999999995,,ALLEN,AMERICAN,1993-10-02,86.0,819.0,LIMESTONE,CABLE TOOL,,,50.0,50,761042
135720,W,DOMESTIC,-84.05161,40.86314,GEOCODE,ALLEN,MONROE,1992-11-18,64.0,795.4000244140625,LIMESTONE,CABLE TOOL,9.0,28.0,28.0,62,723797
135721,W,DOMESTIC,-84.051897,40.709997,DIGITIZED,ALLEN,PERRY,1961-10-28,87.0,939.5999755859375,LIMESTONE,,18.0,58.0,55.0,58,217132
135722,W,DOMESTIC,-84.10252,40.804300000000005,GEOCODE,ALLEN,BATH,1992-10-22,127.0,820.5999755859375,LIMESTONE,ROTARY,50.0,23.0,66.0,66,754890
135723,W,DOMESTIC,-84.07029,40.79533,GEOCODE,ALLEN,BATH,1994-02-28,66.0,839.7999877929688,LIMESTONE,CABLE TOOL,8.0,,32.0,32,761064
135724,W,DOMESTIC,-84.13530999999999,40.77977,,ALLEN,AMERICAN,1969-06-10,85.0,834.5999755859375,LIMESTONE,,30.0,43.0,35.0,34,388515
135725,W,DOMESTIC,-84.18717,40.73325,,ALLEN,AMERICAN,1969-03-18,197.0,834.2999877929688,LIMESTONE,,45.0,38.0,54.0,52,388507
135727,W,DOMESTIC,-84.241941,40.708974999999995,DIGITIZED,ALLEN,AMANDA,1963-07-16,50.0,829.0,LIMESTONE,,6.0,15.0,38.0,38,284495
135728,W,DOMESTIC,-84.24256,40.701031,DIGITIZED,ALLEN,AMANDA,1956-03-09,93.0,843.2000122070312,LIMESTONE,,,,56.0,56,121444
135729,W,DOMESTIC,-84.27983499999999,40.700617,DIGITIZED,ALLEN,AMANDA,1959-03-27,41.0,833.2000122070312,GRAVEL,,,,41.0,,227405
135730,W,DOMESTIC,-84.133909,40.76095,DIGITIZED,ALLEN,AMERICAN,1953-02-09,67.0,845.7999877929688,GRAVEL,,8.0,40.0,67.0,,85181
140646,W,,-84.10977799999999,40.769047,DIGITIZED,ALLEN,AMERICAN,1948-04-14,91.0,858.7999877929688,LIMESTONE,,20.0,60.0,84.0,84,26359
140647,W,,-84.17196799999999,40.755711,DIGITIZED,ALLEN,AMERICAN,1950-06-17,100.0,823.0999755859375,LIMESTONE,,24.0,32.0,36.0,36,60154
140777,W,,-84.049757,40.746218999999996,DIGITIZED,ALLEN,BATH,1946-11-05,144.0,889.4000244140625,LIMESTONE,,50.0,59.0,39.0,39,2412
140778,W,,-84.091099,40.810463,DIGITIZED,ALLEN,BATH,1950-03-10,115.0,852.7999877929688,LIMESTONE,,,25.0,61.0,61,30693
140783,W,,-84.088505,40.715044,DIGITIZED,ALLEN,PERRY,1948-05-03,45.0,887.5,SAND & GRAVEL,,20.0,12.0,45.0,,26364
140784,W,,-83.921199,40.837299,DIGITIZED,ALLEN,RICHLAND,1948-05-17,33.0,878.2000122070312,LIMESTONE,,,19.0,33.0,32,38960
140785,W,,-83.93902299999999,40.861986,DIGITIZED,ALLEN,RICHLAND,1948-05-01,57.0,848.2999877929688,LIMESTONE,,,18.0,33.0,55,38957
142899,W,DOMESTIC,-84.12841999999999,40.79866,GEOCODE,ALLEN,AMERICAN,1997-11-10,69.0,824.2999877929688,GRAVEL,ROTARY,10.0,30.0,69.0,,867880
142966,W,DOMESTIC,-84.20297,40.741749999999996,,ALLEN,AMERICAN,1997-08-01,36.0,823.5999755859375,GRAVEL,CABLE TOOL,18.0,18.0,36.0,,859461
143020,W,DOMESTIC,-83.90964,40.87967,GEOCODE,ALLEN,RICHLAND,1998-09-17,125.0,845.5,LIMESTONE,ROTARY,10.0,70.0,,85,881982
143057,W,DOMESTIC,-84.24208999999999,40.71268,,ALLEN,AMANDA,1999-12-20,32.0,827.4000244140625,GRAVEL,CABLE TOOL,6.0,20.0,32.0,,895906
143068,W,DOMESTIC,-84.00036999999999,40.65585,GEOCODE,ALLEN,PERRY,1997-12-21,30.0,956.2000122070312,SAND & GRAVEL,CABLE TOOL,13.0,6.0,,,855210
143075,W,DOMESTIC,-84.20756,40.75137,GEOCODE,ALLEN,AMERICAN,1999-07-16,153.0,813.0,LIMESTONE,ROTARY,4.0,20.0,,73,902305
143089,W,DOMESTIC,-84.15617,40.788979999999995,GEOCODE,ALLEN,AMERICAN,1999-10-15,130.0,811.2999877929688,GRAVEL,ROTARY,40.0,24.0,130.0,,901874
143095,W,DOMESTIC,-83.91886,40.898089999999996,GEOCODE,ALLEN,RICHLAND,1999-11-04,80.0,821.0999755859375,LIMESTONE,ROTARY,7.0,30.0,25.0,25,901890
143140,W,DOMESTIC,-83.95204,40.86249,GEOCODE,ALLEN,RICHLAND,1999-08-07,75.0,851.7999877929688,LIMESTONE,ROTARY,20.0,33.0,48.0,48,884308
143219,W,DOMESTIC,-84.07030999999999,40.784949999999995,GEOCODE,ALLEN,BATH,1999-07-21,52.0,873.4000244140625,CLAY & BOULDERS,CABLE TOOL,6.0,40.0,51.0,,895887
143443,W,DOMESTIC,-84.14854,40.789049999999996,GEOCODE,ALLEN,AMERICAN,2001-01-29,157.0,814.7000122070312,LIMESTONE,ROTARY,10.0,45.0,40.0,35,926945
143444,W,DOMESTIC,-83.9979,40.658429999999996,GEOCODE,ALLEN,AUGLAIZE,2000-10-10,123.0,952.5,LIMESTONE,ROTARY,30.0,30.0,,122,926969
143445,W,DOMESTIC,-83.95031999999999,40.71716,GEOCODE,ALLEN,AUGLAIZE,2000-12-04,105.0,995.7000122070312,LIMESTONE & SHALE,CABLE TOOL,12.0,60.0,101.0,101,916222
143482,W,DOMESTIC,-84.07573,40.889939999999996,GEOCODE,ALLEN,MONROE,2001-02-23,42.0,777.7999877929688,LIMESTONE,ROTARY,7.0,6.0,27.0,14,926950
143509,W,MONITOR,-84.11354999999999,40.74255,,ALLEN,AMERICAN,2000-06-22,25.0,888.9000244140625,,AUGER,,,5.0,,924121
143510,W,MONITOR,-84.11354999999999,40.74255,,ALLEN,AMERICAN,2000-06-21,20.0,888.9000244140625,,AUGER,,,3.0,,924120
143674,W,DOMESTIC,-84.0012,40.65219,GEOCODE,ALLEN,PERRY,2001-01-08,88.0,963.7000122070312,LIMESTONE,ROTARY,10.0,6.0,32.0,28,926944
143691,W,DOMESTIC,-83.90409,40.89938,GEOCODE,ALLEN,RICHLAND,2001-06-05,97.0,828.7000122070312,LIMESTONE,ROTARY,23.0,32.0,33.0,30,914092
143918,W,DOMESTIC,-84.07280999999999,40.89861,GEOCODE,ALLEN,MONROE,2002-01-22,51.0,779.0999755859375,LIMESTONE,ROTARY,10.0,14.0,28.0,48,941153
143954,W,DOMESTIC,-83.93430000000001,40.73158,GEOCODE,ALLEN,AUGLAIZE,2002-02-18,70.0,993.2000122070312,LIMESTONE,ROTARY,40.0,30.0,68.0,68,940577
144007,W,DOMESTIC,-83.95754,40.81171,GEOCODE,ALLEN,JACKSON,2001-06-01,34.0,889.9000244140625,LIMESTONE,CABLE TOOL,12.0,18.0,32.0,32,892912
144104,W,MONITOR,-84.33994,40.84699,,ALLEN,MARION,2002-03-15,24.0,769.7999877929688,LIMESTONE,ROTARY,,,14.0,12,942222
144185,W,DOMESTIC,-83.889287,40.909983,DIGITIZED,ALLEN,RICHLAND,1948-05-08,52.0,828.2000122070312,LIMESTONE,,50.0,15.0,42.0,42,39613
144199,W,MONITOR,-84.11341,40.72199,GEOCODE,ALLEN,SHAWNEE,2003-03-03,31.0,864.0999755859375,SAND & CLAY,AUGER,,,23.0,,951342
144201,W,DOMESTIC,-84.05197799999999,40.711110999999995,DIGITIZED,ALLEN,PERRY,1955-10-20,78.0,937.4000244140625,LIMESTONE,,15.0,61.0,55.0,55,156849
144244,W,DOMESTIC,-84.107717,40.679902999999996,DIGITIZED,ALLEN,PERRY,,48.0,902.0,GRAVEL,,,,,,100301
144251,W,DOMESTIC,-83.92833,40.7171,GEOCODE,ALLEN,AUGLAIZE,1993-06-30,120.0,1025.5,LIMESTONE,ROTARY,30.0,57.0,92.0,89,767890
144271,W,DOMESTIC,-84.14671,40.67525,GEOCODE,ALLEN,SHAWNEE,1990-06-13,53.0,872.0,GRAVEL,CABLE TOOL,15.0,30.0,53.0,,704888
144282,W,DOMESTIC,-84.30266,40.78629,GEOCODE,ALLEN,MARION,2002-09-26,75.0,797.9000244140625,LIMESTONE,ROTARY,2.0,18.0,26.0,26,947795
144296,W,DOMESTIC,-83.939174,40.731392,DIGITIZED,ALLEN,AUGLAIZE,1961-06-26,110.0,994.2000122070312,LIMESTONE,,20.0,37.0,94.0,94,245599
144309,W,DOMESTIC,-83.93745,40.86906,GEOCODE,ALLEN,RICHLAND,2002-08-20,123.0,851.0999755859375,LIMESTONE,ROTARY,30.0,38.0,,121,947770
144312,W,PUBLIC/SEMI-PUB,-83.88092,40.80142,GEOCODE,ALLEN,JACKSON,1983-01-29,124.0,953.7999877929688,LIMESTONE,,9.0,35.0,52.0,49,515497
144426,W,DOMESTIC,-84.137649,40.690111,DIGITIZED,ALLEN,SHAWNEE,1952-09-26,147.0,867.0999755859375,SAND & GRAVEL,,20.0,25.0,147.0,,88274
144448,W,DOMESTIC,-84.26547,40.84421,GEOCODE,ALLEN,MARION,2002-11-06,82.0,773.7000122070312,LIMESTONE,ROTARY,1.0,20.0,26.0,21,956745
144454,W,DOMESTIC,-84.094034,40.800788999999995,DIGITIZED,ALLEN,BATH,1954-09-24,70.0,832.0999755859375,LIMESTONE,,20.0,32.0,40.0,44,123545
144456,W,DOMESTIC,-84.37830000000001,40.806979999999996,GEOCODE,ALLEN,MARION,1990-03-06,72.0,786.5,LIMESTONE,,4.0,20.0,29.0,28,617287
144459,W,DOMESTIC,-84.2637,40.814229999999995,GEOCODE,ALLEN,MARION,1991-09-18,63.0,789.2000122070312,LIMESTONE,ROTARY,6.0,13.0,,53,741775
144478,W,DOMESTIC,-83.97018,40.74583,GEOCODE,ALLEN,JACKSON,1988-03-31,50.0,930.7999877929688,LIMESTONE,,10.0,11.0,34.0,31,673393
144489,W,DOMESTIC,-84.108265,40.672044,DIGITIZED,ALLEN,SHAWNEE,1960-05-21,56.0,913.2000122070312,GRAVEL,,15.0,29.0,56.0,,197546
144517,W,DOMESTIC,-84.28302,40.82619,GEOCODE,ALLEN,MARION,2002-08-20,31.0,772.7000122070312,LIMESTONE,CABLE TOOL,10.0,9.0,17.0,11,936674
144552,W,DOMESTIC,-84.169788,40.708855,DIGITIZED,ALLEN,SHAWNEE,1954-10-20,116.0,869.5,GRAVEL,,13.0,64.0,116.0,,141801
144628,W,,-83.987016,40.764869,DIGITIZED,ALLEN,JACKSON,1950-08-26,63.0,912.2999877929688,CLAY,,20.0,32.0,30.0,,69646
144661,W,DOMESTIC,-84.02367799999999,40.714245,DIGITIZED,ALLEN,PERRY,1965-04-20,67.0,950.2000122070312,LIMESTONE,,10.0,46.0,64.0,61,301697
144673,W,DOMESTIC,-84.329061,40.85209,DIGITIZED,ALLEN,MARION,1955-02-21,36.0,765.0999755859375,LIMESTONE,,12.0,6.0,14.0,14,141808
144692,W,DOMESTIC,-84.13687999999999,40.673988,DIGITIZED,ALLEN,SHAWNEE,1958-06-30,103.0,877.2999877929688,GRAVEL,,15.0,31.0,,,199792
144705,W,DOMESTIC,-84.166849,40.732431,DIGITIZED,ALLEN,AMERICAN,1956-09-29,76.0,844.5,GRAVEL,,8.0,55.0,76.0,,187852
144723,W,DOMESTIC,-84.134615,40.678430999999996,DIGITIZED,ALLEN,SHAWNEE,1959-04-30,34.0,876.7999877929688,GRAVEL,,7.0,20.0,34.0,,220166
144750,W,DOMESTIC,-84.20448499999999,40.711718999999995,DIGITIZED,ALLEN,SHAWNEE,1961-10-18,70.0,855.2000122070312,SAND & GRAVEL,,10.0,40.0,70.0,,258471
144751,W,DOMESTIC,-84.23367499999999,40.784771,DIGITIZED,ALLEN,MARION,1962-04-14,56.0,802.0,LIMESTONE,,6.0,13.0,29.0,28,258480
145086,W,DOMESTIC,-84.20948,40.686189999999996,GEOCODE,ALLEN,SHAWNEE,2003-10-21,55.0,849.4000244140625,GRAVEL,ROTARY,20.0,27.0,55.0,,963219
145270,W,DOMESTIC,-84.23700000000001,40.8035,GLOBAL POSITIONING SYSTEM,ALLEN,MARION,2004-09-23,96.0,794.7000122070312,LIMESTONE,ROTARY,10.0,20.0,27.0,93,980891
145393,W,DOMESTIC,-84.29016999999999,40.83367,GLOBAL POSITIONING SYSTEM,ALLEN,MARION,2004-06-01,142.0,774.0,LIMESTONE,ROTARY,2.0,20.0,27.0,44,980920
145412,W,DOMESTIC,-84.27917,40.718669999999996,GLOBAL POSITIONING SYSTEM,ALLEN,AMANDA,2005-07-21,51.0,826.2000122070312,,ROTARY,12.0,30.0,39.0,41,995038
145883,W,DOMESTIC,-84.141392,40.690588999999996,DIGITIZED,ALLEN,SHAWNEE,1956-12-07,39.0,867.9000244140625,GRAVEL,,10.0,29.0,39.0,,181716
145910,W,DOMESTIC,-84.147562,40.692561,DIGITIZED,ALLEN,SHAWNEE,1953-10-22,51.0,855.5999755859375,GRAVEL,,,,50.0,,72869
145959,W,DOMESTIC,-84.176704,40.757554,DIGITIZED,ALLEN,AMERICAN,1957-04-17,62.0,828.2999877929688,LIMESTONE,,6.0,29.0,,35,159595
145972,W,DOMESTIC,-83.905045,40.892590999999996,DIGITIZED,ALLEN,RICHLAND,1963-06-11,72.0,840.5,LIMESTONE,,,35.0,37.0,37,298654
146005,W,DOMESTIC,-84.08341999999999,40.819900000000004,GLOBAL POSITIONING SYSTEM,ALLEN,MONROE,2006-02-17,70.0,825.0,,ROTARY,25.0,16.0,36.0,33,990654
146084,W,DOMESTIC,-84.23832999999999,40.68889,GLOBAL POSITIONING SYSTEM,ALLEN,AMANDA,2005-09-09,60.0,862.5,SHALE,CABLE TOOL,15.0,40.0,58.0,59,997853
146092,W,DOMESTIC,-84.334689,40.829071,DIGITIZED,ALLEN,MARION,1963-04-27,45.0,776.9000244140625,LIMESTONE,,21.0,16.0,22.0,22,284485
146174,W,DOMESTIC,-84.21847,40.729243,DIGITIZED,ALLEN,SHAWNEE,1958-07-29,42.0,831.2999877929688,LIMESTONE,,7.0,18.0,32.0,32,192094
146175,W,DOMESTIC,-84.20425499999999,40.691711999999995,DIGITIZED,ALLEN,SHAWNEE,1958-10-08,61.0,873.2999877929688,GRAVEL,,15.0,22.0,,,197520
146176,W,DOMESTIC,-84.003569,40.695387,DIGITIZED,ALLEN,PERRY,1964-11-17,73.0,952.7000122070312,GRAVEL,,8.0,41.0,73.0,,319423
146314,W,DOMESTIC,-84.13872099999999,40.689126,DIGITIZED,ALLEN,SHAWNEE,1955-06-10,61.0,866.7000122070312,GRAVEL,,,39.0,61.0,,40850
146368,W,,-83.92345499999999,40.714569999999995,DIGITIZED,ALLEN,AUGLAIZE,1948-12-01,89.0,1000.0999755859375,LIMESTONE,,,16.0,60.0,86,30663
146392,W,DOMESTIC,-84.229737,40.712922,DIGITIZED,ALLEN,AMANDA,1958-05-01,40.0,836.7999877929688,GRAVEL,,,,,,184685
146589,W,DOMESTIC,-84.160206,40.674690999999996,DIGITIZED,ALLEN,SHAWNEE,1953-10-21,54.0,863.2999877929688,GRAVEL,,,,53.0,,72867
146651,W,DOMESTIC,-83.926163,40.706674,DIGITIZED,ALLEN,AUGLAIZE,1954-09-04,61.0,991.7999877929688,LIMESTONE,,,22.0,50.0,50,62116
146665,W,DOMESTIC,-84.13687999999999,40.673988,DIGITIZED,ALLEN,SHAWNEE,1955-03-15,51.0,877.2999877929688,GRAVEL,,9.0,34.0,51.0,,141812
146687,W,DOMESTIC,-84.13687999999999,40.673988,DIGITIZED,ALLEN,SHAWNEE,1964-06-16,178.0,877.2999877929688,LIMESTONE,,7.0,35.0,152.0,151,308812
146688,W,DOMESTIC,-84.137649,40.690111,DIGITIZED,ALLEN,SHAWNEE,1961-08-02,252.0,867.0999755859375,LIMESTONE,,20.0,20.0,138.0,138,217130
147558,W,DOMESTIC,-84.02891699999999,40.694517,,ALLEN,PERRY,2006-08-23,165.0,980.5,LIMESTONE,ROTARY,12.0,60.0,162.0,162,1004689
147581,W,DOMESTIC,-84.36055999999999,40.715559999999996,GLOBAL POSITIONING SYSTEM,ALLEN,SPENCER,2004-05-26,82.0,827.2999877929688,LIMESTONE,ROTARY,30.0,30.0,74.0,54,972043
147659,W,DOMESTIC,-83.939167,40.85,GLOBAL POSITIONING SYSTEM,ALLEN,RICHLAND,2006-10-12,63.0,867.9000244140625,LIMESTONE,AIR ROTARY,7.0,34.0,48.0,57,2006055
147786,W,DOMESTIC,-83.99426,40.77876,GEOCODE,ALLEN,BATH,2008-07-24,78.0,909.9000244140625,LIMESTONE,ROTARY,12.0,36.0,48.0,48,1007231
147806,W,MONITOR,-84.15695,40.737266999999996,GLOBAL POSITIONING SYSTEM,ALLEN,AMERICAN,2008-11-07,14.600000381469727,841.2000122070312,CLAY,AUGER,,8.0,2.0,,2019942
148141,W,DOMESTIC,-83.9,40.835556,GLOBAL POSITIONING SYSTEM,ALLEN,RICHLAND,2009-08-19,83.0,868.7999877929688,LIMESTONE,AIR ROTARY,20.0,30.0,34.0,30,2023805
148144,W,DOMESTIC,-84.05361099999999,40.879722,GLOBAL POSITIONING SYSTEM,ALLEN,MONROE,2008-07-29,56.0,788.5,LIMESTONE,AIR ROTARY,3.0,15.0,26.5,54,2018218
148169,W,MONITOR,-84.1083,40.7978,GLOBAL POSITIONING SYSTEM,ALLEN,BATH,2010-04-07,12.0,828.5999755859375,SILT & CLAY,GEOPROBE,,4.5,2.0,,2026614
148196,W,DOMESTIC,-84.388111,40.736944,GLOBAL POSITIONING SYSTEM,ALLEN,SPENCER,2009-03-05,82.0,817.5,LIMESTONE,ROTARY,20.0,22.0,54.0,45,2021311
148266,W,MONITOR,-83.96694699999999,40.832308,GLOBAL POSITIONING SYSTEM,ALLEN,RICHLAND,2010-01-18,15.0,866.9000244140625,SAND,AUGER,,8.5,5.0,,2025886
148367,W,DOMESTIC,-84.33471999999999,40.80719,GLOBAL POSITIONING SYSTEM,ALLEN,MARION,2008-10-31,96.0,785.5999755859375,LIMESTONE & SHALE,JETTED,20.0,16.0,31.0,31,2019755
148461,W,DOMESTIC,-84.276389,40.8025,GLOBAL POSITIONING SYSTEM,ALLEN,MARION,2008-01-22,103.0,791.5,LIMESTONE,AIR ROTARY,20.0,14.0,27.0,16,2015104
148473,W,DOMESTIC,-84.089722,40.647777999999995,,ALLEN,PERRY,2008-04-15,115.0,932.2000122070312,,CABLE TOOL,15.0,60.0,112.0,114,1005870
148553,W,MONITOR,-83.96855,40.83293,GEOCODE,ALLEN,JACKSON,2008-05-22,13.0,859.7000122070312,CLAY,AUGER,,13.0,13.0,,2016639
148622,W,DOMESTIC,-83.95564999999999,40.705816999999996,,ALLEN,AUGLAIZE,2011-03-21,100.0,990.0,LIMESTONE,ROTARY,8.0,43.0,69.0,97,1014599
148644,W,DOMESTIC,-84.03716,40.807089999999995,GEOCODE,ALLEN,BATH,1989-10-20,94.0,853.5,LIMESTONE,CABLE TOOL,5.0,26.0,48.0,52,723751
148652,W,DOMESTIC,-84.32016,40.82936,GEOCODE,ALLEN,MARION,1996-11-18,65.0,782.7000122070312,LIMESTONE,ROTARY,10.0,22.0,29.0,29,851155
148784,W,DOMESTIC,-84.05066699999999,40.813333,,ALLEN,BATH,2007-09-01,39.0,852.7000122070312,LIMESTONE,CABLE TOOL,10.0,24.0,37.0,35,997923
148936,W,MONITOR,-84.156617,40.737383,GLOBAL POSITIONING SYSTEM,ALLEN,AMERICAN,2010-05-12,14.0,842.5,SILT,AUGER,,6.0,2.0,,2027168
149158,W,DOMESTIC,-83.88144,40.84621,,ALLEN,RICHLAND,1998-12-08,48.0,882.2999877929688,LIMESTONE,ROTARY,10.0,28.0,38.0,34,889174
149196,W,DOMESTIC,-84.04990000000001,40.848749999999995,,ALLEN,MONROE,2013-08-01,29.0,819.4000244140625,LIMESTONE,CABLE TOOL,12.0,12.0,27.0,28,1015551
149226,W,DOMESTIC,-83.95194,40.731500000000004,GEOCODE,ALLEN,AUGLAIZE,1988-07-10,95.0,983.5,LIMESTONE,,15.0,49.0,70.0,67,680944
149276,W,DOMESTIC,-83.981667,40.7963,,ALLEN,JACKSON,2013-10-28,55.0,904.0,LIMESTONE,ROTARY,20.0,22.0,50.0,50,1016907
149341,W,OTHER,-84.12984,40.722409999999996,GLOBAL POSITIONING SYSTEM,ALLEN,SHAWNEE,2013-04-13,400.0,856.4000244140625,LIMESTONE,ROTARY,600.0,143.0,57.0,41,2045722
149395,W,DOMESTIC,-83.916083,40.89145,GLOBAL POSITIONING SYSTEM,ALLEN,RICHLAND,2014-09-30,262.0,839.7999877929688,LIMESTONE,ROTARY,8.0,69.0,34.0,32,2049808
149519,W,MONITOR,-84.108611,40.798055999999995,GLOBAL POSITIONING SYSTEM,ALLEN,BATH,2015-03-17,12.0,827.4000244140625,SAND,DIRECT PUSH,,5.0,2.0,,2051351
149530,W,DOMESTIC,-83.9791,40.762667,GLOBAL POSITIONING SYSTEM,ALLEN,JACKSON,2014-06-16,60.0,920.5,LIMESTONE,ROTARY,12.0,24.0,34.0,34,1017846
149585,W,DOMESTIC,-84.261136,40.728023,GLOBAL POSITIONING SYSTEM,ALLEN,AMANDA,2015-04-29,83.0,822.9000244140625,LIMESTONE,AIR ROTARY,15.0,20.0,39.0,35,2052440
149586,W,DOMESTIC,-84.288833,40.853333,GLOBAL POSITIONING SYSTEM,ALLEN,MARION,2015-05-22,43.0,759.0,LIMESTONE,AIR ROTARY,12.0,9.0,26.0,19,2052448
149652,W,DOMESTIC,-84.28711,40.828258999999996,GLOBAL POSITIONING SYSTEM,ALLEN,MARION,2016-07-25,55.0,,LIMESTONE,AIR ROTARY,4.0,16.0,26.0,13,2058064
149684,W,MONITOR,-84.076833,40.730833,GLOBAL POSITIONING SYSTEM,ALLEN,PERRY,2015-09-02,15.199999809265137,882.5,SAND,GEOPROBE,,7.0,5.2,,2053668
149717,W,MONITOR,-84.04048999999999,40.788779999999996,GLOBAL POSITIONING SYSTEM,ALLEN,BATH,2016-11-09,12.0,,CLAY,GEOPROBE,,5.0,2.0,,2060272
149718,W,MONITOR,-84.04061999999999,40.78888,GLOBAL POSITIONING SYSTEM,ALLEN,BATH,2016-11-09,6.5,,GRAVEL,GEOPROBE,,5.0,1.5,,2060273
149755,W,DOMESTIC,-84.28476599999999,40.690666,GLOBAL POSITIONING SYSTEM,ALLEN,AMANDA,2017-06-16,75.0,,LIMESTONE,ROTARY,12.0,42.0,64.0,64,1020197
149829,W,DOMESTIC,-83.926917,40.897833,GLOBAL POSITIONING SYSTEM,ALLEN,RICHLAND,2016-05-11,70.0,,LIMESTONE,ROTARY,30.0,27.0,34.0,34,1019458
149892,W,DOMESTIC,-84.23648,40.81505,GLOBAL POSITIONING SYSTEM,ALLEN,MARION,2017-07-05,40.0,,LIMESTONE,AIR ROTARY,15.0,10.0,27.0,17,2064117
149994,W,DOMESTIC,-84.17456,40.75835,,ALLEN,AMERICAN,1975-02-04,150.0,823.0999755859375,SAND & GRAVEL,,50.0,40.0,150.0,,476007
150072,W,DOMESTIC,-84.185283,40.830833,GLOBAL POSITIONING SYSTEM,ALLEN,SUGAR CREEK,2018-04-24,70.0,,LIMESTONE,ROTARY,7.0,20.0,27.0,18,1020710
150596,W,DOMESTIC,-83.931833,40.679666,GLOBAL POSITIONING SYSTEM,ALLEN,AUGLAIZE,2017-12-19,60.0,,LIMESTONE,ROTARY,20.0,25.0,40.0,40,1020320
150623,W,DOMESTIC,-83.943317,40.74275,GLOBAL POSITIONING SYSTEM,ALLEN,JACKSON,2019-11-08,50.0,,LIMESTONE,MUD/AIR ROTARY,15.0,26.0,40.0,,2076729
150721,W,AGRIC/IRRIG,-83.89731599999999,40.6892,GLOBAL POSITIONING SYSTEM,ALLEN,AUGLAIZE,2017-08-23,140.0,,LIMESTONE,ROTARY,100.0,12.0,30.0,30,1020276
150736,W,DOMESTIC,-83.907455,40.897838,DIGITIZED,ALLEN,RICHLAND,1957-08-08,120.0,828.9000244140625,LIMESTONE,,,24.0,32.0,23,161692
150737,W,DOMESTIC,-83.973218,40.916466,DIGITIZED,ALLEN,RICHLAND,1952-06-15,80.0,783.9000244140625,LIMESTONE,,,14.0,20.0,20,86227
150738,W,DOMESTIC,-83.917031,40.892461999999995,DIGITIZED,ALLEN,RICHLAND,1962-08-27,67.0,837.5,LIMESTONE,,,39.0,33.0,65,260686
150740,W,DOMESTIC,-84.233526,40.712179,DIGITIZED,ALLEN,AMANDA,1962-07-18,37.0,835.0,GRAVEL,,15.0,24.0,37.0,,274614
150742,W,DOMESTIC,-84.17981999999999,40.75604,,ALLEN,AMERICAN,1987-10-01,103.0,830.9000244140625,LIMESTONE,,12.0,45.0,38.0,35,665285
150743,W,DOMESTIC,-83.93266,40.71707,GEOCODE,ALLEN,AUGLAIZE,1996-02-14,93.0,1021.7000122070312,GRAVEL,ROTARY,30.0,50.0,93.0,,828344
150745,W,DOMESTIC,-84.169788,40.708855,DIGITIZED,ALLEN,SHAWNEE,1952-10-01,83.0,869.5,GRAVEL,,14.0,44.0,80.0,,88275
150746,W,DOMESTIC,-84.169788,40.708855,DIGITIZED,ALLEN,SHAWNEE,1954-06-08,64.0,869.5,GRAVEL,,16.0,42.0,64.0,,35449
150747,W,DOMESTIC,-83.95249,40.86221,GEOCODE,ALLEN,RICHLAND,1993-09-01,56.0,851.7999877929688,LIMESTONE,CABLE TOOL,18.0,34.0,43.0,54,744921
150752,W,TEST BORING,-84.33389,40.76871,,ALLEN,AMANDA,1996-05-14,300.0,803.5999755859375,LIMESTONE,ROTARY,,,32.0,32,822344
150753,W,DOMESTIC,-84.23577,40.71233,GEOCODE,ALLEN,AMANDA,1994-12-15,50.0,837.0999755859375,SAND & CLAY,CABLE TOOL,30.0,28.0,48.0,,800622
150755,W,DOMESTIC,-84.00835,40.76357,GEOCODE,ALLEN,BATH,1988-12-07,115.0,905.2999877929688,LIMESTONE,ROTARY,15.0,42.0,34.0,31,690149
150756,W,DOMESTIC,-83.98510999999999,40.78338,GEOCODE,ALLEN,JACKSON,1984-07-04,49.0,917.0999755859375,LIMESTONE,,30.0,38.0,47.0,,623529
150762,W,DOMESTIC,-84.04567999999999,40.658152,DIGITIZED,ALLEN,PERRY,1964-06-22,64.0,924.9000244140625,SAND & GRAVEL,,15.0,15.0,64.0,,308814
150763,W,DOMESTIC,-84.05058,40.749767999999996,DIGITIZED,ALLEN,BATH,1957-07-29,64.0,883.7000122070312,LIMESTONE,,20.0,27.0,34.0,34,192867
150764,W,DOMESTIC,-84.08375699999999,40.737924,DIGITIZED,ALLEN,BATH,1957-09-03,90.0,878.9000244140625,LIMESTONE,,10.0,29.0,65.0,65,197505
150766,W,,-84.14147,40.68597,GEOCODE,ALLEN,SHAWNEE,1977-04-29,194.0,863.4000244140625,SAND & GRAVEL,,30.0,45.0,190.0,,519751
150767,W,DOMESTIC,-84.18083999999999,40.818819999999995,GEOCODE,ALLEN,SUGAR CREEK,1989-08-29,202.0,788.7000122070312,LIMESTONE,ROTARY,12.0,16.0,198.0,195,700126
150771,W,DOMESTIC,-84.228572,40.811554,DIGITIZED,ALLEN,MARION,1952-11-04,50.0,791.5999755859375,LIMESTONE,,9.0,16.0,20.0,20,85168
150772,W,DOMESTIC,-84.22844599999999,40.810190999999996,DIGITIZED,ALLEN,MARION,1958-11-24,40.0,791.0,LIMESTONE,,15.0,10.0,17.0,17,222256
150773,W,DOMESTIC,-84.233471,40.818711,DIGITIZED,ALLEN,MARION,1960-04-22,34.0,785.5999755859375,LIMESTONE,,,2.0,15.0,10,205623
150774,W,DOMESTIC,-84.307031,40.83392,DIGITIZED,ALLEN,MARION,1963-05-08,165.0,784.5999755859375,LIMESTONE,,9.0,34.0,27.0,27,284486
150775,W,AGRIC/IRRIG,-84.14726999999999,40.74838,,ALLEN,AMERICAN,1956-04-16,113.0,859.9000244140625,LIMESTONE,,4.0,40.0,52.0,105,142841
150776,W,DOMESTIC,-84.20855999999999,40.75132,,ALLEN,AMERICAN,1990-09-05,180.0,816.4000244140625,LIMESTONE,ROTARY,8.0,50.0,34.0,34,720585
150777,W,DOMESTIC,-83.993813,40.76032,DIGITIZED,ALLEN,JACKSON,1961-07-18,56.0,924.0,LIMESTONE,,20.0,34.0,42.0,42,266451
150778,W,DOMESTIC,-84.27175,40.81247,GEOCODE,ALLEN,MARION,1987-11-04,65.0,782.2999877929688,LIMESTONE,,,,25.0,24,673357
150779,W,DOMESTIC,-84.10032199999999,40.79989,DIGITIZED,ALLEN,BATH,1954-09-01,50.0,834.7999877929688,LIMESTONE,,4.0,,38.0,36,126131
150780,W,DOMESTIC,-83.90122,40.89971,GEOCODE,ALLEN,RICHLAND,1990-12-05,100.0,826.4000244140625,LIMESTONE,ROTARY,15.0,27.0,28.0,25,725285
150781,W,DOMESTIC,-84.13936,40.66005,GEOCODE,ALLEN,SHAWNEE,1986-04-29,78.0,891.2999877929688,GRAVEL,CABLE TOOL,15.0,38.0,78.0,,654558
150782,W,DOMESTIC,-84.36447,40.735800000000005,GEOCODE,ALLEN,AMANDA,1996-06-08,35.0,815.7999877929688,SAND & GRAVEL,CABLE TOOL,11.0,,,,813005
150783,W,DOMESTIC,-84.28090999999999,40.74048,,ALLEN,AMANDA,1996-07-01,52.0,810.0,LIMESTONE,CABLE TOOL,12.0,,,49,813006
150785,W,DOMESTIC,-84.08076,40.793749999999996,GEOCODE,ALLEN,BATH,1986-01-09,70.0,848.7999877929688,LIMESTONE,,6.0,30.0,32.0,32,526374
150786,W,DOMESTIC,-83.93728,40.736909999999995,GEOCODE,ALLEN,JACKSON,1994-10-12,160.0,971.7000122070312,LIMESTONE,ROTARY,8.0,50.0,88.0,85,804458
150787,W,DOMESTIC,-84.37100000000001,40.77189,GEOCODE,ALLEN,SPENCER,1993-08-09,82.0,811.0,LIMESTONE,ROTARY,15.0,20.0,25.0,25,769290
150789,W,DOMESTIC,-84.14582,40.793136,DIGITIZED,ALLEN,AMERICAN,1964-11-10,74.0,813.9000244140625,SAND & GRAVEL,,6.0,42.0,74.0,,308830
150790,W,DOMESTIC,-84.093137,40.711072,DIGITIZED,ALLEN,PERRY,1960-05-17,36.0,889.4000244140625,GRAVEL,,15.0,18.0,36.0,,170870
150791,W,DOMESTIC,-84.106269,40.705307,DIGITIZED,ALLEN,PERRY,1963-10-25,37.0,890.5,GRAVEL,,15.0,25.0,37.0,,298563
150792,W,DOMESTIC,-84.20768,40.751329999999996,,ALLEN,AMERICAN,1986-10-28,54.0,813.5,LIMESTONE,,6.0,22.0,33.0,30,612312
150793,W,DOMESTIC,-83.93732,40.77926,,ALLEN,JACKSON,1994-08-25,61.0,922.5,LIMESTONE,ROTARY,20.0,20.0,29.0,29,790503
150794,W,DOMESTIC,-84.179974,40.773306999999996,DIGITIZED,ALLEN,AMERICAN,1960-05-05,31.0,813.2000122070312,LIMESTONE,,12.0,23.0,27.0,27,223460
150797,W,DOMESTIC,-84.22586,40.78765,GEOCODE,ALLEN,MARION,1994-05-31,42.0,793.5999755859375,LIMESTONE,ROTARY,7.0,17.0,35.0,31,786599
150798,W,DOMESTIC,-84.07051,40.70662,GEOCODE,ALLEN,PERRY,1993-08-10,63.0,920.7000122070312,GRAVEL,CABLE TOOL,15.0,50.0,63.0,,773733
150799,W,DOMESTIC,-84.013691,40.79123,DIGITIZED,ALLEN,BATH,1963-05-13,54.0,882.9000244140625,LIMESTONE,,6.0,16.0,41.0,41,286077
150800,W,DOMESTIC,-84.23337,40.77798,GEOCODE,ALLEN,MARION,1991-07-26,29.0,800.2999877929688,GRAVEL,CABLE TOOL,20.0,15.0,29.0,,728558
150801,W,DOMESTIC,-84.16663,40.845749999999995,GEOCODE,ALLEN,SUGAR CREEK,1993-08-22,58.0,780.0999755859375,LIMESTONE,ROTARY,5.0,18.0,27.0,27,769293
150802,W,DOMESTIC,-84.15878599999999,40.694269,DIGITIZED,ALLEN,SHAWNEE,1962-07-28,33.0,841.2000122070312,GRAVEL,,9.0,23.0,33.0,,284453
150803,W,DOMESTIC,-84.15174999999999,40.705476,DIGITIZED,ALLEN,SHAWNEE,1956-08-22,98.0,832.5999755859375,GRAVEL,,20.0,40.0,,,159574
150804,W,DOMESTIC,-84.126741,40.698471999999995,DIGITIZED,ALLEN,SHAWNEE,1956-01-05,64.0,882.5,SAND & GRAVEL,,,,64.0,,159560
150807,W,DOMESTIC,-84.23342799999999,40.817974,DIGITIZED,ALLEN,MARION,1959-05-09,32.0,786.0999755859375,LIMESTONE,,15.0,6.0,17.0,12,222263
150808,W,DOMESTIC,-83.948165,40.758539999999996,DIGITIZED,ALLEN,JACKSON,1960-07-12,45.0,933.0999755859375,LIMESTONE,,20.0,24.0,31.0,31,245566
150811,W,DOMESTIC,-84.20506999999999,40.84285,GEOCODE,ALLEN,SUGAR CREEK,1995-08-31,62.0,777.4000244140625,LIMESTONE,CABLE TOOL,12.0,30.0,44.0,30,812353
150813,W,DOMESTIC,-84.132212,40.759063,DIGITIZED,ALLEN,AMERICAN,1956-06-23,109.0,839.5999755859375,SAND & GRAVEL,,10.0,29.0,103.0,,159570
150815,W,DOMESTIC,-84.06298,40.806509999999996,GEOCODE,ALLEN,BATH,1983-06-22,58.0,846.2000122070312,LIMESTONE,,20.0,35.0,40.0,40,526367
150816,W,DOMESTIC,-84.18545999999999,40.78029,,ALLEN,AMERICAN,1973-01-10,80.0,809.2000122070312,LIMESTONE,,8.0,21.0,22.0,21,451854
150820,W,DOMESTIC,-83.95167,40.78194,GEOCODE,ALLEN,JACKSON,1988-02-08,82.0,914.2999877929688,LIMESTONE,,3.0,15.0,38.0,35,673382
150821,W,DOMESTIC,-84.10161,40.66563,,ALLEN,PERRY,1989-10-17,109.0,944.0999755859375,SAND & GRAVEL,ROTARY,20.0,68.0,110.0,,704714
150822,W,DOMESTIC,-84.00435,40.717459999999996,GEOCODE,ALLEN,PERRY,1990-01-10,75.0,961.2999877929688,GRAVEL,ROTARY,7.0,38.0,75.0,,705147
150823,W,DOMESTIC,-84.22343,40.77588,GEOCODE,ALLEN,AMERICAN,1993-06-30,40.0,804.5999755859375,LIMESTONE,ROTARY,12.0,16.0,30.0,26,767877
150824,W,DOMESTIC,-84.001802,40.74167,DIGITIZED,ALLEN,BATH,1959-10-19,57.0,932.5999755859375,LIMESTONE,,20.0,29.0,40.0,40,224093
150825,W,DOMESTIC,-84.152,40.68776,GEOCODE,ALLEN,SHAWNEE,1988-06-20,191.0,857.5,GRAVEL,,20.0,25.0,191.0,,680927
150826,W,DOMESTIC,-83.88047,40.880109999999995,,ALLEN,RICHLAND,1985-08-02,43.0,836.7000122070312,LIMESTONE,,8.0,27.0,27.0,16,613817
150829,W,DOMESTIC,-84.078031,40.831843,DIGITIZED,ALLEN,MONROE,1953-05-29,42.0,819.2999877929688,LIMESTONE,,,,29.0,24,101269
150830,W,AGRIC/IRRIG,-84.081351,40.847531,DIGITIZED,ALLEN,MONROE,1953-04-08,73.0,806.5,LIMESTONE,,,,25.0,25,101261
150831,W,,-84.113793,40.831447999999995,DIGITIZED,ALLEN,SUGAR CREEK,1960-02-24,64.0,797.7999877929688,LIMESTONE,,12.0,10.0,30.0,27,244965
150832,W,DOMESTIC,-84.18603399999999,40.726667,DIGITIZED,ALLEN,SHAWNEE,1965-03-26,93.0,833.0,LIMESTONE,,60.0,35.0,54.0,53,317277
150833,W,DOMESTIC,-84.134439,40.690667999999995,DIGITIZED,ALLEN,SHAWNEE,1960-04-05,45.0,868.4000244140625,GRAVEL,,10.0,33.0,45.0,,245856
150834,W,DOMESTIC,-84.147562,40.692561,DIGITIZED,ALLEN,SHAWNEE,1954-05-29,214.0,855.5999755859375,LIMESTONE,,14.0,27.0,182.0,184,115290
150840,W,DOMESTIC,-84.309874,40.843084,DIGITIZED,ALLEN,MARION,1965-09-19,99.0,772.9000244140625,LIMESTONE,,5.0,16.0,29.0,26,337003
150843,W,MONITOR,-84.10701,40.73741,,ALLEN,AMERICAN,1996-04-17,13.0,857.0999755859375,ASPHALT,AUGER,,,3.0,,836773
150844,W,MONITOR,-84.15126,40.76363,,ALLEN,AMERICAN,1991-02-11,30.0,839.7999877929688,GRAVEL & CLAY,ROTARY,,22.0,30.0,,9990459
150845,W,DOMESTIC,-84.15156999999999,40.70536,GEOCODE,ALLEN,SHAWNEE,1983-12-15,324.0,833.7999877929688,LIMESTONE,,10.0,50.0,271.0,265,623525
150847,W,DOMESTIC,-83.96114,40.67389,GEOCODE,ALLEN,AUGLAIZE,1994-10-20,135.0,991.0999755859375,LIMESTONE,ROTARY,10.0,35.0,58.0,5,804460
150848,W,DOMESTIC,-84.24923,40.79305,GEOCODE,ALLEN,MARION,1989-07-11,50.0,799.9000244140625,LIMESTONE,ROTARY,10.0,15.0,35.0,35,700154
150849,W,DOMESTIC,-83.89699,40.776129999999995,GEOCODE,ALLEN,JACKSON,1981-03-27,35.0,934.5,LIMESTONE,,50.0,10.0,22.0,22,515459
150850,W,DOMESTIC,-84.15878599999999,40.694269,DIGITIZED,ALLEN,SHAWNEE,1955-04-27,137.0,841.2000122070312,GRAVEL,,15.0,26.0,137.0,,139836
150851,W,DOMESTIC,-84.16190999999999,40.723228999999996,DIGITIZED,ALLEN,SHAWNEE,1953-07-29,94.0,864.0,SAND & GRAVEL,,,67.0,91.0,,105427
150855,W,DOMESTIC,-84.04359,40.890139999999995,GEOCODE,ALLEN,MONROE,1992-11-18,38.0,784.0,LIMESTONE,CABLE TOOL,9.0,12.0,26.0,34,723798
150856,W,DOMESTIC,-84.10763,40.817139999999995,,ALLEN,BATH,1995-05-21,62.0,818.7999877929688,LIMESTONE,CABLE TOOL,15.0,20.0,,31,812366
150857,W,DOMESTIC,-84.03576699999999,40.754193,DIGITIZED,ALLEN,BATH,1963-05-10,67.0,897.5,LIMESTONE,,20.0,15.0,38.0,66,279864
150858,W,DOMESTIC,-84.2042,40.73448,,ALLEN,AMERICAN,1991-05-06,50.0,828.7000122070312,LIMESTONE,CABLE TOOL,12.0,25.0,41.0,41,728551
150859,W,DOMESTIC,-84.12191,40.68593,GEOCODE,ALLEN,SHAWNEE,1994-03-02,57.0,868.5,GRAVEL,ROTARY,20.0,22.0,57.0,,786571
150863,W,DOMESTIC,-83.89016,40.90952,GEOCODE,ALLEN,RICHLAND,1991-09-10,190.0,821.0999755859375,LIMESTONE,ROTARY,20.0,36.0,32.0,29,737492
150864,W,DOMESTIC,-84.137649,40.690111,DIGITIZED,ALLEN,SHAWNEE,1953-07-03,50.0,867.0999755859375,GRAVEL,,20.0,34.0,50.0,,115251
150865,W,DOMESTIC,-84.15988999999999,40.698142999999995,DIGITIZED,ALLEN,SHAWNEE,1961-09-11,130.0,843.7000122070312,GRAVEL,,14.0,26.0,130.0,,264467
150868,W,DOMESTIC,-84.062111,40.774173999999995,DIGITIZED,ALLEN,BATH,1964-06-20,148.0,882.7999877929688,LIMESTONE,,5.0,45.0,47.0,46,302393
150870,W,DOMESTIC,-84.16550199999999,40.670206,DIGITIZED,ALLEN,SHAWNEE,1953-05-03,53.0,851.0999755859375,GRAVEL,,,25.0,52.0,,35437
150871,W,DOMESTIC,-84.20863,40.69405,GEOCODE,ALLEN,SHAWNEE,1971-08-06,93.0,875.5,GRAVEL,,15.0,57.0,,,409683
150875,W,DOMESTIC,-84.062259,40.716665,DIGITIZED,ALLEN,PERRY,1953-06-17,106.0,918.4000244140625,LIMESTONE,,,50.0,59.0,56,87548
150876,W,DOMESTIC,-83.95129,40.77952,GEOCODE,ALLEN,JACKSON,1992-08-28,59.0,913.4000244140625,LIMESTONE,CABLE TOOL,9.0,31.0,46.0,58,723787
155689,W,,-84.147729,40.753519999999995,DIGITIZED,ALLEN,AMERICAN,1947-10-07,75.0,848.0,SAND & GRAVEL,,,50.0,75.0,,2419
155809,W,,-83.988044,40.672239999999995,DIGITIZED,ALLEN,AUGLAIZE,1949-06-29,71.0,957.7000122070312,LIMESTONE,,,15.0,41.0,70,30678
155811,W,,-83.980577,40.810154999999995,DIGITIZED,ALLEN,JACKSON,1949-03-05,60.0,890.2000122070312,LIMESTONE,,,23.0,40.0,58,38982
155818,W,,-84.30814099999999,40.832803999999996,DIGITIZED,ALLEN,MARION,1929-08-05,126.0,778.7000122070312,LIMESTONE,,,,,31,9902017
155819,W,,-83.970062,40.831553,DIGITIZED,ALLEN,RICHLAND,1948-09-14,100.0,861.5999755859375,LIMESTONE,,,18.0,41.0,95,38971
157697,W,DOMESTIC,-83.95841999999999,40.74597,GEOCODE,ALLEN,JACKSON,1996-12-30,75.0,936.7999877929688,LIMESTONE,ROTARY,20.0,26.0,40.0,40,851168
157698,W,DOMESTIC,-84.29227,40.830639999999995,GEOCODE,ALLEN,MARION,1996-10-18,80.0,772.5,LIMESTONE,ROTARY,4.0,11.0,26.0,16,843066
157815,W,DOMESTIC,-83.92296999999999,40.760979999999996,GEOCODE,ALLEN,JACKSON,1998-06-25,77.0,944.4000244140625,LIMESTONE,ROTARY,20.0,34.0,57.0,57,866886
157863,W,DOMESTIC,-83.95233999999999,40.65175,GEOCODE,ALLEN,AUGLAIZE,1998-06-09,44.0,1037.9000244140625,GRAVEL,CABLE TOOL,20.0,20.0,44.0,,859494
157879,W,DOMESTIC,-84.23329,40.84323,GEOCODE,ALLEN,MARION,1998-05-11,62.0,772.0,LIMESTONE,ROTARY,2.0,10.0,27.0,24,867923
157880,W,DOMESTIC,-84.08957,40.68222,GEOCODE,ALLEN,PERRY,1998-02-28,103.0,917.7999877929688,SAND & GRAVEL,CABLE TOOL,15.0,80.0,103.0,,826144
157881,W,MONITOR,-84.11341,40.72199,GEOCODE,ALLEN,SHAWNEE,1998-09-12,25.0,864.0999755859375,SILT,AUGER,,,15.0,,852942
157910,W,DOMESTIC,-84.21029,40.69601,GEOCODE,ALLEN,SHAWNEE,1997-04-23,100.0,875.0999755859375,LIMESTONE,CABLE TOOL,6.0,55.0,80.0,80,839992
157960,W,DOMESTIC,-84.03204,40.799549999999996,GEOCODE,ALLEN,BATH,1997-12-12,10.0,874.0,GRAVEL & CLAY,CABLE TOOL,8.0,,,,826137
157974,W,DOMESTIC,-84.07052,40.708439999999996,GEOCODE,ALLEN,PERRY,1997-10-01,73.0,915.2000122070312,GRAVEL,CABLE TOOL,15.0,40.0,73.0,,859463
158022,W,DOMESTIC,-84.22372999999999,40.771159999999995,GEOCODE,ALLEN,AMANDA,1998-02-11,29.0,804.2999877929688,SAND & GRAVEL,CABLE TOOL,15.0,15.0,,,855215
158032,W,DOMESTIC,-83.90992,40.87946,GEOCODE,ALLEN,RICHLAND,1998-10-22,183.0,844.2999877929688,LIMESTONE,,10.0,80.0,,80,881967
158040,W,DOMESTIC,-84.26111999999999,40.69093,GEOCODE,ALLEN,AMANDA,1999-04-09,215.0,821.2999877929688,LIMESTONE,ROTARY,10.0,40.0,40.0,37,889227
158115,W,DOMESTIC,-83.919,40.87343,GEOCODE,ALLEN,RICHLAND,2000-02-21,188.0,842.0,LIMESTONE,,15.0,80.0,,102,910666
158116,W,DOMESTIC,-84.00119,40.66018,GEOCODE,ALLEN,PERRY,1999-10-08,45.0,945.5,LIMESTONE,ROTARY,10.0,10.0,31.0,31,901873
158117,W,DOMESTIC,-83.92558,40.87016,GEOCODE,ALLEN,RICHLAND,1999-11-08,240.0,846.2000122070312,LIMESTONE,ROTARY,25.0,50.0,26.0,26,901893
158156,W,DOMESTIC,-84.23697,40.69012,GEOCODE,ALLEN,AMANDA,1999-07-27,128.0,866.5999755859375,LIMESTONE,ROTARY,20.0,42.0,64.0,64,884302
158186,W,DOMESTIC,-83.99292,40.74556,GEOCODE,ALLEN,JACKSON,2000-05-26,70.0,932.0,LIMESTONE,ROTARY,20.0,27.0,50.0,50,914485
158448,W,,-83.96721,40.77688,GEOCODE,ALLEN,JACKSON,2001-02-14,50.0,909.5,LIMESTONE,ROTARY,25.0,17.0,26.0,20,922111
158637,W,DOMESTIC,-84.18686,40.72772,GEOCODE,ALLEN,AMERICAN,2001-09-12,188.0,832.0,LIMESTONE,ROTARY,15.0,40.0,50.0,47,935880
158959,W,DOMESTIC,-84.05653,40.77466,GEOCODE,ALLEN,BATH,2002-03-01,105.0,888.7999877929688,LIMESTONE,CABLE TOOL,1.0,38.0,475.0,100,892909
159131,W,DOMESTIC,-84.31564999999999,40.802800000000005,GEOCODE,ALLEN,MARION,1993-05-12,54.0,787.7999877929688,LIMESTONE,CABLE TOOL,9.0,12.0,27.0,27,763584
159164,W,DOMESTIC,-84.12239,40.67237,GEOCODE,ALLEN,SHAWNEE,1996-04-01,93.0,903.2000122070312,LIMESTONE,CABLE TOOL,7.0,46.0,66.0,64,818019
159171,W,DOMESTIC,-84.20933,40.6914,GEOCODE,ALLEN,SHAWNEE,1994-07-14,77.0,857.5,GRAVEL,CABLE TOOL,15.0,55.0,77.0,,786347
159181,W,DOMESTIC,-84.07970999999999,40.65542,GEOCODE,ALLEN,PERRY,2002-02-14,113.0,931.7000122070312,LIMESTONE & SHALE,CABLE TOOL,8.0,50.0,110.0,112,932607
159218,W,DOMESTIC,-84.31031999999999,40.83562,GEOCODE,ALLEN,MARION,2002-09-02,73.0,776.5999755859375,LIMESTONE,CABLE TOOL,7.0,29.0,25.0,23,936669
159219,W,DOMESTIC,-83.95832,40.68123,GEOCODE,ALLEN,AUGLAIZE,1990-05-28,60.0,973.0,LIMESTONE,ROTARY,15.0,23.0,54.0,51,715005
159295,W,DOMESTIC,-83.96226999999999,40.86235,GEOCODE,ALLEN,RICHLAND,1993-08-24,36.0,839.7999877929688,LIMESTONE,ROTARY,15.0,22.0,24.0,23,783142
159313,W,DOMESTIC,-84.23365,40.817800000000005,GEOCODE,ALLEN,MARION,2002-11-06,42.0,786.7000122070312,LIMESTONE,ROTARY,20.0,14.0,26.0,16,947811
159324,W,DOMESTIC,-84.137649,40.690111,DIGITIZED,ALLEN,SHAWNEE,1953-06-25,108.0,867.0999755859375,GRAVEL,,15.0,25.0,108.0,,100640
159325,W,DOMESTIC,-84.147562,40.692561,DIGITIZED,ALLEN,SHAWNEE,1953-11-04,44.0,855.5999755859375,GRAVEL,,,,43.0,,72870
159335,W,DOMESTIC,-84.169788,40.708855,DIGITIZED,ALLEN,SHAWNEE,1954-05-23,58.0,869.5,GRAVEL,,6.0,46.0,58.0,,35448
159372,W,DOMESTIC,-84.174706,40.774881,DIGITIZED,ALLEN,AMERICAN,1952-12-01,97.0,816.9000244140625,LIMESTONE,,2.0,15.0,34.0,34,85170
159388,W,DOMESTIC,-84.106115,40.800162,DIGITIZED,ALLEN,BATH,1955-10-21,43.0,811.0999755859375,LIMESTONE,,,31.0,19.0,17,139085
159392,W,DOMESTIC,-83.985711,40.789521,DIGITIZED,ALLEN,JACKSON,1954-01-30,94.0,923.0,LIMESTONE,,,45.0,58.0,92,120451
159407,W,DOMESTIC,-83.950603,40.757732999999995,DIGITIZED,ALLEN,JACKSON,1955-04-04,64.0,937.2999877929688,LIMESTONE,,20.0,25.0,29.0,29,156808
159426,W,DOMESTIC,-83.959689,40.786026,DIGITIZED,ALLEN,JACKSON,1957-10-23,60.0,916.0,LIMESTONE,,18.0,25.0,35.0,35,192881
159430,W,DOMESTIC,-83.994463,40.783674999999995,DIGITIZED,ALLEN,BATH,1958-05-23,92.0,932.5999755859375,LIMESTONE,,,50.0,66.0,90,210055
159431,W,DOMESTIC,-84.085495,40.792297,DIGITIZED,ALLEN,BATH,1959-06-04,64.0,849.0999755859375,LIMESTONE,,,38.0,51.0,44,210072
159438,W,DOMESTIC,-84.15099,40.66665,GEOCODE,ALLEN,SHAWNEE,2003-01-21,130.0,861.0,SHALE,CABLE TOOL,20.0,25.0,128.0,129,947300
159455,W,DOMESTIC,-84.149987,40.684042,DIGITIZED,ALLEN,SHAWNEE,1958-10-06,38.0,861.2999877929688,GRAVEL,,12.0,14.0,38.0,,224058
159474,W,DOMESTIC,-84.03475999999999,40.807089999999995,GEOCODE,ALLEN,BATH,2002-09-01,32.0,857.7999877929688,SAND & CLAY,CABLE TOOL,20.0,8.0,30.0,29,940810
159475,W,DOMESTIC,-84.01214999999999,40.745529999999995,GEOCODE,ALLEN,BATH,2002-09-01,36.0,925.2000122070312,SAND & CLAY,CABLE TOOL,15.0,24.0,26.0,35,940808
159480,W,DOMESTIC,-84.202576,40.698057999999996,DIGITIZED,ALLEN,SHAWNEE,1957-10-22,79.0,878.5,GRAVEL,,15.0,47.2,79.0,,199775
159481,W,DOMESTIC,-84.137348,40.672591,DIGITIZED,ALLEN,SHAWNEE,1955-06-26,69.0,880.2000122070312,GRAVEL,,9.0,35.0,69.0,,141824
159635,W,DOMESTIC,-83.98383299999999,40.650416,,ALLEN,AUGLAIZE,2003-05-20,82.0,1018.0,LIMESTONE,ROTARY,15.0,28.0,40.0,80,963268
159645,W,DOMESTIC,-84.128394,40.776044999999996,DIGITIZED,ALLEN,AMERICAN,1955-04-16,53.0,838.2000122070312,LIMESTONE,,,27.0,32.0,32,139012
159654,W,DOMESTIC,-84.137649,40.690111,DIGITIZED,ALLEN,SHAWNEE,1954-08-19,241.0,867.0999755859375,GRAVEL,,9.0,35.0,241.0,,112944
159943,W,DOMESTIC,-84.07283,40.81606,GLOBAL POSITIONING SYSTEM,ALLEN,BATH,2004-07-16,62.0,837.7999877929688,LIMESTONE,ROTARY,15.0,10.0,43.0,60,981397
160039,W,MONITOR,-84.33487,40.83143,GEOCODE,ALLEN,SHAWNEE,2003-08-26,12.0,777.2000122070312,GRAVEL,AUGER,,,6.0,,964840
160052,W,DOMESTIC,-84.07039,40.69028,GLOBAL POSITIONING SYSTEM,ALLEN,PERRY,2004-10-22,77.0,948.2000122070312,GRAVEL & SAND,ROTARY,30.0,42.0,76.0,,987733
160097,W,DOMESTIC,-84.23846999999999,40.71161,GEOCODE,ALLEN,AMANDA,2003-10-21,48.0,839.4000244140625,SHALE,,20.0,30.0,46.0,46,967456
160104,W,DOMESTIC,-84.32050000000001,40.830166,,ALLEN,MARION,2003-11-12,75.0,782.9000244140625,LIMESTONE,ROTARY,4.0,20.0,,72,972090
160138,W,DOMESTIC,-84.25766999999999,40.81133,GLOBAL POSITIONING SYSTEM,ALLEN,MARION,2004-01-13,72.0,788.0999755859375,LIMESTONE,ROTARY,20.0,10.0,28.0,71,972022
160242,W,DOMESTIC,-84.23433,40.696169999999995,GLOBAL POSITIONING SYSTEM,ALLEN,AMANDA,2004-09-08,74.0,860.0999755859375,LIMESTONE,ROTARY,5.0,40.0,64.0,59,980875
160280,W,DOMESTIC,-83.89273,40.834649999999996,GEOCODE,ALLEN,RICHLAND,2004-10-25,57.0,890.2999877929688,LIMESTONE,CABLE TOOL,20.0,27.0,47.0,45,968438
160301,W,DOMESTIC,-83.98316,40.70101,GEOCODE,ALLEN,AUGLAIZE,2004-04-21,85.0,968.2999877929688,SHALE & LIMESTONE,,15.0,50.0,80.0,80,967475
160386,W,DOMESTIC,-84.13528,40.803889999999996,GLOBAL POSITIONING SYSTEM,ALLEN,SUGAR CREEK,2005-06-20,73.0,818.0999755859375,,ROTARY,20.0,9.0,31.0,65,971542
160591,W,DOMESTIC,-84.01213,40.76401,GLOBAL POSITIONING SYSTEM,ALLEN,BATH,2005-08-05,28.0,891.0999755859375,LIMESTONE,CABLE TOOL,8.0,12.0,26.0,26,997908
160802,W,DOMESTIC,-83.94230999999999,40.74867,GLOBAL POSITIONING SYSTEM,ALLEN,JACKSON,2005-11-28,75.0,955.0999755859375,LIMESTONE,ROTARY,30.0,17.0,43.0,73,990640
160807,W,DOMESTIC,-84.04870000000001,40.84677,GLOBAL POSITIONING SYSTEM,ALLEN,MONROE,2005-04-01,29.0,817.0999755859375,LIMESTONE,CABLE TOOL,12.0,12.0,28.0,28,960944
160827,W,DOMESTIC,-83.985362,40.761229,DIGITIZED,ALLEN,JACKSON,1953-04-14,58.0,918.7000122070312,LIMESTONE,,20.0,28.0,25.0,25,100627
160836,W,DOMESTIC,-83.912938,40.732578,DIGITIZED,ALLEN,JACKSON,1953-07-06,76.0,999.0999755859375,LIMESTONE,,20.0,22.0,51.0,51,100642
160837,W,DOMESTIC,-84.050491,40.788734999999996,DIGITIZED,ALLEN,BATH,1955-03-09,57.0,867.4000244140625,LIMESTONE,,15.0,20.0,40.0,40,156804
160894,W,DOMESTIC,-84.14981499999999,40.693498,DIGITIZED,ALLEN,SHAWNEE,1955-07-17,153.0,859.0999755859375,GRAVEL,,9.0,28.0,153.0,,141828
160937,W,DOMESTIC,-84.30939099999999,40.765358,DIGITIZED,ALLEN,AMANDA,1959-08-28,80.0,803.4000244140625,LIMESTONE,,,12.0,24.0,21,205620
160947,W,DOMESTIC,-84.13449299999999,40.760067,DIGITIZED,ALLEN,AMERICAN,1953-02-09,148.0,844.0,LIMESTONE,,10.0,80.0,132.0,132,85183
160948,W,DOMESTIC,-84.084345,40.665611999999996,DIGITIZED,ALLEN,PERRY,1960-05-17,105.0,956.2999877929688,SAND & GRAVEL,,10.0,50.0,105.0,,197544
161025,W,DOMESTIC,-83.96667,40.71833,GLOBAL POSITIONING SYSTEM,ALLEN,AUGLAIZE,2005-11-21,80.0,995.2000122070312,SHALE,CABLE TOOL,15.0,50.0,78.0,79,997862
161090,W,,-84.33658899999999,40.706821999999995,DIGITIZED,ALLEN,AMANDA,1950-08-14,94.0,834.0999755859375,LIMESTONE,,,40.0,,70,56458
161468,W,DOMESTIC,-84.09355599999999,40.761792,DIGITIZED,ALLEN,BATH,1963-11-06,103.0,875.5,LIMESTONE,,10.0,82.0,52.0,51,298564
161469,W,DOMESTIC,-83.909643,40.879269,DIGITIZED,ALLEN,RICHLAND,1954-08-25,57.0,843.7999877929688,LIMESTONE,,20.0,40.0,30.0,30,123540
161470,W,DOMESTIC,-84.203417,40.697616,DIGITIZED,ALLEN,SHAWNEE,1958-10-13,72.0,878.5,GRAVEL,,20.0,38.0,72.0,,187899
161528,W,DOMESTIC,-84.223767,40.733506,DIGITIZED,ALLEN,AMANDA,1956-07-05,29.0,824.4000244140625,GRAVEL,,,,29.0,,184657
161529,W,,-84.137528,40.714858,DIGITIZED,ALLEN,SHAWNEE,1965-05-11,383.0,831.7000122070312,SHALE,,700.0,126.0,124.0,22,9902006
161542,W,DOMESTIC,-84.251616,40.710598,DIGITIZED,ALLEN,AMANDA,1954-11-12,40.0,823.5,GRAVEL,,,,40.0,,121428
161559,W,DOMESTIC,-84.164616,40.777764999999995,DIGITIZED,ALLEN,AMERICAN,1961-09-08,109.0,816.0,GRAVEL,,15.0,,109.0,,222291
161934,W,DOMESTIC,-83.972183,40.717600000000004,,ALLEN,AUGLAIZE,2007-09-19,113.0,991.7000122070312,GRAVEL,ROTARY,12.0,55.0,113.0,,1007177
162108,W,DOMESTIC,-84.266667,40.688055999999996,GLOBAL POSITIONING SYSTEM,ALLEN,AMANDA,2007-08-31,83.0,810.2000122070312,GRAVEL & LIMESTONE,AIR ROTARY,10.0,40.0,59.0,63,2012410
162307,W,DOMESTIC,-84.008889,40.683333,GLOBAL POSITIONING SYSTEM,ALLEN,PERRY,2007-02-01,123.0,925.2999877929688,LIMESTONE,AIR ROTARY,6.0,40.0,103.0,104,2008086
162603,W,DOMESTIC,-83.9525,40.683889,,ALLEN,AUGLAIZE,2006-09-29,46.0,973.0,,CABLE TOOL,15.0,10.0,26.0,45,997894
162604,W,DOMESTIC,-84.187778,40.688333,,ALLEN,SHAWNEE,2006-09-14,53.0,844.7000122070312,,CABLE TOOL,15.0,15.0,48.0,52,997893
163073,W,DOMESTIC,-84.020567,40.763366999999995,,ALLEN,BATH,2009-08-24,140.0,894.9000244140625,LIMESTONE,ROTARY,6.0,28.0,37.0,37,1007290
163080,W,DOMESTIC,-84.32000000000001,40.82,GLOBAL POSITIONING SYSTEM,ALLEN,MARION,2009-08-17,183.0,782.0999755859375,LIMESTONE,AIR ROTARY,20.0,40.0,26.5,18,2025615
163148,W,DOMESTIC,-83.91,40.860833,GLOBAL POSITIONING SYSTEM,ALLEN,RICHLAND,2009-10-02,60.0,855.0,LIMESTONE,AIR ROTARY,3.0,20.0,32.0,29,2024641
163212,W,DOMESTIC,-84.31694399999999,40.762778,GLOBAL POSITIONING SYSTEM,ALLEN,AMANDA,2009-03-03,134.0,804.7999877929688,LIMESTONE,AIR ROTARY,4.0,30.0,35.0,31,2021343
163252,W,DOMESTIC,-84.296667,40.698611,GLOBAL POSITIONING SYSTEM,ALLEN,AMANDA,2008-10-21,143.0,840.2999877929688,LIMESTONE,AIR ROTARY,30.0,55.0,60.0,54,2020350
163272,W,MONITOR,-84.15683299999999,40.737066999999996,GLOBAL POSITIONING SYSTEM,ALLEN,AMERICAN,2008-10-02,15.0,842.0999755859375,CLAY,AUGER,,6.0,2.0,,2019729
163278,W,MONITOR,-84.09004999999999,40.737783,GLOBAL POSITIONING SYSTEM,ALLEN,BATH,2007-11-09,17.0,873.2000122070312,CLAY,AUGER,,,6.5,,2014281
163374,W,DOMESTIC,-84.23083299999999,40.693332999999996,,ALLEN,AMANDA,2007-07-19,65.0,864.5,SHALE,CABLE TOOL,15.0,40.0,64.0,64,1005855
163504,W,DOMESTIC,-83.99434,40.78866,GEOCODE,ALLEN,AUGLAIZE,1995-08-29,90.0,920.2000122070312,SAND & GRAVEL,ROTARY,20.0,64.0,88.0,,821840
163505,W,DOMESTIC,-84.31273,40.779289999999996,GEOCODE,ALLEN,MARION,1993-10-22,148.0,798.4000244140625,LIMESTONE,ROTARY,10.0,32.0,32.0,32,769294
163652,W,DOMESTIC,-84.27533299999999,40.8395,GLOBAL POSITIONING SYSTEM,ALLEN,MARION,2010-06-22,203.0,769.5,LIMESTONE,AIR ROTARY,9.0,60.0,27.0,21,2028336
163697,W,DOMESTIC,-84.0346,40.807033,,ALLEN,BATH,2010-08-10,42.0,857.2999877929688,LIMESTONE,CABLE TOOL,12.0,17.0,39.0,39,1013034
163916,W,DOMESTIC,-84.157217,40.815317,,ALLEN,SUGAR CREEK,2011-06-06,50.0,798.2999877929688,LIMESTONE,ROTARY,15.0,8.0,26.0,18,1014588
164138,W,DOMESTIC,-83.986667,40.751667,GLOBAL POSITIONING SYSTEM,ALLEN,JACKSON,2014-11-12,48.0,925.0999755859375,SHALE & LIMESTONE,CABLE TOOL,20.0,32.0,42.0,42,1018040
164160,W,DOMESTIC,-84.27533299999999,40.6875,GLOBAL POSITIONING SYSTEM,ALLEN,AMANDA,2013-10-25,203.0,846.9000244140625,LIMESTONE,AIR ROTARY,12.0,50.0,65.0,59,2045374
164265,W,MONITOR,-84.076667,40.730833,GLOBAL POSITIONING SYSTEM,ALLEN,PERRY,2015-09-02,16.0,881.7999877929688,CLAY,GEOPROBE,,,,,2053671
164285,W,DOMESTIC,-83.881483,40.803667,GLOBAL POSITIONING SYSTEM,ALLEN,JACKSON,2014-07-07,90.0,945.5,LIMESTONE,REVERSE ROTARY,20.0,30.0,48.0,88,1017848
164459,W,DOMESTIC,-83.91971199999999,40.709102,GLOBAL POSITIONING SYSTEM,ALLEN,AUGLAIZE,2015-12-03,60.0,,LIMESTONE,ROTARY,,15.0,58.0,58,1018688
164460,W,DOMESTIC,-83.9567,40.8104,GLOBAL POSITIONING SYSTEM,ALLEN,JACKSON,2015-11-30,55.0,,LIMESTONE,ROTARY,20.0,20.0,44.0,44,1019048
164479,W,DOMESTIC,-84.22335,40.703582999999995,GLOBAL POSITIONING SYSTEM,ALLEN,SHAWNEE,2015-02-04,75.0,856.5999755859375,LIMESTONE,ROTARY,10.0,34.0,58.0,72,1017863
164480,W,DOMESTIC,-84.261157,40.71853,GLOBAL POSITIONING SYSTEM,ALLEN,AMANDA,2015-09-24,145.0,835.7000122070312,LIMESTONE,AIR ROTARY,25.0,37.0,48.0,40,2054363
164492,W,DOMESTIC,-84.018333,40.846944,GLOBAL POSITIONING SYSTEM,ALLEN,MONROE,2014-10-13,38.0,824.5,LIMESTONE,AIR ROTARY,15.0,18.0,27.0,28,2049923
164526,W,MONITOR,-84.04015,40.788759999999996,GLOBAL POSITIONING SYSTEM,ALLEN,BATH,2017-04-10,12.0,,SILT,GEOPROBE,,4.0,2.0,,2061920
164531,W,DOMESTIC,-83.961179,40.760405999999996,GLOBAL POSITIONING SYSTEM,ALLEN,JACKSON,2014-11-02,80.0,936.5999755859375,LIMESTONE,ROTARY,25.0,32.0,27.0,77,1017859
164685,W,DOMESTIC,-84.04990000000001,40.801317,GLOBAL POSITIONING SYSTEM,ALLEN,BATH,2016-11-23,88.0,,LIMESTONE,ROTARY,25.0,15.0,71.0,71,1019642
164728,W,MONITOR,-84.108556,40.798167,GLOBAL POSITIONING SYSTEM,ALLEN,BATH,2016-12-29,12.0,,SAND,GEOPROBE,,3.0,2.0,,2060782
164784,W,DOMESTIC,-84.282533,40.75725,GLOBAL POSITIONING SYSTEM,ALLEN,AMANDA,2017-08-07,70.0,,LIMESTONE,ROTARY,10.0,18.0,26.0,23,1020180
164858,W,DOMESTIC,-84.18683,40.742463,DIGITIZED,ALLEN,AMERICAN,1961-06-14,80.0,826.2000122070312,LIMESTONE,,20.0,22.0,35.0,33,258466
164869,W,DOMESTIC,-84.153403,40.773637,DIGITIZED,ALLEN,AMERICAN,1962-10-24,104.0,829.9000244140625,LIMESTONE,,8.0,,66.0,66,240589
164904,W,,-84.14146,40.685469999999995,GEOCODE,ALLEN,SHAWNEE,1977-04-08,50.0,862.5,SAND & GRAVEL,,20.0,40.0,46.0,,510099
164918,W,DOMESTIC,-83.916389,40.886666999999996,GLOBAL POSITIONING SYSTEM,ALLEN,RICHLAND,2020-01-31,118.5,,LIMESTONE,ROTARY/AIRHAMR,20.0,85.0,44.0,,2077939
165015,W,DOMESTIC,-84.09651,40.67892,GLOBAL POSITIONING SYSTEM,ALLEN,PERRY,2020-02-19,163.0,,SAND & GRAVEL,ROTARY,18.0,41.0,160.0,,2078221
165303,W,,-84.050797,40.717743,DIGITIZED,ALLEN,PERRY,1950-09-05,73.0,928.0,LIMESTONE,,20.0,40.0,50.0,50,69648
165368,W,,-84.18485299999999,40.777035999999995,DIGITIZED,ALLEN,AMERICAN,1957-03-16,54.0,814.5999755859375,LIMESTONE,,,28.0,,28,199757
165375,W,DOMESTIC,-84.06013999999999,40.861214,,ALLEN,MONROE,1987-08-07,42.0,797.7999877929688,LIMESTONE,,7.0,15.0,25.0,22,665265
165376,W,DOMESTIC,-84.108745,40.701502999999995,DIGITIZED,ALLEN,SHAWNEE,1965-01-19,155.0,883.7000122070312,LIMESTONE,,9.0,43.0,44.0,42,319429
165412,W,DOMESTIC,-83.99316499999999,40.737815,DIGITAL MAP,ALLEN,JACKSON,2018-11-08,58.0,,LIMESTONE,ROTARY,30.0,19.0,40.0,,1021059
165431,W,DOMESTIC,-83.93520000000001,40.854067,GLOBAL POSITIONING SYSTEM,ALLEN,RICHLAND,2019-01-18,52.0,,LIMESTONE,MUD/AIR ROTARY,12.0,27.0,42.0,,2071896
165554,W,DOMESTIC,-84.18900000000001,40.686833,GLOBAL POSITIONING SYSTEM,ALLEN,SHAWNEE,2020-01-20,75.0,,LIMESTONE,MUD/AIR ROTARY,12.0,17.0,63.0,,2077845
165665,W,DOMESTIC,-83.916454,40.886815999999996,DIGITIZED,ALLEN,RICHLAND,1959-08-27,104.0,852.5,LIMESTONE,,7.0,45.0,40.0,100,244954
165666,W,DOMESTIC,-83.914164,40.892441,DIGITIZED,ALLEN,RICHLAND,1962-06-18,89.0,841.0,LIMESTONE,,,37.0,41.0,86,260681
165670,W,DOMESTIC,-84.164637,40.751058,DIGITIZED,ALLEN,AMERICAN,1952-09-02,197.0,823.5999755859375,GRAVEL,,7.0,60.0,197.0,,85157
165671,W,DOMESTIC,-84.034722,40.731412999999996,DIGITIZED,ALLEN,BATH,1967-08-22,51.0,922.7999877929688,LIMESTONE,,20.0,26.0,25.0,24,357534
165672,W,DOMESTIC,-84.019363,40.789366,DIGITIZED,ALLEN,BATH,1962-07-18,46.0,881.2000122070312,GRAVEL,,10.0,15.0,46.0,,281601
165673,W,DOMESTIC,-83.91412,40.7757,GEOCODE,ALLEN,JACKSON,1995-10-02,65.0,942.0999755859375,LIMESTONE,ROTARY,25.0,26.0,30.0,27,822000
165674,W,DOMESTIC,-84.175355,40.697336,DIGITIZED,ALLEN,SHAWNEE,1962-09-10,80.0,858.4000244140625,SANDSTONE,,15.0,26.0,77.0,30,274622
165675,W,DOMESTIC,-84.175355,40.697336,DIGITIZED,ALLEN,SHAWNEE,1962-04-26,75.0,858.4000244140625,GRAVEL,,6.0,22.0,75.0,,264487
165676,W,DOMESTIC,-84.169788,40.708855,DIGITIZED,ALLEN,SHAWNEE,1965-08-28,255.0,869.5,LIMESTONE,,150.0,70.0,144.0,142,311381
165677,W,DOMESTIC,-84.169788,40.708855,DIGITIZED,ALLEN,SHAWNEE,1954-07-27,155.0,869.5,LIMESTONE,,6.0,48.0,130.0,130,35450
165678,W,DOMESTIC,-83.91002999999999,40.878924,DIGITIZED,ALLEN,RICHLAND,1954-08-27,79.0,843.2000122070312,LIMESTONE,,15.0,45.0,29.0,29,123541
165679,W,PUBLIC/SEMI-PUB,-84.1653,40.693439999999995,GEOCODE,ALLEN,SHAWNEE,1984-07-26,200.0,846.4000244140625,LIMESTONE,,275.0,20.0,91.0,85,650770
165681,W,DOMESTIC,-83.9214,40.71711,GEOCODE,ALLEN,AUGLAIZE,1992-07-06,160.0,1016.0999755859375,LIMESTONE,ROTARY,8.0,65.0,75.0,72,755145
165682,W,DOMESTIC,-83.92980999999999,40.7171,GEOCODE,ALLEN,AUGLAIZE,1989-04-01,120.0,1025.5999755859375,LIMESTONE,ROTARY,15.0,53.0,100.0,97,696682
165683,W,DOMESTIC,-84.03960000000001,40.80674,GEOCODE,ALLEN,BATH,1995-12-01,54.0,854.7000122070312,LIMESTONE,CABLE TOOL,6.0,,44.0,42,818012
165684,W,DOMESTIC,-84.173333,40.6948,DIGITIZED,ALLEN,SHAWNEE,1955-09-18,114.0,856.2000122070312,LIMESTONE,,9.0,18.0,97.0,97,141833
165687,W,DOMESTIC,-84.2924,40.765209999999996,GEOCODE,ALLEN,AMANDA,1994-07-23,35.0,800.4000244140625,GRAVEL,CABLE TOOL,5.0,20.0,35.0,,786348
165688,W,DOMESTIC,-83.97500000000001,40.74784,GEOCODE,ALLEN,JACKSON,1994-04-06,50.0,929.2000122070312,LIMESTONE,ROTARY,20.0,13.0,32.0,29,786583
165689,W,DOMESTIC,-84.15626999999999,40.790839999999996,GEOCODE,ALLEN,AMERICAN,1991-04-06,98.0,811.0,SAND & GRAVEL,CABLE TOOL,,36.0,98.0,,723780
165692,W,PUBLIC/SEMI-PUB,-84.18543,40.84327,GLOBAL POSITIONING SYSTEM,ALLEN,SUGAR CREEK,1985-09-21,145.0,785.4000244140625,LIMESTONE,,15.0,26.0,27.0,24,651905
165696,W,DOMESTIC,-84.2393,40.803098999999996,DIGITIZED,ALLEN,MARION,1956-06-08,47.0,793.2000122070312,LIMESTONE,,12.0,13.0,,12,159566
165697,W,DOMESTIC,-83.937208,40.800881,DIGITIZED,ALLEN,JACKSON,1956-11-09,62.0,919.7000122070312,LIMESTONE,,,21.0,49.0,60,161673
165698,W,DOMESTIC,-84.02435899999999,40.791339,DIGITIZED,ALLEN,BATH,1963-08-27,59.0,880.0,GRAVEL,,12.0,13.0,59.0,,302353
165699,W,DOMESTIC,-84.10808999999999,40.700179999999996,GEOCODE,ALLEN,PERRY,1961-01-16,51.0,884.2999877929688,SAND & GRAVEL,,8.0,30.0,51.0,,250920
165702,W,DOMESTIC,-84.03751,40.780429999999996,GEOCODE,ALLEN,BATH,1995-08-10,63.0,883.5999755859375,LIMESTONE,ROTARY,15.0,11.0,36.0,32,821971
165703,W,DOMESTIC,-84.056995,40.716609999999996,DIGITIZED,ALLEN,PERRY,1954-04-18,75.0,920.9000244140625,LIMESTONE,,20.0,50.0,56.0,56,123518
165704,W,DOMESTIC,-84.087785,40.71541,DIGITIZED,ALLEN,PERRY,1956-04-14,62.0,886.5,LIMESTONE,,18.0,16.0,,35,120084
165705,W,DOMESTIC,-84.091942,40.711462,DIGITIZED,ALLEN,PERRY,1956-12-06,40.0,888.2999877929688,GRAVEL,,15.0,20.0,40.0,,170865
165706,W,DOMESTIC,-84.01417,40.789269999999995,GEOCODE,ALLEN,BATH,1984-08-21,62.0,887.7999877929688,LIMESTONE,,20.0,30.0,44.0,44,649664
165708,W,DOMESTIC,-84.38813999999999,40.74858,GEOCODE,ALLEN,SPENCER,1992-05-11,47.0,808.5999755859375,SAND & GRAVEL,,15.0,11.0,,,745792
165710,W,DOMESTIC,-84.15166099999999,40.77198,DIGITIZED,ALLEN,AMERICAN,1964-03-01,72.0,825.7000122070312,LIMESTONE,,10.0,40.0,48.0,70,279873
165712,W,DOMESTIC,-84.106269,40.705307,DIGITIZED,ALLEN,PERRY,1956-10-17,89.0,890.5,LIMESTONE,,2.0,20.0,58.0,58,160016
165713,W,DOMESTIC,-83.93923,40.65653,,ALLEN,AUGLAIZE,1992-02-07,100.0,1032.4000244140625,LIMESTONE,ROTARY,30.0,34.0,64.0,90,746752
165714,W,DOMESTIC,-84.17948,40.75438,GEOCODE,ALLEN,AMERICAN,1967-04-09,75.0,827.7999877929688,LIMESTONE,,5.0,31.0,35.0,34,357512
165715,W,DOMESTIC,-83.9083,40.76372,GEOCODE,ALLEN,JACKSON,1994-12-24,42.0,948.0999755859375,LIMESTONE,ROTARY,25.0,16.0,29.0,26,804477
165716,W,DOMESTIC,-83.93745,40.772569999999995,,ALLEN,JACKSON,1993-07-20,60.0,927.7999877929688,LIMESTONE,ROTARY,10.0,24.0,27.0,25,776126
165717,W,DOMESTIC,-84.129796,40.691127,DIGITIZED,ALLEN,SHAWNEE,1956-10-08,93.0,881.0,GRAVEL,,10.0,47.0,87.0,82,145259
165719,W,DOMESTIC,-84.07521,40.68749,,ALLEN,PERRY,1990-09-13,70.0,945.0999755859375,GRAVEL,CABLE TOOL,15.0,55.0,70.0,,704898
165720,W,DOMESTIC,-84.04226,40.6876,,ALLEN,PERRY,1995-09-28,150.0,958.5,LIMESTONE,ROTARY,30.0,45.0,135.0,132,828305
165721,W,DOMESTIC,-84.07034,40.68166,GEOCODE,ALLEN,PERRY,1985-08-30,255.0,967.5,SAND & GRAVEL,,10.0,80.0,255.0,,649695
165722,W,,-84.070075,40.774792,DIGITIZED,ALLEN,BATH,1957-07-18,82.0,884.5999755859375,LIMESTONE,,20.0,46.0,55.0,55,192865
165723,W,DOMESTIC,-84.070123,40.776047999999996,DIGITIZED,ALLEN,BATH,1956-08-06,101.0,884.0999755859375,LIMESTONE,,12.0,43.0,55.0,53,161213
165724,W,DOMESTIC,-84.028043,40.788775,DIGITIZED,ALLEN,BATH,1965-06-13,74.0,876.7999877929688,LIMESTONE,,20.0,11.0,40.0,40,319441
165725,W,DOMESTIC,-84.31969,40.844809999999995,GEOCODE,ALLEN,MARION,1994-11-08,185.0,773.5,LIMESTONE,ROTARY,4.0,30.0,26.0,26,796700
165726,W,DOMESTIC,-84.25828,40.81651,GEOCODE,ALLEN,MARION,1991-08-02,42.0,785.2000122070312,LIMESTONE,ROTARY,6.0,11.0,25.0,25,736616
165727,W,DOMESTIC,-83.999409,39.728347,,ALLEN,SHAWNEE,1955-04-15,128.0,843.0,SAND & GRAVEL,,6.0,27.0,128.0,,127370
165728,W,DOMESTIC,-84.17884,40.68943,GEOCODE,ALLEN,SHAWNEE,1991-01-10,110.0,846.7999877929688,LIMESTONE,ROTARY,10.0,40.0,65.0,62,725291
165730,W,DOMESTIC,-84.223393,40.783681,DIGITIZED,ALLEN,AMERICAN,1964-12-11,108.0,803.2999877929688,LIMESTONE,,9.0,22.0,33.0,30,317267
165731,W,DOMESTIC,-84.16313699999999,40.736534999999996,DIGITIZED,ALLEN,AMERICAN,1957-02-11,185.0,843.7999877929688,LIMESTONE,,,,174.0,175,145264
165736,W,DOMESTIC,-84.033822,40.698127,DIGITIZED,ALLEN,PERRY,1954-11-02,203.0,972.2000122070312,LIMESTONE,,8.0,65.0,117.0,117,141805
165737,W,DOMESTIC,-84.282917,40.849351,DIGITIZED,ALLEN,MARION,1965-04-10,142.0,764.2999877929688,LIMESTONE,,15.0,10.0,25.0,22,317279
165738,W,DOMESTIC,-83.91099299999999,40.760309,DIGITIZED,ALLEN,JACKSON,1961-01-05,58.0,947.2999877929688,LIMESTONE,,,19.0,39.0,26,260657
165739,W,DOMESTIC,-83.968209,40.777725,DIGITIZED,ALLEN,JACKSON,1960-06-24,65.0,915.2000122070312,LIMESTONE,,10.0,30.0,33.0,31,145269
165740,W,DOMESTIC,-83.923346,40.711560999999996,DIGITIZED,ALLEN,AUGLAIZE,1959-01-18,85.0,996.2999877929688,LIMESTONE,,,25.0,63.0,63,210901
165743,W,DOMESTIC,-84.16582,40.708369999999995,GEOCODE,ALLEN,SHAWNEE,1984-12-20,178.0,855.5,GRAVEL,,10.0,68.0,178.0,,651485
165744,W,DOMESTIC,-84.137243,40.693948999999996,DIGITIZED,ALLEN,SHAWNEE,1953-05-01,31.0,859.5999755859375,GRAVEL,,7.0,6.0,31.0,,120120
165745,W,DOMESTIC,-84.21113,40.691939999999995,GEOCODE,ALLEN,SHAWNEE,1986-11-19,93.0,857.9000244140625,LIMESTONE,ROTARY,15.0,57.0,74.0,74,664077
165748,W,DOMESTIC,-84.115765,40.775200999999996,DIGITIZED,ALLEN,AMERICAN,1955-08-01,109.0,845.2999877929688,LIMESTONE,,,109.0,68.0,50,66475
165749,W,DOMESTIC,-84.04910000000001,40.747659999999996,GEOCODE,ALLEN,BATH,1991-08-03,90.0,892.0,LIMESTONE,ROTARY,15.0,34.0,29.0,25,737477
165750,W,DOMESTIC,-84.17755,40.77614,,ALLEN,AMERICAN,1986-03-01,61.0,815.0999755859375,LIMESTONE,,6.0,25.0,34.0,30,651921
165751,W,DOMESTIC,-84.16499,40.77014,GEOCODE,ALLEN,AMERICAN,1996-06-24,242.0,813.5,LIMESTONE,ROTARY,20.0,65.0,174.0,169,837155
165752,W,DOMESTIC,-84.21025999999999,40.75904,GEOCODE,ALLEN,AMERICAN,1989-09-11,82.0,807.7999877929688,OLD WELL,ROTARY,15.0,18.0,,,700267
165753,W,DOMESTIC,-83.96955,40.83425,GEOCODE,ALLEN,RICHLAND,1990-08-05,40.0,857.7999877929688,LIMESTONE,ROTARY,15.0,4.0,27.0,24,715038
165757,W,DOMESTIC,-83.95164,40.77374,GEOCODE,ALLEN,JACKSON,1995-04-12,48.0,910.9000244140625,LIMESTONE,CABLE TOOL,15.0,20.0,32.0,32,800638
165758,W,DOMESTIC,-83.95165999999999,40.77973,GEOCODE,ALLEN,JACKSON,1996-04-01,37.0,909.4000244140625,GRAVEL,CABLE TOOL,25.0,,36.0,,818017
165759,W,COMMERCIAL,-84.04431,40.730869999999996,GEOCODE,ALLEN,PERRY,1985-03-21,80.0,907.4000244140625,LIMESTONE,,20.0,55.0,42.0,42,649679
165760,W,DOMESTIC,-84.040341,40.78932,DIGITIZED,ALLEN,BATH,1961-05-29,69.0,880.0999755859375,LIMESTONE,,13.0,27.0,50.0,50,245594
165761,W,DOMESTIC,-84.18690000000001,40.72907,,ALLEN,AMERICAN,1986-10-30,125.0,834.9000244140625,LIMESTONE,,10.0,43.0,50.0,47,636289
165762,W,DOMESTIC,-84.13284999999999,40.68351,GEOCODE,ALLEN,SHAWNEE,1992-05-29,98.0,875.2000122070312,GRAVEL,CABLE TOOL,20.0,60.0,98.0,,746141
165765,W,DOMESTIC,-84.13687999999999,40.673988,DIGITIZED,ALLEN,SHAWNEE,1954-08-19,57.0,877.2999877929688,GRAVEL,,13.0,35.0,57.0,,112945
165766,W,DOMESTIC,-84.13687999999999,40.673988,DIGITIZED,ALLEN,SHAWNEE,1955-02-21,55.0,877.2999877929688,GRAVEL,,9.0,34.0,55.0,,141810
165767,W,DOMESTIC,-84.13687999999999,40.673988,DIGITIZED,ALLEN,SHAWNEE,1951-07-25,96.0,877.2999877929688,GRAVEL,,20.0,34.0,96.0,,139850
165768,W,DOMESTIC,-83.90656,40.89233,GEOCODE,ALLEN,RICHLAND,1989-03-07,170.0,837.2999877929688,LIMESTONE,ROTARY,6.0,50.0,36.0,33,705135
165777,W,DOMESTIC,-84.085274,40.831179999999996,DIGITIZED,ALLEN,MONROE,1965-10-23,100.0,813.2999877929688,LIMESTONE,,2.0,20.0,28.0,28,347026
165778,W,DOMESTIC,-83.975382,40.825739,DIGITIZED,ALLEN,RICHLAND,1964-06-16,54.0,870.4000244140625,LIMESTONE,,20.0,10.0,30.0,30,302391
165779,W,DOMESTIC,-84.108477,40.801694,DIGITIZED,ALLEN,BATH,1956-03-05,55.0,817.7999877929688,LIMESTONE,,20.0,16.0,26.0,26,173406
165783,W,DOMESTIC,-83.96114,40.67113,GEOCODE,ALLEN,AUGLAIZE,1986-04-09,53.0,979.2000122070312,LIMESTONE,CABLE TOOL,10.0,20.0,45.0,45,654557
165784,W,DOMESTIC,-83.973601,40.832099,DIGITIZED,ALLEN,RICHLAND,1958-10-23,59.0,867.2000122070312,LIMESTONE,,6.0,27.0,36.0,36,185740
165785,W,DOMESTIC,-84.135965,40.779027,DIGITIZED,ALLEN,AMERICAN,1960-03-25,80.0,834.0,LIMESTONE,,,45.0,33.0,32,235038
165786,W,MONITOR,-84.14699,40.76383,,ALLEN,AMERICAN,1991-04-03,20.0,842.5,SAND,AUGER,,,8.0,,728598
165787,W,DOMESTIC,-84.15146,40.685508999999996,DIGITIZED,ALLEN,SHAWNEE,1955-04-15,172.0,859.0,GRAVEL,,8.0,34.0,172.0,,141814
165788,W,DOMESTIC,-84.15160999999999,40.70821,GEOCODE,ALLEN,SHAWNEE,1977-03-26,75.0,833.4000244140625,GRAVEL,,15.0,55.0,75.0,,511878
165796,W,DOMESTIC,-84.06528,40.882529999999996,GEOCODE,ALLEN,MONROE,1994-07-14,27.0,791.0,LIMESTONE,ROTARY,25.0,10.0,27.0,22,796492
165797,W,DOMESTIC,-83.91812999999999,40.65969,GEOCODE,ALLEN,AUGLAIZE,1993-08-21,103.0,1032.800048828125,LIMESTONE,ROTARY,10.0,25.0,80.0,75,776135
165798,W,DOMESTIC,-84.15456999999999,40.78115,,ALLEN,AMERICAN,1993-12-03,233.0,817.2000122070312,LIMESTONE,ROTARY,10.0,55.0,220.0,220,784862
165799,W,DOMESTIC,-84.15878599999999,40.694269,DIGITIZED,ALLEN,SHAWNEE,1962-05-18,46.0,841.2000122070312,GRAVEL,,8.0,24.0,46.0,,264491
165808,W,DOMESTIC,-84.20398999999999,40.68794,GEOCODE,ALLEN,SHAWNEE,1996-03-25,45.0,864.0,GRAVEL,CABLE TOOL,10.0,8.0,45.0,,820004
165812,W,DOMESTIC,-84.137649,40.690111,DIGITIZED,ALLEN,SHAWNEE,1956-10-07,113.0,867.0999755859375,SAND,,,,113.0,,170261
165813,W,DOMESTIC,-84.136077,40.672104999999995,DIGITIZED,ALLEN,SHAWNEE,1955-06-26,83.0,882.2999877929688,GRAVEL,,13.0,35.0,83.0,,141825
165817,W,DOMESTIC,-84.03822,40.80694,GEOCODE,ALLEN,BATH,1994-12-05,50.0,853.0,LIMESTONE,CABLE TOOL,7.0,27.0,,46,791809
165818,W,DOMESTIC,-84.07182999999999,40.803349999999995,GEOCODE,ALLEN,BATH,1993-02-16,68.0,844.7999877929688,LIMESTONE,CABLE TOOL,9.0,31.0,50.0,65,761031
165819,W,INDUSTRIAL,-84.10005799999999,40.748565,DIGITIZED,ALLEN,BATH,1959-06-27,166.0,882.2999877929688,LIMESTONE,,55.0,130.0,60.0,140,208709
165821,W,DOMESTIC,-84.16484,40.6955,GEOCODE,ALLEN,SHAWNEE,1974-02-04,70.0,848.0999755859375,SAND & GRAVEL,,20.0,25.0,,,476011
165824,W,,-84.082987,40.714937,DIGITIZED,ALLEN,PERRY,1961-12-21,57.0,897.0,GRAVEL,,15.0,30.0,57.0,,208739
165825,W,DOMESTIC,-84.165724,40.762768,DIGITIZED,ALLEN,AMERICAN,1962-10-11,176.0,817.0,GRAVEL,,20.0,40.0,176.0,,250945
170626,W,,-84.1098,40.787714,DIGITIZED,ALLEN,AMERICAN,1949-02-01,74.0,837.4000244140625,LIMESTONE,,,35.0,36.0,72,30666
170635,W,,-84.11432099999999,40.770934,DIGITIZED,ALLEN,AMERICAN,1950-07-31,83.0,848.2999877929688,LIMESTONE,,20.0,51.0,66.0,66,69641
170740,W,,-83.995041,40.770013999999996,DIGITIZED,ALLEN,BATH,1947-10-16,50.0,885.7999877929688,LIMESTONE,,,12.0,15.0,15,2423
170741,W,,-84.044428,40.75879,DIGITIZED,ALLEN,BATH,1947-10-13,56.0,876.2999877929688,LIMESTONE,,,14.0,30.0,30,2421
170746,W,,-84.31469299999999,40.834002,DIGITIZED,ALLEN,MARION,1929-09-11,163.0,777.5,LIMESTONE,,,,,22,9902016
170748,W,,-84.021631,40.694492,DIGITIZED,ALLEN,PERRY,1947-11-26,86.0,969.0,GRAVEL,,20.0,60.0,86.0,,26352
170749,W,,-83.97481499999999,40.877992,DIGITIZED,ALLEN,RICHLAND,1948-11-04,85.0,821.7000122070312,LIMESTONE,,,,21.0,38,33108
170750,W,,-84.110266,40.71533,DIGITIZED,ALLEN,SHAWNEE,1945-01-23,400.0,895.7999877929688,LIMESTONE,,350.0,170.0,,52,9902029
170751,W,,-84.152997,40.722361,DIGITIZED,ALLEN,SHAWNEE,1947-11-18,148.0,851.2000122070312,GRAVEL,,24.0,63.0,148.0,,23421
170761,W,,-84.20677599999999,40.671051,DIGITIZED,ALLEN,SHAWNEE,1950-02-27,52.0,833.2000122070312,GRAVEL,,20.0,20.0,52.0,,69627
172079,W,DOMESTIC,-84.34845,40.77954,GEOCODE,ALLEN,SPENCER,1997-03-24,142.0,801.7000122070312,LIMESTONE,ROTARY,8.0,40.0,31.0,29,852563
172625,W,DOMESTIC,-84.18957999999999,40.80216,GEOCODE,ALLEN,SUGAR CREEK,1992-01-07,57.0,799.0,GRAVEL,ROTARY,15.0,10.0,57.0,,851171
172772,W,DOMESTIC,-84.22323,40.72465,GEOCODE,ALLEN,AMERICAN,1998-01-26,35.0,832.0,GRAVEL,CABLE TOOL,15.0,15.0,35.0,,859478
172785,W,DOMESTIC,-84.30991999999999,40.834900000000005,GEOCODE,ALLEN,MARION,1998-07-24,40.0,778.0,LIMESTONE,ROTARY,5.0,12.0,26.0,26,866890
172808,W,DOMESTIC,-84.02723,40.771409999999996,GEOCODE,ALLEN,BATH,1997-07-01,61.0,899.0999755859375,LIMESTONE,CABLE TOOL,8.0,,42.0,40,846772
172811,W,DOMESTIC,-84.22200000000001,40.70223,GEOCODE,ALLEN,AMANDA,1997-10-22,131.0,857.5999755859375,LIMESTONE,ROTARY,10.0,36.0,57.0,54,867876
172812,W,DOMESTIC,-83.95709,40.81172,GEOCODE,ALLEN,JACKSON,1997-09-04,45.0,892.2000122070312,LIMESTONE,ROTARY,10.0,16.0,37.0,34,852650
172934,W,DOMESTIC,-83.97091999999999,40.78727,,ALLEN,JACKSON,1998-10-30,90.0,920.5999755859375,LIMESTONE,ROTARY,15.0,37.0,51.0,51,884262
172944,W,DOMESTIC,-84.24364,40.68896,GEOCODE,ALLEN,AMANDA,1998-04-29,58.0,859.5999755859375,SAND & CLAY,CABLE TOOL,15.0,35.0,58.0,55,859489
173024,W,DOMESTIC,-84.27736999999999,40.7002,GEOCODE,ALLEN,AMANDA,1999-10-11,102.0,831.7999877929688,LIMESTONE,ROTARY,15.0,48.0,44.0,41,902365
173025,W,DOMESTIC,-84.27228,40.859559999999995,GEOCODE,ALLEN,MARION,1999-10-27,66.0,762.5,LIMESTONE,ROTARY,10.0,20.0,26.0,22,906301
173026,W,DOMESTIC,-83.93226,40.86241,GEOCODE,ALLEN,RICHLAND,1999-10-13,116.0,855.4000244140625,LIMESTONE,ROTARY,12.0,56.0,29.0,24,902366
173151,W,DOMESTIC,-84.18163,40.84424,,ALLEN,SUGAR CREEK,1999-09-30,78.0,780.7999877929688,LIMESTONE,ROTARY,3.0,20.0,26.0,24,897762
173343,W,DOMESTIC,-84.24261,40.77203,GEOCODE,ALLEN,AMANDA,2001-07-20,45.0,798.2000122070312,LIMESTONE,CABLE TOOL,3.0,14.0,30.0,30,921665
173382,W,DOMESTIC,-84.23262,40.70803,GEOCODE,ALLEN,AMANDA,2001-03-22,46.0,840.2999877929688,CLAY & BOULDERS,CABLE TOOL,20.0,23.0,45.0,,916234
173441,W,DOMESTIC,-83.97538,40.749089999999995,GEOCODE,ALLEN,JACKSON,2001-01-15,60.0,928.5,LIMESTONE,ROTARY,40.0,16.0,33.0,33,922118
173452,W,DOMESTIC,-84.309167,40.834722,,ALLEN,MARION,2000-11-03,247.0,778.7999877929688,LIMESTONE,ROTARY,25.0,120.0,29.0,24,927025
173566,W,DOMESTIC,-84.28080899999999,40.686698,DIGITAL MAP,ALLEN,AMANDA,2001-08-13,72.0,,LIMESTONE,CABLE TOOL,4.0,40.0,60.0,60,921668
173672,W,DOMESTIC,-83.92828,40.76101,GEOCODE,ALLEN,JACKSON,2001-10-19,52.0,923.0,LIMESTONE,ROTARY,15.0,28.0,31.0,27,935887
173783,W,DOMESTIC,-84.2612,40.697669999999995,GEOCODE,ALLEN,AMANDA,2001-09-24,62.0,833.9000244140625,LIMESTONE,ROTARY,6.0,40.0,46.0,41,935883
173924,W,DOMESTIC,-83.95172,40.83992,GEOCODE,ALLEN,RICHLAND,2002-02-27,46.0,864.0999755859375,LIMESTONE,CABLE TOOL,20.0,20.0,40.0,38,938506
173973,W,MONITOR,-84.10468999999999,40.75047,GEOCODE,ALLEN,BATH,2002-02-06,25.0,890.7000122070312,ASPHALT,AUGER,,,,,942212
174053,W,DOMESTIC,-83.99023,40.8181,GEOCODE,ALLEN,RICHLAND,2002-03-13,30.0,858.5,LIMESTONE,ROTARY,10.0,14.0,26.0,18,941110
174137,W,DOMESTIC,-84.31980999999999,40.82738,GEOCODE,ALLEN,MARION,1994-10-20,103.0,782.9000244140625,LIMESTONE,ROTARY,10.0,60.0,31.0,31,790469
174146,W,DOMESTIC,-84.27011999999999,40.70024,GEOCODE,ALLEN,AMANDA,2002-04-12,32.0,815.0,LIMESTONE,CABLE TOOL,7.0,16.0,20.0,29,936664
174160,W,DOMESTIC,-83.93535,40.86089,GEOCODE,ALLEN,RICHLAND,2002-08-21,173.0,856.0,LIMESTONE,ROTARY,12.0,68.0,39.0,33,949925
174291,W,DOMESTIC,-83.90384999999999,40.73216,GEOCODE,ALLEN,AUGLAIZE,2002-04-17,83.0,1003.4000244140625,LIMESTONE,ROTARY,20.0,45.0,64.0,82,940559
174297,W,DOMESTIC,-83.95326999999999,40.846289999999996,GEOCODE,ALLEN,RICHLAND,1985-12-07,115.0,849.2000122070312,LIMESTONE,,60.0,14.0,29.0,25,651910
174302,W,DOMESTIC,-84.147562,40.692561,DIGITIZED,ALLEN,SHAWNEE,1963-10-22,125.0,855.5999755859375,SAND & GRAVEL,,12.0,29.0,125.0,,291136
174337,W,DOMESTIC,-84.050963,40.722096,DIGITIZED,ALLEN,PERRY,1954-09-20,66.0,924.7999877929688,LIMESTONE,,,53.0,53.0,53,62119
174360,W,DOMESTIC,-84.137649,40.690111,DIGITIZED,ALLEN,SHAWNEE,1954-01-15,165.0,867.0999755859375,GRAVEL,,20.0,42.0,165.0,,115274
174382,W,DOMESTIC,-84.03938,40.779289999999996,GEOCODE,ALLEN,BATH,1992-08-05,40.0,886.2999877929688,GRAVEL,CABLE TOOL,15.0,25.0,40.0,,758651
174409,W,DOMESTIC,-84.25704999999999,40.76047,GEOCODE,ALLEN,AMANDA,2002-10-18,32.0,802.9000244140625,SHALE,CABLE TOOL,10.0,12.0,30.0,31,947287
174412,W,DOMESTIC,-83.99895699999999,40.764654,DIGITIZED,ALLEN,BATH,1958-06-23,65.0,913.7000122070312,LIMESTONE,,20.0,30.0,36.0,36,192896
174419,W,PUBLIC/SEMI-PUB,-83.899057,40.746545999999995,DIGITIZED,ALLEN,JACKSON,1959-06-10,52.0,971.2000122070312,LIMESTONE,,,23.0,29.0,28,210073
174440,W,DOMESTIC,-84.17107,40.79244,,ALLEN,AMERICAN,2002-10-14,152.0,803.0,SHALE,CABLE TOOL,15.0,25.0,148.0,46,947286
174452,W,DOMESTIC,-83.88009,40.75447,GEOCODE,ALLEN,JACKSON,2002-09-01,47.0,970.5999755859375,LIMESTONE,CABLE TOOL,12.0,18.0,34.0,32,940807
174475,W,DOMESTIC,-84.02435899999999,40.791339,DIGITIZED,ALLEN,BATH,1961-11-08,43.0,880.0,GRAVEL,,10.0,13.0,43.0,,264474
174523,W,DOMESTIC,-84.22281,40.71815,GEOCODE,ALLEN,SHAWNEE,2003-04-25,75.0,835.9000244140625,SHALE,CABLE TOOL,15.0,55.0,73.0,74,947308
174553,W,,-84.012225,40.722635,DIGITIZED,ALLEN,PERRY,1950-04-22,90.0,941.7999877929688,LIMESTONE,,20.0,25.0,60.0,60,69631
174591,W,,-83.98576899999999,40.750240999999995,DIGITIZED,ALLEN,JACKSON,1951-05-07,54.0,918.0,LIMESTONE,,20.0,10.0,11.0,11,83413
174625,W,DOMESTIC,-84.061797,40.716649,DIGITIZED,ALLEN,PERRY,1956-12-20,108.0,920.4000244140625,LIMESTONE,,,32.0,63.0,63,169618
174628,W,DOMESTIC,-84.03276,40.788900999999996,DIGITIZED,ALLEN,BATH,1965-08-24,81.0,878.9000244140625,LIMESTONE,,20.0,23.0,46.0,45,342004
174649,W,DOMESTIC,-84.134439,40.690667999999995,DIGITIZED,ALLEN,SHAWNEE,1959-02-09,46.0,868.4000244140625,GRAVEL,,7.0,34.0,46.0,,220161
174677,W,DOMESTIC,-83.95716999999999,40.71233,GLOBAL POSITIONING SYSTEM,ALLEN,AUGLAIZE,2003-07-16,103.0,993.4000244140625,LIMESTONE,ROTARY,10.0,30.0,79.0,72,965500
174760,W,MONITOR,-84.33487,40.83143,GEOCODE,ALLEN,MARION,2003-03-11,27.0,777.2000122070312,LIMESTONE,ROTARY,,,17.0,17,951344
174772,W,DOMESTIC,-83.98946,40.652249999999995,GLOBAL POSITIONING SYSTEM,ALLEN,AUGLAIZE,2003-07-08,60.0,1002.5,LIMESTONE,ROTARY,1.0,16.0,49.0,45,965114
174918,W,DOMESTIC,-83.97075,40.65517,GLOBAL POSITIONING SYSTEM,ALLEN,AUGLAIZE,2004-04-07,75.0,1027.5999755859375,LIMESTONE,ROTARY,20.0,38.0,60.0,73,963192
174935,W,DOMESTIC,-83.96607999999999,40.77303,GLOBAL POSITIONING SYSTEM,ALLEN,JACKSON,2004-08-26,70.0,916.0,LIMESTONE,ROTARY,30.0,26.0,32.0,32,981333
175084,W,DOMESTIC,-84.10191999999999,40.81718,,ALLEN,BATH,2004-02-12,36.0,820.7000122070312,SHALE,,20.0,20.0,34.0,34,967469
175090,W,DOMESTIC,-84.14551999999999,40.801559999999995,GEOCODE,ALLEN,AMERICAN,2003-11-20,122.0,804.7000122070312,LIMESTONE,ROTARY,12.0,12.0,,116,972088
175179,W,DOMESTIC,-84.00133,40.840669999999996,GLOBAL POSITIONING SYSTEM,ALLEN,MONROE,2004-07-07,57.0,852.5,LIMESTONE,ROTARY,8.0,20.0,34.0,54,980842
175193,W,DOMESTIC,-83.90930499999999,40.802693999999995,,ALLEN,JACKSON,2004-08-02,67.0,933.7999877929688,LIMESTONE,ROTARY,30.0,30.0,45.0,65,981324
175322,W,DOMESTIC,-84.08444,40.665549999999996,GLOBAL POSITIONING SYSTEM,ALLEN,PERRY,2004-09-04,110.0,957.2999877929688,SHALE,CABLE TOOL,15.0,80.0,108.0,108,978602
175391,W,DOMESTIC,-84.24667,40.728609999999996,GLOBAL POSITIONING SYSTEM,ALLEN,AMANDA,2005-07-22,40.0,826.7999877929688,SHALE,CABLE TOOL,20.0,28.0,36.0,39,978637
175392,W,DOMESTIC,-83.91859,40.839749999999995,GEOCODE,ALLEN,RICHLAND,2005-07-19,62.0,879.0,,ROTARY,20.0,20.0,37.0,58,995041
175393,W,DOMESTIC,-84.13681,40.66417,GLOBAL POSITIONING SYSTEM,ALLEN,SHAWNEE,2005-05-12,80.0,892.5,SHALE,CABLE TOOL,15.0,50.0,77.0,79,978628
175448,W,DOMESTIC,-83.99972199999999,40.699444,GLOBAL POSITIONING SYSTEM,ALLEN,PERRY,2004-11-16,88.0,991.5,SAND,CABLE TOOL,15.0,65.0,86.0,86,978610
175612,W,DOMESTIC,-83.889111,40.731860999999995,GLOBAL POSITIONING SYSTEM,ALLEN,AUGLAIZE,2005-05-07,80.0,1007.9000244140625,,ROTARY,15.0,35.0,60.0,60,981352
175613,W,DOMESTIC,-84.217972,40.694027,GLOBAL POSITIONING SYSTEM,ALLEN,SHAWNEE,2005-05-26,130.0,875.2999877929688,LIMESTONE,ROTARY,10.0,52.0,80.0,80,981353
175640,W,DOMESTIC,-84.25625,40.759100000000004,GLOBAL POSITIONING SYSTEM,ALLEN,AMANDA,2005-10-01,38.0,806.9000244140625,GRAVEL,CABLE TOOL,12.0,11.0,36.0,36,962759
175668,W,DOMESTIC,-84.31765999999999,40.737159999999996,GLOBAL POSITIONING SYSTEM,ALLEN,AMANDA,2005-11-21,146.0,814.7000122070312,LIMESTONE,ROTARY,30.0,25.0,50.0,46,994972
175842,W,DOMESTIC,-84.309874,40.843084,DIGITIZED,ALLEN,MARION,1962-06-01,48.0,772.9000244140625,LIMESTONE,,14.0,9.0,24.0,24,264495
175845,W,DOMESTIC,-84.08875499999999,40.830441,DIGITIZED,ALLEN,MONROE,1955-03-11,50.0,812.7999877929688,LIMESTONE,,5.0,,27.0,27,153256
175861,W,DOMESTIC,-84.100537,40.708757999999996,DIGITIZED,ALLEN,PERRY,1960-10-25,100.0,884.7999877929688,LIMESTONE,,6.0,16.0,46.0,46,160040
175891,W,DOMESTIC,-84.146796,40.759357,DIGITIZED,ALLEN,AMERICAN,1960-08-18,82.0,839.5999755859375,GRAVEL,,20.0,24.0,82.0,,245576
175904,W,DOMESTIC,-84.164637,40.751058,DIGITIZED,ALLEN,AMERICAN,1958-06-14,215.0,823.5999755859375,LIMESTONE,,11.0,62.0,193.0,193,192091
175960,W,DOMESTIC,-84.228403,40.815006,DIGITIZED,ALLEN,MARION,1953-11-13,55.0,787.4000244140625,LIMESTONE,,14.0,12.0,16.0,16,112925
175967,W,MONITOR,-84.10482999999999,40.73282,GLOBAL POSITIONING SYSTEM,ALLEN,BATH,2006-03-28,15.0,851.0,CLAY,AUGER,,0.0,5.0,14,2002146
176074,W,PUBLIC/SEMI-PUB,-84.32802,40.842552999999995,DIGITIZED,ALLEN,MARION,1959-02-09,65.0,773.5,LIMESTONE,,5.0,18.0,20.0,20,220160
176075,W,DOMESTIC,-84.134439,40.690667999999995,DIGITIZED,ALLEN,SHAWNEE,1961-06-12,216.0,868.4000244140625,GRAVEL,,9.0,34.0,217.0,,264452
176146,W,,-84.183936,40.713080999999995,DIGITIZED,ALLEN,SHAWNEE,1950-11-15,78.0,866.5,GRAVEL,,20.0,49.0,78.0,,83404
176195,W,DOMESTIC,-84.10983999999999,40.693754999999996,DIGITIZED,ALLEN,SHAWNEE,1963-02-20,25.0,888.0999755859375,SAND & GRAVEL,,10.0,8.0,25.0,,291107
176241,W,,-84.09553199999999,40.655803999999996,DIGITIZED,ALLEN,PERRY,1948-03-26,124.0,958.5999755859375,SAND,,,60.0,124.0,,35406
176242,W,,-84.110237,40.715351999999996,DIGITIZED,ALLEN,SHAWNEE,1941-06-23,245.0,896.0,LIMESTONE,,,140.0,,47,9902024
176466,W,,-84.152046,40.690073999999996,DIGITIZED,ALLEN,SHAWNEE,1950-08-22,133.0,853.4000244140625,GRAVEL,,,32.0,133.0,64,30779
176509,W,DOMESTIC,-84.137649,40.690111,DIGITIZED,ALLEN,SHAWNEE,1954-08-25,246.0,867.0999755859375,LIMESTONE,,14.0,23.0,210.0,199,139802
176545,W,DOMESTIC,-84.201703,40.698904,DIGITIZED,ALLEN,SHAWNEE,1958-07-01,65.0,876.7000122070312,GRAVEL,,8.0,40.0,65.0,,201632
176546,W,DOMESTIC,-84.222645,40.725463999999995,DIGITIZED,ALLEN,SHAWNEE,1957-09-14,41.0,832.2999877929688,GRAVEL,,,,41.0,,184676
176587,W,DOMESTIC,-84.0963,40.811949999999996,GLOBAL POSITIONING SYSTEM,ALLEN,BATH,2006-07-06,160.0,828.2999877929688,LIMESTONE,ROTARY,12.0,32.0,40.0,32,2003801
176933,W,DOMESTIC,-83.949933,40.756633,,ALLEN,JACKSON,2006-07-08,85.0,940.5,LIMESTONE,ROTARY,15.0,32.0,32.0,32,1007179
177082,W,DOMESTIC,-83.966667,40.784721999999995,GLOBAL POSITIONING SYSTEM,ALLEN,JACKSON,2007-07-27,54.0,912.2000122070312,GRAVEL,AIR ROTARY,14.0,40.0,47.0,53,2011656
177112,W,DOMESTIC,-83.93811,40.86502,GEOCODE,ALLEN,RICHLAND,2007-08-16,62.0,840.7000122070312,LIMESTONE,ROTARY,30.0,24.0,30.0,30,1007162
177227,W,DOMESTIC,-84.09875,40.81747,GLOBAL POSITIONING SYSTEM,ALLEN,BATH,2007-05-17,56.0,814.2999877929688,GRAVEL & LIMESTONE,AIR ROTARY,10.0,13.0,26.0,28,2010147
177904,W,DOMESTIC,-84.12222,40.6725,,ALLEN,SHAWNEE,2008-11-29,72.0,903.9000244140625,SHALE,CABLE TOOL,20.0,50.0,70.0,71,1011855
177905,W,DOMESTIC,-84.13768,40.85432,,ALLEN,SUGAR CREEK,2009-10-16,80.0,782.0999755859375,LIMESTONE,ROTARY,4.0,16.0,40.0,40,1013392
177919,W,DOMESTIC,-84.09994999999999,40.8339,,ALLEN,MONROE,2008-12-30,80.0,809.7999877929688,,ROTARY,20.0,22.0,29.0,29,1007261
177966,W,DOMESTIC,-84.228056,40.777778,GLOBAL POSITIONING SYSTEM,ALLEN,MARION,2009-08-12,76.0,801.9000244140625,LIMESTONE,AIR ROTARY,2.0,20.0,27.0,21,2023798
177967,W,DOMESTIC,-84.323611,40.826667,GLOBAL POSITIONING SYSTEM,ALLEN,MARION,2009-08-17,183.0,781.0,LIMESTONE,AIR ROTARY,20.0,40.0,26.5,18,2023802
178121,W,DOMESTIC,-83.98566699999999,40.732400000000005,,ALLEN,JACKSON,2008-08-20,102.0,939.2000122070312,LIMESTONE,ROTARY,20.0,18.0,55.0,55,1007233
178137,W,MONITOR,-84.108533,40.79785,GLOBAL POSITIONING SYSTEM,ALLEN,BATH,2008-07-18,15.0,829.2000122070312,GRAVEL,AUGER,,4.0,3.0,,2017765
178158,W,MONITOR,-83.966933,40.832811,GLOBAL POSITIONING SYSTEM,ALLEN,RICHLAND,2010-01-18,20.0,865.9000244140625,SAND,AUGER,,14.700000000000001,10.0,,2025890
178214,W,DOMESTIC,-84.000556,40.765556,,ALLEN,BATH,2008-06-09,55.0,911.2999877929688,LIMESTONE,CABLE TOOL,10.0,35.0,,54,1005876
178510,W,DOMESTIC,-84.03240000000001,40.801700000000004,GEOCODE,ALLEN,BATH,1997-09-02,33.0,867.0,SAND & GRAVEL,CABLE TOOL,10.0,15.0,33.0,,826163
178555,W,MONITOR,-83.9671,40.83269,GLOBAL POSITIONING SYSTEM,ALLEN,RICHLAND,2010-11-24,22.0,865.9000244140625,CLAY/SAND/SILT,AUGER,,17.0,12.0,,2030361
178568,W,DOMESTIC,-84.02583299999999,40.703056,,ALLEN,PERRY,2010-12-23,118.0,969.9000244140625,SHALE,CABLE TOOL,12.0,65.0,116.0,117,1013490
178614,W,DOMESTIC,-84.27300000000001,40.705000000000005,GLOBAL POSITIONING SYSTEM,ALLEN,AMANDA,2011-08-10,35.0,802.9000244140625,GRAVEL & LIMESTONE,AIR ROTARY,30.0,14.0,33.0,,2033899
178733,W,DOMESTIC,-84.002017,40.87115,,ALLEN,MONROE,2011-04-13,40.0,823.9000244140625,,ROTARY,20.0,18.0,36.0,36,1014596
178749,W,DOMESTIC,-84.32638899999999,40.735278,,ALLEN,AMANDA,2012-04-30,35.0,805.7999877929688,SHALE,CABLE TOOL,10.0,18.0,33.0,33,1015431
178773,W,DOMESTIC,-84.08765,40.664017,GLOBAL POSITIONING SYSTEM,ALLEN,PERRY,2012-06-11,115.0,953.5,GRAVEL,ROTARY,12.0,20.0,115.0,,1014546
178784,W,MONITOR,-84.156667,40.737483,GLOBAL POSITIONING SYSTEM,ALLEN,AMERICAN,2010-05-12,14.0,841.0999755859375,SILT,AUGER,,6.0,2.0,,2027170
178794,W,DOMESTIC,-83.997633,40.77295,GLOBAL POSITIONING SYSTEM,ALLEN,BATH,2010-09-01,85.0,901.4000244140625,LIMESTONE,ROTARY,20.0,22.0,35.0,35,2029168
179065,W,MONITOR,-84.142871,40.707521,GLOBAL POSITIONING SYSTEM,ALLEN,SHAWNEE,2013-08-06,160.0,836.0999755859375,LIMESTONE,ROTOSONIC,2.0,25.0,62.0,25,2043954
179181,W,HTG/COOLING,-84.03,40.730000000000004,GLOBAL POSITIONING SYSTEM,ALLEN,BATH,2013-12-19,400.0,929.0,LIMESTONE,AIR ROTARY,150.0,66.0,33.0,31,2046152
179255,W,DOMESTIC,-83.99745999999999,40.65193,GLOBAL POSITIONING SYSTEM,ALLEN,PERRY,2014-11-28,51.0,966.4000244140625,SAND & GRAVEL,ROTARY,15.0,16.4,47.0,,2050223
179390,W,DOMESTIC,-84.340779,40.707209999999996,GLOBAL POSITIONING SYSTEM,ALLEN,SPENCER,2016-06-29,38.0,,LIMESTONE,AIR ROTARY,20.0,6.0,38.0,35,2057712
179408,W,DOMESTIC,-84.204133,40.725,GLOBAL POSITIONING SYSTEM,ALLEN,SHAWNEE,2016-04-19,80.0,,LIMESTONE,ROTARY,30.0,22.0,40.0,40,1019031
179436,W,DOMESTIC,-84.195818,40.722833,GLOBAL POSITIONING SYSTEM,ALLEN,SHAWNEE,2015-11-24,115.0,,LIMESTONE,AIR ROTARY,20.0,40.0,54.0,49,2055009
179522,W,DOMESTIC,-83.903606,40.847952,GLOBAL POSITIONING SYSTEM,ALLEN,RICHLAND,2014-11-17,70.0,876.7999877929688,LIMESTONE,ROTARY,30.0,23.0,36.0,36,1017855
179560,W,DOMESTIC,-83.99583299999999,40.7209,GLOBAL POSITIONING SYSTEM,ALLEN,PERRY,2015-07-10,97.0,966.0999755859375,,ROTARY,25.0,38.0,76.0,76,1018671
179667,W,DOMESTIC,-84.309263,40.767443,GLOBAL POSITIONING SYSTEM,ALLEN,AMANDA,2017-04-25,120.0,,LIMESTONE,AIR ROTARY,60.0,20.0,29.0,24,2062167
179761,W,DOMESTIC,-84.32631599999999,40.700016,GLOBAL POSITIONING SYSTEM,ALLEN,SPENCER,2017-08-03,78.0,,LIMESTONE,ROTARY,20.0,21.0,68.0,68,1020182
180034,W,DOMESTIC,-84.28393299999999,40.686032999999995,GLOBAL POSITIONING SYSTEM,ALLEN,AMANDA,2020-02-24,77.0,,LIMESTONE,MUD/AIR ROTARY,15.0,43.0,65.0,,2078321
180100,W,DOMESTIC,-83.943516,40.751883,GLOBAL POSITIONING SYSTEM,ALLEN,JACKSON,2017-08-25,77.0,,LIMESTONE,ROTARY,,40.0,43.0,43,1020278
180180,W,DOMESTIC,-84.26194199999999,40.741386999999996,DIGITAL MAP,ALLEN,AMANDA,2018-08-03,47.0,,LIMESTONE,AIR ROTARY,20.0,21.0,47.0,,1021026
180185,W,DOMESTIC,-84.233583,40.752216,GLOBAL POSITIONING SYSTEM,ALLEN,AMANDA,2017-09-04,34.0,,LIMESTONE,ROTARY,15.0,19.0,34.0,30,1020283
180434,W,DOMESTIC,-83.960566,40.767582999999995,GLOBAL POSITIONING SYSTEM,ALLEN,JACKSON,2017-10-31,79.0,,LIMESTONE,ROTARY,30.0,37.0,40.0,38,1020297
180485,W,DOMESTIC,-83.92893,40.81211,GEOCODE,ALLEN,JACKSON,1998-09-08,75.0,910.2000122070312,LIMESTONE,ROTARY,30.0,18.0,47.0,47,866908
180568,W,DOMESTIC,-84.283883,40.6935,GLOBAL POSITIONING SYSTEM,ALLEN,AMANDA,2020-02-21,90.0,,LIMESTONE,MUD/AIR ROTARY,12.0,46.0,61.0,,2078319
180604,W,DOMESTIC,-84.13686,40.66043,GEOCODE,ALLEN,SHAWNEE,1986-12-05,60.0,898.7999877929688,GRAVEL,CABLE TOOL,20.0,40.0,60.0,,654584
180605,W,MONITOR,-84.09700000000001,40.75179,GEOCODE,ALLEN,BATH,1993-03-02,15.0,863.7999877929688,GRAVEL,AUGER,,,,,9931033
180606,W,DOMESTIC,-84.236285,40.711914,DIGITIZED,ALLEN,AMANDA,1962-08-17,41.0,837.9000244140625,SAND,,15.0,21.0,41.0,,274618
180607,W,DOMESTIC,-84.227744,40.712983,DIGITIZED,ALLEN,AMANDA,1956-05-29,46.0,838.7000122070312,GRAVEL,,,,42.0,,184651
180609,W,DOMESTIC,-84.16666,40.7903,,ALLEN,AMERICAN,1990-04-20,215.0,804.7999877929688,LIMESTONE,ROTARY,12.0,50.0,155.0,68,707057
180610,W,DOMESTIC,-84.169788,40.708855,DIGITIZED,ALLEN,SHAWNEE,1961-05-10,129.0,869.5,GRAVEL,,7.0,72.0,129.0,,245898
180611,W,MONITOR,-83.8803,40.82557,GEOCODE,ALLEN,RICHLAND,1993-06-18,20.0,903.9000244140625,SAND & GRAVEL,AUGER,,16.5,5.0,,9931037
180612,W,DOMESTIC,-83.91877,40.891239999999996,GEOCODE,ALLEN,RICHLAND,1993-05-18,102.0,837.2999877929688,LIMESTONE,ROTARY,15.0,56.0,25.0,25,769282
180613,W,DOMESTIC,-83.93786,40.86295,GEOCODE,ALLEN,RICHLAND,1994-06-22,55.0,843.2999877929688,LIMESTONE,ROTARY,10.0,,29.0,29,779673
180614,W,DOMESTIC,-84.16664,40.693709999999996,GEOCODE,ALLEN,SHAWNEE,1981-08-27,139.0,846.4000244140625,LIMESTONE,,30.0,34.0,124.0,124,618567
180617,W,DOMESTIC,-84.01140000000001,40.801719999999996,GEOCODE,ALLEN,BATH,1981-10-21,69.0,879.7000122070312,LIMESTONE,,25.0,30.0,52.0,48,606920
180618,W,DOMESTIC,-84.11273,40.77527,GEOCODE,ALLEN,AMERICAN,1969-07-02,82.0,848.2000122070312,GRAVEL,,12.0,55.0,82.0,,392137
180620,W,DOMESTIC,-83.93650000000001,40.86953,GEOCODE,ALLEN,RICHLAND,1989-11-11,46.0,850.2000122070312,LIMESTONE,CABLE TOOL,5.0,29.0,32.0,45,698961
180621,W,DOMESTIC,-84.130545,40.694227999999995,DIGITIZED,ALLEN,SHAWNEE,1964-08-06,69.0,873.5,SAND & GRAVEL,,7.0,40.0,69.0,,308816
180622,W,,-84.14443399999999,40.710999,DIGITIZED,ALLEN,SHAWNEE,1958-05-07,172.0,830.2999877929688,GRAVEL,,20.0,68.0,172.0,,193120
180623,W,DOMESTIC,-84.161428,40.708846,DIGITIZED,ALLEN,SHAWNEE,1966-05-25,195.0,854.5,GRAVEL,,9.0,55.0,195.0,,337037
180624,W,DOMESTIC,-84.178193,40.70738,DIGITIZED,ALLEN,SHAWNEE,1963-06-22,62.0,869.9000244140625,GRAVEL,,10.0,53.0,62.0,,286088
180627,W,DOMESTIC,-84.0132,40.763200000000005,GEOCODE,ALLEN,BATH,1988-08-11,123.0,904.7000122070312,LIMESTONE,,15.0,60.0,45.0,42,685082
180628,W,DOMESTIC,-83.9608,40.7565,GEOCODE,ALLEN,JACKSON,1996-06-12,70.0,927.4000244140625,LIMESTONE,ROTARY,20.0,19.0,25.0,26,828377
180630,W,DOMESTIC,-84.123053,40.683881,,ALLEN,SHAWNEE,1968-09-16,366.0,875.2999877929688,LIMESTONE,,80.0,40.0,175.0,174,366792
180631,W,DOMESTIC,-84.16914799999999,40.726548,DIGITIZED,ALLEN,SHAWNEE,1955-07-12,76.0,822.9000244140625,SAND & GRAVEL,,10.0,38.0,74.0,,145252
180632,W,DOMESTIC,-84.132688,40.720571,DIGITIZED,ALLEN,SHAWNEE,1953-01-08,82.0,836.9000244140625,LIMESTONE,,,,,31,72854
180633,W,DOMESTIC,-84.20402,40.71656,GEOCODE,ALLEN,SHAWNEE,1990-05-07,95.0,846.2999877929688,LIMESTONE,CABLE TOOL,6.0,40.0,72.0,72,704884
180640,W,DOMESTIC,-84.09161999999999,40.71039,GEOCODE,ALLEN,PERRY,1956-09-15,42.0,889.9000244140625,GRAVEL,,20.0,14.0,42.0,,159577
180641,W,DOMESTIC,-83.97058899999999,40.785605,DIGITIZED,ALLEN,JACKSON,1962-07-27,73.0,925.2999877929688,LIMESTONE,,20.0,36.0,47.0,47,266493
180642,W,DOMESTIC,-83.993809,40.761918,DIGITIZED,ALLEN,JACKSON,1960-03-21,66.0,924.0,LIMESTONE,,20.0,29.0,40.0,40,245551
180645,W,DOMESTIC,-84.27514,40.70017,,ALLEN,AMANDA,1991-09-03,69.0,830.2000122070312,LIMESTONE,ROTARY,20.0,35.0,41.0,35,738662
180646,W,DOMESTIC,-84.04157,40.76513,GEOCODE,ALLEN,BATH,1971-08-22,69.0,888.2000122070312,LIMESTONE,,12.0,28.0,45.0,44,438379
180647,W,DOMESTIC,-84.20809,40.75954,,ALLEN,AMERICAN,1973-12-19,45.0,814.0,LIMESTONE,,15.0,26.0,38.0,38,514368
180648,W,DOMESTIC,-84.22411,40.79641,GEOCODE,ALLEN,MARION,1994-10-03,53.0,791.9000244140625,,CABLE TOOL,6.0,40.0,53.0,,800611
180649,W,DOMESTIC,-84.05170000000001,40.789159999999995,GEOCODE,ALLEN,BATH,1991-08-03,150.0,855.5999755859375,LIMESTONE,ROTARY,12.0,29.0,37.0,34,737479
180650,W,DOMESTIC,-83.90728,40.892309999999995,GEOCODE,ALLEN,RICHLAND,1985-11-07,115.0,836.2000122070312,LIMESTONE,,8.0,,38.0,36,613822
180651,W,DOMESTIC,-84.36626,40.714,GEOCODE,ALLEN,SPENCER,1995-08-02,62.0,822.2999877929688,LIMESTONE,ROTARY,20.0,21.0,54.0,49,821784
180652,W,DOMESTIC,-84.39005999999999,40.73572,GEOCODE,ALLEN,SPENCER,1994-07-23,87.0,810.0,LIMESTONE,ROTARY,8.0,20.0,45.0,45,784943
180658,W,DOMESTIC,-83.91909,40.791959999999996,GEOCODE,ALLEN,JACKSON,1985-08-13,55.0,921.5,LIMESTONE,,12.0,26.0,40.0,37,650798
180659,W,DOMESTIC,-84.24578,40.787549999999996,GEOCODE,ALLEN,MARION,1992-06-16,92.0,796.5,LIMESTONE,ROTARY,5.0,14.0,31.0,28,755133
180660,W,DOMESTIC,-84.31029,40.84021,GEOCODE,ALLEN,MARION,1991-09-20,83.0,773.9000244140625,LIMESTONE,ROTARY,4.0,15.0,25.0,25,741777
180661,W,DOMESTIC,-83.939691,40.833442,,ALLEN,RICHLAND,1995-08-01,50.0,875.2000122070312,LIMESTONE,ROTARY,20.0,24.0,39.0,36,828310
180662,W,DOMESTIC,-84.199669,40.751053999999996,DIGITIZED,ALLEN,AMERICAN,1957-05-10,64.0,826.4000244140625,LIMESTONE,,,29.0,39.0,39,199762
180663,W,DOMESTIC,-84.19889599999999,40.750577,DIGITIZED,ALLEN,AMERICAN,1957-11-21,57.0,822.7999877929688,LIMESTONE,,15.0,29.0,37.0,37,199781
180664,W,DOMESTIC,-84.31979,40.834579999999995,GEOCODE,ALLEN,MARION,1993-12-27,63.0,776.0,LIMESTONE,ROTARY,7.0,18.0,25.0,25,784871
180665,W,DOMESTIC,-84.070512,40.816165,DIGITIZED,ALLEN,BATH,1957-09-20,76.0,837.5,LIMESTONE,,,20.0,52.0,52,169643
180666,W,DOMESTIC,-84.30080000000001,40.83251,GEOCODE,ALLEN,MARION,1995-10-30,186.0,777.7000122070312,LIMESTONE,ROTARY,5.0,80.0,30.0,30,822304
180667,W,DOMESTIC,-84.17951,40.689769999999996,GEOCODE,ALLEN,SHAWNEE,1984-08-30,150.0,845.7000122070312,LIMESTONE,,5.0,38.0,69.0,61,651454
180674,W,DOMESTIC,-83.892917,40.655398999999996,DIGITIZED,ALLEN,AUGLAIZE,1957-09-20,108.0,1037.800048828125,LIMESTONE,,,48.0,48.0,48,169639
180675,W,DOMESTIC,-83.893765,40.655317,DIGITIZED,ALLEN,AUGLAIZE,1963-10-04,79.0,1038.4000244140625,LIMESTONE,,16.0,50.0,64.0,63,302360
180676,W,DOMESTIC,-83.986915,40.694827,DIGITIZED,ALLEN,AUGLAIZE,1956-04-09,38.0,952.5,LIMESTONE,,,8.0,36.0,35,62148
180677,W,DOMESTIC,-84.10777,40.68253,GEOCODE,ALLEN,PERRY,1995-05-25,107.0,894.7999877929688,GRAVEL,CABLE TOOL,20.0,25.0,107.0,,800641
180678,W,DOMESTIC,-84.25131499999999,40.808538999999996,DIGITIZED,ALLEN,MARION,1964-11-08,40.0,791.0,LIMESTONE,,12.0,14.0,24.0,24,319421
180679,W,DOMESTIC,-84.37310000000001,40.80141,DIGITIZED,ALLEN,MARION,1964-03-20,85.0,788.4000244140625,LIMESTONE,,6.0,16.0,24.0,21,301077
180680,W,DOMESTIC,-84.24108199999999,40.816831,DIGITIZED,ALLEN,MARION,1965-09-30,197.0,786.0999755859375,LIMESTONE,,12.0,10.0,14.0,8,337004
180681,W,DOMESTIC,-83.961565,40.737969,DIGITIZED,ALLEN,JACKSON,1959-04-14,68.0,955.2000122070312,LIMESTONE,,20.0,22.0,45.0,45,224068
180682,W,DOMESTIC,-83.90883099999999,40.744503,DIGITIZED,ALLEN,JACKSON,1963-05-10,78.0,978.2999877929688,LIMESTONE,,,29.0,56.0,75,260692
180683,W,DOMESTIC,-83.94817499999999,40.759572,DIGITIZED,ALLEN,JACKSON,1956-08-17,55.0,919.7999877929688,LIMESTONE,,20.0,14.0,22.0,22,173428
180684,W,DOMESTIC,-83.927768,40.706641999999995,DIGITIZED,ALLEN,AUGLAIZE,1954-09-20,65.0,993.2999877929688,LIMESTONE,,,23.0,53.0,53,62117
180685,W,DOMESTIC,-83.967091,40.6931,DIGITIZED,ALLEN,AUGLAIZE,1961-12-06,42.0,955.0999755859375,LIMESTONE,,18.0,10.0,14.0,14,244938
180689,W,DOMESTIC,-84.16736999999999,40.69323,GEOCODE,ALLEN,SHAWNEE,1993-02-14,110.0,845.4000244140625,GRAVEL,CABLE TOOL,15.0,35.0,110.0,,773738
180691,W,DOMESTIC,-84.110811,40.777640999999996,DIGITIZED,ALLEN,AMERICAN,1954-01-29,59.0,845.2000122070312,LIMESTONE,,,15.0,34.0,31,127358
180692,W,DOMESTIC,-84.110764,40.776244,DIGITIZED,ALLEN,AMERICAN,1957-03-09,84.0,850.0999755859375,,,15.0,47.0,84.0,,159592
180694,W,DOMESTIC,-84.18178999999999,40.7578,,ALLEN,AMERICAN,1970-09-18,77.0,825.2999877929688,LIMESTONE,,30.0,37.0,43.0,42,419652
180695,W,DOMESTIC,-84.31034,40.845349999999996,GEOCODE,ALLEN,MARION,1989-04-20,49.0,773.0999755859375,LIMESTONE,,5.0,12.0,26.0,26,617258
180696,W,DOMESTIC,-84.177302,40.703914999999995,DIGITIZED,ALLEN,SHAWNEE,1955-04-15,67.0,872.5,GRAVEL,,15.0,40.0,67.0,,156812
180697,W,DOMESTIC,-84.17685,40.69074,GEOCODE,ALLEN,SHAWNEE,1987-05-09,42.0,850.4000244140625,GRAVEL,CABLE TOOL,20.0,30.0,42.0,,657154
180699,W,MONITOR,-84.12906,40.7085,GEOCODE,ALLEN,SHAWNEE,1990-09-15,24.0,865.5,,AUGER,,,15.0,,716809
180700,W,MONITOR,-84.12906,40.7085,GEOCODE,ALLEN,SHAWNEE,1990-09-11,49.0,865.5,SAND,AUGER,,,,,716804
180701,W,DOMESTIC,-84.36310999999999,40.70625,GEOCODE,ALLEN,SPENCER,1988-01-25,74.0,833.9000244140625,LIMESTONE,ROTARY,12.0,34.0,65.0,65,676176
180704,W,DOMESTIC,-83.95389,40.78609,GEOCODE,ALLEN,JACKSON,1994-12-23,80.0,924.7000122070312,LIMESTONE,ROTARY,20.0,28.0,35.0,32,804479
180705,W,DOMESTIC,-84.03728199999999,40.788809,DIGITIZED,ALLEN,BATH,1962-11-24,77.0,885.0,LIMESTONE,,20.0,30.0,47.0,47,286063
180706,W,DOMESTIC,-84.23272999999999,40.70382,,ALLEN,AMANDA,1976-04-19,55.0,849.5,GRAVEL & CLAY,,80.0,40.0,55.0,,496156
180707,W,DOMESTIC,-84.17970000000001,40.765589999999996,,ALLEN,AMERICAN,1984-06-06,56.0,825.7999877929688,GRAVEL,,20.0,41.0,55.0,,649653
180708,W,DOMESTIC,-84.17669,40.69681,GEOCODE,ALLEN,SHAWNEE,1985-09-03,100.0,865.5999755859375,LIMESTONE,,20.0,49.0,85.0,82,651901
180709,W,DOMESTIC,-84.15661999999999,40.68569,GEOCODE,ALLEN,SHAWNEE,1986-09-22,56.0,857.4000244140625,GRAVEL,CABLE TOOL,20.0,30.0,56.0,,654575
180710,W,DOMESTIC,-84.137649,40.690111,DIGITIZED,ALLEN,SHAWNEE,1955-03-19,168.0,867.0999755859375,GRAVEL,,40.0,40.0,168.0,,139829
180711,W,DOMESTIC,-84.14746799999999,40.688564,DIGITIZED,ALLEN,SHAWNEE,1961-09-07,110.0,854.7999877929688,GRAVEL,,10.0,30.0,110.0,,250933
180719,W,DOMESTIC,-84.02122,40.674279999999996,GEOCODE,ALLEN,PERRY,1994-10-20,43.0,922.0999755859375,GRAVEL,CABLE TOOL,5.0,15.0,43.0,,800614
180720,W,DOMESTIC,-84.09407,40.80009,GEOCODE,ALLEN,BATH,1990-10-20,53.0,835.2000122070312,LIMESTONE,CABLE TOOL,18.0,44.0,38.0,36,723756
180721,W,DOMESTIC,-84.104897,40.801269,DIGITIZED,ALLEN,BATH,1953-10-26,40.0,819.2000122070312,LIMESTONE,,3.0,,20.0,20,101290
180722,W,,-84.20615099999999,40.852411,DIGITIZED,ALLEN,SUGAR CREEK,1965-09-04,122.0,773.0999755859375,LIMESTONE,,45.0,14.0,24.0,21,317300
180723,W,DOMESTIC,-84.24558999999999,40.688539999999996,GEOCODE,ALLEN,AMANDA,1990-07-30,58.0,859.9000244140625,SAND & GRAVEL,CABLE TOOL,15.0,45.0,58.0,,704894
180724,W,DOMESTIC,-84.147562,40.692561,DIGITIZED,ALLEN,SHAWNEE,1960-07-05,199.0,855.5999755859375,LIMESTONE,,10.0,30.0,146.0,146,245865
180725,W,DOMESTIC,-84.15878599999999,40.694269,DIGITIZED,ALLEN,SHAWNEE,1962-10-28,153.0,841.2000122070312,SAND & GRAVEL,,10.0,28.0,153.0,,258495
180732,W,DOMESTIC,-84.118034,40.788168999999996,DIGITIZED,ALLEN,AMERICAN,1965-12-02,40.0,829.7999877929688,LIMESTONE,,16.0,26.0,30.0,29,342019
180734,W,,-84.150587,40.722818,,ALLEN,SHAWNEE,1990-11-15,226.0,871.5,LIMESTONE,ROTARY,15.0,105.0,138.0,138,726668
180740,W,DOMESTIC,-83.95548,40.682449999999996,GEOCODE,ALLEN,AUGLAIZE,1987-09-24,40.0,973.9000244140625,LIMESTONE,,30.0,7.0,25.0,14,665286
180741,W,DOMESTIC,-84.035119,40.883137999999995,DIGITIZED,ALLEN,MONROE,1960-10-12,68.0,794.5999755859375,LIMESTONE,,24.0,11.0,21.0,66,244983
180747,W,DOMESTIC,-84.137649,40.690111,DIGITIZED,ALLEN,SHAWNEE,1956-08-24,44.0,867.0999755859375,GRAVEL,,15.0,32.0,44.0,,166798
180748,W,DOMESTIC,-84.164824,40.699811,DIGITIZED,ALLEN,SHAWNEE,1960-06-17,80.0,845.2000122070312,GRAVEL,,20.0,29.0,80.0,,250901
180756,W,DOMESTIC,-84.054942,40.716626999999995,DIGITIZED,ALLEN,PERRY,1965-06-01,75.0,929.0,LIMESTONE,,16.0,50.0,63.0,62,319438
180757,W,DOMESTIC,-83.95204,40.753229999999995,GEOCODE,ALLEN,JACKSON,1989-06-15,120.0,936.5,LIMESTONE,,15.0,28.0,25.0,22,696712
180758,W,DOMESTIC,-84.01359,40.743,GEOCODE,ALLEN,BATH,1993-02-08,63.0,914.0,LIMESTONE,ROTARY,20.0,27.0,37.0,37,758009
180759,W,DOMESTIC,-84.126325,40.689986999999995,DIGITIZED,ALLEN,SHAWNEE,1953-09-04,62.0,893.7999877929688,GRAVEL,,20.0,47.0,62.0,,115258
180760,W,DOMESTIC,-84.149463,40.721227999999996,DIGITIZED,ALLEN,SHAWNEE,1954-07-15,158.0,873.2999877929688,GRAVEL,,,,158.0,,123387
180761,W,DOMESTIC,-84.242479,40.698947,DIGITIZED,ALLEN,AMANDA,1960-05-04,44.0,842.0999755859375,GRAVEL,,,,44.0,,184695
180765,W,DOMESTIC,-84.062958,40.717157,DIGITIZED,ALLEN,PERRY,1954-05-27,54.0,913.4000244140625,SAND,,8.0,54.0,54.0,,35447
180766,W,DOMESTIC,-84.06262799999999,40.818532999999995,DIGITIZED,ALLEN,MONROE,1953-07-29,60.0,842.5999755859375,LIMESTONE,,20.0,12.0,43.0,43,100645
180767,W,DOMESTIC,-83.909516,40.817682,DIGITIZED,ALLEN,JACKSON,1956-10-18,51.0,911.2000122070312,LIMESTONE,,,17.0,43.0,50,161671
185709,W,,-83.88306,40.651689,DIGITIZED,ALLEN,AUGLAIZE,1947-09-30,119.0,1041.800048828125,LIMESTONE,,,60.0,61.0,116,30651
185710,W,,-84.074991,40.734882999999996,DIGITIZED,ALLEN,BATH,1947-10-01,93.0,888.2000122070312,LIMESTONE,,,55.0,42.0,42,2417
185711,W,,-84.07177899999999,40.767112999999995,DIGITIZED,ALLEN,BATH,1948-07-31,80.0,873.7000122070312,LIMESTONE,,20.0,36.0,43.0,43,26377
185712,W,,-84.00523199999999,40.812908,DIGITIZED,ALLEN,BATH,1949-03-10,55.0,866.9000244140625,LIMESTONE,,,14.0,32.0,53,38983
185713,W,,-84.026384,40.773044,DIGITIZED,ALLEN,BATH,1949-08-17,70.0,902.9000244140625,LIMESTONE,,,28.0,40.0,68,38994
185716,W,,-83.950794,40.754241,DIGITIZED,ALLEN,JACKSON,1948-06-16,71.0,946.7000122070312,LIMESTONE,,20.0,35.0,30.0,30,26371
185718,W,,-84.09172099999999,40.897402,DIGITIZED,ALLEN,MONROE,1948-06-29,40.0,770.5,LIMESTONE,,,6.0,18.0,37,38965
185728,W,,-84.226062,40.855523999999996,DIGITIZED,ALLEN,MARION,1948-06-02,45.0,763.5999755859375,STONE,,10.0,45.0,26.0,23,5860
185729,W,,-84.079867,40.721779999999995,DIGITIZED,ALLEN,PERRY,1948-04-30,70.0,882.7999877929688,LIMESTONE,,20.0,21.0,33.0,33,26363
185731,W,,-83.919341,40.841105999999996,DIGITIZED,ALLEN,RICHLAND,1947-12-18,35.0,886.5999755859375,LIMESTONE,,,21.0,33.0,33,38952
187658,W,DOMESTIC,-83.95382,40.66937,GEOCODE,ALLEN,AUGLAIZE,1996-07-18,62.0,1032.0,GRAVEL,CABLE TOOL,15.0,45.0,62.0,,820024
187659,W,DOMESTIC,-83.97941999999999,40.79632,GEOCODE,ALLEN,JACKSON,1996-11-05,60.0,912.0999755859375,GRAVEL,CABLE TOOL,15.0,35.0,60.0,,839969
187820,W,DOMESTIC,-83.88933999999999,40.812619999999995,GEOCODE,ALLEN,JACKSON,1998-02-09,40.0,912.0,LIMESTONE,CABLE TOOL,20.0,13.6,28.0,27,869630
187837,W,PUBLIC/SEMI-PUB,-83.97453999999999,40.69421,GEOCODE,ALLEN,AUGLAIZE,1998-02-25,60.0,946.2999877929688,LIMESTONE,ROTARY,50.0,13.0,33.0,33,866845
187844,W,DOMESTIC,-84.04194,40.773649999999996,GEOCODE,ALLEN,BATH,1998-05-20,103.0,889.2000122070312,LIMESTONE,ROTARY,2.0,40.0,46.0,43,867925
187870,W,DOMESTIC,-84.32804999999999,40.81597,GEOCODE,ALLEN,MARION,1997-10-03,55.0,780.4000244140625,LIMESTONE,CABLE TOOL,7.0,11.0,25.0,22,855207
187872,W,PUBLIC/SEMI-PUB,-83.98670899999999,40.812931,,ALLEN,JACKSON,1999-02-18,70.0,883.7000122070312,LIMESTONE,ROTARY,40.0,26.0,36.0,36,884349
188064,W,DOMESTIC,-84.28072999999999,40.735079999999996,GEOCODE,ALLEN,AMANDA,2000-03-08,43.0,813.5999755859375,SAND,CABLE TOOL,6.0,28.0,42.0,,895916
188065,W,DOMESTIC,-84.25116,40.68859,GEOCODE,ALLEN,AMANDA,2000-01-07,105.0,845.0,LIMESTONE,CABLE TOOL,8.0,45.0,42.0,42,895909
188066,W,DOMESTIC,-84.30542,40.756769999999996,GEOCODE,ALLEN,AMANDA,1999-12-01,29.0,807.5,LIMESTONE & SHALE,CABLE TOOL,12.0,,28.0,28,892927
188215,W,DOMESTIC,-84.07030999999999,40.78548,GEOCODE,ALLEN,BATH,2000-09-18,105.0,875.0,LIMESTONE,ROTARY,20.0,40.0,52.0,100,921255
188216,W,DOMESTIC,-84.20378,40.81455,GEOCODE,ALLEN,SUGAR CREEK,2000-06-12,45.0,784.5999755859375,SAND & GRAVEL,ROTARY,11.0,28.0,43.0,,915406
188497,W,DOMESTIC,-83.98043,40.69388,GEOCODE,ALLEN,AUGLAIZE,2001-04-03,41.0,939.5,LIMESTONE,ROTARY,50.0,2.0,25.0,20,929689
188603,W,PUBLIC/SEMI-PUB,-84.01273499999999,40.7292,GLOBAL POSITIONING SYSTEM,ALLEN,PERRY,2000-11-17,160.0,949.9000244140625,LIMESTONE,ROTARY,30.0,50.0,63.0,120,922104
188631,W,DOMESTIC,-84.25294,40.834939999999996,GEOCODE,ALLEN,MARION,2001-09-17,105.0,775.0,LIMESTONE,ROTARY,10.0,15.0,25.0,14,936582
188720,W,DOMESTIC,-84.36901999999999,40.77216,GEOCODE,ALLEN,SPENCER,2000-08-04,89.0,808.2000122070312,LIMESTONE,ROTARY,40.0,18.0,28.0,23,921024
189015,W,DOMESTIC,-84.08863,40.83687,GEOCODE,ALLEN,MONROE,2000-09-01,36.0,798.9000244140625,LIMESTONE,CABLE TOOL,15.0,16.0,27.0,35,892907
189129,W,DOMESTIC,-84.02723,40.77513,GEOCODE,ALLEN,BATH,2001-09-01,68.0,900.2999877929688,LIMESTONE,CABLE TOOL,15.0,28.0,42.0,65,940801
189137,W,DOMESTIC,-83.99125,40.717479999999995,,ALLEN,AUGLAIZE,2002-07-25,88.0,967.2000122070312,GRAVEL,ROTARY,25.0,40.0,88.0,,946472
189172,W,DOMESTIC,-84.01288,40.78377,GEOCODE,ALLEN,BATH,2002-11-26,80.0,909.0,LIMESTONE,ROTARY,30.0,40.0,63.0,63,947817
189192,W,DOMESTIC,-83.93745,40.86906,GEOCODE,ALLEN,RICHLAND,1994-08-01,67.0,851.0999755859375,LIMESTONE,CABLE TOOL,7.0,27.0,33.0,62,780343
189210,W,DOMESTIC,-83.915942,40.891754999999996,DIGITIZED,ALLEN,RICHLAND,1958-08-21,60.0,841.2000122070312,LIMESTONE,,5.0,,31.0,31,185732
189211,W,DOMESTIC,-84.03413599999999,40.686969999999995,DIGITIZED,ALLEN,PERRY,1964-10-31,143.0,975.0,SAND & GRAVEL,,12.0,46.0,143.0,,308829
189212,W,DOMESTIC,-84.10754999999999,40.662275,DIGITIZED,ALLEN,PERRY,1955-11-05,70.0,933.7999877929688,SAND & GRAVEL,,,47.0,70.0,,159556
189221,W,DOMESTIC,-84.28075,40.73664,GEOCODE,ALLEN,AMANDA,2002-04-17,40.0,811.0999755859375,SAND & GRAVEL,CABLE TOOL,10.0,26.0,38.0,38,936665
189372,W,DOMESTIC,-83.88982999999999,40.91223,GEOCODE,ALLEN,RICHLAND,1976-05-03,180.0,826.2000122070312,LIMESTONE,,9.0,19.0,34.0,33,492574
189375,W,DOMESTIC,-84.15878599999999,40.694269,DIGITIZED,ALLEN,SHAWNEE,1960-06-28,41.0,841.2000122070312,GRAVEL & SAND,,6.0,31.0,41.0,,197549
189415,W,DOMESTIC,-84.164637,40.751058,DIGITIZED,ALLEN,AMERICAN,1952-12-01,190.0,823.5999755859375,GRAVEL,,7.0,50.0,190.0,,85169
189481,W,DOMESTIC,-84.26653,40.782019999999996,GEOCODE,ALLEN,MARION,2003-01-02,28.0,802.7999877929688,SAND & CLAY,CABLE TOOL,6.0,20.0,26.0,,947298
189489,W,DOMESTIC,-84.08811,40.712429,DIGITIZED,ALLEN,PERRY,1958-08-29,114.0,887.9000244140625,GRAVEL,,10.0,47.0,,,197519
189490,W,DOMESTIC,-84.18613599999999,40.728258,DIGITIZED,ALLEN,SHAWNEE,1959-07-15,44.0,835.5999755859375,GRAVEL,,10.0,21.0,44.0,,197531
189524,W,DOMESTIC,-84.048204,40.846238,DIGITIZED,ALLEN,MONROE,1956-06-08,37.0,821.2000122070312,LIMESTONE,,10.0,15.0,34.0,32,176872
189528,W,DOMESTIC,-83.958004,40.832913999999995,DIGITIZED,ALLEN,RICHLAND,1962-07-11,55.0,878.2999877929688,LIMESTONE,,20.0,22.0,39.0,37,266488
189529,W,DOMESTIC,-84.032651,40.815068,DIGITIZED,ALLEN,BATH,1962-07-20,50.0,852.4000244140625,LIMESTONE,,20.0,23.0,33.0,32,266491
189618,W,DOMESTIC,-83.93916999999999,40.747,GLOBAL POSITIONING SYSTEM,ALLEN,JACKSON,2003-05-30,81.0,959.5,LIMESTONE,ROTARY,10.0,34.0,51.0,78,956699
189718,W,DOMESTIC,-84.199747,40.751492999999996,DIGITIZED,ALLEN,AMERICAN,1957-03-23,37.0,826.4000244140625,GRAVEL,,8.0,27.0,37.0,,199758
189859,W,DOMESTIC,-84.28088,40.73343,GLOBAL POSITIONING SYSTEM,ALLEN,AMANDA,2003-06-18,43.0,819.2999877929688,LIMESTONE,CABLE TOOL,6.0,21.0,41.0,41,962730
189928,W,AGRIC/IRRIG,-84.38897,40.69271,GLOBAL POSITIONING SYSTEM,ALLEN,SPENCER,2004-03-23,84.0,854.2000122070312,SAND & GRAVEL,ROTARY,35.0,43.0,83.0,,976817
189991,W,DOMESTIC,-84.11017,40.807269999999995,GLOBAL POSITIONING SYSTEM,ALLEN,BATH,2004-08-01,52.0,803.0,LIMESTONE,CABLE TOOL,15.0,18.0,33.0,51,960931
190086,W,DOMESTIC,-84.28233,40.687219999999996,GLOBAL POSITIONING SYSTEM,ALLEN,AMANDA,2004-09-29,110.0,858.5,,ROTARY,30.0,43.0,63.0,63,981339
190182,W,DOMESTIC,-83.93333,40.688669999999995,GLOBAL POSITIONING SYSTEM,ALLEN,AUGLAIZE,2004-01-13,82.0,997.7999877929688,LIMESTONE,ROTARY,10.0,30.0,34.0,79,972023
190285,W,DOMESTIC,-84.0,40.833,GLOBAL POSITIONING SYSTEM,ALLEN,MONROE,2004-09-03,45.0,852.5,LIMESTONE,CABLE TOOL,7.0,13.0,28.0,25,962748
190440,W,DOMESTIC,-83.94250000000001,40.7475,GLOBAL POSITIONING SYSTEM,ALLEN,JACKSON,2004-06-08,82.0,960.2000122070312,LIMESTONE,ROTARY,12.0,40.0,50.0,77,980921
190506,W,DOMESTIC,-84.281633,40.719983,GLOBAL POSITIONING SYSTEM,ALLEN,AMANDA,2004-12-01,47.0,829.9000244140625,GRAVEL,CABLE TOOL,10.0,35.0,46.0,45,962751
190532,W,DOMESTIC,-84.33533299999999,40.826333,GLOBAL POSITIONING SYSTEM,ALLEN,MARION,2005-01-20,158.0,780.2999877929688,,ROTARY,10.0,70.0,27.0,18,987200
190533,W,DOMESTIC,-84.07413,40.689049999999995,GEOCODE,ALLEN,PERRY,2004-12-21,78.0,944.7000122070312,SAND,CABLE TOOL,15.0,55.0,76.0,76,978614
190534,W,DOMESTIC,-84.080833,40.665555,GLOBAL POSITIONING SYSTEM,ALLEN,PERRY,2004-12-14,100.0,954.5999755859375,SAND & CLAY,CABLE TOOL,15.0,70.0,98.0,98,978612
190667,W,DOMESTIC,-83.96083,40.65183,GLOBAL POSITIONING SYSTEM,ALLEN,AUGLAIZE,2005-08-15,137.0,1044.5999755859375,LIMESTONE,ROTARY,10.0,42.0,86.0,82,994967
190698,W,DOMESTIC,-84.31611,40.84222,GLOBAL POSITIONING SYSTEM,ALLEN,MARION,2006-02-21,169.0,775.4000244140625,LIMESTONE,AIR ROTARY,4.0,80.0,27.0,30,2001292
190884,W,DOMESTIC,-83.92224999999999,40.704969999999996,GLOBAL POSITIONING SYSTEM,ALLEN,AUGLAIZE,2005-12-21,60.0,982.4000244140625,LIMESTONE,ROTARY,10.0,12.0,35.0,58,990644
190898,W,DOMESTIC,-83.953582,40.75456,DIGITIZED,ALLEN,JACKSON,1958-04-24,66.0,932.2999877929688,LIMESTONE,,20.0,25.0,21.0,21,192889
190910,W,DOMESTIC,-84.168607,40.722182,DIGITIZED,ALLEN,SHAWNEE,1962-03-24,116.0,845.4000244140625,LIMESTONE,,12.0,57.0,82.0,81,274601
190911,W,DOMESTIC,-84.040027,40.760768999999996,DIGITIZED,ALLEN,BATH,1955-08-04,90.0,877.2000122070312,LIMESTONE,,10.0,28.0,25.0,24,145253
190988,W,DOMESTIC,-84.04004499999999,40.758686999999995,DIGITIZED,ALLEN,BATH,1957-05-21,45.0,876.0999755859375,LIMESTONE,,20.0,14.0,24.0,24,192858
191014,W,,-84.15291599999999,40.722243999999996,DIGITIZED,ALLEN,SHAWNEE,1948-07-23,158.0,857.4000244140625,GRAVEL,,16.0,61.0,158.0,,49504
191049,W,DOMESTIC,-84.091365,40.806157,DIGITIZED,ALLEN,BATH,1957-09-20,192.0,827.5999755859375,LIMESTONE,,,33.0,48.0,48,169642
191166,W,DOMESTIC,-84.168607,40.722182,DIGITIZED,ALLEN,SHAWNEE,1960-11-28,102.0,845.4000244140625,GRAVEL,,14.0,58.0,102.0,,245875
191167,W,DOMESTIC,-84.042177,40.769464,DIGITIZED,ALLEN,BATH,1962-05-24,78.0,896.7000122070312,LIMESTONE,,18.0,35.0,52.0,52,266479
191168,W,,-83.921718,40.705551,DIGITIZED,ALLEN,AUGLAIZE,1948-10-26,89.0,983.2000122070312,LIMESTONE,,20.0,19.0,66.0,66,26390
191275,W,DOMESTIC,-84.098581,40.66556,DIGITIZED,ALLEN,PERRY,1957-08-23,101.0,951.4000244140625,GRAVEL,,8.0,71.0,101.0,,201616
191403,W,,-84.26028099999999,40.696717,DIGITIZED,ALLEN,AMANDA,1949-07-23,75.0,833.9000244140625,GRAVEL & SHALE,,,30.0,67.0,,55613
191584,W,DOMESTIC,-84.14663,40.665262,DIGITIZED,ALLEN,SHAWNEE,1955-06-18,144.0,860.5,GRAVEL,,,20.0,144.0,,139065
191585,W,DOMESTIC,-83.92014499999999,40.704552,DIGITIZED,ALLEN,AUGLAIZE,1961-11-21,66.0,986.2999877929688,LIMESTONE,,,10.0,31.0,64,260675
191599,W,DOMESTIC,-84.168739,40.727264,DIGITIZED,ALLEN,SHAWNEE,1951-06-14,134.0,837.5,LIMESTONE,,14.0,39.0,94.0,94,60184
191656,W,DOMESTIC,-84.203937,40.771581999999995,DIGITIZED,ALLEN,AMERICAN,1963-02-16,46.0,807.0999755859375,SAND & GRAVEL,,6.0,24.0,46.0,,291106
191675,W,DOMESTIC,-84.281305,40.750789999999995,DIGITIZED,ALLEN,AMANDA,1957-10-15,51.0,810.0999755859375,LIMESTONE,,10.0,12.0,26.0,23,205610
191676,W,DOMESTIC,-83.970418,40.692752999999996,DIGITIZED,ALLEN,AUGLAIZE,1961-06-19,50.0,951.5,LIMESTONE,,20.0,10.0,24.0,24,245598
191677,W,DOMESTIC,-84.027728,40.788911,DIGITIZED,ALLEN,BATH,1964-12-08,75.0,876.0999755859375,LIMESTONE,,12.0,14.0,42.0,41,319425
191689,W,DOMESTIC,-84.118034,40.788168999999996,DIGITIZED,ALLEN,AMERICAN,1961-09-28,104.0,829.7999877929688,LIMESTONE,,3.0,22.0,27.0,27,266463
192088,W,DOMESTIC,-84.1229,40.8186,,ALLEN,SUGAR CREEK,2007-05-19,82.0,812.2000122070312,LIMESTONE,ROTARY,10.0,18.0,31.0,31,1006382
192312,W,DOMESTIC,-84.026833,40.716983,,ALLEN,PERRY,2006-11-14,82.0,940.4000244140625,LIMESTONE,ROTARY,20.0,40.0,53.0,80,1004667
193051,W,DOMESTIC,-83.89755,40.833732999999995,GLOBAL POSITIONING SYSTEM,ALLEN,RICHLAND,2009-10-12,32.0,879.0,LIMESTONE,ROTARY,12.0,10.0,25.0,25,2024514
193230,W,DOMESTIC,-84.367778,40.802777999999996,GLOBAL POSITIONING SYSTEM,ALLEN,MARION,2009-09-04,53.0,786.9000244140625,GRAVEL & LIMESTONE,AIR ROTARY,30.0,16.0,25.0,51,2024632
193231,W,DOMESTIC,-83.93333299999999,40.85,GLOBAL POSITIONING SYSTEM,ALLEN,RICHLAND,2009-09-24,122.0,868.0,LIMESTONE,AIR ROTARY,20.0,40.0,32.0,26,2024637
193235,W,DOMESTIC,-83.97475,40.809149999999995,,ALLEN,JACKSON,2009-09-09,70.0,884.2000122070312,,ROTARY,25.0,24.0,30.0,30,1007293
193586,W,MONITOR,-84.076617,40.731066999999996,GLOBAL POSITIONING SYSTEM,ALLEN,PERRY,2011-01-05,15.0,882.7000122070312,SILT,AUGER,,6.0,4.0,,2030829
193647,W,MONITOR,-84.15681699999999,40.737232999999996,GLOBAL POSITIONING SYSTEM,ALLEN,AMERICAN,2012-10-02,15.0,842.2000122070312,GRAVEL,GEOPROBE,,,5.0,,2040613
193804,W,DOMESTIC,-84.10435,40.8322,,ALLEN,MONROE,2012-11-01,27.0,805.0,LIMESTONE,CABLE TOOL,8.0,19.0,26.0,,1013070
193822,W,DOMESTIC,-84.09006699999999,40.900883,,ALLEN,MONROE,2012-07-01,26.0,772.7999877929688,LIMESTONE,CABLE TOOL,10.0,12.0,25.0,25,1013046
193883,W,DOMESTIC,-84.201667,40.663056,GLOBAL POSITIONING SYSTEM,ALLEN,SHAWNEE,2012-10-15,35.0,844.7000122070312,SHALE,CABLE TOOL,20.0,22.0,33.0,33,1016357
193946,W,DOMESTIC,-84.028661,40.716944,,ALLEN,PERRY,2012-07-12,75.0,937.9000244140625,LIMESTONE,CABLE TOOL,12.0,60.0,52.0,52,1015435
194081,W,MONITOR,-84.35370999999999,40.70885,GLOBAL POSITIONING SYSTEM,ALLEN,SPENCER,2011-01-17,27.0,830.7999877929688,CLAY,AUGER,,19.3,17.0,,2031207
194157,W,DOMESTIC,-84.18477999999999,40.845079999999996,,ALLEN,SUGAR CREEK,1995-02-20,35.0,779.7000122070312,LIMESTONE,CABLE TOOL,10.0,18.0,25.0,25,800631
194163,W,DOMESTIC,-84.25683,40.77518,GEOCODE,ALLEN,MARION,2001-12-04,77.0,803.2999877929688,LIMESTONE,ROTARY,5.0,16.0,32.0,76,941167
194197,W,DOMESTIC,-84.241333,40.726333,GLOBAL POSITIONING SYSTEM,ALLEN,AMANDA,2013-08-02,143.0,836.4000244140625,LIMESTONE,AIR ROTARY,3.0,20.0,31.0,25,2044262
194251,W,DOMESTIC,-84.291333,40.801666999999995,GLOBAL POSITIONING SYSTEM,ALLEN,MARION,2013-08-22,183.0,783.2000122070312,LIMESTONE,AIR ROTARY,15.0,30.0,26.0,21,2044271
194272,W,DOMESTIC,-83.921111,40.711943999999995,,ALLEN,AUGLAIZE,2013-05-09,62.0,1000.5999755859375,SHALE,CABLE TOOL,20.0,35.0,61.0,61,1016364
194274,W,,-83.957933,40.767216999999995,,ALLEN,JACKSON,2013-08-10,65.0,922.0,LIMESTONE,ROTARY,15.0,27.0,30.0,30,1016904
194344,W,DOMESTIC,-83.925833,40.749249999999996,,ALLEN,JACKSON,2012-12-10,80.0,964.0,LIMESTONE,ROTARY,25.0,32.0,58.0,78,1016882
194368,W,DOMESTIC,-83.96888899999999,40.860833,GLOBAL POSITIONING SYSTEM,ALLEN,RICHLAND,2016-02-19,178.0,,LIMESTONE,ROTARY/AIRHAMR,,25.0,41.0,37,2056748
194600,W,DOMESTIC,-84.087667,40.747467,GLOBAL POSITIONING SYSTEM,ALLEN,BATH,2013-05-20,400.0,864.7000122070312,LIMESTONE,ROTARY,100.0,83.0,30.0,375,1017839
194647,W,DOMESTIC,-84.038883,40.7042,GLOBAL POSITIONING SYSTEM,ALLEN,PERRY,2015-04-04,95.0,954.2999877929688,LIMESTONE,ROTARY,12.0,56.0,73.0,92,1017866
194693,W,DOMESTIC,-83.921408,40.651871,GLOBAL POSITIONING SYSTEM,ALLEN,AUGLAIZE,2014-12-04,90.0,1042.5,LIMESTONE,ROTARY,30.0,27.0,80.0,88,1017858
194750,W,DOMESTIC,-84.24283299999999,40.728,GLOBAL POSITIONING SYSTEM,ALLEN,AMANDA,2014-12-12,215.0,830.5,LIMESTONE,ROTARY/AIRHAMR,,29.0,47.0,44,2050400
194928,W,DOMESTIC,-83.959217,40.862716999999996,GLOBAL POSITIONING SYSTEM,ALLEN,RICHLAND,2016-09-12,70.0,,LIMESTONE,ROTARY,20.0,35.0,45.0,45,1019662
195092,W,DOMESTIC,-84.22013299999999,40.695232999999995,GLOBAL POSITIONING SYSTEM,ALLEN,SHAWNEE,2019-10-29,117.0,,LIMESTONE,MUD/AIR ROTARY,15.0,43.0,72.0,,2076924
195183,W,DOMESTIC,-83.948994,40.746407999999995,DIGITAL MAP,ALLEN,JACKSON,2018-12-13,70.0,,LIMESTONE,ROTARY,20.0,27.0,39.0,,1021068
195374,W,DOMESTIC,-84.245666,40.791816,GLOBAL POSITIONING SYSTEM,ALLEN,MARION,2019-01-11,115.0,,LIMESTONE,ROTARY,5.0,18.0,42.0,,1021071
195442,W,DOMESTIC,-84.03218299999999,40.798383,GLOBAL POSITIONING SYSTEM,ALLEN,BATH,2019-06-11,53.0,,GRAVEL,MUD/AIR ROTARY,15.0,20.0,51.0,,2073988
195730,W,AGRIC/IRRIG,-83.981183,40.829767,GLOBAL POSITIONING SYSTEM,ALLEN,RICHLAND,2018-08-24,300.0,,LIMESTONE,ROTARY,100.0,21.0,37.0,,2069888
195764,W,HTG/COOLING,-83.9843,40.81212,GLOBAL POSITIONING SYSTEM,ALLEN,JACKSON,2017-11-07,150.0,,LIMESTONE,ROTARY,,,,30,2065383
195806,W,DOMESTIC,-84.08955999999999,40.681200000000004,GEOCODE,ALLEN,MONROE,1989-07-05,76.0,926.9000244140625,LIMESTONE,ROTARY,10.0,17.0,26.0,26,695868
195807,W,DOMESTIC,-84.177302,40.703914999999995,DIGITIZED,ALLEN,SHAWNEE,1955-08-09,71.0,872.5,GRAVEL,,20.0,40.0,71.0,,156835
195808,W,DOMESTIC,-84.158104,40.710522,DIGITIZED,ALLEN,SHAWNEE,1956-01-19,147.0,843.0,LIMESTONE,,10.0,45.0,145.0,120,142838
195809,W,DOMESTIC,-84.158104,40.710522,DIGITIZED,ALLEN,SHAWNEE,1956-04-16,113.0,843.0,GRAVEL,,10.0,38.0,113.0,,142845
195811,W,DOMESTIC,-84.26084999999999,40.69853,GEOCODE,ALLEN,AMANDA,1995-11-30,106.0,840.9000244140625,LIMESTONE,ROTARY,25.0,41.0,49.0,46,829816
195813,W,DOMESTIC,-83.97082999999999,40.71698,GEOCODE,ALLEN,AUGLAIZE,1994-02-08,160.0,988.4000244140625,LIMESTONE,ROTARY,15.0,48.0,120.0,115,786564
195814,W,DOMESTIC,-84.11328999999999,40.7834,GEOCODE,ALLEN,AMERICAN,1972-06-28,90.0,843.7000122070312,LIMESTONE,,12.0,40.0,48.0,45,449546
195817,W,DOMESTIC,-84.164428,40.712756,DIGITIZED,ALLEN,SHAWNEE,1962-08-11,64.0,851.2000122070312,SAND & GRAVEL,,10.0,51.0,64.0,,266495
195818,W,DOMESTIC,-83.9143,40.86286,GEOCODE,ALLEN,RICHLAND,1994-07-11,50.0,861.7999877929688,LIMESTONE,ROTARY,20.0,20.0,34.0,30,786613
195819,W,DOMESTIC,-83.93046,40.85387,GEOCODE,ALLEN,RICHLAND,1996-08-19,60.0,867.4000244140625,LIMESTONE,ROTARY,15.0,27.0,37.0,37,843035
195822,W,DOMESTIC,-84.01288,40.71727,GEOCODE,ALLEN,BATH,1994-01-11,101.0,954.5,LIMESTONE,CABLE TOOL,10.0,44.0,50.0,48,761055
195823,W,DOMESTIC,-84.043189,40.759938,DIGITIZED,ALLEN,BATH,1965-11-12,53.0,872.5999755859375,LIMESTONE,,20.0,16.0,31.0,30,342015
195824,W,DOMESTIC,-84.21705999999999,40.8057,GEOCODE,ALLEN,SUGAR CREEK,1986-04-24,89.0,785.9000244140625,GRAVEL,,5.0,10.0,89.0,,631866
195825,W,DOMESTIC,-84.1359,40.66072,GEOCODE,ALLEN,SHAWNEE,1987-02-26,62.0,894.5,GRAVEL,CABLE TOOL,20.0,42.0,62.0,,654593
195827,W,DOMESTIC,-84.25638,40.76573,,ALLEN,AMANDA,1988-05-16,42.0,801.0,LIMESTONE,ROTARY,10.0,8.0,31.0,31,688017
195829,W,DOMESTIC,-84.04118,40.77782,GEOCODE,ALLEN,BATH,1987-10-05,43.0,883.7999877929688,LIMESTONE,,15.0,18.0,36.0,36,672694
195830,W,DOMESTIC,-84.09172199999999,40.709621,DIGITIZED,ALLEN,PERRY,1958-03-07,36.0,887.2000122070312,GRAVEL,,8.0,25.0,36.0,,201624
195831,W,DOMESTIC,-84.094453,40.712875,DIGITIZED,ALLEN,PERRY,1955-09-29,33.0,884.2000122070312,GRAVEL,,20.0,17.0,33.0,,170854
195832,W,DOMESTIC,-84.269303,40.811780999999996,DIGITIZED,ALLEN,MARION,1964-10-01,150.0,787.9000244140625,LIMESTONE,,9.0,19.0,22.0,22,317258
195833,W,DOMESTIC,-84.27172,40.8113,GEOCODE,ALLEN,MARION,1988-08-24,213.0,782.5,LIMESTONE,,10.0,22.0,25.0,25,678543
195834,W,DOMESTIC,-83.90109,40.89971,GEOCODE,ALLEN,RICHLAND,1989-05-24,50.0,826.7999877929688,LIMESTONE,ROTARY,12.0,25.0,28.0,25,696705
195835,W,DOMESTIC,-84.13436999999999,40.65944,GEOCODE,ALLEN,SHAWNEE,1989-08-23,65.0,899.9000244140625,GRAVEL,CABLE TOOL,10.0,50.0,65.0,,700553
195836,W,DOMESTIC,-84.19282,40.6933,GEOCODE,ALLEN,SHAWNEE,1993-04-29,82.0,864.0,GRAVEL,,10.0,55.0,82.0,,758672
195840,W,DOMESTIC,-84.04195,40.77279,GEOCODE,ALLEN,BATH,1994-12-05,49.0,893.7999877929688,GRAVEL & SAND,CABLE TOOL,10.0,,,,791804
195841,W,DOMESTIC,-84.02723,40.77218,GEOCODE,ALLEN,BATH,1993-12-15,130.0,906.2000122070312,LIMESTONE,ROTARY,10.0,34.0,40.0,37,786559
195842,W,DOMESTIC,-84.07902,40.79593,GEOCODE,ALLEN,BATH,1972-12-15,214.0,855.0999755859375,LIMESTONE,,8.0,49.0,44.0,42,451087
195843,W,DOMESTIC,-84.087785,40.71541,DIGITIZED,ALLEN,PERRY,1953-10-24,108.0,886.5,MUD,,18.0,30.0,105.0,,120066
195844,W,DOMESTIC,-84.15626999999999,40.792,,ALLEN,AMERICAN,1986-09-02,100.0,810.2999877929688,GRAVEL,CABLE TOOL,20.0,40.0,100.0,,654573
195848,W,DOMESTIC,-84.16426899999999,40.779826,DIGITIZED,ALLEN,AMERICAN,1957-05-19,106.0,810.4000244140625,LIMESTONE,,7.0,23.0,92.0,92,192058
195851,W,DOMESTIC,-84.102544,40.706103999999996,DIGITIZED,ALLEN,PERRY,1957-09-20,102.0,883.7000122070312,LIMESTONE,,,25.0,60.0,60,169637
195852,W,DOMESTIC,-83.9985,40.658449999999995,,ALLEN,AUGLAIZE,1992-02-14,124.0,955.2999877929688,LIMESTONE,ROTARY,18.0,29.0,40.0,32,748027
195853,W,DOMESTIC,-83.93696,40.778079999999996,,ALLEN,JACKSON,1994-08-25,57.0,911.5999755859375,LIMESTONE,ROTARY,20.0,16.0,25.0,25,790504
195854,W,DOMESTIC,-84.13687999999999,40.673988,DIGITIZED,ALLEN,SHAWNEE,1950-06-29,100.0,877.2999877929688,GRAVEL,,,,,,54995
195855,W,DOMESTIC,-84.139798,40.670214,DIGITIZED,ALLEN,SHAWNEE,1964-02-29,166.0,877.7000122070312,SAND & GRAVEL,,10.0,35.0,166.0,,308802
195858,W,DOMESTIC,-84.07056,40.69938,GEOCODE,ALLEN,PERRY,1986-08-27,88.0,922.7000122070312,LIMESTONE,,12.0,43.0,88.0,85,636262
195859,W,DOMESTIC,-84.071,40.805119999999995,DIGITIZED,ALLEN,BATH,1959-08-31,84.0,851.9000244140625,GRAVEL,,20.0,23.0,84.0,,224088
195860,W,DOMESTIC,-84.17599,40.692139999999995,GEOCODE,ALLEN,SHAWNEE,1971-07-15,156.0,858.5,LIMESTONE,,40.0,38.0,100.0,97,438360
195861,W,DOMESTIC,-84.150784,40.693481999999996,DIGITIZED,ALLEN,SHAWNEE,1959-04-20,170.0,855.5999755859375,GRAVEL,,11.0,34.0,170.0,,220164
195862,W,DOMESTIC,-84.12535299999999,40.69851,DIGITIZED,ALLEN,SHAWNEE,1963-09-24,293.0,884.7999877929688,LIMESTONE,,15.0,164.0,271.0,255,286638
195863,W,DOMESTIC,-84.136122,40.689245,DIGITIZED,ALLEN,SHAWNEE,1960-11-23,104.0,867.5,SAND & GRAVEL,,15.0,33.0,104.0,,258452
195864,W,DOMESTIC,-84.13658,40.66175,GEOCODE,ALLEN,SHAWNEE,1984-12-15,81.0,890.5,GRAVEL,,10.0,36.0,81.0,,638152
195865,W,DOMESTIC,-84.13651,40.65801,GEOCODE,ALLEN,SHAWNEE,1987-01-07,130.0,900.5999755859375,GRAVEL,,20.0,50.0,130.0,,654585
195868,W,DOMESTIC,-84.324417,40.846208,DIGITIZED,ALLEN,MARION,1958-06-14,92.0,774.7000122070312,LIMESTONE,,7.0,34.0,24.0,24,192090
195869,W,DOMESTIC,-83.883467,40.732794999999996,DIGITIZED,ALLEN,JACKSON,1958-11-01,77.0,1001.4000244140625,LIMESTONE,,,37.0,57.0,76,210062
195871,W,DOMESTIC,-84.16588999999999,40.71001,GEOCODE,ALLEN,SHAWNEE,1974-04-27,195.0,860.7999877929688,LIMESTONE,,15.0,73.0,188.0,188,515455
195872,W,DOMESTIC,-84.13673,40.693709999999996,GEOCODE,ALLEN,SHAWNEE,1987-12-14,150.0,863.7000122070312,GRAVEL,CABLE TOOL,12.0,90.0,150.0,,657187
195873,W,DOMESTIC,-84.17022999999999,40.736059999999995,GEOCODE,ALLEN,AMERICAN,1959-10-31,59.0,838.9000244140625,SAND & GRAVEL,,15.0,29.0,59.0,,197538
195874,W,DOMESTIC,-84.13380000000001,40.66023,GEOCODE,ALLEN,SHAWNEE,1987-04-10,96.0,895.2999877929688,GRAVEL,CABLE TOOL,20.0,40.0,96.0,,657151
195875,W,DOMESTIC,-84.13607999999999,40.68548,GEOCODE,ALLEN,SHAWNEE,1984-10-22,86.0,867.2999877929688,GRAVEL,,20.0,51.0,86.0,,649669
195879,W,DOMESTIC,-84.08475,40.80321,GEOCODE,ALLEN,BATH,1988-11-16,83.0,840.9000244140625,LIMESTONE,ROTARY,5.0,30.0,45.0,45,689071
195880,W,,-84.18130000000001,40.772839999999995,,ALLEN,AMERICAN,1996-06-10,63.0,815.4000244140625,LIMESTONE,ROTARY,20.0,27.0,40.0,40,828376
195883,W,DOMESTIC,-83.91829,40.84458,GEOCODE,ALLEN,RICHLAND,1986-03-01,60.0,873.0999755859375,LIMESTONE,,8.0,18.0,33.0,30,651933
195893,W,DOMESTIC,-84.06927,40.665949999999995,GEOCODE,ALLEN,PERRY,1989-08-20,100.0,915.7000122070312,GRAVEL,ROTARY,20.0,13.0,100.0,,700172
195894,W,DOMESTIC,-84.007577,40.742459,DIGITIZED,ALLEN,BATH,1957-07-16,74.0,931.7999877929688,LIMESTONE,,,38.0,38.0,72,161691
195895,W,DOMESTIC,-84.14654,40.68411,GEOCODE,ALLEN,SHAWNEE,1987-06-29,220.0,862.7000122070312,LIMESTONE,,10.0,48.0,,198,665438
195898,W,DOMESTIC,-84.09676999999999,40.687419999999996,,ALLEN,PERRY,1994-03-05,443.0,905.0999755859375,LIMESTONE,ROTARY,500.0,50.0,215.0,210,784666
195899,W,DOMESTIC,-84.10011,40.80057,GEOCODE,ALLEN,BATH,1986-09-23,80.0,830.0999755859375,LIMESTONE,,5.0,30.0,40.0,37,636275
195900,W,,-84.176647,40.84324,DIGITIZED,ALLEN,SUGAR CREEK,1953-11-05,38.0,780.2000122070312,LIMESTONE,,4.0,15.0,20.0,20,123507
195901,W,DOMESTIC,-84.14562,40.725864,DIGITIZED,ALLEN,SHAWNEE,1959-05-05,66.0,879.7999877929688,GRAVEL,,10.0,27.0,66.0,,197529
195902,W,DOMESTIC,-84.147562,40.692561,DIGITIZED,ALLEN,SHAWNEE,1956-06-17,94.0,855.5999755859375,GRAVEL,,11.0,36.0,94.0,,174063
195907,W,MONITOR,-84.11354999999999,40.74255,,ALLEN,AMERICAN,1994-04-28,24.0,888.9000244140625,SILT,AUGER,,,,,791660
195908,W,DOMESTIC,-84.15093999999999,40.66165,GEOCODE,ALLEN,SHAWNEE,1996-10-25,100.0,876.7999877929688,SAND & GRAVEL,ROTARY,20.0,29.0,97.0,,846008
195910,W,DOMESTIC,-84.09935,40.86111,GEOCODE,ALLEN,MONROE,1984-10-12,27.0,783.0,LIMESTONE,,20.0,7.0,27.0,22,639217
195911,W,DOMESTIC,-84.18052999999999,40.78031,,ALLEN,AMERICAN,1993-07-19,63.0,804.7000122070312,LIMESTONE,ROTARY,6.0,17.0,25.0,25,769288
195918,W,DOMESTIC,-84.16503,40.765049999999995,,ALLEN,AMERICAN,1990-07-18,169.0,816.7999877929688,LIMESTONE,ROTARY,10.0,32.0,153.0,153,707291
195919,W,,-84.079674,40.731169,DIGITIZED,ALLEN,BATH,1953-09-11,100.0,885.7000122070312,LIMESTONE,,20.0,60.0,41.0,41,123502
195920,W,,-84.036461,40.755219,DIGITIZED,ALLEN,BATH,1966-05-19,69.0,895.7999877929688,LIMESTONE,,18.0,35.0,36.0,35,328692
195921,W,DOMESTIC,-84.29016999999999,40.829409999999996,GEOCODE,ALLEN,MARION,1982-07-20,110.0,775.7999877929688,LIMESTONE,,4.0,18.0,24.0,22,515485
195922,W,DOMESTIC,-84.20403999999999,40.69669,GEOCODE,ALLEN,SHAWNEE,1995-09-29,76.0,879.9000244140625,GRAVEL,CABLE TOOL,15.0,55.0,76.0,,819987
195926,W,DOMESTIC,-83.951633,40.754658,,ALLEN,JACKSON,1987-10-12,120.0,942.0,LIMESTONE,,10.0,36.0,31.0,28,665292
195927,W,DOMESTIC,-84.09076999999999,40.804500000000004,GEOCODE,ALLEN,BATH,1993-02-16,72.0,833.4000244140625,LIMESTONE,CABLE TOOL,7.0,31.0,40.0,70,761033
195928,W,DOMESTIC,-84.04593899999999,40.759554,DIGITIZED,ALLEN,BATH,1967-08-05,51.0,887.2999877929688,LIMESTONE,,20.0,17.0,31.0,30,357531
195932,W,DOMESTIC,-84.26176,40.731226,DIGITIZED,ALLEN,AMANDA,1955-07-06,34.0,823.2000122070312,GRAVEL,,,,33.0,,121442
195937,W,DOMESTIC,-84.128394,40.776044999999996,DIGITIZED,ALLEN,AMERICAN,1950-09-25,98.0,838.2000122070312,LIMESTONE,,,20.0,32.0,29,40819
200668,W,,-84.173667,40.744167,DIGITIZED,ALLEN,AMERICAN,1947-11-13,97.0,825.0,LIMESTONE,,25.0,46.0,71.0,75,23420
200793,W,,-83.976575,40.757919,DIGITIZED,ALLEN,JACKSON,1948-03-10,73.0,928.5999755859375,LIMESTONE,,20.0,32.0,39.0,38,26356
200804,W,,-84.08677,40.71289,GEOCODE,ALLEN,PERRY,,76.0,891.2999877929688,GRAVEL & CLAY,,,,76.0,,62110
200816,W,,-84.174724,40.842331,DIGITIZED,ALLEN,SUGAR CREEK,1950-05-13,37.0,782.4000244140625,LIMESTONE,,,36.800000000000004,13.0,11,5890
202667,W,DOMESTIC,-83.88467,40.7762,GEOCODE,ALLEN,JACKSON,1996-11-08,130.0,948.0,LIMESTONE,ROTARY,50.0,11.0,30.0,30,843075
202674,W,DOMESTIC,-84.20196,40.691700000000004,GEOCODE,ALLEN,SHAWNEE,1996-10-24,80.0,872.4000244140625,GRAVEL,CABLE TOOL,12.0,55.0,80.0,,839965
202843,W,MONITOR,-84.12751,40.758900000000004,,ALLEN,AMERICAN,1998-05-05,45.0,848.7000122070312,SAND,AUGER,,,30.0,,872824
202865,W,DOMESTIC,-83.95441,40.92002,GEOCODE,ALLEN,RICHLAND,1998-07-22,29.0,784.5,LIMESTONE,CABLE TOOL,20.0,11.0,26.0,7,869650
202890,W,DOMESTIC,-84.22354,40.78736,GEOCODE,ALLEN,MARION,1997-03-24,92.0,794.9000244140625,LIMESTONE,CABLE TOOL,10.0,18.0,33.0,33,839990
202965,W,DOMESTIC,-84.03251999999999,40.69312,GEOCODE,ALLEN,PERRY,1997-11-18,138.0,977.2999877929688,GRAVEL,CABLE TOOL,15.0,45.0,138.0,,859471
203011,W,DOMESTIC,-84.22176,40.7023,GEOCODE,ALLEN,AMANDA,1998-08-13,60.0,858.0999755859375,SAND,CABLE TOOL,15.0,2.5,60.0,,879733
203024,W,MUNICIPAL,-83.973368,40.829515,,ALLEN,RICHLAND,1998-11-20,435.0,867.0,LIMESTONE,ROTARY,,29.0,105.0,37,884275
203075,W,DOMESTIC,-84.20803,40.696459999999995,GEOCODE,ALLEN,SHAWNEE,1999-03-16,102.0,875.4000244140625,LIMESTONE,ROTARY,50.0,52.0,86.0,78,889138
203077,W,DOMESTIC,-83.91843999999999,40.90887,GEOCODE,ALLEN,RICHLAND,1998-12-11,57.0,814.7999877929688,LIMESTONE,ROTARY,15.0,22.0,30.0,30,884284
203080,W,DOMESTIC,-84.24318,40.785849999999996,GEOCODE,ALLEN,MARION,1998-01-05,111.0,799.5,LIMESTONE,ROTARY,4.0,40.0,33.0,30,867894
203111,W,DOMESTIC,-84.30095,40.80329,GEOCODE,ALLEN,MARION,1999-06-24,144.0,787.7000122070312,LIMESTONE,ROTARY,10.0,20.0,28.0,24,902322
203251,W,DOMESTIC,-84.07663,40.803219999999996,GEOCODE,ALLEN,BATH,1999-04-28,60.0,857.5,LIMESTONE,CABLE TOOL,10.0,40.0,54.0,51,879771
203292,W,DOMESTIC,-84.16530999999999,40.66496,GEOCODE,ALLEN,SHAWNEE,2000-08-05,182.0,864.2000122070312,LIMESTONE,ROTARY,20.0,29.0,140.0,126,918062
203470,W,DOMESTIC,-84.24216,40.701209999999996,GEOCODE,ALLEN,AMANDA,2001-04-06,50.0,847.9000244140625,LIMESTONE,CABLE TOOL,3.0,21.0,42.0,42,921658
203524,W,DOMESTIC,-84.06164,40.81769,,ALLEN,MONROE,2001-01-18,62.0,844.9000244140625,LIMESTONE,ROTARY,12.0,19.0,44.0,44,922122
203609,W,DOMESTIC,-84.01286999999999,40.78151,GEOCODE,ALLEN,BATH,2001-04-13,76.0,919.2000122070312,LIMESTONE,ROTARY,20.0,46.0,70.0,70,929693
203709,W,DOMESTIC,-83.93293,40.7291,GEOCODE,ALLEN,AUGLAIZE,2001-11-28,95.0,995.9000244140625,LIMESTONE,ROTARY,30.0,40.0,82.0,93,936589
203774,W,DOMESTIC,-83.99049,40.64398,GEOCODE,ALLEN,AUGLAIZE,2001-08-08,95.0,1017.5999755859375,LIMESTONE,ROTARY,25.0,50.0,65.0,65,936561
203981,W,DOMESTIC,-83.99123999999999,40.74558,GEOCODE,ALLEN,JACKSON,2002-02-22,62.0,930.2999877929688,LIMESTONE,ROTARY,15.0,22.0,48.0,60,940578
204144,W,DOMESTIC,-84.02444,40.694829999999996,GEOCODE,ALLEN,PERRY,2002-03-06,170.0,987.7999877929688,LIMESTONE,ROTARY,40.0,55.0,165.0,168,940551
204232,W,MONITOR,-84.11341,40.72199,GEOCODE,ALLEN,SHAWNEE,2003-03-03,10.0,864.0999755859375,CLAY/SAND/GRAVEL,AUGER,,,6.0,,951343
204284,W,DOMESTIC,-84.22386,40.80571,GEOCODE,ALLEN,SUGAR CREEK,1995-10-24,62.0,798.0999755859375,LIMESTONE,CABLE TOOL,6.0,20.0,26.0,26,819990
204352,W,DOMESTIC,-83.959277,40.681568,DIGITIZED,ALLEN,AUGLAIZE,1954-08-16,42.0,974.7999877929688,LIMESTONE,,20.0,14.0,28.0,28,123538
204401,W,DOMESTIC,-84.134439,40.690667999999995,DIGITIZED,ALLEN,SHAWNEE,1961-09-26,237.0,868.4000244140625,LIMESTONE & ROCK,,20.0,44.0,195.0,199,217133
204462,W,DOMESTIC,-84.156768,40.787198,DIGITIZED,ALLEN,AMERICAN,1952-09-02,139.0,809.9000244140625,GRAVEL,,8.0,20.0,139.0,,85158
204486,W,DOMESTIC,-84.21961,40.69392,GEOCODE,ALLEN,AMANDA,2002-11-07,80.0,872.2999877929688,GRAVEL,ROTARY,20.0,55.0,80.0,,956772
204493,W,DOMESTIC,-84.10134599999999,40.800121999999995,DIGITIZED,ALLEN,BATH,1954-08-31,58.0,835.4000244140625,LIMESTONE,,4.0,,41.0,40,126130
204503,W,MONITOR,-84.08970000000001,40.702079999999995,,ALLEN,PERRY,1994-07-11,8.0,900.2999877929688,GRAVEL,AUGER,,,3.0,,787410
204528,W,DOMESTIC,-84.07279,40.68841,GEOCODE,ALLEN,PERRY,1987-07-21,72.0,947.7999877929688,GRAVEL,CABLE TOOL,20.0,50.0,72.0,,657161
204559,W,DOMESTIC,-84.09156999999999,40.76069,GEOCODE,ALLEN,BATH,1970-12-19,191.0,876.9000244140625,LIMESTONE,,20.0,136.0,48.0,189,376283
204601,W,DOMESTIC,-84.13687999999999,40.673988,DIGITIZED,ALLEN,SHAWNEE,1954-09-03,79.0,877.2999877929688,GRAVEL,,14.0,31.0,79.0,,139805
204654,W,DOMESTIC,-84.034888,40.701222,,ALLEN,PERRY,2003-07-19,95.0,961.5,LIMESTONE,ROTARY,50.0,52.0,93.0,93,963236
204663,W,,-84.024806,40.763072,DIGITIZED,ALLEN,BATH,1949-12-01,66.0,878.5999755859375,LIMESTONE,,20.0,30.0,26.0,26,69618
204695,W,DOMESTIC,-83.91443199999999,40.877887,DIGITIZED,ALLEN,RICHLAND,1952-09-08,97.0,843.9000244140625,LIMESTONE,,,47.0,26.0,95,94324
204704,W,DOMESTIC,-84.104098,40.703579999999995,DIGITIZED,ALLEN,PERRY,1959-05-07,100.0,884.2999877929688,LIMESTONE,,4.0,30.0,43.0,43,160034
204748,W,DOMESTIC,-84.134439,40.690667999999995,DIGITIZED,ALLEN,SHAWNEE,1958-01-09,48.0,868.4000244140625,GRAVEL,,15.0,30.0,48.0,,187885
204782,W,DOMESTIC,-83.95628099999999,40.811271999999995,DIGITIZED,ALLEN,JACKSON,1960-08-16,50.0,897.0,LIMESTONE,,12.0,21.0,46.0,46,245575
204789,W,DOMESTIC,-84.28291999999999,40.718019999999996,GLOBAL POSITIONING SYSTEM,ALLEN,AMANDA,2003-07-08,43.0,825.9000244140625,SHALE,CABLE TOOL,10.0,26.0,42.0,41,962731
204909,W,DOMESTIC,-84.294541,40.857901999999996,DIGITIZED,ALLEN,MARION,1963-09-07,96.0,765.0999755859375,LIMESTONE,,3.0,16.0,20.0,19,291127
204928,W,DOMESTIC,-83.99416,40.71665,GEOCODE,ALLEN,PERRY,2002-10-02,150.0,971.4000244140625,LIMESTONE,ROTARY,12.0,55.0,140.0,148,963248
204982,W,DOMESTIC,-84.374831,40.707021999999995,DIGITIZED,ALLEN,SPENCER,1964-12-22,57.0,830.0999755859375,GRAVEL,,14.0,26.0,57.0,,317269
205031,W,DOMESTIC,-84.23389,40.75336,GLOBAL POSITIONING SYSTEM,ALLEN,AMANDA,2004-07-19,62.0,820.0,LIMESTONE,ROTARY,15.0,20.0,36.0,33,981396
205057,W,DOMESTIC,-84.310226,40.837472999999996,GLOBAL POSITIONING SYSTEM,ALLEN,MARION,2004-04-08,157.0,774.9000244140625,LIMESTONE,ROTARY,7.0,80.0,26.0,154,972053
205103,W,DOMESTIC,-84.31815999999999,40.70064,GEOCODE,ALLEN,SPENCER,2003-08-20,60.0,847.4000244140625,SHALE,CABLE TOOL,10.0,36.0,57.0,57,962735
205109,W,,-84.24257999999999,40.70295,GLOBAL POSITIONING SYSTEM,ALLEN,AMANDA,2004-04-10,74.0,845.7999877929688,LIMESTONE,CABLE TOOL,15.0,26.0,49.0,48,962741
205118,W,MONITOR,-84.33487,40.83143,GEOCODE,ALLEN,SHAWNEE,2003-08-27,27.0,777.2000122070312,SILT,ROTARY,,,16.0,16,964833
205196,W,DOMESTIC,-84.099,40.815000000000005,GLOBAL POSITIONING SYSTEM,ALLEN,BATH,2004-02-05,75.0,821.7000122070312,LIMESTONE,ROTARY,10.0,22.0,33.0,72,963184
205234,W,DOMESTIC,-83.93751,40.658300000000004,,ALLEN,AUGLAIZE,2003-11-01,41.0,1032.5,LIMESTONE,CABLE TOOL,12.0,26.0,39.0,39,960949
205297,W,DOMESTIC,-84.37310000000001,40.735333,,ALLEN,SPENCER,2004-09-01,48.0,814.7999877929688,SAND & GRAVEL,CABLE TOOL,12.0,15.0,46.0,46,962747
205387,W,DOMESTIC,-83.91533,40.834,GLOBAL POSITIONING SYSTEM,ALLEN,RICHLAND,2004-05-06,202.0,874.0,LIMESTONE,ROTARY,4.0,10.0,26.0,94,980932
205395,W,DOMESTIC,-84.22326,40.73178,GEOCODE,ALLEN,AMANDA,2004-03-18,58.0,828.2000122070312,SHALE,CABLE TOOL,6.0,35.0,55.0,55,967472
205677,W,DOMESTIC,-84.23277999999999,40.69972,GLOBAL POSITIONING SYSTEM,ALLEN,AMANDA,2006-02-10,117.0,854.0999755859375,LIMESTONE,AIR ROTARY,12.0,40.0,68.0,115,2001194
205796,W,DOMESTIC,-84.30890000000001,40.75633,GEOCODE,ALLEN,AMANDA,2005-07-19,32.0,802.0999755859375,SAND & GRAVEL,CABLE TOOL,12.0,19.0,30.0,29,962757
205844,W,DOMESTIC,-83.98237999999999,40.71668,GEOCODE,ALLEN,AUGLAIZE,2005-07-12,102.0,983.7000122070312,,ROTARY,20.0,52.0,102.0,,990610
205883,W,DOMESTIC,-84.134439,40.690667999999995,DIGITIZED,ALLEN,SHAWNEE,1957-06-02,97.0,868.4000244140625,GRAVEL,,5.0,33.0,97.0,,192059
205893,W,DOMESTIC,-83.912824,40.892485,DIGITIZED,ALLEN,RICHLAND,1961-09-12,126.0,840.7000122070312,LIMESTONE,,,37.0,41.0,36,260671
205894,W,,-84.10583299999999,40.709038,DIGITIZED,ALLEN,PERRY,1949-01-01,74.0,897.7000122070312,LIMESTONE,,,22.0,45.0,72,30661
205905,W,DOMESTIC,-84.086124,40.831181,DIGITIZED,ALLEN,MONROE,1956-04-30,37.0,813.5,LIMESTONE,,10.0,18.0,23.0,20,176861
205923,W,,-84.02928,40.89035,GLOBAL POSITIONING SYSTEM,ALLEN,MONROE,2005-12-01,28.0,784.7999877929688,,CABLE TOOL,12.0,8.0,26.0,26,997937
205946,W,DOMESTIC,-84.000717,40.745450999999996,DIGITIZED,ALLEN,BATH,1958-04-23,59.0,915.5999755859375,LIMESTONE,,30.0,13.0,21.0,56,208706
205993,W,DOMESTIC,-84.090274,40.705641,DIGITIZED,ALLEN,PERRY,1962-10-30,38.0,893.2000122070312,GRAVEL,,15.0,15.0,38.0,,281612
206042,W,DOMESTIC,-84.185991,40.77576,DIGITIZED,ALLEN,AMERICAN,1966-05-25,144.0,811.2000122070312,LIMESTONE,,15.0,27.0,28.0,24,337036
206050,W,DOMESTIC,-84.09461999999999,40.80057,GLOBAL POSITIONING SYSTEM,ALLEN,BATH,2006-05-03,60.0,834.5999755859375,LIMESTONE,ROTARY,15.0,28.0,40.0,58,990673
206226,W,DOMESTIC,-84.177302,40.703914999999995,DIGITIZED,ALLEN,SHAWNEE,1952-08-28,112.0,872.5,LIMESTONE,,20.0,25.0,75.0,75,100607
206513,W,DOMESTIC,-84.154845,40.779765,DIGITIZED,ALLEN,AMERICAN,1954-06-09,40.0,818.0,GRAVEL,,10.0,,40.0,,129731
206514,W,DOMESTIC,-84.05529899999999,40.745166999999995,DIGITIZED,ALLEN,BATH,1962-08-27,64.0,890.2000122070312,LIMESTONE,,20.0,32.0,41.0,41,266499
206516,W,DOMESTIC,-84.157189,40.708796,DIGITIZED,ALLEN,SHAWNEE,1962-07-12,104.0,827.5999755859375,GRAVEL,,10.0,45.0,104.0,,284451
206583,W,DOMESTIC,-84.225319,40.693089,DIGITIZED,ALLEN,AMANDA,1957-05-17,82.0,872.0999755859375,LIMESTONE,,,48.0,71.0,71,199763
206585,W,DOMESTIC,-84.10485,40.703035,DIGITIZED,ALLEN,PERRY,1959-08-22,33.0,883.2999877929688,GRAVEL,,8.0,12.0,33.0,,229474
206596,W,DOMESTIC,-84.00927,40.765003,DIGITIZED,ALLEN,BATH,1963-06-08,53.0,896.0999755859375,LIMESTONE,,20.0,22.0,27.0,26,286084
206597,W,DOMESTIC,-84.062547,40.751218,DIGITIZED,ALLEN,BATH,1964-10-19,97.0,872.7000122070312,LIMESTONE,,24.0,24.0,18.0,18,319418
206611,W,DOMESTIC,-84.032795,40.817537,DIGITIZED,ALLEN,BATH,1957-08-22,50.0,860.0999755859375,LIMESTONE,,10.0,21.0,32.0,49,181731
206612,W,DOMESTIC,-84.309874,40.843084,DIGITIZED,ALLEN,MARION,1962-05-16,48.0,772.9000244140625,LIMESTONE,,14.0,7.0,23.0,23,264490
206613,W,DOMESTIC,-84.107682,40.675563,DIGITIZED,ALLEN,PERRY,1962-06-01,95.0,915.2000122070312,SAND & GRAVEL,,10.0,28.0,95.0,,258483
207168,W,DOMESTIC,-84.3225,40.833332999999996,GLOBAL POSITIONING SYSTEM,ALLEN,MARION,2007-08-17,188.0,777.0,LIMESTONE,AIR ROTARY,12.0,100.0,26.0,21,2011906
207180,W,DOMESTIC,-83.973233,40.681317,,ALLEN,AUGLAIZE,2007-08-16,82.0,959.2000122070312,LIMESTONE,ROTARY,30.0,14.0,38.0,38,1007165
207240,W,MONITOR,-84.33916699999999,40.846833,MAP-OTHERS,ALLEN,MARION,2007-05-03,30.0,769.5999755859375,LIMESTONE,AUGER,,0.0,30.0,13,2010311
207243,W,DOMESTIC,-83.95176,40.79683,GEOCODE,ALLEN,RICHLAND,2007-10-01,67.0,909.7999877929688,LIMESTONE,AIR ROTARY,50.0,15.0,42.0,66,2013151
207739,W,DOMESTIC,-84.03246999999999,40.79438,,ALLEN,BATH,2009-08-07,110.0,875.5999755859375,LIMESTONE,ROTARY,20.0,28.0,65.0,108,1007284
207986,W,DOMESTIC,-84.006667,40.715278,GLOBAL POSITIONING SYSTEM,ALLEN,PERRY,2009-04-23,86.0,965.9000244140625,SAND & GRAVEL,AIR ROTARY,10.0,55.0,80.0,,2022343
208072,W,MONITOR,-84.156933,40.737049999999996,GLOBAL POSITIONING SYSTEM,ALLEN,AMERICAN,2008-11-07,14.600000381469727,841.7999877929688,CLAY,AUGER,,10.0,2.0,,2019944
208140,W,DOMESTIC,-84.25444,40.68667,,ALLEN,AMANDA,2009-09-23,55.0,857.2999877929688,SHALE,CABLE TOOL,15.0,45.0,52.0,52,1011871
208194,W,DOMESTIC,-84.273667,40.693000000000005,GLOBAL POSITIONING SYSTEM,ALLEN,AMANDA,2010-03-02,63.0,845.9000244140625,LIMESTONE,AIR ROTARY,10.0,30.0,48.0,46,2026400
208211,W,AGRIC/IRRIG,-83.96409,40.83855,,ALLEN,RICHLAND,2006-06-01,41.0,858.5999755859375,LIMESTONE,CABLE TOOL,12.0,12.0,32.0,29,1013032
208251,W,MONITOR,-83.87201,40.89286,GLOBAL POSITIONING SYSTEM,ALLEN,RICHLAND,2008-07-29,18.0,845.7000122070312,SAND & SILT,AUGER,,0.0,8.0,,2017831
208374,W,DOMESTIC,-84.04279,40.86815,GEOCODE,ALLEN,MONROE,2007-09-01,31.0,798.7000122070312,LIMESTONE & SHALE,CABLE TOOL,,11.0,28.0,28,997921
208388,W,MONITOR,-84.10300000000001,40.73713,GLOBAL POSITIONING SYSTEM,ALLEN,AMANDA,2008-01-22,13.0,851.7999877929688,CLAY,AUGER,,0.0,3.0,,2014876
208421,W,DOMESTIC,-84.07472,40.657222,,ALLEN,PERRY,2007-05-26,75.0,925.2999877929688,SANDSTONE,CABLE TOOL,10.0,40.0,70.0,74,1005847
208549,W,DOMESTIC,-84.228611,40.696388999999996,,ALLEN,AMANDA,2009-06-13,70.0,864.5999755859375,SHALE,CABLE TOOL,15.0,50.0,68.0,68,1011877
208565,W,MONITOR,-84.122658,40.683388,GEOCODE,ALLEN,SHAWNEE,2011-08-29,24.0,881.0999755859375,SAND & GRAVEL,BUCKET AUGER,,0.0,14.0,,2034663
208648,W,DOMESTIC,-84.07480000000001,40.875766999999996,GLOBAL POSITIONING SYSTEM,ALLEN,MONROE,2012-10-01,30.0,782.7999877929688,LIMESTONE,CABLE TOOL,12.0,8.0,26.0,29,1013051
208662,W,DOMESTIC,-83.98473299999999,40.754433,,ALLEN,JACKSON,2011-05-12,60.0,926.7000122070312,LIMESTONE,ROTARY,20.0,25.0,38.0,57,1014593
208743,W,AGRIC/IRRIG,-83.99886099999999,40.816736,,ALLEN,JACKSON,1998-05-21,335.0,868.5,LIMESTONE,ROTARY,300.0,14.0,32.0,30,1014542
208749,W,DOMESTIC,-83.887967,40.65405,,ALLEN,AUGLAIZE,2012-07-02,130.0,1040.699951171875,LIMESTONE,ROTARY,15.0,50.0,64.0,64,1014541
209066,W,DOMESTIC,-84.1841,40.84484,,ALLEN,SUGAR CREEK,1988-07-11,63.0,785.2999877929688,LIMESTONE,,15.0,10.0,27.0,25,678069
209223,W,DOMESTIC,-84.209167,40.848333,GLOBAL POSITIONING SYSTEM,ALLEN,SUGAR CREEK,2013-11-29,84.0,775.0,LIMESTONE,AIR ROTARY,4.0,15.0,28.0,19,2046213
209390,W,DOMESTIC,-84.20473299999999,40.71405,GLOBAL POSITIONING SYSTEM,ALLEN,SHAWNEE,2015-05-08,85.0,848.4000244140625,LIMESTONE,ROTARY,20.0,29.0,83.0,80,1018656
209440,W,DOMESTIC,-84.34926999999999,40.802600000000005,GLOBAL POSITIONING SYSTEM,ALLEN,MARION,2014-06-18,153.0,787.7000122070312,LIMESTONE,ROTARY,25.0,13.0,27.0,20,2048010
209588,W,DOMESTIC,-84.18297199999999,40.844364999999996,DIGITAL MAP,ALLEN,SUGAR CREEK,2017-07-07,75.0,,LIMESTONE,ROTARY,30.0,16.0,32.0,28,1020188
209659,W,MONITOR,-84.04016,40.78859,GLOBAL POSITIONING SYSTEM,ALLEN,BATH,2017-08-21,14.0,,,GEOPROBE,,,4.0,,2064394
209705,W,DOMESTIC,-84.1537,40.802383,GLOBAL POSITIONING SYSTEM,ALLEN,SUGAR CREEK,2017-02-14,80.0,,LIMESTONE,ROTARY,15.0,22.0,29.0,27,1019634
209778,W,MONITOR,-84.04033,40.78862,GLOBAL POSITIONING SYSTEM,ALLEN,BATH,2017-04-10,13.0,,CLAY,GEOPROBE,,9.0,3.0,,2061930
209859,W,DOMESTIC,-84.08997,40.686859999999996,GEOCODE,ALLEN,PERRY,1993-11-15,130.0,923.5,LIMESTONE,ROTARY,50.0,50.0,122.0,115,786554
209901,W,DOMESTIC,-84.06851999999999,40.71667,GEOCODE,ALLEN,PERRY,1995-03-27,72.0,906.0999755859375,SAND & GRAVEL,,5.0,38.0,72.0,,791799
210257,W,MONITOR,-84.12608999999999,40.687169999999995,GLOBAL POSITIONING SYSTEM,ALLEN,SHAWNEE,2019-05-06,12.0,,SILT,GEOPROBE,,5.0,2.0,,2073645
210261,W,DOMESTIC,-84.08278299999999,40.66525,GLOBAL POSITIONING SYSTEM,ALLEN,PERRY,2020-01-27,220.0,,LIMESTONE,MUD/AIR ROTARY,15.0,86.0,198.0,,2078013
210348,W,DOMESTIC,-84.25733,40.78301,GEOCODE,ALLEN,MARION,1994-09-06,124.0,805.2999877929688,LIMESTONE,,5.0,,36.0,34,791781
210370,W,DOMESTIC,-84.061566,40.817949999999996,GLOBAL POSITIONING SYSTEM,ALLEN,MONROE,2017-10-01,58.0,,LIMESTONE,CABLE TOOL,12.0,20.0,42.0,42,1015567
210414,W,DOMESTIC,-83.977233,40.732067,GLOBAL POSITIONING SYSTEM,ALLEN,JACKSON,2019-07-29,105.0,,LIMESTONE,MUD/AIR ROTARY,15.0,27.0,64.0,,2074687
210477,W,DOMESTIC,-83.912,40.862867,GLOBAL POSITIONING SYSTEM,ALLEN,RICHLAND,2019-07-02,48.0,,LIMESTONE,MUD/AIR ROTARY,15.0,20.0,33.0,,2074195
210585,W,DOMESTIC,-84.01463799999999,40.817332,DIGITAL MAP,ALLEN,BATH,2018-06-01,65.0,,LIMESTONE,ROTARY,30.0,21.0,37.0,37,1020680
210681,W,MONITOR,-84.10553999999999,40.74388,,ALLEN,BATH,1990-10-31,25.0,879.0,SAND,AUGER,,8.3,25.0,,721886
210682,W,MONITOR,-84.09700000000001,40.75179,GEOCODE,ALLEN,BATH,1993-03-02,13.0,863.7999877929688,GRAVEL & CLAY,AUGER,,,,,9931035
210685,W,DOMESTIC,-84.165724,40.762768,DIGITIZED,ALLEN,AMERICAN,1961-02-20,45.0,817.0,SAND & GRAVEL,,5.0,22.0,45.0,,208732
210686,W,DOMESTIC,-83.91002999999999,40.68089,GEOCODE,ALLEN,AUGLAIZE,1995-09-15,63.0,1008.2000122070312,LIMESTONE,ROTARY,10.0,17.0,39.0,39,822269
210687,W,DOMESTIC,-84.175032,40.690657,DIGITIZED,ALLEN,SHAWNEE,1954-05-19,110.0,854.2000122070312,LIMESTONE,,20.0,30.0,77.0,77,123522
210688,W,DOMESTIC,-84.158104,40.710522,DIGITIZED,ALLEN,SHAWNEE,1955-07-27,145.0,843.0,LIMESTONE,,10.0,35.0,135.0,143,142825
210692,W,DOMESTIC,-84.28070000000001,40.73332,GEOCODE,ALLEN,AMANDA,1994-09-13,118.0,818.7000122070312,LIMESTONE,,10.0,47.0,58.0,54,801793
210693,W,DOMESTIC,-84.015396,40.746106,DIGITIZED,ALLEN,BATH,1956-08-22,70.0,924.2999877929688,LIMESTONE,,20.0,32.0,26.0,26,173430
210694,W,DOMESTIC,-83.98498,40.741369999999996,,ALLEN,JACKSON,1996-07-09,220.0,929.2000122070312,LIMESTONE,ROTARY,20.0,30.0,66.0,66,828382
210695,W,DOMESTIC,-84.171672,40.693332,DIGITIZED,ALLEN,SHAWNEE,1959-08-22,27.0,849.5999755859375,GRAVEL,,20.0,8.0,27.0,,197536
210696,W,DOMESTIC,-84.163096,40.710597,DIGITIZED,ALLEN,SHAWNEE,1963-07-06,80.0,862.4000244140625,STONE,,10.0,64.0,80.0,60,274646
210700,W,DOMESTIC,-84.22417,40.71452,,ALLEN,AMANDA,1985-07-18,52.0,838.5999755859375,LIMESTONE,,20.0,22.0,42.0,42,629970
210701,W,DOMESTIC,-84.01324,40.79331,GEOCODE,ALLEN,BATH,1987-07-01,55.0,881.5,LIMESTONE,,20.0,20.0,42.0,39,665256
210702,W,PUBLIC/SEMI-PUB,-84.01326,40.73988,GEOCODE,ALLEN,BATH,1990-03-15,65.0,925.2000122070312,LIMESTONE,ROTARY,7.0,45.0,41.0,38,707056
210703,W,PUBLIC/SEMI-PUB,-84.17969,40.72277,GEOCODE,ALLEN,SHAWNEE,1989-10-20,60.0,840.7999877929688,LIMESTONE,ROTARY,15.0,30.0,49.0,45,705131
210704,W,DOMESTIC,-84.224201,40.791627,DIGITIZED,ALLEN,MARION,1964-10-17,59.0,789.0,LIMESTONE,,14.0,20.0,30.0,26,317263
210705,W,DOMESTIC,-83.96587099999999,40.771519999999995,DIGITIZED,ALLEN,JACKSON,1957-05-06,71.0,922.2000122070312,LIMESTONE,,,30.0,35.0,70,161683
210706,W,DOMESTIC,-83.993813,40.76032,DIGITIZED,ALLEN,JACKSON,1964-06-02,62.0,924.0,LIMESTONE,,16.0,37.0,45.0,44,302386
210707,W,DOMESTIC,-84.27212999999999,40.81299,GEOCODE,ALLEN,MARION,1991-05-29,85.0,782.7999877929688,LIMESTONE,CABLE TOOL,5.0,14.0,25.0,17,677286
210708,W,DOMESTIC,-84.18274,40.765609999999995,GEOCODE,ALLEN,AMERICAN,1996-07-09,61.0,829.7000122070312,GRAVEL,ROTARY,10.0,35.0,61.0,,835523
210709,W,DOMESTIC,-84.09407,40.798179999999995,GEOCODE,ALLEN,BATH,1986-04-03,47.0,845.2000122070312,GRAVEL,CABLE TOOL,20.0,40.0,47.0,,654554
210712,W,DOMESTIC,-84.18884,40.70263,GEOCODE,ALLEN,SHAWNEE,1989-05-20,160.0,878.5,LIMESTONE,ROTARY,12.0,65.0,85.0,85,696692
210713,W,DOMESTIC,-84.19456,40.69356,GEOCODE,ALLEN,SHAWNEE,1992-01-29,165.0,867.2000122070312,LIMESTONE,ROTARY,25.0,49.0,137.0,134,745246
210716,W,DOMESTIC,-84.192241,40.773205999999995,DIGITIZED,ALLEN,AMERICAN,1962-11-02,57.0,812.2000122070312,LIMESTONE,,10.0,23.0,44.0,42,258496
210717,W,COMMERCIAL,-84.188008,40.773253,DIGITIZED,ALLEN,AMERICAN,1953-06-08,66.0,813.7999877929688,GRAVEL,,,,66.0,,72860
210719,W,DOMESTIC,-84.08913,40.808,GEOCODE,ALLEN,BATH,1988-05-20,50.0,827.7999877929688,LIMESTONE,,20.0,24.0,37.0,37,680914
210720,W,DOMESTIC,-84.07714,40.79734,GEOCODE,ALLEN,BATH,1986-03-08,75.0,848.5999755859375,LIMESTONE,,10.0,12.0,25.0,25,654552
210721,W,DOMESTIC,-84.104297,40.704983,DIGITIZED,ALLEN,PERRY,1956-11-08,96.0,885.5999755859375,LIMESTONE,,5.0,18.0,56.0,80,199754
210722,W,DOMESTIC,-84.056995,40.716609999999996,DIGITIZED,ALLEN,PERRY,1952-07-11,61.0,920.9000244140625,GRAVEL,,15.0,32.0,61.0,,100602
210723,W,DOMESTIC,-84.15626999999999,40.789229999999996,,ALLEN,AMERICAN,1990-05-10,53.0,810.7000122070312,GRAVEL,ROTARY,10.0,20.0,50.0,,715007
210726,W,DOMESTIC,-83.91024,40.89198,GEOCODE,ALLEN,RICHLAND,1991-06-12,50.0,836.7000122070312,LIMESTONE,ROTARY,10.0,24.0,32.0,28,724806
210727,W,DOMESTIC,-84.164428,40.712756,DIGITIZED,ALLEN,SHAWNEE,1961-02-07,94.0,851.2000122070312,GRAVEL,,9.0,58.0,94.0,,245887
210729,W,DOMESTIC,-84.203409,40.800003,DIGITIZED,ALLEN,AMERICAN,1954-08-17,56.0,782.7000122070312,LIMESTONE,,,9.0,15.0,11,40847
210730,W,DOMESTIC,-84.157506,40.789392,DIGITIZED,ALLEN,AMERICAN,1966-04-04,138.0,811.0,GRAVEL,,15.0,28.0,138.0,,337027
210731,W,DOMESTIC,-83.93799,40.70606,GEOCODE,ALLEN,AUGLAIZE,1986-01-11,90.0,997.5,LIMESTONE,,7.0,34.0,58.0,55,651916
210732,W,DOMESTIC,-83.9371,40.775400000000005,,ALLEN,JACKSON,1993-04-07,53.0,904.2999877929688,LIMESTONE,ROTARY,30.0,11.0,27.0,16,767855
210733,W,DOMESTIC,-83.93696,40.74666,GEOCODE,ALLEN,JACKSON,1993-06-22,80.0,961.7000122070312,LIMESTONE,ROTARY,25.0,35.0,49.0,29,770967
210734,W,DOMESTIC,-84.13687999999999,40.673988,DIGITIZED,ALLEN,SHAWNEE,1956-08-26,79.0,877.2999877929688,GRAVEL,,9.0,34.0,79.0,,174074
210735,W,DOMESTIC,-84.13687999999999,40.673988,DIGITIZED,ALLEN,SHAWNEE,1964-02-22,161.0,877.2999877929688,LIMESTONE,,10.0,35.0,159.0,159,308801
210736,W,DOMESTIC,-84.12236999999999,40.669709999999995,GEOCODE,ALLEN,SHAWNEE,1996-02-09,110.0,898.0999755859375,LIMESTONE,ROTARY,7.0,35.0,80.0,80,828341
210737,W,DOMESTIC,-84.12371999999999,40.69666,GEOCODE,ALLEN,SHAWNEE,1981-08-24,334.0,892.2999877929688,LIMESTONE,,25.0,207.0,162.0,162,618566
210738,W,DOMESTIC,-84.1299,40.699819,DIGITIZED,ALLEN,SHAWNEE,1950-10-20,61.0,874.2999877929688,SAND & GRAVEL,,,20.0,60.0,,40836
210739,W,DOMESTIC,-84.186849,40.741211,DIGITIZED,ALLEN,AMERICAN,1964-07-15,131.0,823.0,LIMESTONE,,14.0,29.0,39.0,36,301096
210740,W,DOMESTIC,-84.26657,40.78597,GEOCODE,ALLEN,MARION,1993-05-18,185.0,798.5,LIMESTONE,ROTARY,12.0,20.0,28.0,25,767859
210741,W,DOMESTIC,-84.23313999999999,40.786989999999996,GEOCODE,ALLEN,MARION,1994-06-09,42.0,801.4000244140625,LIMESTONE,ROTARY,10.0,16.0,36.0,31,786607
210742,W,DOMESTIC,-84.2527,40.77307,GEOCODE,ALLEN,MARION,1994-07-20,65.0,799.2999877929688,LIMESTONE,ROTARY,20.0,5.0,30.0,27,786617
210743,W,DOMESTIC,-83.956097,40.682463999999996,DIGITIZED,ALLEN,AUGLAIZE,1963-09-10,29.0,975.5999755859375,LIMESTONE,,15.0,13.0,21.0,20,291129
210744,W,DOMESTIC,-84.06004,40.7351,GEOCODE,ALLEN,BATH,1972-12-15,82.0,890.7999877929688,LIMESTONE,,30.0,24.0,36.0,34,451070
210745,W,DOMESTIC,-84.150655,40.689315,DIGITIZED,ALLEN,SHAWNEE,1961-10-31,155.0,855.2000122070312,LIMESTONE,,10.0,27.0,149.0,149,258472
210746,W,DOMESTIC,-84.157371,40.694883999999995,DIGITIZED,ALLEN,SHAWNEE,1963-08-20,37.0,839.0999755859375,SAND & GRAVEL,,10.0,25.0,37.0,,291123
210747,W,DOMESTIC,-84.20407,40.721019999999996,GEOCODE,ALLEN,SHAWNEE,1990-01-02,52.0,831.0,GRAVEL,CABLE TOOL,20.0,32.0,52.0,,700573
210750,W,DOMESTIC,-84.18309099999999,40.738217999999996,DIGITIZED,ALLEN,AMERICAN,1964-08-28,63.0,822.7999877929688,LIMESTONE,,12.0,35.0,43.0,43,308817
210751,W,DOMESTIC,-84.163803,40.736694,DIGITIZED,ALLEN,AMERICAN,1955-05-23,129.0,843.4000244140625,GRAVEL & QUICKSAND,,,40.0,129.0,,127364
210753,W,DOMESTIC,-84.38854599999999,40.800775,DIGITIZED,ALLEN,MARION,1952-11-04,56.0,795.0999755859375,LIMESTONE,,5.0,18.0,35.0,35,85166
210754,W,DOMESTIC,-83.921314,40.710405,DIGITIZED,ALLEN,AUGLAIZE,1956-12-20,82.0,990.5,LIMESTONE,,,18.0,62.0,62,169613
210756,W,DOMESTIC,-84.14868,40.69381,GEOCODE,ALLEN,SHAWNEE,1985-09-18,63.0,861.2999877929688,GRAVEL,,20.0,40.0,63.0,,649698
210757,W,DOMESTIC,-84.186359,40.773215,DIGITIZED,ALLEN,AMERICAN,1963-10-23,54.0,814.0,LIMESTONE,,15.0,21.0,33.0,33,302362
210760,W,DOMESTIC,-84.38353,40.80105,GEOCODE,ALLEN,MARION,1991-10-18,43.0,794.2000122070312,LIMESTONE,ROTARY,12.0,23.0,39.0,39,741491
210763,W,DOMESTIC,-83.91717,40.87394,GEOCODE,ALLEN,RICHLAND,1989-07-10,115.0,842.4000244140625,LIMESTONE,ROTARY,12.0,65.0,31.0,28,696725
210764,W,DOMESTIC,-83.97617,40.824259999999995,GEOCODE,ALLEN,RICHLAND,1986-08-12,42.0,867.4000244140625,LIMESTONE,,10.0,14.0,38.0,35,636255
210765,W,DOMESTIC,-83.90784,40.881,GEOCODE,ALLEN,RICHLAND,1996-08-23,77.0,837.5999755859375,LIMESTONE,CABLE TOOL,10.0,57.0,45.0,44,824194
210766,W,,-84.199164,40.807047999999995,DIGITIZED,ALLEN,SUGAR CREEK,1960-06-28,48.0,792.2000122070312,LIMESTONE,,20.0,16.0,22.0,22,245564
210769,W,DOMESTIC,-84.031077,40.788879,DIGITIZED,ALLEN,BATH,1966-05-27,78.0,879.0,LIMESTONE,,20.0,15.0,42.0,41,342027
210770,W,DOMESTIC,-84.15126,40.680209999999995,GEOCODE,ALLEN,SHAWNEE,1987-04-13,182.0,861.0,LIMESTONE,,10.0,28.0,152.0,149,661930
210771,W,DOMESTIC,-84.137649,40.690111,DIGITIZED,ALLEN,SHAWNEE,1960-01-08,308.0,867.0999755859375,SAND & GRAVEL,,10.0,47.0,308.0,,208712
210772,W,DOMESTIC,-84.137649,40.690111,DIGITIZED,ALLEN,SHAWNEE,1953-09-28,77.0,867.0999755859375,GRAVEL,,4.0,31.0,77.0,,115262
210773,W,DOMESTIC,-84.21113,40.691939999999995,GEOCODE,ALLEN,SHAWNEE,1975-06-12,72.0,857.9000244140625,GRAVEL,,15.0,40.0,72.0,,511831
210780,W,DOMESTIC,-84.085664,40.831168,DIGITIZED,ALLEN,MONROE,1957-06-05,37.0,812.7999877929688,LIMESTONE,,10.0,15.0,24.0,24,191583
210781,W,,-84.08761,40.70231,GEOCODE,ALLEN,PERRY,1992-02-10,182.0,899.5999755859375,LIMESTONE,ROTARY,20.0,43.0,135.0,132,745247
210782,W,DOMESTIC,-84.09872999999999,40.665639999999996,,ALLEN,PERRY,1993-05-07,103.0,949.0,SAND & GRAVEL,ROTARY,100.0,65.0,96.0,,770247
210783,W,PUBLIC/SEMI-PUB,-84.04829,40.731100000000005,GEOCODE,ALLEN,BATH,1983-04-29,90.0,902.9000244140625,LIMESTONE,,12.0,28.0,33.0,28,515489
210784,W,DOMESTIC,-84.101767,40.800827,DIGITIZED,ALLEN,BATH,1954-05-04,58.0,829.7000122070312,LIMESTONE,,4.0,,40.0,40,129728
210785,W,,-84.200858,40.807027999999995,DIGITIZED,ALLEN,SUGAR CREEK,1963-12-04,27.0,791.7999877929688,LIMESTONE,,9.0,18.0,22.0,21,291146
210786,W,,-84.18633,40.842574,DIGITIZED,ALLEN,SUGAR CREEK,1952-09-02,95.0,783.4000244140625,LIMESTONE,,5.0,15.0,27.0,26,85156
210787,W,DOMESTIC,-84.21891,40.694359999999996,GEOCODE,ALLEN,SHAWNEE,1994-10-12,70.0,870.0,GRAVEL,CABLE TOOL,15.0,50.0,70.0,,800613
210793,W,DOMESTIC,-83.9615,40.67386,GEOCODE,ALLEN,AUGLAIZE,1986-10-01,102.0,990.2000122070312,LIMESTONE,,10.0,35.0,55.0,53,636261
210800,W,DOMESTIC,-84.028457,40.831523,DIGITIZED,ALLEN,MONROE,1965-10-18,40.0,840.2999877929688,LIMESTONE,,20.0,15.0,28.0,28,347017
210801,W,DOMESTIC,-83.92218,40.70626,GEOCODE,ALLEN,AUGLAIZE,1989-06-10,75.0,980.7999877929688,LIMESTONE,ROTARY,12.0,22.0,69.0,69,696708
210802,W,DOMESTIC,-84.16190999999999,40.723228999999996,DIGITIZED,ALLEN,SHAWNEE,1954-05-03,89.0,864.0,SAND & GRAVEL,,10.0,66.0,86.0,,131715
210805,W,DOMESTIC,-83.93808,40.863409999999995,GEOCODE,ALLEN,RICHLAND,1983-06-20,59.0,837.7000122070312,LIMESTONE,,25.0,23.0,37.0,29,620104
210806,W,DOMESTIC,-83.93766,40.86018,GEOCODE,ALLEN,RICHLAND,1995-06-01,55.0,858.5999755859375,LIMESTONE,ROTARY,20.0,25.0,40.0,36,804494
210812,W,DOMESTIC,-84.09006,40.85356,GEOCODE,ALLEN,MONROE,1981-01-06,54.0,796.7999877929688,LIMESTONE,,5.0,25.0,34.0,30,600951
210813,W,DOMESTIC,-84.12561,40.6871,GLOBAL POSITIONING SYSTEM,ALLEN,SHAWNEE,1987-10-31,375.0,887.0,LIMESTONE,,17.0,120.0,320.0,320,676156
210814,W,DOMESTIC,-84.137649,40.690111,DIGITIZED,ALLEN,SHAWNEE,1952-09-12,105.0,867.0999755859375,GRAVEL,,20.0,20.0,105.0,,88272
210815,W,DOMESTIC,-84.108323,40.674448999999996,DIGITIZED,ALLEN,SHAWNEE,1954-05-04,80.0,913.7000122070312,SAND & GRAVEL,,5.0,50.0,80.0,,82987
210816,W,DOMESTIC,-83.9471,40.74612,GEOCODE,ALLEN,JACKSON,1991-09-27,60.0,959.7000122070312,LIMESTONE,ROTARY,12.0,26.0,40.0,37,737512
210817,W,DOMESTIC,-84.01359,40.771291,DIGITIZED,ALLEN,BATH,1953-01-15,101.0,910.5,LIMESTONE,,,60.0,92.0,52,82973
210818,W,DOMESTIC,-84.0363,40.78767,GEOCODE,ALLEN,BATH,1994-09-15,58.0,884.9000244140625,LIMESTONE,CABLE TOOL,9.0,,,40,791825
210819,W,DOMESTIC,-84.01275299999999,40.752299,DIGITIZED,ALLEN,BATH,1967-09-01,59.0,923.7999877929688,LIMESTONE,,8.0,38.0,32.0,31,357535
210820,W,DOMESTIC,-84.06788999999999,40.665949999999995,GEOCODE,ALLEN,SHAWNEE,1987-07-14,42.0,917.9000244140625,GRAVEL,CABLE TOOL,20.0,30.0,42.0,,657158
210822,W,DOMESTIC,-84.260997,40.725958999999996,DIGITIZED,ALLEN,AMANDA,1961-10-12,39.0,823.2000122070312,LIMESTONE,,15.0,22.0,31.0,31,222293
210823,W,DOMESTIC,-84.28056199999999,40.687964,DIGITIZED,ALLEN,AMANDA,1958-10-20,41.0,854.9000244140625,GRAVEL,,,,41.0,,227403
210826,W,DOMESTIC,-84.128394,40.776044999999996,DIGITIZED,ALLEN,AMERICAN,1952-07-28,72.0,838.2000122070312,LIMESTONE,,,,,33,97312
215670,W,,-84.069401,40.787979,DIGITIZED,ALLEN,BATH,1948-12-01,80.0,852.9000244140625,LIMESTONE,,,20.0,50.0,79,30660
215674,W,,-84.263593,40.850228,DIGITIZED,ALLEN,MARION,1948-08-19,34.0,767.2000122070312,STONE,,,34.0,21.0,18,5863
217495,W,DOMESTIC,-84.25068999999999,40.75123,GEOCODE,ALLEN,AMANDA,1996-12-01,32.0,809.9000244140625,SAND & GRAVEL,CABLE TOOL,12.0,,32.0,,846823
217498,W,DOMESTIC,-83.89018999999999,40.91155,GEOCODE,ALLEN,RICHLAND,1997-04-06,46.0,826.7000122070312,LIMESTONE,CABLE TOOL,8.0,27.5,34.0,32,846962
217606,W,,-83.93912,40.85684,GEOCODE,ALLEN,RICHLAND,1999-07-14,50.0,845.4000244140625,LIMESTONE,ROTARY,15.0,26.0,40.0,40,884291
217642,W,DOMESTIC,-83.98276,40.69509,GEOCODE,ALLEN,AUGLAIZE,1998-03-30,47.0,939.5999755859375,LIMESTONE,CABLE TOOL,15.0,10.0,40.0,36,859486
217652,W,DOMESTIC,-84.24745,40.8066,GEOCODE,ALLEN,MARION,1998-02-10,70.0,793.5999755859375,LIMESTONE,ROTARY,12.0,12.0,27.0,15,866844
217664,W,DOMESTIC,-84.22932,40.78769,GEOCODE,ALLEN,MARION,1998-05-13,50.0,798.5999755859375,LIMESTONE,ROTARY,20.0,16.0,36.0,11,866864
217680,W,DOMESTIC,-84.07988,40.794959999999996,GEOCODE,ALLEN,BATH,1997-08-16,57.0,849.9000244140625,LIMESTONE,CABLE TOOL,5.0,20.0,42.0,34,826136
217681,W,DOMESTIC,-84.28836,40.831309999999995,GEOCODE,ALLEN,MARION,1997-05-21,41.0,772.7999877929688,LIMESTONE,ROTARY,10.0,14.0,25.0,15,852584
217765,W,DOMESTIC,-84.08991,40.67928,GEOCODE,ALLEN,PERRY,1997-10-20,190.0,931.9000244140625,LIMESTONE,ROTARY,10.0,59.0,132.0,132,851249
217832,W,DOMESTIC,-84.07293,40.89826,GEOCODE,ALLEN,MONROE,1998-12-26,47.0,780.5999755859375,LIMESTONE,ROTARY,8.0,14.0,28.0,24,889180
217833,W,DOMESTIC,-84.21782999999999,40.69432,GEOCODE,ALLEN,SHAWNEE,1998-12-17,78.0,872.2000122070312,SAND/GRAVEL/CLAY,CABLE TOOL,15.0,55.0,78.0,,879757
217886,W,DOMESTIC,-83.94131999999999,40.856739999999995,GEOCODE,ALLEN,RICHLAND,1999-09-21,75.0,846.0999755859375,LIMESTONE,ROTARY,20.0,17.0,29.0,29,901858
217888,W,DOMESTIC,-83.98752999999999,40.68828,GEOCODE,ALLEN,AUGLAIZE,1999-08-12,46.0,935.5,LIMESTONE,ROTARY,15.0,8.0,27.0,24,902301
217913,W,DOMESTIC,-84.00576,40.65257,GEOCODE,ALLEN,AUGLAIZE,1999-11-01,80.0,953.7999877929688,LIMESTONE,ROTARY,30.0,32.0,47.0,47,901884
217917,W,DOMESTIC,-84.25730999999999,40.78179,GEOCODE,ALLEN,MARION,1999-10-28,52.0,803.4000244140625,LIMESTONE,ROTARY,15.0,16.0,30.0,27,906302
217996,W,DOMESTIC,-84.29025999999999,40.80307,GEOCODE,ALLEN,MARION,2000-06-12,142.0,780.0,LIMESTONE,ROTARY,13.0,19.0,26.0,22,915405
218286,W,DOMESTIC,-84.22362,40.76361,GEOCODE,ALLEN,AMANDA,2000-10-01,27.0,811.9000244140625,LIMESTONE,CABLE TOOL,9.0,13.0,26.0,25,921651
218354,W,MONITOR,-84.11354999999999,40.74255,,ALLEN,AMERICAN,2000-06-20,25.0,888.9000244140625,SAND,AUGER,,,5.0,,929387
218451,W,DOMESTIC,-83.93382,40.855689999999996,GEOCODE,ALLEN,RICHLAND,2001-07-24,48.0,856.0999755859375,LIMESTONE,ROTARY,20.0,30.0,35.0,31,935916
218528,W,PUBLIC/SEMI-PUB,-84.185422,40.816486,,ALLEN,SUGAR CREEK,2000-11-15,125.0,789.0999755859375,GRAVEL,ROTARY,40.0,14.0,125.0,,922105
218608,W,DOMESTIC,-84.28036,40.7344,GEOCODE,ALLEN,AMANDA,2001-08-08,53.0,816.5,CLAY & BOULDERS,CABLE TOOL,15.0,40.0,52.0,,932580
218957,W,DOMESTIC,-84.15066999999999,40.80191,GEOCODE,ALLEN,SUGAR CREEK,2001-05-01,53.0,803.5999755859375,LIMESTONE,CABLE TOOL,12.0,10.0,29.0,28,940824
218969,W,DOMESTIC,-83.92296999999999,40.760979999999996,GEOCODE,ALLEN,JACKSON,2002-06-12,63.0,944.4000244140625,LIMESTONE,ROTARY,30.0,27.0,36.0,60,940570
219145,W,DOMESTIC,-83.96115999999999,40.74517,,ALLEN,JACKSON,1991-04-18,79.0,945.0999755859375,LIMESTONE,ROTARY,15.0,32.0,46.0,46,726643
219147,W,DOMESTIC,-83.95567,40.862429999999996,GEOCODE,ALLEN,RICHLAND,2002-12-16,82.0,851.9000244140625,LIMESTONE,ROTARY,10.0,40.0,51.0,47,956770
219148,W,DOMESTIC,-83.91852999999999,40.87327,GEOCODE,ALLEN,RICHLAND,2002-12-06,158.0,843.2999877929688,LIMESTONE,ROTARY,12.0,85.0,38.0,33,956757
219158,W,DOMESTIC,-84.33053,40.70719,GEOCODE,ALLEN,SPENCER,1995-01-31,90.0,840.0,LIMESTONE,ROTARY,20.0,38.0,64.0,62,790451
219159,W,DOMESTIC,-84.13687999999999,40.673988,DIGITIZED,ALLEN,SHAWNEE,1959-06-30,95.0,877.2999877929688,GRAVEL,,,45.0,95.0,,235009
219185,W,DOMESTIC,-83.936883,40.645071,DIGITIZED,ALLEN,AUGLAIZE,1955-09-01,117.0,1056.800048828125,LIMESTONE,,,30.0,92.0,92,62143
219195,W,DOMESTIC,-83.96114,40.673649999999995,GEOCODE,ALLEN,AUGLAIZE,1993-08-10,72.0,994.4000244140625,GRAVEL,ROTARY,20.0,42.0,72.0,,776130
219213,W,,-84.178383,40.751892999999995,DIGITIZED,ALLEN,AMERICAN,1950-08-17,115.0,825.0,LIMESTONE,,,,,25,66454
219214,W,,-84.35242,40.713564999999996,DIGITIZED,ALLEN,SPENCER,1949-07-27,332.0,821.0,LIMESTONE,,170.0,27.5,53.0,50,66559
219253,W,DOMESTIC,-84.07041699999999,40.810812,DIGITIZED,ALLEN,BATH,1956-07-26,64.0,854.2999877929688,GRAVEL,,20.0,25.0,64.0,,173425
219254,W,DOMESTIC,-84.186709,40.693777,DIGITIZED,ALLEN,SHAWNEE,1956-03-25,61.0,861.0,GRAVEL,,7.0,18.0,61.0,,174053
219285,W,DOMESTIC,-84.068626,40.744372999999996,DIGITIZED,ALLEN,BATH,1960-11-09,57.0,882.0999755859375,LIMESTONE,,5.0,25.0,32.0,32,208726
219329,W,DOMESTIC,-84.203102,40.772393,DIGITIZED,ALLEN,AMERICAN,1955-12-23,98.0,806.4000244140625,LIMESTONE,,5.0,20.0,40.0,38,77474
219350,W,DOMESTIC,-84.13687999999999,40.673988,DIGITIZED,ALLEN,SHAWNEE,1956-01-22,51.0,877.2999877929688,GRAVEL,,8.0,34.0,51.0,,141846
219372,W,DOMESTIC,-84.20432,40.712379999999996,,ALLEN,SHAWNEE,2003-02-03,70.0,851.7999877929688,SHALE,CABLE TOOL,15.0,50.0,68.0,68,947301
219381,W,DOMESTIC,-84.099453,40.813384,DIGITIZED,ALLEN,BATH,1962-11-21,31.0,823.0999755859375,SAND & GRAVEL,,8.0,22.0,31.0,,284167
219442,W,DOMESTIC,-84.086332,40.71509,DIGITIZED,ALLEN,PERRY,1953-07-28,98.0,891.0,LIMESTONE,,,,30.0,80,72863
219449,W,DOMESTIC,-84.156266,40.704657999999995,DIGITIZED,ALLEN,SHAWNEE,1952-06-30,102.0,848.5,SAND & GRAVEL,,,42.0,102.0,,97303
219476,W,DOMESTIC,-84.12584199999999,40.697322,DIGITIZED,ALLEN,SHAWNEE,1955-02-21,70.0,887.5999755859375,GRAVEL,,9.0,49.0,70.0,,141809
219525,W,DOMESTIC,-83.919924,40.708478,DIGITIZED,ALLEN,AUGLAIZE,1960-10-25,75.0,983.5,LIMESTONE,,8.0,14.0,57.0,57,245582
219526,W,DOMESTIC,-84.21847,40.729243,DIGITIZED,ALLEN,SHAWNEE,1960-03-31,52.0,831.2999877929688,LIMESTONE,,14.0,19.0,36.0,36,245854
219545,W,DOMESTIC,-83.99888,40.87067,GLOBAL POSITIONING SYSTEM,ALLEN,MONROE,2003-10-13,81.0,814.5999755859375,LIMESTONE,ROTARY,1.0,19.0,37.0,31,967324
219546,W,DOMESTIC,-83.9465,40.911500000000004,GLOBAL POSITIONING SYSTEM,ALLEN,RICHLAND,2003-08-07,63.0,799.7999877929688,LIMESTONE,ROTARY,4.0,20.0,27.0,59,965501
219614,W,DOMESTIC,-84.28339,40.68942,GLOBAL POSITIONING SYSTEM,ALLEN,AMANDA,2003-06-20,80.0,859.5,LIMESTONE,ROTARY,20.0,43.0,60.0,60,963261
219652,W,DOMESTIC,-83.952832,40.780487,DIGITIZED,ALLEN,JACKSON,1964-05-28,62.0,909.7000122070312,LIMESTONE,,20.0,17.0,24.0,23,302385
219778,W,DOMESTIC,-83.91741999999999,40.873169999999995,GLOBAL POSITIONING SYSTEM,ALLEN,RICHLAND,2004-09-01,105.0,845.7999877929688,LIMESTONE,ROTARY,20.0,73.0,,23,981334
219788,W,DOMESTIC,-83.95868999999999,40.86886,GLOBAL POSITIONING SYSTEM,ALLEN,RICHLAND,2004-08-24,60.0,841.5,LIMESTONE,ROTARY,20.0,20.0,33.0,33,981332
219925,W,DOMESTIC,-84.232,40.758333,,ALLEN,AMANDA,2003-10-27,154.0,814.5999755859375,LIMESTONE,ROTARY,20.0,20.0,36.0,152,972094
219926,W,DOMESTIC,-84.314422,40.837274,DIGITAL MAP,ALLEN,MARION,2003-11-05,76.0,784.0999755859375,LIMESTONE,ROTARY,3.0,14.0,27.0,58,972091
220216,W,DOMESTIC,-84.35722,40.686389999999996,GLOBAL POSITIONING SYSTEM,ALLEN,SPENCER,2005-03-09,88.0,863.9000244140625,,CABLE TOOL,15.0,55.0,85.0,85,978620
220431,W,DOMESTIC,-84.38833,40.8145,GLOBAL POSITIONING SYSTEM,ALLEN,MARION,2005-08-11,66.0,787.9000244140625,LIMESTONE,ROTARY,4.0,18.0,27.0,21,994968
220666,W,DOMESTIC,-84.13687999999999,40.673988,DIGITIZED,ALLEN,SHAWNEE,1957-01-06,70.0,877.2999877929688,GRAVEL,,7.0,34.0,70.0,,174090
220683,W,,-84.185002,40.844074,DIGITIZED,ALLEN,SUGAR CREEK,1948-08-31,82.0,782.5,STONE,,8.0,82.0,21.0,14,5868
220684,W,DOMESTIC,-83.899697,40.666399,DIGITIZED,ALLEN,AUGLAIZE,1956-04-03,73.0,1032.0999755859375,LIMESTONE,,,31.0,53.0,53,169606
220696,W,,-84.13529899999999,40.671668,DIGITIZED,ALLEN,SHAWNEE,1957-06-05,67.0,873.7000122070312,SAND & GRAVEL,,18.0,35.0,67.0,,161228
220851,W,DOMESTIC,-84.1426,40.80263,GLOBAL POSITIONING SYSTEM,ALLEN,SUGAR CREEK,2006-03-20,42.0,811.2999877929688,,ROTARY,12.0,8.0,26.0,40,990664
220867,W,DOMESTIC,-84.3339,40.773649999999996,GEOCODE,ALLEN,AMANDA,2006-04-17,140.0,804.2000122070312,LIMESTONE,ROTARY,12.0,35.0,32.0,32,990672
220995,W,,-84.23913999999999,40.780543,DIGITIZED,ALLEN,MARION,1935-09-03,1310.0,802.5,SHALE,,,,,33,9902015
221083,W,,-84.32826999999999,40.836624,DIGITIZED,ALLEN,MARION,1946-04-26,309.0,775.0999755859375,LIMESTONE,,60.0,42.0,22.0,21,9902018
221084,W,,-84.12256099999999,40.701999,DIGITIZED,ALLEN,SHAWNEE,1949-10-29,274.0,882.4000244140625,LIMESTONE,,40.0,107.0,159.0,149,69614
221314,W,DOMESTIC,-84.140821,40.796557,DIGITIZED,ALLEN,AMERICAN,1953-11-10,98.0,812.0,SAND,,5.0,,94.0,,101293
221318,W,DOMESTIC,-84.030985,40.786488999999996,DIGITIZED,ALLEN,BATH,1960-04-27,89.0,880.9000244140625,LIMESTONE,,7.0,19.0,42.0,86,244970
221411,W,DOMESTIC,-84.179564,40.756401,DIGITIZED,ALLEN,AMERICAN,1955-08-03,89.0,830.0,LIMESTONE,,,,56.0,56,66471
222028,W,DOMESTIC,-84.013817,40.869883,,ALLEN,MONROE,2006-11-13,42.0,817.5,GRAVEL,ROTARY,12.0,17.0,38.0,38,1004671
222074,W,DOMESTIC,-83.916389,40.881944,GLOBAL POSITIONING SYSTEM,ALLEN,RICHLAND,2006-11-29,188.0,823.5,LIMESTONE,AIR ROTARY,12.0,90.0,34.0,28,2007071
222834,W,DOMESTIC,-84.245,40.789443999999996,GLOBAL POSITIONING SYSTEM,ALLEN,MARION,2009-09-15,132.0,794.9000244140625,LIMESTONE,AIR ROTARY,20.0,20.0,32.0,27,2024635
223140,W,MONITOR,-84.15683299999999,40.737066999999996,GLOBAL POSITIONING SYSTEM,ALLEN,AMERICAN,2008-10-01,15.0,842.0999755859375,CLAY,AUGER,,8.0,2.0,,2019728
223160,W,DOMESTIC,-84.316389,40.848333,GLOBAL POSITIONING SYSTEM,ALLEN,MARION,2009-05-27,149.0,768.5,LIMESTONE,AIR ROTARY,20.0,45.0,27.0,19,2022357
223195,W,DOMESTIC,-84.214444,40.750833,,ALLEN,AMERICAN,2010-03-31,35.0,814.7000122070312,SHALE,CABLE TOOL,20.0,20.0,33.0,34,1013466
223225,W,DOMESTIC,-84.089444,40.672778,,ALLEN,PERRY,2008-01-12,97.0,952.5999755859375,,CABLE TOOL,25.0,65.0,90.0,96,1005865
223325,W,MONITOR,-84.076933,40.730900000000005,GLOBAL POSITIONING SYSTEM,ALLEN,PERRY,2011-01-05,15.0,883.2000122070312,SILT,AUGER,,6.0,4.0,,2030828
223378,W,DOMESTIC,-84.1157,40.66466,GLOBAL POSITIONING SYSTEM,ALLEN,SHAWNEE,2012-01-02,42.0,899.4000244140625,SAND & GRAVEL,ROTARY,28.0,17.6,39.0,,2036021
223384,W,DOMESTIC,-84.17654999999999,40.803509999999996,GEOCODE,ALLEN,SUGAR CREEK,1991-06-04,47.0,802.0,GRAVEL & SAND,CABLE TOOL,12.0,28.0,47.0,,723771
223385,W,DOMESTIC,-84.01326,40.755300000000005,GEOCODE,ALLEN,BATH,1985-09-23,130.0,913.5,LIMESTONE,,20.0,47.0,33.0,33,630702
223387,W,DOMESTIC,-83.97664999999999,40.71696,GEOCODE,ALLEN,AUGLAIZE,1989-01-05,86.0,987.5,SAND & GRAVEL,,20.0,44.0,86.0,,688856
223388,W,DOMESTIC,-84.16749,40.71181,GEOCODE,ALLEN,SHAWNEE,1985-08-30,190.0,864.5999755859375,LIMESTONE,,20.0,76.0,172.0,81,651920
223409,W,DOMESTIC,-84.361072,40.695611,GLOBAL POSITIONING SYSTEM,ALLEN,SPENCER,2012-04-03,95.0,842.5999755859375,LIMESTONE,CABLE TOOL,10.0,35.0,72.0,72,2037241
223412,W,DOMESTIC,-84.220833,40.729444,GLOBAL POSITIONING SYSTEM,ALLEN,SHAWNEE,2011-12-23,38.0,828.9000244140625,SHALE,CABLE TOOL,20.0,23.0,36.0,36,1015425
223491,W,DOMESTIC,-84.2265,40.8415,GLOBAL POSITIONING SYSTEM,ALLEN,MARION,2011-06-08,63.0,775.2000122070312,LIMESTONE,AIR ROTARY,15.0,20.0,26.0,19,2032914
223492,W,DOMESTIC,-84.274,40.693166999999995,GLOBAL POSITIONING SYSTEM,ALLEN,AMANDA,2011-06-20,110.0,847.5,LIMESTONE,AIR ROTARY,15.0,40.0,43.0,109,2032915
223885,W,DOMESTIC,-84.05066699999999,40.684000000000005,GLOBAL POSITIONING SYSTEM,ALLEN,PERRY,2013-08-28,55.0,927.4000244140625,SHALE,CABLE TOOL,12.0,15.0,53.0,53,1016374
223937,W,DOMESTIC,-84.323833,40.791667,GLOBAL POSITIONING SYSTEM,ALLEN,MARION,2013-05-02,93.0,795.5,LIMESTONE,AIR ROTARY,30.0,15.0,34.0,30,2042970
224029,W,DOMESTIC,-84.30963299999999,40.943567,,ALLEN,MARION,2013-12-19,50.0,737.7000122070312,LIMESTONE,ROTARY,20.0,11.0,26.0,20,1017834
224110,W,MONITOR,-84.04033299999999,40.788833,GLOBAL POSITIONING SYSTEM,ALLEN,BATH,2015-10-20,13.0,,CLAY,GEOPROBE,,3.0,3.0,,2054579
224119,W,MONITOR,-84.10888899999999,40.798333,GLOBAL POSITIONING SYSTEM,ALLEN,BATH,2015-07-22,12.0,828.5999755859375,SAND,GEOPROBE,,3.0,10.0,,2053457
224152,W,ABANDONED,-84.135633,40.801733,GLOBAL POSITIONING SYSTEM,ALLEN,AMERICAN,2014-06-01,45.0,816.9000244140625,LIMESTONE & SHALE,CABLE TOOL,15.0,18.0,42.0,44,1015553
224173,W,DOMESTIC,-84.262543,40.800196,GLOBAL POSITIONING SYSTEM,ALLEN,MARION,2015-08-28,125.0,791.2000122070312,LIMESTONE,AIR ROTARY,20.0,20.0,26.0,108,2053490
224174,W,DOMESTIC,-84.22836,40.817029999999995,GLOBAL POSITIONING SYSTEM,ALLEN,MARION,2015-12-30,147.0,,LIMESTONE,ROTARY,15.0,16.0,25.0,13,2055471
224189,W,DOMESTIC,-84.373717,40.707300000000004,GLOBAL POSITIONING SYSTEM,ALLEN,SPENCER,2015-04-30,58.0,829.4000244140625,LIMESTONE,ROTARY,15.0,22.0,56.0,56,1018654
224299,W,DOMESTIC,-84.186667,40.840167,GLOBAL POSITIONING SYSTEM,ALLEN,SUGAR CREEK,2014-04-26,131.0,782.7000122070312,LIMESTONE,AIR ROTARY,12.0,20.0,27.0,21,2047460
224308,W,MONITOR,-84.10888899999999,40.798055999999995,GLOBAL POSITIONING SYSTEM,ALLEN,BATH,2015-03-17,12.0,829.0,CLAY,DIRECT PUSH,,5.0,2.0,,2051356
224377,W,DOMESTIC,-84.23941099999999,40.803338,GLOBAL POSITIONING SYSTEM,ALLEN,MARION,2016-07-15,59.0,,LIMESTONE,AIR ROTARY,10.0,18.0,26.0,17,2058061
224515,W,DOMESTIC,-83.92625,40.687683,GLOBAL POSITIONING SYSTEM,ALLEN,AUGLAIZE,2016-11-08,80.0,,LIMESTONE,ROTARY,20.0,23.0,43.0,43,1019644
224581,W,MONITOR,-84.17951,40.724959999999996,GLOBAL POSITIONING SYSTEM,ALLEN,SHAWNEE,2016-08-03,15.0,,,AUGER,,6.0,10.0,,2058269
224771,W,DOMESTIC,-83.900116,40.8418,GLOBAL POSITIONING SYSTEM,ALLEN,RICHLAND,2018-06-26,78.0,,UNKNOWN,ROTARY,30.0,19.0,,,1020699
224816,W,DOMESTIC,-84.2793,40.743849999999995,GLOBAL POSITIONING SYSTEM,ALLEN,AMANDA,2020-03-23,73.0,,LIMESTONE,ROTARY,20.0,14.0,34.0,,2078636
224957,W,MONITOR,-84.35175,40.705400000000004,GEOCODE,ALLEN,SPENCER,2018-10-10,36.0,,SAND & SILT,AUGER,,19.0,26.0,,2070470
225102,W,DOMESTIC,-83.91796,40.834,GEOCODE,ALLEN,RICHLAND,1997-01-12,123.0,868.2999877929688,LIMESTONE,ROTARY,4.0,15.0,28.0,26,852561
225189,W,DOMESTIC,-83.902582,40.761196,DIGITAL MAP,ALLEN,JACKSON,2018-10-18,55.0,,LIMESTONE,ROTARY,30.0,12.0,35.0,,1021054
225333,W,AGRIC/IRRIG,-84.327067,40.859333,GLOBAL POSITIONING SYSTEM,ALLEN,MARION,2020-04-20,240.0,,LIMESTONE,ROTARY,50.0,15.0,25.0,,2079268
225450,W,DOMESTIC,-84.13412,40.80206,GEOCODE,ALLEN,SUGAR CREEK,1985-01-09,53.0,823.0999755859375,GRAVEL,,20.0,40.0,53.0,,649674
225451,W,DOMESTIC,-84.06405,40.66594,GEOCODE,ALLEN,SHAWNEE,1988-09-16,115.0,917.5,GRAVEL,CABLE TOOL,15.0,15.0,115.0,,677664
225452,W,DOMESTIC,-84.18517,40.71205,GEOCODE,ALLEN,SHAWNEE,1983-09-06,99.0,866.7999877929688,LIMESTONE,,15.0,65.0,82.0,82,618591
225453,W,DOMESTIC,-84.18504999999999,40.7058,GEOCODE,ALLEN,SHAWNEE,1987-10-22,76.0,873.2999877929688,GRAVEL,CABLE TOOL,20.0,60.0,76.0,,657179
225455,W,DOMESTIC,-83.9182,40.67867,GEOCODE,ALLEN,AUGLAIZE,1996-05-22,72.0,1011.4000244140625,LIMESTONE,ROTARY,20.0,19.0,37.0,37,828372
225456,W,DOMESTIC,-84.164428,40.712756,DIGITIZED,ALLEN,SHAWNEE,1962-06-25,134.0,851.2000122070312,GRAVEL,,7.0,70.0,134.0,,264498
225460,W,DOMESTIC,-84.24189,40.70581,GEOCODE,ALLEN,AMANDA,1994-11-21,42.0,833.4000244140625,GRAVEL,CABLE TOOL,15.0,18.0,42.0,,800619
225462,W,DOMESTIC,-84.09168,40.839259999999996,GEOCODE,ALLEN,MONROE,1992-10-05,45.0,799.7999877929688,LIMESTONE,CABLE TOOL,6.0,10.0,25.0,25,758658
225463,W,DOMESTIC,-84.15455,40.686569999999996,,ALLEN,SHAWNEE,1976-05-21,67.0,857.0,GRAVEL,,20.0,40.0,67.0,,511813
225464,W,DOMESTIC,-83.94176,40.86241,GEOCODE,ALLEN,RICHLAND,1991-09-14,28.0,838.7000122070312,LIMESTONE,CABLE TOOL,20.0,15.0,27.0,23,716919
225465,W,PUBLIC/SEMI-PUB,-83.934784,40.869554,,ALLEN,RICHLAND,1973-07-17,45.0,850.2000122070312,LIMESTONE,,20.0,24.0,30.0,30,451892
225467,W,DOMESTIC,-84.178111,40.712230999999996,DIGITIZED,ALLEN,SHAWNEE,1958-06-24,141.0,840.9000244140625,LIMESTONE,,15.0,70.0,135.0,138,223454
225468,W,DOMESTIC,-84.23235,40.70234,,ALLEN,AMANDA,1988-05-26,56.0,851.7999877929688,GRAVEL,CABLE TOOL,15.0,40.0,56.0,,677654
225469,W,DOMESTIC,-84.22334,40.731359999999995,,ALLEN,AMANDA,1984-10-17,133.0,829.2000122070312,LIMESTONE,,25.0,44.0,63.0,63,651469
225473,W,,-84.14147,40.686229999999995,GEOCODE,ALLEN,SHAWNEE,1977-08-03,56.0,864.7000122070312,GRAVEL,,20.0,45.0,50.0,,534112
225474,W,DOMESTIC,-84.175761,40.693863,DIGITIZED,ALLEN,SHAWNEE,1963-02-07,60.0,864.7999877929688,GRAVEL,,10.0,20.0,60.0,,281617
225475,W,DOMESTIC,-84.16187099999999,40.720233,DIGITIZED,ALLEN,SHAWNEE,1962-05-29,161.0,848.4000244140625,LIMESTONE,,,80.0,160.0,160,251579
225476,W,DOMESTIC,-84.159731,40.722929,DIGITIZED,ALLEN,SHAWNEE,1959-08-11,187.0,860.0999755859375,LIMESTONE,,10.0,80.0,157.0,185,223456
225477,W,DOMESTIC,-84.17072999999999,40.689319999999995,GEOCODE,ALLEN,SHAWNEE,1972-09-05,96.0,846.0999755859375,LIMESTONE,,40.0,24.0,91.0,85,451068
225478,W,DOMESTIC,-84.22290000000001,40.733869999999996,GEOCODE,ALLEN,SHAWNEE,1985-11-08,65.0,823.2999877929688,LIMESTONE,,6.0,35.0,55.0,55,526372
225482,W,PUBLIC/SEMI-PUB,-83.88066099999999,40.801643999999996,DIGITIZED,ALLEN,JACKSON,1953-02-28,69.0,953.2000122070312,LIMESTONE,,13.0,36.0,49.0,67,94332
225483,W,DOMESTIC,-84.20573999999999,40.7761,GEOCODE,ALLEN,AMERICAN,1993-07-16,31.0,799.7000122070312,LIMESTONE,ROTARY,20.0,14.0,33.0,28,770973
225484,W,DOMESTIC,-84.19837,40.7428,GEOCODE,ALLEN,AMERICAN,1994-04-19,37.0,822.7999877929688,LIMESTONE,ROTARY,25.0,15.0,34.0,36,795157
225485,W,DOMESTIC,-84.21705999999999,40.8057,GEOCODE,ALLEN,SUGAR CREEK,1989-10-05,110.0,785.9000244140625,LIMESTONE,ROTARY,10.0,14.0,92.0,90,700133
225486,W,DOMESTIC,-84.1626,40.83849,GEOCODE,ALLEN,SUGAR CREEK,1991-10-10,54.0,785.2999877929688,LIMESTONE,ROTARY,1.0,20.0,25.0,25,741796
225487,W,DOMESTIC,-83.938324,40.865058,DIGITIZED,ALLEN,RICHLAND,1961-06-17,55.0,843.5999755859375,LIMESTONE,,6.0,15.0,30.0,30,244999
225488,W,,-84.14076,40.68336,GEOCODE,ALLEN,SHAWNEE,1976-07-20,62.0,867.7000122070312,SAND & GRAVEL,,20.0,41.0,57.0,,501270
225489,W,DOMESTIC,-84.10795999999999,40.66122,GEOCODE,ALLEN,SHAWNEE,1992-06-16,64.0,926.7999877929688,GRAVEL,CABLE TOOL,15.0,50.0,64.0,,746146
225490,W,DOMESTIC,-84.16523,40.72815,GEOCODE,ALLEN,SHAWNEE,1989-06-07,215.0,845.5999755859375,LIMESTONE,ROTARY,10.0,120.0,190.0,190,695857
225494,W,DOMESTIC,-84.28085,40.75916,,ALLEN,AMANDA,1992-03-12,32.0,806.7000122070312,SAND & GRAVEL,CABLE TOOL,25.0,8.0,32.0,,745786
225496,W,DOMESTIC,-84.099756,40.703030999999996,DIGITIZED,ALLEN,PERRY,1956-04-27,52.0,897.2000122070312,GRAVEL & SAND,,18.0,35.0,52.0,,120085
225497,W,DOMESTIC,-84.056995,40.716609999999996,DIGITIZED,ALLEN,PERRY,1962-05-25,75.0,920.9000244140625,LIMESTONE,,15.0,31.0,63.0,63,274608
225498,W,DOMESTIC,-84.091942,40.711462,DIGITIZED,ALLEN,PERRY,1960-12-22,157.0,888.2999877929688,LIMESTONE,,10.0,90.0,82.0,77,170871
225499,W,DOMESTIC,-84.15664,40.79295,,ALLEN,AMERICAN,1982-09-01,188.0,804.5999755859375,LIMESTONE,,20.0,28.0,188.0,184,515495
225500,W,DOMESTIC,-84.22402,40.79182,GEOCODE,ALLEN,MARION,1990-11-30,35.0,791.2999877929688,LIMESTONE,ROTARY,12.0,7.0,25.0,25,725284
225501,W,DOMESTIC,-84.01483999999999,40.78899,GEOCODE,ALLEN,BATH,1971-11-18,42.0,890.4000244140625,GRAVEL,,25.0,15.0,42.0,,449505
225502,W,MONITOR,-84.11341,40.72199,GEOCODE,ALLEN,SHAWNEE,1994-10-21,34.0,864.0999755859375,FILL MATERIAL,AUGER,,,,,827583
225503,W,DOMESTIC,-84.39182,40.75743,GEOCODE,ALLEN,SPENCER,1991-07-23,108.0,809.5,LIMESTONE,ROTARY,15.0,20.0,46.0,46,736607
225504,W,DOMESTIC,-84.17461,40.787647,DIGITIZED,ALLEN,AMERICAN,1961-02-15,60.0,809.2999877929688,LIMESTONE,,,20.0,38.0,38,205650
225505,W,DOMESTIC,-84.16470199999999,40.779778,DIGITIZED,ALLEN,AMERICAN,1955-11-27,82.0,809.2999877929688,GRAVEL,,9.0,18.0,82.0,,141842
225506,W,DOMESTIC,-84.155468,40.779869,DIGITIZED,ALLEN,AMERICAN,1956-05-02,78.0,819.5,LIMESTONE,,10.0,18.0,65.0,69,159561
225507,W,DOMESTIC,-83.97776999999999,40.746,GEOCODE,ALLEN,JACKSON,1995-07-24,53.0,933.2000122070312,LIMESTONE,ROTARY,20.0,15.0,40.0,37,821965
225508,W,DOMESTIC,-83.99802,40.776129999999995,GEOCODE,ALLEN,JACKSON,1990-07-18,60.0,908.7000122070312,LIMESTONE,ROTARY,8.0,27.0,36.0,33,715034
225509,W,COMMERCIAL,-84.16372,40.7695,,ALLEN,AMERICAN,1973-07-17,272.0,817.0,LIMESTONE,,40.0,89.0,250.0,250,451881
225510,W,DOMESTIC,-83.93746,40.77417,,ALLEN,JACKSON,1993-09-04,90.0,904.7000122070312,LIMESTONE,ROTARY,8.0,24.0,27.0,24,776144
225511,W,DOMESTIC,-84.13687999999999,40.673988,DIGITIZED,ALLEN,SHAWNEE,1960-09-17,109.0,877.2999877929688,GRAVEL,,7.0,34.0,109.0,,245871
225512,W,DOMESTIC,-83.931688,40.862792999999996,DIGITIZED,ALLEN,RICHLAND,1954-07-16,51.0,854.2999877929688,LIMESTONE,,,18.0,35.0,50,120462
225513,W,DOMESTIC,-84.167002,40.728477999999996,DIGITIZED,ALLEN,SHAWNEE,1961-12-01,102.0,842.5999755859375,LIMESTONE,,8.0,40.0,99.0,99,258474
225514,W,DOMESTIC,-84.168482,40.727833,DIGITIZED,ALLEN,SHAWNEE,1955-08-02,76.0,839.7000122070312,SAND & GRAVEL,,,,76.0,,66470
225515,W,DOMESTIC,-84.128663,40.695215,DIGITIZED,ALLEN,SHAWNEE,1954-09-17,65.0,881.0,GRAVEL,,25.0,34.0,65.0,,112950
225516,W,PUBLIC/SEMI-PUB,-84.109247,40.780724,DIGITIZED,ALLEN,AMERICAN,1956-08-06,76.0,848.0,LIMESTONE,,15.0,41.0,47.0,47,174072
225517,W,DOMESTIC,-84.175767,40.758751,DIGITIZED,ALLEN,AMERICAN,1954-09-20,93.0,830.5999755859375,LIMESTONE,,,35.0,43.0,42,62120
225518,W,DOMESTIC,-84.33436999999999,40.77962,GEOCODE,ALLEN,MARION,1996-07-09,188.0,799.4000244140625,LIMESTONE,ROTARY,20.0,70.0,,49,835521
225519,W,DOMESTIC,-84.012602,40.734465,DIGITIZED,ALLEN,BATH,1961-05-13,83.0,948.0,LIMESTONE,,18.0,50.0,47.0,47,245592
225520,W,DOMESTIC,-84.02984699999999,40.78733,DIGITIZED,ALLEN,BATH,1962-10-21,64.0,880.7000122070312,LIMESTONE,,8.0,19.0,40.0,40,286057
225521,W,DOMESTIC,-84.17094999999999,40.81704,,ALLEN,SUGAR CREEK,1993-01-27,114.0,792.5,LIMESTONE,ROTARY,8.0,7.0,26.0,21,765810
225524,W,DOMESTIC,-84.193106,40.756781,DIGITIZED,ALLEN,AMERICAN,1962-08-21,59.0,809.2999877929688,LIMESTONE,,20.0,13.0,25.0,24,266498
225525,W,DOMESTIC,-84.183182,40.755933999999996,DIGITIZED,ALLEN,AMERICAN,1957-06-02,151.0,823.2000122070312,LIMESTONE,,8.0,24.0,34.0,34,192060
225526,W,DOMESTIC,-84.183399,40.77948,DIGITIZED,ALLEN,AMERICAN,1963-01-31,42.0,812.2000122070312,LIMESTONE,,5.0,22.0,23.0,22,291104
225527,W,DOMESTIC,-83.941345,40.658376,DIGITIZED,ALLEN,AUGLAIZE,1956-12-20,80.0,1044.4000244140625,LIMESTONE,,,22.0,60.0,60,169616
225528,W,DOMESTIC,-83.986915,40.694827,DIGITIZED,ALLEN,AUGLAIZE,1955-06-12,48.0,952.5,LIMESTONE,,,8.0,36.0,36,62131
225529,W,DOMESTIC,-83.96140199999999,40.741413,DIGITIZED,ALLEN,JACKSON,1955-12-20,65.0,952.0,LIMESTONE,,,24.0,43.0,62,120496
225531,W,DOMESTIC,-84.19393,40.838029999999996,GEOCODE,ALLEN,SUGAR CREEK,1994-07-14,89.0,771.4000244140625,LIMESTONE,ROTARY,10.0,21.0,87.0,87,796678
225532,W,DOMESTIC,-84.14672,40.69357,GEOCODE,ALLEN,SHAWNEE,1994-03-16,75.0,848.9000244140625,GRAVEL,CABLE TOOL,20.0,55.0,75.0,,786330
225533,W,,-84.15173,40.71705,GEOCODE,ALLEN,SHAWNEE,1971-03-05,395.0,865.0999755859375,LIMESTONE,,340.0,54.0,177.0,175,409669
225534,W,DOMESTIC,-84.15308999999999,40.680589999999995,GEOCODE,ALLEN,SHAWNEE,1981-08-05,184.0,859.2999877929688,LIMESTONE,,20.0,25.0,162.0,162,515465
225537,W,DOMESTIC,-84.08991999999999,40.680409999999995,GEOCODE,ALLEN,PERRY,1984-05-31,199.0,927.7999877929688,LIMESTONE,,15.0,60.0,196.0,81,650754
225540,W,DOMESTIC,-83.93489,40.86114,GEOCODE,ALLEN,RICHLAND,1993-11-04,37.0,856.2000122070312,LIMESTONE,ROTARY,12.0,28.0,37.0,34,776169
225541,W,MONITOR,-84.12906,40.7085,GEOCODE,ALLEN,SHAWNEE,1990-09-19,45.0,865.5,,AUGER,,,32.0,,716812
225548,W,DOMESTIC,-84.03621,40.787754,DIGITIZED,ALLEN,BATH,1964-06-30,77.0,884.7999877929688,LIMESTONE,,8.0,28.0,49.0,48,302394
225549,W,DOMESTIC,-84.12926,40.75749,GEOCODE,ALLEN,AMERICAN,1987-02-01,190.0,848.2999877929688,LIMESTONE,,30.0,90.0,91.0,88,661911
225550,W,DOMESTIC,-84.19870999999999,40.775369999999995,GEOCODE,ALLEN,AMERICAN,1987-02-07,80.0,807.5,LIMESTONE,ROTARY,16.0,20.0,42.0,72,663501
225551,W,DOMESTIC,-84.137649,40.690111,DIGITIZED,ALLEN,SHAWNEE,1953-05-23,234.0,867.0999755859375,LIMESTONE,,20.0,27.0,178.0,178,88292
225552,W,DOMESTIC,-84.137649,40.690111,DIGITIZED,ALLEN,SHAWNEE,1954-06-29,140.0,867.0999755859375,GRAVEL,,7.0,34.0,140.0,,115293
225553,W,DOMESTIC,-83.89976,40.90866,GEOCODE,ALLEN,RICHLAND,1995-05-13,41.0,803.7999877929688,LIMESTONE,CABLE TOOL,6.0,12.0,27.0,39,799164
225556,W,DOMESTIC,-84.0934,40.66565,,ALLEN,PERRY,1988-01-21,105.0,960.9000244140625,GRAVEL,CABLE TOOL,12.0,80.0,105.0,,657189
225557,W,DOMESTIC,-84.046182,40.731351,DIGITIZED,ALLEN,BATH,1955-04-15,55.0,909.0,LIMESTONE,,5.0,26.0,34.0,34,127371
225558,W,DOMESTIC,-84.134439,40.690667999999995,DIGITIZED,ALLEN,SHAWNEE,1961-10-23,86.0,868.4000244140625,GRAVEL,,10.0,33.0,86.0,,264471
225563,W,DOMESTIC,-84.117753,40.785895,DIGITIZED,ALLEN,AMERICAN,1963-04-08,91.0,830.7999877929688,LIMESTONE,,5.0,26.0,28.0,28,286071
225564,W,DOMESTIC,-84.13673899999999,40.777775,DIGITIZED,ALLEN,AMERICAN,1961-10-28,70.0,833.2000122070312,LIMESTONE,,,43.0,31.0,30,251561
225565,W,DOMESTIC,-83.89675,40.7325,GEOCODE,ALLEN,JACKSON,1986-03-10,140.0,992.2000122070312,LIMESTONE,,10.0,38.0,57.0,54,636300
225566,W,,-84.1512,40.703089999999996,GEOCODE,ALLEN,SHAWNEE,1987-03-19,271.0,844.5999755859375,LIMESTONE,ROTARY,12.0,100.0,252.0,252,665402
225567,W,DOMESTIC,-84.201945,40.699321,DIGITIZED,ALLEN,SHAWNEE,1955-10-02,182.0,877.2000122070312,SAND,,10.0,70.0,182.0,,160005
225571,W,DOMESTIC,-83.9578,40.68197,GEOCODE,ALLEN,AUGLAIZE,1994-08-03,62.0,977.2999877929688,LIMESTONE,ROTARY,40.0,15.0,30.0,27,786615
225572,W,DOMESTIC,-83.92277,40.71711,GEOCODE,ALLEN,AUGLAIZE,1995-06-05,120.0,1008.5999755859375,LIMESTONE,ROTARY,20.0,49.0,74.0,65,816324
225573,W,DOMESTIC,-84.22100999999999,40.7871,GEOCODE,ALLEN,MARION,1993-11-22,40.0,795.2000122070312,LIMESTONE,ROTARY,10.0,15.0,31.0,27,786551
225574,W,DOMESTIC,-84.26232,40.80119,GEOCODE,ALLEN,MARION,1993-11-03,138.0,792.2000122070312,LIMESTONE,ROTARY,50.0,22.0,26.0,23,776167
225575,W,DOMESTIC,-84.16422299999999,40.720574,DIGITIZED,ALLEN,SHAWNEE,1957-05-28,112.0,849.2000122070312,GRAVEL,,,52.0,112.0,,161227
225577,W,DOMESTIC,-83.91412,40.87734,GEOCODE,ALLEN,RICHLAND,1993-07-15,110.0,843.9000244140625,LIMESTONE,ROTARY,30.0,60.0,34.0,31,767897
225578,W,DOMESTIC,-83.91426,40.87761,GEOCODE,ALLEN,RICHLAND,1988-06-22,123.0,843.4000244140625,LIMESTONE,,15.0,68.0,27.0,24,680940
225584,W,DOMESTIC,-84.03969699999999,40.758691,DIGITIZED,ALLEN,BATH,1958-09-06,48.0,876.5,LIMESTONE,,20.0,10.0,22.0,22,224055
225585,W,DOMESTIC,-84.137649,40.690111,DIGITIZED,ALLEN,SHAWNEE,1953-05-09,48.0,867.0999755859375,SAND & GRAVEL,,,30.0,48.0,,35438
225586,W,DOMESTIC,-84.13707,40.664809999999996,GEOCODE,ALLEN,SHAWNEE,1963-02-06,67.0,890.7999877929688,SAND & GRAVEL,,10.0,21.0,67.0,,291105
225592,W,DOMESTIC,-84.05252,40.90286,GEOCODE,ALLEN,MONROE,1988-06-14,100.0,777.7000122070312,LIMESTONE,,12.0,10.0,27.0,90,678065
225593,W,DOMESTIC,-83.90861,40.753789999999995,GEOCODE,ALLEN,JACKSON,1991-12-09,43.0,964.7999877929688,LIMESTONE,ROTARY,20.0,18.0,33.0,28,743085
225594,W,DOMESTIC,-83.998762,40.775721999999995,DIGITIZED,ALLEN,BATH,1952-12-06,93.0,908.5,LIMESTONE,,25.0,40.0,55.0,91,94328
225595,W,PUBLIC/SEMI-PUB,-84.08627899999999,40.736336,DIGITIZED,ALLEN,BATH,1962-04-12,200.0,878.7999877929688,LIMESTONE,,200.0,131.0,29.0,28,281074
225597,W,DOMESTIC,-84.122777,40.679594,DIGITIZED,ALLEN,SHAWNEE,1954-05-20,129.0,893.7999877929688,LIMESTONE,,8.0,27.0,78.0,78,35446
225598,W,DOMESTIC,-84.134439,40.690667999999995,DIGITIZED,ALLEN,SHAWNEE,1959-06-08,45.0,868.4000244140625,GRAVEL,,8.0,33.0,45.0,,220169
225599,W,DOMESTIC,-84.18845999999999,40.702529999999996,GEOCODE,ALLEN,SHAWNEE,1968-06-21,192.0,879.5,LIMESTONE,,15.0,69.0,105.0,103,366779
230561,W,,-83.95244699999999,40.669005999999996,DIGITIZED,ALLEN,AUGLAIZE,1942-06-06,107.0,1005.0999755859375,LIMESTONE,,,42.0,,89,9902011
230563,W,,-84.069693,40.763242999999996,DIGITIZED,ALLEN,BATH,1950-04-07,84.0,885.2999877929688,LIMESTONE,,,47.0,48.0,48,30687
230564,W,,-84.069769,40.776249,DIGITIZED,ALLEN,BATH,1951-04-16,91.0,883.4000244140625,LIMESTONE,,15.0,33.0,48.0,48,83410
230568,W,,-84.10837099999999,40.839051,DIGITIZED,ALLEN,MONROE,,59.0,795.7000122070312,LIMESTONE,,,,21.0,21,56701
230575,W,,-84.33907599999999,40.846595,DIGITIZED,ALLEN,MARION,,71.0,769.7999877929688,LIMESTONE,,,25.0,22.0,61,77834
231906,W,OTHER,-84.13736999999999,40.71563,GEOCODE,ALLEN,SHAWNEE,1997-02-06,14.0,838.2999877929688,STONE,AUGER,,,4.0,,850635
232465,W,DOMESTIC,-84.24164999999999,40.75098,GEOCODE,ALLEN,AMANDA,1997-02-22,38.0,818.0999755859375,SAND & GRAVEL,CABLE TOOL,10.0,15.0,,,813015
232466,W,DOMESTIC,-84.07030999999999,40.783319999999996,GEOCODE,ALLEN,BATH,1996-12-01,96.0,872.9000244140625,LIMESTONE,CABLE TOOL,4.0,32.0,43.0,43,846757
232467,W,DOMESTIC,-83.91982999999999,40.81223,GEOCODE,ALLEN,JACKSON,1996-11-23,52.0,913.0999755859375,LIMESTONE,ROTARY,20.0,12.0,43.0,43,851158
232595,W,DOMESTIC,-84.24207,40.726659999999995,GEOCODE,ALLEN,AMANDA,1999-05-05,48.0,836.0,SAND & GRAVEL,CABLE TOOL,9.0,23.0,,,890229
232620,W,MONITOR,-84.11341,40.72199,GEOCODE,ALLEN,SHAWNEE,1998-02-02,28.0,864.0999755859375,,,,,28.0,,829352
232622,W,DOMESTIC,-84.03887,40.70212,GEOCODE,ALLEN,PERRY,1997-10-30,202.0,959.0,LIMESTONE,ROTARY,12.0,65.0,89.0,78,867112
232637,W,DOMESTIC,-83.99452,40.81115,GEOCODE,ALLEN,BATH,1997-08-22,114.0,871.4000244140625,LIMESTONE,ROTARY,7.0,56.0,48.0,46,852643
232646,W,DOMESTIC,-83.90742999999999,40.8813,GEOCODE,ALLEN,RICHLAND,1998-10-14,215.0,834.2999877929688,LIMESTONE,ROTARY,12.0,72.0,,103,884254
232647,W,MONITOR,-84.11341,40.72199,GEOCODE,ALLEN,SHAWNEE,1997-09-15,19.0,864.0999755859375,SAND,AUGER,,,12.0,,852941
232648,W,MONITOR,-84.11341,40.72199,GEOCODE,ALLEN,SHAWNEE,1997-09-15,17.0,864.0999755859375,SAND & GRAVEL,AUGER,,,12.0,,852945
232668,W,DOMESTIC,-83.95076999999999,40.74633,GEOCODE,ALLEN,BATH,1997-05-16,72.0,940.7000122070312,LIMESTONE,ROTARY,12.0,24.0,,33,851199
232676,W,DOMESTIC,-84.19270999999999,40.69357,GEOCODE,ALLEN,SHAWNEE,1997-07-03,170.0,865.9000244140625,LIMESTONE,ROTARY,30.0,50.0,130.0,130,851208
232760,W,DOMESTIC,-84.19729,40.69327,GEOCODE,ALLEN,SHAWNEE,1997-08-07,72.0,860.2000122070312,GRAVEL,CABLE TOOL,15.0,40.0,72.0,,859454
232785,W,DOMESTIC,-83.97543999999999,40.809509999999996,GEOCODE,ALLEN,JACKSON,1998-10-23,40.0,884.9000244140625,LIMESTONE,CABLE TOOL,15.0,15.0,25.0,25,879747
232791,W,DOMESTIC,-84.12834,40.795919999999995,,ALLEN,AMERICAN,1998-08-01,28.0,820.0,SAND & GRAVEL,CABLE TOOL,12.0,9.0,28.0,,846781
232792,W,DOMESTIC,-84.08957,40.68177,GEOCODE,ALLEN,PERRY,1998-11-20,105.0,920.2000122070312,SAND & GRAVEL,CABLE TOOL,15.0,65.0,105.0,,879751
232801,W,DOMESTIC,-83.90728,40.892309999999995,GEOCODE,ALLEN,RICHLAND,1999-04-28,222.0,836.2000122070312,LIMESTONE,ROTARY,10.0,60.0,,113,889221
232882,W,DOMESTIC,-84.01348,40.816700000000004,GEOCODE,ALLEN,BATH,1999-09-28,62.0,849.5,LIMESTONE,ROTARY,15.0,15.0,26.0,26,901865
232883,W,DOMESTIC,-83.92445,40.746469999999995,GEOCODE,ALLEN,JACKSON,1999-09-04,70.0,961.7000122070312,LIMESTONE,ROTARY,20.0,22.0,65.0,65,901860
232889,W,DOMESTIC,-83.92509,40.867869999999996,GEOCODE,ALLEN,RICHLAND,1999-11-04,95.0,854.2999877929688,LIMESTONE,ROTARY,7.0,75.0,30.0,30,901891
232895,W,DOMESTIC,-84.18943999999999,40.79491,GEOCODE,ALLEN,AMERICAN,2000-04-27,53.0,788.7000122070312,,ROTARY,10.0,18.0,32.0,,914479
232931,W,DOMESTIC,-83.93328,40.87702,GEOCODE,ALLEN,RICHLAND,2000-09-01,59.0,827.7999877929688,LIMESTONE,ROTARY,8.0,14.0,25.0,7,914510
232982,W,DOMESTIC,-84.07346,40.80359,,ALLEN,BATH,2000-08-01,57.0,855.2000122070312,LIMESTONE,CABLE TOOL,10.0,28.0,53.0,53,892903
233044,W,DOMESTIC,-83.90481,40.86327,GEOCODE,ALLEN,RICHLAND,2000-06-28,41.0,863.2000122070312,LIMESTONE,ROTARY,20.0,31.0,37.0,34,913466
233209,W,DOMESTIC,-83.97502,40.74968,GEOCODE,ALLEN,JACKSON,2001-07-05,60.0,929.7999877929688,LIMESTONE,ROTARY,30.0,12.0,32.0,32,929705
233410,W,DOMESTIC,-84.36085,40.73609,GEOCODE,ALLEN,AMANDA,2001-07-09,99.0,816.2000122070312,LIMESTONE,ROTARY,10.0,25.0,40.0,34,935918
233497,W,DOMESTIC,-83.99889,40.7033,GEOCODE,ALLEN,PERRY,2001-01-24,175.0,998.7000122070312,LIMESTONE,ROTARY,30.0,74.0,128.0,128,922113
233703,W,AGRIC/IRRIG,-84.15092,40.659929999999996,GEOCODE,ALLEN,SHAWNEE,2001-07-14,145.0,878.0,SHALE,CABLE TOOL,20.0,20.0,143.0,143,916250
233897,W,MONITOR,-84.33994,40.84699,,ALLEN,MARION,2002-03-16,24.0,769.7999877929688,LIMESTONE,ROTARY,,,14.0,13,942221
233985,W,DOMESTIC,-83.93735,40.84017,GEOCODE,ALLEN,RICHLAND,1997-04-01,44.0,876.7999877929688,LIMESTONE,CABLE TOOL,7.0,19.2,35.0,33,846965
233989,W,DOMESTIC,-84.22408999999999,40.79436,GEOCODE,ALLEN,MARION,1996-09-04,42.0,792.5,LIMESTONE,ROTARY,15.0,14.0,28.0,28,843044
234024,W,DOMESTIC,-84.181,40.7578,,ALLEN,AMERICAN,1991-07-02,50.0,825.5,LIMESTONE,ROTARY,6.0,33.0,44.0,40,725316
234033,W,DOMESTIC,-84.31447,40.834289999999996,GEOCODE,ALLEN,MARION,1996-05-07,72.0,777.2999877929688,LIMESTONE,ROTARY,1.0,15.0,32.0,32,835511
234049,W,DOMESTIC,-84.16593,40.689119999999996,GEOCODE,ALLEN,SHAWNEE,1975-12-02,93.0,838.9000244140625,SAND & GRAVEL,,50.0,22.0,,,496151
234067,W,DOMESTIC,-83.9788,40.713319999999996,GEOCODE,ALLEN,AUGLAIZE,1984-07-10,330.0,999.5999755859375,LIMESTONE,,15.0,55.0,126.0,122,650786
234114,W,DOMESTIC,-83.89963,40.912679999999995,GEOCODE,ALLEN,RICHLAND,2002-09-06,70.0,819.5,LIMESTONE,ROTARY,10.0,30.0,32.0,68,947782
234173,W,DOMESTIC,-84.04668,40.759547,DIGITIZED,ALLEN,BATH,1963-05-21,55.0,887.0,LIMESTONE,,20.0,20.0,33.0,32,286080
234198,W,DOMESTIC,-83.98185,40.69484,GEOCODE,ALLEN,AUGLAIZE,1988-09-10,35.0,937.4000244140625,LIMESTONE,ROTARY,20.0,10.0,35.0,30,690115
234231,W,DOMESTIC,-84.16924999999999,40.779775,DIGITIZED,ALLEN,AMERICAN,1955-08-15,80.0,822.0999755859375,LIMESTONE,,,44.0,,67,66473
234256,W,DOMESTIC,-84.052182,40.838439,DIGITIZED,ALLEN,MONROE,1954-02-04,58.0,825.2000122070312,LIMESTONE,,,12.0,37.0,56,120452
234257,W,DOMESTIC,-83.89920099999999,40.877556,DIGITIZED,ALLEN,RICHLAND,1954-05-04,100.0,848.5,LIMESTONE,,,44.0,24.0,97,120456
234275,W,DOMESTIC,-84.185546,40.706976,DIGITIZED,ALLEN,SHAWNEE,1954-07-14,64.0,872.2000122070312,GRAVEL,,15.0,52.0,64.0,,123530
234282,W,DOMESTIC,-84.32912,40.854623,DIGITIZED,ALLEN,MARION,1954-05-25,43.0,763.5999755859375,LIMESTONE,,25.0,15.0,16.0,16,112941
234294,W,DOMESTIC,-84.0185,40.694849999999995,GEOCODE,ALLEN,PERRY,1995-02-02,140.0,974.0999755859375,GRAVEL,CABLE TOOL,15.0,40.0,140.0,,800629
234355,W,DOMESTIC,-84.18345699999999,40.747122,DIGITIZED,ALLEN,AMERICAN,1961-08-01,73.0,804.7999877929688,LIMESTONE,,5.0,26.0,26.0,26,264462
234359,W,DOMESTIC,-84.17161899999999,40.724376,DIGITIZED,ALLEN,SHAWNEE,1956-11-08,85.0,835.2999877929688,LIMESTONE,,10.0,40.0,54.0,42,145262
234383,W,DOMESTIC,-84.064771,40.81254,DIGITIZED,ALLEN,BATH,1960-11-08,64.0,847.2000122070312,LIMESTONE,,,23.0,38.0,61,260652
234398,W,DOMESTIC,-84.00359,40.74228,GEOCODE,ALLEN,BATH,2003-05-30,42.0,935.4000244140625,SHALE,CABLE TOOL,15.0,30.0,38.0,38,947313
234434,W,DOMESTIC,-83.91866999999999,40.761669999999995,GLOBAL POSITIONING SYSTEM,ALLEN,JACKSON,2003-06-23,82.0,952.9000244140625,LIMESTONE,ROTARY,15.0,40.0,38.0,81,956701
234436,W,DOMESTIC,-84.34882999999999,40.786,GLOBAL POSITIONING SYSTEM,ALLEN,SPENCER,2003-05-29,188.0,800.5,LIMESTONE,ROTARY,7.0,80.0,32.0,184,956697
234478,W,DOMESTIC,-83.994642,40.777943,DIGITIZED,ALLEN,BATH,1953-09-14,64.0,910.9000244140625,LIMESTONE,,18.0,33.0,42.0,61,94346
234488,W,PUBLIC/SEMI-PUB,-84.029904,40.738361,DIGITIZED,ALLEN,BATH,1965-07-15,74.0,927.5999755859375,LIMESTONE,,20.0,46.0,36.0,36,319445
234506,W,DOMESTIC,-84.17826,40.779965999999995,DIGITIZED,ALLEN,AMERICAN,1955-10-02,17.0,802.5,GRAVEL,,13.0,7.0,17.0,,141835
234507,W,DOMESTIC,-84.158102,40.709396,DIGITIZED,ALLEN,SHAWNEE,1955-06-15,136.0,846.5999755859375,GRAVEL,,30.0,40.0,136.0,,142820
234522,W,DOMESTIC,-84.166849,40.732431,DIGITIZED,ALLEN,AMERICAN,1956-02-07,148.0,844.5,SAND,,20.0,62.0,145.0,,166768
234535,W,DOMESTIC,-83.890276,40.703340999999995,DIGITIZED,ALLEN,AUGLAIZE,1957-04-12,39.0,993.7999877929688,LIMESTONE,,,8.0,22.0,22,169626
234580,W,DOMESTIC,-84.171379,40.779785,DIGITIZED,ALLEN,AMERICAN,1960-08-02,53.0,822.0999755859375,LIMESTONE,,7.0,28.0,43.0,43,245570
234597,W,DOMESTIC,-84.08932999999999,40.822500000000005,GLOBAL POSITIONING SYSTEM,ALLEN,MONROE,2003-05-19,76.0,821.9000244140625,LIMESTONE,ROTARY,30.0,14.0,30.0,27,956693
234718,W,DOMESTIC,-83.91832199999999,40.706806,,ALLEN,AUGLAIZE,2003-07-23,63.0,982.0,LIMESTONE,ROTARY,8.0,22.0,42.0,60,963251
234754,W,,-83.92121999999999,40.70766,,ALLEN,AUGLAIZE,2004-03-08,64.0,983.5,LIMESTONE,ROTARY,15.0,14.0,47.0,62,963204
234755,W,DOMESTIC,-84.27333,40.81017,GLOBAL POSITIONING SYSTEM,ALLEN,MARION,2004-02-20,97.0,784.5999755859375,LIMESTONE,ROTARY,9.0,25.0,26.0,94,972069
234853,W,DOMESTIC,-84.28869,40.82564,GLOBAL POSITIONING SYSTEM,ALLEN,MARION,2004-04-19,100.0,775.0,LIMESTONE,ROTARY,15.0,27.0,26.0,14,963189
234972,W,,-84.26617,40.766000000000005,GLOBAL POSITIONING SYSTEM,ALLEN,AMANDA,2004-06-07,53.0,806.2000122070312,LIMESTONE,ROTARY,25.0,10.0,28.0,48,978506
235127,W,DOMESTIC,-84.38843,40.79407,GLOBAL POSITIONING SYSTEM,ALLEN,MARION,2004-09-21,42.0,794.2999877929688,GRAVEL,CABLE TOOL,9.0,22.0,40.0,40,962749
235208,W,PUBLIC/SEMI-PUB,-84.20083,40.6625,GLOBAL POSITIONING SYSTEM,ALLEN,SHAWNEE,2004-05-19,33.0,852.5,SHALE,CABLE TOOL,20.0,15.0,32.0,32,978595
235456,W,DOMESTIC,-84.01328,40.80366,GEOCODE,ALLEN,BATH,2004-11-01,44.0,881.7000122070312,LIMESTONE & SHALE,CABLE TOOL,12.0,21.0,42.0,42,960940
235643,W,DOMESTIC,-84.172454,40.708524,DIGITIZED,ALLEN,SHAWNEE,1958-12-22,64.0,869.4000244140625,GRAVEL,,8.0,43.0,64.0,,220159
235660,W,DOMESTIC,-84.260519,40.728822,DIGITIZED,ALLEN,AMANDA,1960-08-14,37.0,823.0999755859375,SAND & GRAVEL,,15.0,20.0,37.0,,227432
235713,W,DOMESTIC,-84.16422299999999,40.720574,DIGITIZED,ALLEN,SHAWNEE,1960-09-10,168.0,849.2000122070312,GRAVEL,,7.0,70.0,168.0,,245870
235735,W,DOMESTIC,-84.03724299999999,40.806689,DIGITIZED,ALLEN,BATH,1965-02-15,46.0,857.5999755859375,GRAVEL,,16.0,15.0,46.0,,319430
235793,W,DOMESTIC,-83.91833,40.76667,GLOBAL POSITIONING SYSTEM,ALLEN,JACKSON,2006-04-10,71.0,947.0,LIMESTONE,AIR ROTARY,15.0,28.0,40.0,67,2002140
235835,W,DOMESTIC,-84.10833,40.660000000000004,GLOBAL POSITIONING SYSTEM,ALLEN,SHAWNEE,2005-11-14,90.0,938.7999877929688,,CABLE TOOL,20.0,50.0,86.0,89,997861
235896,W,DOMESTIC,-84.210432,40.76452,DIGITIZED,ALLEN,AMERICAN,1957-10-09,110.0,799.7999877929688,LIMESTONE,,10.0,16.0,22.0,22,192880
235897,W,DOMESTIC,-84.031866,40.698581999999995,DIGITIZED,ALLEN,PERRY,1964-05-23,106.0,979.2999877929688,GRAVEL,,4.0,71.0,106.0,,301088
235898,W,DOMESTIC,-84.301503,40.831506999999995,DIGITIZED,ALLEN,MARION,1966-07-26,167.0,778.4000244140625,LIMESTONE,,6.0,15.0,27.0,24,337048
236038,W,DOMESTIC,-84.187131,40.707388,DIGITIZED,ALLEN,SHAWNEE,1956-01-25,126.0,863.7000122070312,LIMESTONE,,20.0,55.0,85.0,85,166767
236135,W,,-84.104609,40.711041,DIGITIZED,ALLEN,PERRY,1949-03-24,132.0,892.7999877929688,LIMESTONE,,,15.0,46.0,130,30669
236315,W,DOMESTIC,-84.128394,40.776044999999996,DIGITIZED,ALLEN,AMERICAN,1950-09-04,55.0,838.2000122070312,LIMESTONE,,,,47.0,47,56740
236316,W,DOMESTIC,-84.137649,40.690111,DIGITIZED,ALLEN,SHAWNEE,1955-07-07,300.0,867.0999755859375,GRAVEL,,20.0,42.0,300.0,,139847
236328,W,DOMESTIC,-84.137649,40.690111,DIGITIZED,ALLEN,SHAWNEE,1954-11-06,45.0,867.0999755859375,GRAVEL,,14.0,29.0,45.0,,139814
236329,W,DOMESTIC,-84.16918299999999,40.721136,DIGITIZED,ALLEN,SHAWNEE,1961-10-30,118.0,840.2000122070312,LIMESTONE,,10.0,61.0,72.0,70,222294
236371,W,DOMESTIC,-83.995792,40.788835999999996,DIGITIZED,ALLEN,BATH,1953-05-09,104.0,922.2000122070312,LIMESTONE,,33.0,45.0,61.0,101,94336
236393,W,DOMESTIC,-84.164428,40.712756,DIGITIZED,ALLEN,SHAWNEE,1957-10-04,70.0,851.2000122070312,GRAVEL,,12.0,55.0,70.0,,181734
236406,W,DOMESTIC,-84.06951,40.812355,DIGITIZED,ALLEN,BATH,1961-07-12,83.0,851.9000244140625,LIMESTONE,,,25.0,54.0,48,260668
236420,W,,-84.09093899999999,40.662028,DIGITIZED,ALLEN,PERRY,1955-04-26,999.0,966.0,,,,,,,66465
236421,W,DOMESTIC,-84.087785,40.71541,DIGITIZED,ALLEN,PERRY,1959-06-19,37.0,886.5,GRAVEL,,8.0,20.0,37.0,,229466
236761,W,DOMESTIC,-84.360278,40.691666999999995,GLOBAL POSITIONING SYSTEM,ALLEN,SPENCER,2007-09-13,103.0,853.7000122070312,LIMESTONE,AIR ROTARY,40.0,50.0,85.0,100,2012699
236934,W,,-84.35300000000001,40.775833,,ALLEN,SPENCER,2007-05-18,102.0,803.7000122070312,LIMESTONE,ROTARY,3.0,28.0,29.0,27,978586
237016,W,MONITOR,-84.33916699999999,40.846833,MAP-OTHERS,ALLEN,MARION,2007-05-03,31.0,769.5999755859375,LIMESTONE,AUGER,,0.0,21.0,15,2010300
237250,W,DOMESTIC,-83.883056,40.868611,GLOBAL POSITIONING SYSTEM,ALLEN,RICHLAND,2007-04-19,60.0,855.0,LIMESTONE,AIR ROTARY,15.0,20.0,27.0,57,2009318
237451,W,DOMESTIC,-84.041944,40.658888999999995,,ALLEN,PERRY,2006-08-18,64.0,921.0,,CABLE TOOL,6.0,12.0,62.0,63,997892
237656,W,DOMESTIC,-84.08916699999999,40.807500000000005,GLOBAL POSITIONING SYSTEM,ALLEN,BATH,2006-10-06,63.0,830.5999755859375,LIMESTONE,AIR ROTARY,6.0,32.0,47.0,50,2005784
237812,W,DOMESTIC,-83.94510000000001,40.750682999999995,,ALLEN,JACKSON,2008-09-26,122.0,951.5,LIMESTONE,ROTARY,12.0,39.0,43.0,43,1007248
237906,W,DOMESTIC,-83.939444,40.801666999999995,GLOBAL POSITIONING SYSTEM,ALLEN,JACKSON,2008-10-21,63.0,914.7000122070312,LIMESTONE,AIR ROTARY,10.0,17.0,45.0,62,2019700
237951,W,MONITOR,-84.10891699999999,40.797816999999995,GLOBAL POSITIONING SYSTEM,ALLEN,BATH,2010-04-07,12.0,830.0,SILT & CLAY,GEOPROBE,,4.0,2.0,,2026609
238067,W,MONITOR,-84.15617,40.73714,GEOCODE,ALLEN,BATH,2008-05-28,17.5,846.4000244140625,GRAVEL,GEOPROBE,,2.0,2.5,,2016812
238167,W,MONITOR,-84.15681699999999,40.737083,GLOBAL POSITIONING SYSTEM,ALLEN,AMERICAN,2008-10-02,15.0,842.0999755859375,CLAY,AUGER,,8.0,2.0,,2019730
238238,W,DOMESTIC,-84.15554,40.85265,GEOCODE,ALLEN,SUGAR CREEK,2007-07-01,29.0,781.7999877929688,LIMESTONE,CABLE TOOL,10.0,8.0,27.0,28,997919
238259,W,DOMESTIC,-84.06694399999999,40.684166999999995,,ALLEN,PERRY,2010-05-19,275.0,957.0999755859375,SHALE,CABLE TOOL,15.0,58.0,273.0,273,1013470
238447,W,DOMESTIC,-84.02677,40.70213,GEOCODE,ALLEN,PERRY,1989-11-29,162.0,977.0,LIMESTONE,CABLE TOOL,5.0,70.0,148.0,140,700570
238470,W,DOMESTIC,-84.28,40.722500000000004,GLOBAL POSITIONING SYSTEM,ALLEN,AMANDA,2011-11-01,49.0,831.5,SHALE,CABLE TOOL,20.0,35.0,48.0,48,1015421
238495,W,DOMESTIC,-84.126,40.755666999999995,GLOBAL POSITIONING SYSTEM,ALLEN,AMERICAN,2010-07-09,183.0,856.5,LIMESTONE,AIR ROTARY,12.0,90.0,176.0,180,2027791
238777,W,MONITOR,-84.157067,40.737266999999996,GLOBAL POSITIONING SYSTEM,ALLEN,AMERICAN,2010-04-20,12.0,840.2999877929688,SILT & CLAY,GEOPROBE,,6.0,2.0,,2027637
238877,W,,-84.051267,40.807,,ALLEN,BATH,2011-06-01,36.0,836.4000244140625,LIMESTONE,CABLE TOOL,12.0,14.0,34.0,30,997932
238912,W,DOMESTIC,-84.14016699999999,40.657000000000004,GLOBAL POSITIONING SYSTEM,ALLEN,SHAWNEE,2013-08-16,45.0,889.2000122070312,SHALE,CABLE TOOL,20.0,30.0,43.0,43,1016372
238955,W,DOMESTIC,-83.92157,40.87095,GEOCODE,ALLEN,RICHLAND,1985-01-07,115.0,844.7000122070312,LIMESTONE,,7.0,58.0,34.0,31,650790
238972,W,,-84.04175,40.846483,,ALLEN,MONROE,2013-01-01,33.0,827.5999755859375,LIMESTONE & SHALE,CABLE TOOL,12.0,18.0,31.0,32,1013069
239005,W,DOMESTIC,-84.19,40.791667,,ALLEN,AMERICAN,2013-02-15,55.0,798.2000122070312,,,,,,24,1016362
239090,W,DOMESTIC,-84.382222,40.735555999999995,GLOBAL POSITIONING SYSTEM,ALLEN,SPENCER,2014-10-17,53.0,816.7000122070312,GRAVEL & LIMESTONE,AIR ROTARY,20.0,18.0,52.0,,2049924
239176,W,DOMESTIC,-84.05857999999999,40.71718,GLOBAL POSITIONING SYSTEM,ALLEN,PERRY,2015-04-01,143.0,919.2000122070312,LIMESTONE,ROTARY,6.0,48.0,57.0,54,2051454
239183,W,DOMESTIC,-84.29402,40.76598,GLOBAL POSITIONING SYSTEM,ALLEN,AMANDA,2015-08-21,163.0,805.0999755859375,LIMESTONE,ROTARY,18.0,18.0,35.0,160,2053369
239186,W,DOMESTIC,-84.025933,40.730683,GLOBAL POSITIONING SYSTEM,ALLEN,PERRY,2015-09-02,110.0,,LIMESTONE,ROTARY,20.0,57.0,49.0,49,1018685
239431,W,AGRIC/IRRIG,-83.891717,40.814017,GLOBAL POSITIONING SYSTEM,ALLEN,JACKSON,2014-08-13,63.0,912.5999755859375,LIMESTONE,ROTARY,50.0,11.0,33.0,31,2048903
239599,W,MONITOR,-84.07762,40.7302,GLOBAL POSITIONING SYSTEM,ALLEN,PERRY,2017-01-12,18.0,,CLAY,GEOPROBE,,12.0,8.0,,2061007
239622,W,DOMESTIC,-84.002603,40.745126,DIGITAL MAP,ALLEN,BATH,2017-07-27,65.0,,LIMESTONE,ROTARY,30.0,13.0,26.0,17,1020192
239696,W,DOMESTIC,-84.17952,40.690349999999995,GEOCODE,ALLEN,SHAWNEE,1971-07-11,87.0,847.4000244140625,LIMESTONE,,30.0,32.0,71.0,65,438361
239814,W,DOMESTIC,-84.006166,40.742833,GLOBAL POSITIONING SYSTEM,ALLEN,BATH,2018-04-26,37.0,,LIMESTONE,ROTARY,20.0,23.0,32.0,32,1020713
239914,W,DOMESTIC,-84.33448,40.816,GLOBAL POSITIONING SYSTEM,ALLEN,MARION,2017-12-01,90.0,,LIMESTONE,ROTARY,7.0,11.0,27.0,23,2065764
239943,W,DOMESTIC,-84.2235,40.7804,GLOBAL POSITIONING SYSTEM,ALLEN,AMERICAN,2017-09-05,65.0,,LIMESTONE,ROTARY,6.0,16.0,27.0,27,1020284
240057,W,MUNICIPAL,-84.352761,40.715706,GLOBAL POSITIONING SYSTEM,ALLEN,SPENCER,2019-09-04,252.0,,LIMESTONE,ROTARY,750.0,21.8,55.0,,2076117
240163,W,DOMESTIC,-83.99020999999999,40.68737,GEOCODE,ALLEN,AUGLAIZE,1996-03-18,55.0,931.7999877929688,LIMESTONE,ROTARY,10.0,,33.0,33,828353
240181,W,DOMESTIC,-83.950783,40.798666,GLOBAL POSITIONING SYSTEM,ALLEN,JACKSON,2017-10-01,41.0,,LIMESTONE & SHALE,CABLE TOOL,7.0,18.0,39.0,39,1015568
240313,W,DOMESTIC,-84.15435,40.6655,GLOBAL POSITIONING SYSTEM,ALLEN,SHAWNEE,2019-03-22,205.0,,SAND & GRAVEL,MUD/AIR ROTARY,30.0,16.0,206.5,,2072648
240337,W,DOMESTIC,-84.186233,40.841533,GLOBAL POSITIONING SYSTEM,ALLEN,SUGAR CREEK,2019-08-29,117.0,,LIMESTONE,MUD/AIR ROTARY,6.0,15.0,27.0,,2075389
240382,W,DOMESTIC,-83.950617,40.7577,GLOBAL POSITIONING SYSTEM,ALLEN,JACKSON,2020-02-11,55.0,,LIMESTONE,MUD/AIR ROTARY,15.0,27.0,44.0,,2078320
240443,W,MONITOR,-84.12619,40.68723,GLOBAL POSITIONING SYSTEM,ALLEN,SHAWNEE,2019-05-06,12.0,,CLAY,GEOPROBE,,5.0,2.0,,2073647
240470,W,DOMESTIC,-83.90384399999999,40.835988,DIGITIZED,ALLEN,RICHLAND,1956-03-14,62.0,885.0999755859375,LIMESTONE,,,22.0,30.0,60,161651
240471,W,DOMESTIC,-83.97252399999999,40.896929,DIGITIZED,ALLEN,RICHLAND,1956-06-15,40.0,804.9000244140625,LIMESTONE,,7.0,,21.0,21,144637
240472,W,DOMESTIC,-84.1254,40.666937999999995,DIGITIZED,ALLEN,SHAWNEE,1954-04-24,42.0,889.2000122070312,GRAVEL,,,23.0,42.0,,35444
240473,W,DOMESTIC,-84.10963,40.66473,GEOCODE,ALLEN,SHAWNEE,1989-04-20,190.0,922.7999877929688,LIMESTONE,ROTARY,8.0,57.0,160.0,89,696687
240474,W,DOMESTIC,-84.15383,40.66435,,ALLEN,SHAWNEE,1996-10-25,138.0,873.4000244140625,SAND & GRAVEL,ROTARY,20.0,19.0,135.0,,846009
240475,W,DOMESTIC,-84.13548999999999,40.66044,GEOCODE,ALLEN,SHAWNEE,1976-09-22,52.0,896.0,GRAVEL,,15.0,42.0,52.0,,511827
240476,W,MONITOR,-83.92085999999999,40.70854,,ALLEN,AUGLAIZE,1991-09-25,27.0,984.0,SAND & GRAVEL,AUGER,,16.5,27.0,,741881
240477,W,MONITOR,-84.10553999999999,40.74388,,ALLEN,BATH,1990-10-31,25.0,879.0,GLACIAL TILL,AUGER,,16.6,15.0,,721888
240480,W,DOMESTIC,-84.26840399999999,40.709185,DIGITIZED,ALLEN,AMANDA,1966-05-28,36.0,820.0999755859375,GRAVEL,,7.0,22.0,36.0,,337038
240482,W,DOMESTIC,-84.164637,40.751058,DIGITIZED,ALLEN,AMERICAN,1953-04-07,189.0,823.5999755859375,GRAVEL,,6.0,35.0,189.0,,85190
240483,W,DOMESTIC,-84.28152999999999,40.82439,GEOCODE,ALLEN,MARION,1995-08-21,154.0,773.0,LIMESTONE,ROTARY,7.0,16.0,26.0,26,811971
240484,W,,-84.04178,40.759445,DIGITIZED,ALLEN,BATH,1959-08-03,51.0,870.7000122070312,LIMESTONE,,24.0,17.0,25.0,25,224080
240486,W,DOMESTIC,-84.26080999999999,40.695009999999996,GEOCODE,ALLEN,AMANDA,1995-09-05,64.0,834.0999755859375,LIMESTONE,CABLE TOOL,10.0,30.0,38.0,38,819983
240488,W,DOMESTIC,-83.99526,40.90162,GEOCODE,ALLEN,MONROE,1972-09-01,34.0,787.2999877929688,LIMESTONE,,10.0,6.0,13.0,13,423159
240490,W,DOMESTIC,-84.07849,40.68747,GEOCODE,ALLEN,SHAWNEE,1968-03-18,53.0,940.4000244140625,GRAVEL,,10.0,41.0,52.0,,372609
240491,W,DOMESTIC,-84.17898199999999,40.707285,DIGITIZED,ALLEN,SHAWNEE,1956-01-22,65.0,869.9000244140625,GRAVEL,,8.0,34.0,65.0,,141847
240493,W,DOMESTIC,-84.01324,40.793009999999995,GEOCODE,ALLEN,BATH,1993-06-04,120.0,881.5999755859375,LIMESTONE,ROTARY,30.0,12.0,43.0,41,767867
240494,W,,-84.076396,40.731905999999995,DIGITIZED,ALLEN,BATH,1963-03-18,86.0,877.7000122070312,LIMESTONE,,15.0,56.0,35.0,34,286066
240498,W,DOMESTIC,-84.1879,40.840039999999995,GEOCODE,ALLEN,SUGAR CREEK,1988-10-10,65.0,781.2000122070312,LIMESTONE,ROTARY,4.0,16.0,25.0,21,690130
240499,W,DOMESTIC,-84.11878999999999,40.81077,GEOCODE,ALLEN,SUGAR CREEK,1989-06-10,50.0,819.0,LIMESTONE,ROTARY,7.0,25.0,31.0,28,696707
240501,W,DOMESTIC,-84.26012999999999,40.71069,GEOCODE,ALLEN,AMANDA,1996-05-14,40.0,828.0,CLAY & BOULDERS,CABLE TOOL,15.0,30.0,40.0,,820013
240504,W,DOMESTIC,-84.088081,40.714115,DIGITIZED,ALLEN,PERRY,1956-08-11,103.0,889.5999755859375,LIMESTONE,,18.0,54.0,51.0,75,120092
240505,W,MONITOR,-84.14672999999999,40.748529999999995,,ALLEN,AMERICAN,1990-11-07,14.0,860.5,GRAVEL,AUGER,,3.0,3.0,,684146
240506,W,DOMESTIC,-83.937074,40.771637999999996,DIGITIZED,ALLEN,JACKSON,1954-06-24,61.0,925.5,LIMESTONE,,20.0,15.0,26.0,26,123525
240507,W,DOMESTIC,-83.955282,40.915956,DIGITIZED,ALLEN,RICHLAND,1962-08-10,65.0,790.9000244140625,LIMESTONE,,,,21.0,20,278302
240512,W,DOMESTIC,-83.91087999999999,40.74661,GEOCODE,ALLEN,JACKSON,1973-09-10,61.0,969.0,LIMESTONE,,20.0,28.0,44.0,44,512487
240513,W,DOMESTIC,-84.22422999999999,40.8068,GEOCODE,ALLEN,MARION,1995-11-21,64.0,797.0,LIMESTONE,ROTARY,3.0,14.0,25.0,25,822312
240514,W,DOMESTIC,-84.11152,40.775549999999996,GEOCODE,ALLEN,AMERICAN,1973-01-10,148.0,851.0999755859375,LIMESTONE,,12.0,71.0,93.0,91,451851
240515,W,DOMESTIC,-84.165292,40.700536,DIGITIZED,ALLEN,SHAWNEE,1961-12-05,55.0,848.5999755859375,SAND & GRAVEL,,10.0,,55.0,,250942
240516,W,MONITOR,-84.11341,40.72199,GEOCODE,ALLEN,SHAWNEE,1994-10-20,23.0,864.0999755859375,SAND & GRAVEL,AUGER,,,,,827581
240517,W,DOMESTIC,-84.13953699999999,40.780623,DIGITIZED,ALLEN,AMERICAN,1954-04-08,76.0,834.7000122070312,LIMESTONE,,,,35.0,35,123364
240518,W,DOMESTIC,-83.89941,40.728519999999996,GEOCODE,ALLEN,AUGLAIZE,1992-09-20,85.0,1008.0999755859375,LIMESTONE,ROTARY,12.0,48.0,65.0,62,755167
240519,W,DOMESTIC,-83.94731999999999,40.833497,DIGITIZED,ALLEN,RICHLAND,1953-10-23,57.0,879.0,LIMESTONE,,,,30.0,30,86222
240520,W,DOMESTIC,-84.18720599999999,40.72739,DIGITIZED,ALLEN,SHAWNEE,1961-05-18,42.0,830.7000122070312,SAND & GRAVEL,,15.0,20.0,42.0,,258464
240521,W,DOMESTIC,-84.16358699999999,40.740888999999996,DIGITIZED,ALLEN,AMERICAN,1955-04-28,207.0,835.5999755859375,LIMESTONE,,,76.0,184.0,184,139013
240522,W,DOMESTIC,-84.183998,40.757401,DIGITIZED,ALLEN,AMERICAN,1961-08-29,146.0,826.5,LIMESTONE,,9.0,36.0,40.0,40,264465
240523,W,DOMESTIC,-84.25731999999999,40.782379999999996,GEOCODE,ALLEN,MARION,1994-09-06,66.0,803.7999877929688,LIMESTONE,CABLE TOOL,5.0,,35.0,34,791780
240524,W,DOMESTIC,-84.012671,40.734882999999996,DIGITIZED,ALLEN,BATH,1962-10-09,81.0,944.4000244140625,LIMESTONE,,20.0,54.0,48.0,48,286055
240525,W,DOMESTIC,-84.133938,40.658041999999995,GEOCODE,ALLEN,SHAWNEE,1990-01-17,150.0,903.7000122070312,GRAVEL,ROTARY,10.0,51.0,150.0,,707253
240526,W,DOMESTIC,-84.13427,40.66641,GEOCODE,ALLEN,SHAWNEE,1993-05-19,38.0,887.0999755859375,GRAVEL,CABLE TOOL,15.0,30.0,38.0,,758675
240527,W,DOMESTIC,-84.16224,40.711929999999995,GEOCODE,ALLEN,SHAWNEE,1971-08-07,75.0,852.5999755859375,GRAVEL,,18.0,50.0,75.0,,438372
240528,W,DOMESTIC,-84.19984699999999,40.724005,DIGITIZED,ALLEN,SHAWNEE,1959-04-22,85.0,841.0,LIMESTONE,,,32.0,48.0,48,161237
240529,W,,-84.160505,40.724959,DIGITIZED,ALLEN,SHAWNEE,1957-05-08,200.0,864.0999755859375,LIMESTONE,,30.0,80.0,161.0,195,181723
240532,W,DOMESTIC,-83.986915,40.694827,DIGITIZED,ALLEN,AUGLAIZE,1957-08-21,70.0,952.5,LIMESTONE,,20.0,20.0,47.0,47,192869
240533,W,DOMESTIC,-84.03215,40.690979999999996,GEOCODE,ALLEN,PERRY,1989-07-20,150.0,975.0,GRAVEL,CABLE TOOL,10.0,80.0,150.0,,677698
240534,W,DOMESTIC,-84.306439,40.833251,DIGITIZED,ALLEN,MARION,1966-06-07,78.0,778.9000244140625,LIMESTONE,,3.0,13.0,29.0,27,337040
240538,W,DOMESTIC,-84.18781,40.83835,GEOCODE,ALLEN,SUGAR CREEK,1996-09-20,63.0,782.0,LIMESTONE,ROTARY,10.0,16.0,51.0,51,843053
240539,W,DOMESTIC,-84.137243,40.693948999999996,DIGITIZED,ALLEN,SHAWNEE,1952-09-16,156.0,859.5999755859375,GRAVEL,,,50.0,154.0,,82971
240540,W,,-84.16816,40.72376,GEOCODE,ALLEN,SHAWNEE,1982-07-16,106.0,849.0,SAND,,20.0,63.0,106.0,,515478
240542,W,DOMESTIC,-84.17913899999999,40.757661,DIGITIZED,ALLEN,AMERICAN,1956-05-02,117.0,827.5,LIMESTONE,,20.0,32.0,34.0,32,166781
240543,W,DOMESTIC,-84.04898,40.75074,GEOCODE,ALLEN,BATH,1993-06-23,62.0,888.2999877929688,LIMESTONE,ROTARY,12.0,33.0,41.0,41,769285
240544,W,DOMESTIC,-84.19175,40.73699,,ALLEN,AMERICAN,1983-10-01,48.0,825.2999877929688,LIMESTONE,,10.0,28.0,39.0,36,622660
240545,W,DOMESTIC,-84.18167,40.7578,,ALLEN,AMERICAN,1987-10-30,50.0,825.4000244140625,LIMESTONE,,8.0,35.0,43.0,40,665291
240546,W,DOMESTIC,-84.17456,40.75835,,ALLEN,AMERICAN,1975-01-06,60.0,823.0999755859375,LIMESTONE,,20.0,47.0,40.0,50,476010
240547,W,DOMESTIC,-84.187131,40.707388,DIGITIZED,ALLEN,SHAWNEE,1960-06-20,122.0,863.7000122070312,LIMESTONE,,6.0,80.0,96.0,96,245864
240548,W,DOMESTIC,-84.149987,40.684042,DIGITIZED,ALLEN,SHAWNEE,1957-11-04,42.0,861.2999877929688,GRAVEL,,10.0,18.0,42.0,,173443
240549,W,DOMESTIC,-84.149987,40.684042,DIGITIZED,ALLEN,SHAWNEE,1959-10-21,35.0,861.2999877929688,GRAVEL,,10.0,19.0,35.0,,224094
240551,W,,-83.94149,40.856500000000004,GEOCODE,ALLEN,RICHLAND,1987-01-09,50.0,847.0,LIMESTONE,,12.0,11.0,25.0,23,661950
240552,W,,-84.15696899999999,40.80366,DIGITIZED,ALLEN,SUGAR CREEK,1964-11-05,54.0,798.9000244140625,LIMESTONE,,20.0,15.0,10.0,10,319420
240558,W,DOMESTIC,-83.93542,40.78835,GEOCODE,ALLEN,JACKSON,1995-07-14,145.0,928.7000122070312,LIMESTONE,ROTARY,100.0,25.0,44.0,41,821960
240559,W,DOMESTIC,-84.01214999999999,40.69486,GEOCODE,ALLEN,PERRY,1991-08-30,97.0,945.7999877929688,LIMESTONE,,6.0,25.0,82.0,79,715047
240560,W,DOMESTIC,-84.06788,40.684329999999996,GEOCODE,ALLEN,PERRY,1991-09-19,215.0,957.5,GRAVEL,ROTARY,20.0,70.0,214.0,,735490
240561,W,DOMESTIC,-84.02463,40.69511,GEOCODE,ALLEN,PERRY,1981-07-06,73.0,989.4000244140625,GRAVEL,,10.0,38.0,73.0,,515463
240562,W,DOMESTIC,-84.003708,40.742072,DIGITIZED,ALLEN,BATH,1963-07-24,71.0,938.0,LIMESTONE,,16.0,41.0,48.0,46,286097
240563,W,DOMESTIC,-84.15633,40.7611,,ALLEN,AMERICAN,1985-08-15,235.0,828.5999755859375,LIMESTONE,,10.0,95.0,200.0,196,650796
240564,W,DOMESTIC,-84.16234999999999,40.78986,GEOCODE,ALLEN,AMERICAN,1986-06-18,182.0,812.7999877929688,GRAVEL,,15.0,32.0,182.0,,625514
240565,W,DOMESTIC,-84.14671,40.6841,GEOCODE,ALLEN,SHAWNEE,1981-08-25,198.0,861.4000244140625,LIMESTONE,,10.0,60.0,153.0,153,600994
240566,W,DOMESTIC,-84.13687999999999,40.673988,DIGITIZED,ALLEN,SHAWNEE,1955-04-20,78.0,877.2999877929688,GRAVEL,,12.0,34.0,78.0,,141811
240571,W,DOMESTIC,-84.05149899999999,40.834447999999995,DIGITIZED,ALLEN,MONROE,1955-08-19,48.0,829.7999877929688,LIMESTONE,,20.0,10.0,38.0,38,156840
240572,W,DOMESTIC,-83.976306,40.826678,DIGITIZED,ALLEN,RICHLAND,1952-09-08,58.0,867.2999877929688,LIMESTONE,,20.0,10.0,34.0,34,100610
240573,W,DOMESTIC,-84.036214,40.731404999999995,DIGITIZED,ALLEN,BATH,1960-05-03,53.0,919.7999877929688,LIMESTONE,,20.0,29.0,24.0,24,245558
240574,W,DOMESTIC,-84.101216,40.802524999999996,DIGITIZED,ALLEN,BATH,1952-09-06,81.0,826.5,LIMESTONE,,12.0,20.0,34.0,30,40810
240575,W,DOMESTIC,-84.20961,40.6912,GEOCODE,ALLEN,SHAWNEE,1993-10-18,57.0,858.2000122070312,GRAVEL,ROTARY,15.0,31.0,57.0,,776162
240576,W,,-84.171959,40.70735,DIGITIZED,ALLEN,SHAWNEE,1969-09-15,225.0,877.5999755859375,LIMESTONE,,220.0,60.0,115.0,100,392170
240585,W,DOMESTIC,-83.98667999999999,40.731089999999995,GEOCODE,ALLEN,AUGLAIZE,1986-03-01,80.0,946.0999755859375,LIMESTONE,,20.0,25.0,68.0,65,651922
240586,W,DOMESTIC,-84.135965,40.779027,DIGITIZED,ALLEN,AMERICAN,1966-05-24,83.0,834.0,LIMESTONE,,18.0,50.0,33.0,32,328693
240587,W,DOMESTIC,-84.09443,40.79886,GEOCODE,ALLEN,BATH,1991-12-30,68.0,843.7999877929688,LIMESTONE,CABLE TOOL,9.0,36.0,44.0,67,723774
240590,W,DOMESTIC,-83.88687,40.64514,GEOCODE,ALLEN,AUGLAIZE,1992-01-09,75.0,1050.5,LIMESTONE,ROTARY,10.0,27.0,55.0,52,755197
240591,W,DOMESTIC,-84.18703099999999,40.717273,DIGITIZED,ALLEN,SHAWNEE,1956-11-07,72.0,857.4000244140625,GRAVEL,,10.0,45.0,72.0,,187857
240593,W,DOMESTIC,-83.93767,40.837219999999995,GEOCODE,ALLEN,RICHLAND,1993-11-05,55.0,868.5,LIMESTONE,ROTARY,15.0,29.0,41.0,38,776165
240600,W,DOMESTIC,-84.10607999999999,40.8012,GEOCODE,ALLEN,BATH,1994-02-28,52.0,811.2000122070312,LIMESTONE,CABLE TOOL,10.0,,28.0,28,761061
240601,W,DOMESTIC,-84.13556,40.817209999999996,GEOCODE,ALLEN,BATH,1988-01-05,44.0,804.0,LIMESTONE,,20.0,20.0,34.0,29,673370
240602,W,DOMESTIC,-84.137649,40.690111,DIGITIZED,ALLEN,SHAWNEE,1954-09-07,44.0,867.0999755859375,GRAVEL,,14.0,30.0,44.0,,139807
240603,W,DOMESTIC,-84.137649,40.690111,DIGITIZED,ALLEN,SHAWNEE,1954-07-09,85.0,867.0999755859375,GRAVEL,,15.0,35.0,85.0,,115295
240606,W,DOMESTIC,-84.05133599999999,40.718970999999996,DIGITIZED,ALLEN,PERRY,1952-09-02,73.0,922.5999755859375,LIMESTONE,,20.0,44.0,51.0,51,100608
240607,W,,-84.026904,40.704901,DIGITIZED,ALLEN,PERRY,1962-01-19,240.0,965.5,LIMESTONE,,45.0,58.0,93.0,90,208740
240608,W,DOMESTIC,-83.99389,40.735119999999995,GEOCODE,ALLEN,BATH,1994-05-15,82.0,928.7000122070312,LIMESTONE,CABLE TOOL,20.0,36.0,45.0,42,786587
240609,W,DOMESTIC,-84.17537,40.71217,GEOCODE,ALLEN,SHAWNEE,1983-11-09,74.0,856.9000244140625,GRAVEL,,20.0,55.0,74.0,,649673
240610,W,DOMESTIC,-84.281351,40.757028999999996,DIGITIZED,ALLEN,AMANDA,1963-10-14,76.0,806.5,LIMESTONE,,1.0,14.0,21.0,18,301059
240611,W,DOMESTIC,-83.97931,40.745979999999996,GEOCODE,ALLEN,JACKSON,1992-06-24,67.0,931.2000122070312,LIMESTONE,ROTARY,20.0,16.0,44.0,44,754867
245595,W,,-84.03357299999999,40.785336,DIGITIZED,ALLEN,BATH,1949-07-19,64.0,881.0999755859375,LIMESTONE,,20.0,18.0,37.0,37,69608
245596,W,,-84.108299,40.802575999999995,DIGITIZED,ALLEN,BATH,1949-07-02,79.0,805.0,LIMESTONE,,20.0,18.0,25.0,25,69605
245597,W,,-84.00044,40.76489,DIGITIZED,ALLEN,BATH,1951-02-02,78.0,911.5999755859375,LIMESTONE,,20.0,22.0,31.0,31,83405
245599,W,,-83.947971,40.758407,DIGITIZED,ALLEN,JACKSON,1948-08-28,63.0,933.7999877929688,LIMESTONE,,20.0,21.0,34.0,34,26385
245606,W,,-83.95065,40.834095,DIGITIZED,ALLEN,RICHLAND,1950-05-25,63.0,867.0999755859375,LIMESTONE,,,19.0,42.0,60,71061
245608,W,,-84.11686,40.714134,DIGITIZED,ALLEN,SHAWNEE,1948-02-21,46.0,884.7000122070312,GRAVEL,,,25.0,,,34655
245616,W,,-84.124935,40.663962,DIGITIZED,ALLEN,SHAWNEE,1950-07-07,56.0,881.2999877929688,SAND,,,13.0,56.0,,22793
246934,W,DOMESTIC,-84.04643999999999,40.84666,GEOCODE,ALLEN,MONROE,1997-04-01,31.0,822.0999755859375,SAND & GRAVEL,CABLE TOOL,12.0,,31.0,,846764
247471,W,DOMESTIC,-84.02633,40.78895,GEOCODE,ALLEN,BATH,1996-09-19,72.0,877.4000244140625,LIMESTONE,CABLE TOOL,15.0,15.0,42.0,42,839959
247472,W,DOMESTIC,-84.03320000000001,40.83207,,ALLEN,MONROE,1996-08-06,44.0,832.5,GRAVEL,CABLE TOOL,20.0,15.0,44.0,,839954
247596,W,DOMESTIC,-84.0224,40.811,GEOCODE,ALLEN,BATH,1999-07-21,50.0,857.2000122070312,LIMESTONE,ROTARY,12.0,15.0,33.0,33,884296
247645,W,DOMESTIC,-84.22373999999999,40.77171,GEOCODE,ALLEN,AMANDA,1998-09-17,29.0,803.0999755859375,SAND & GRAVEL,CABLE TOOL,12.0,14.0,,,886244
247646,W,MONITOR,-84.11341,40.72199,GEOCODE,ALLEN,SHAWNEE,1998-02-02,30.0,864.0999755859375,CLAY,,,,30.0,,829351
247678,W,DOMESTIC,-83.93251,40.74661,GEOCODE,ALLEN,BATH,1997-07-01,59.0,959.2000122070312,SAND & GRAVEL,CABLE TOOL,9.0,,59.0,,846771
247680,W,DOMESTIC,-84.26884,40.844229999999996,GEOCODE,ALLEN,MARION,1997-09-10,59.0,768.2999877929688,LIMESTONE,ROTARY,6.0,12.0,27.0,19,852644
247682,W,DOMESTIC,-84.07244,40.65578,GEOCODE,ALLEN,PERRY,1999-03-08,150.0,912.7999877929688,LIMESTONE,CABLE TOOL,13.0,18.0,52.0,50,879763
247704,W,DOMESTIC,-84.29885999999999,40.803309999999996,GEOCODE,ALLEN,MARION,1998-09-28,175.0,785.4000244140625,LIMESTONE,ROTARY,20.0,35.0,25.0,165,879473
247741,W,DOMESTIC,-83.93664,40.86249,GEOCODE,ALLEN,RICHLAND,1999-07-06,64.0,848.2000122070312,LIMESTONE,ROTARY,12.0,34.0,,34,884310
247801,W,DOMESTIC,-83.95254,40.68211,GEOCODE,ALLEN,AUGLAIZE,1998-11-13,50.0,962.9000244140625,LIMESTONE,ROTARY,30.0,10.0,26.0,8,884272
247889,W,DOMESTIC,-84.22364999999999,40.76538,GEOCODE,ALLEN,AMANDA,1997-12-01,28.0,811.0,GRAVEL & SAND,CABLE TOOL,13.0,11.0,,,855208
247893,W,DOMESTIC,-84.38494,40.80132,GEOCODE,ALLEN,MARION,2000-01-19,50.0,794.7000122070312,LIMESTONE,ROTARY,6.0,25.0,40.0,36,906354
247896,W,DOMESTIC,-84.26118,40.69647,,ALLEN,AMANDA,1999-10-01,42.0,823.5,SAND & GRAVEL,CABLE TOOL,10.0,,42.0,,892945
247897,W,DOMESTIC,-84.12845,40.79972,GEOCODE,ALLEN,AMERICAN,1999-09-01,67.0,823.2000122070312,SAND & GRAVEL,CABLE TOOL,14.0,,67.0,,892934
247913,W,DOMESTIC,-84.27174,40.816159999999996,GEOCODE,ALLEN,MARION,1999-08-03,96.0,781.0,LIMESTONE,ROTARY,15.0,14.0,27.0,24,902304
248018,W,DOMESTIC,-84.07088,40.70698,GEOCODE,ALLEN,PERRY,2000-05-31,88.0,920.5,LIMESTONE,ROTARY,12.0,46.0,87.0,87,914487
248109,W,DOMESTIC,-84.22493999999999,40.824259999999995,,ALLEN,SUGAR CREEK,2000-06-06,102.0,783.5,LIMESTONE,ROTARY,20.0,12.0,21.0,15,910607
248260,W,DOMESTIC,-84.26120999999999,40.69851,GEOCODE,ALLEN,AMANDA,2000-09-07,70.0,840.0,LIMESTONE,CABLE TOOL,6.0,40.0,48.0,48,916212
248302,W,DOMESTIC,-84.04361,40.86815,GEOCODE,ALLEN,MONROE,2001-03-09,39.0,799.2999877929688,LIMESTONE,ROTARY,10.0,10.0,27.0,21,926952
248321,W,DOMESTIC,-84.28071,40.77878,GEOCODE,ALLEN,MARION,2001-03-21,95.0,799.5999755859375,LIMESTONE,ROTARY,50.0,7.0,,40,929681
248356,W,MONITOR,-84.11354999999999,40.74255,,ALLEN,AMERICAN,2000-06-21,25.0,888.9000244140625,,AUGER,,,5.0,,924119
248679,W,DOMESTIC,-83.93364,40.86183,GEOCODE,ALLEN,RICHLAND,2002-01-21,263.0,857.2000122070312,LIMESTONE,ROTARY,20.0,80.0,,258,941152
248769,W,DOMESTIC,-84.02723,40.77061,GEOCODE,ALLEN,BATH,2001-06-01,70.0,898.5,LIMESTONE,CABLE TOOL,15.0,23.0,42.0,68,892911
248950,W,DOMESTIC,-83.946896,40.746528,DIGITIZED,ALLEN,JACKSON,1960-11-29,77.0,959.9000244140625,LIMESTONE,,15.0,33.0,42.0,75,223462
248958,W,DOMESTIC,-83.984926,40.833158999999995,DIGITIZED,ALLEN,RICHLAND,1962-06-01,79.0,867.2000122070312,LIMESTONE,,14.0,19.0,41.0,41,266481
248976,W,DOMESTIC,-84.33422999999999,40.76562,GEOCODE,ALLEN,AMANDA,2002-07-11,104.0,806.9000244140625,LIMESTONE,ROTARY,15.0,20.0,44.0,103,949937
248998,W,DOMESTIC,-83.9346,40.86974,GEOCODE,ALLEN,RICHLAND,2002-09-18,165.0,849.5999755859375,LIMESTONE,ROTARY,5.0,35.0,33.0,32,935614
249003,W,DOMESTIC,-84.06004999999999,40.655989999999996,GEOCODE,ALLEN,PERRY,1996-06-01,45.0,915.0,SAND & GRAVEL,CABLE TOOL,12.0,2.0,45.0,,818031
249011,W,DOMESTIC,-84.20297,40.74131,,ALLEN,AMERICAN,1996-05-20,60.0,823.0,LIMESTONE,ROTARY,15.0,15.0,37.0,37,828371
249027,W,,-84.23258,40.701429999999995,GEOCODE,ALLEN,AMANDA,2002-11-10,57.0,854.0,LIMESTONE,CABLE TOOL,9.0,35.0,56.0,55,936671
249069,W,MONITOR,-84.11341,40.72199,GEOCODE,ALLEN,SHAWNEE,2002-10-31,32.0,864.0999755859375,GRAVEL & CLAY,OTHER,,,19.0,33,951295
249070,W,DOMESTIC,-83.954905,40.66937,DIGITIZED,ALLEN,AUGLAIZE,1958-10-30,83.0,1030.0999755859375,GRAVEL,,20.0,44.0,83.0,,224061
249118,W,DOMESTIC,-84.084699,40.792725,DIGITIZED,ALLEN,BATH,1956-09-29,87.0,845.5999755859375,LIMESTONE,,5.0,50.0,40.0,40,145258
249128,W,DOMESTIC,-83.91739,40.87731,GEOCODE,ALLEN,RICHLAND,1990-07-17,102.0,838.0,LIMESTONE,CABLE TOOL,20.0,31.0,26.0,26,708683
249129,W,DOMESTIC,-83.88978,40.908609999999996,GEOCODE,ALLEN,RICHLAND,1996-11-05,143.0,820.5999755859375,LIMESTONE,ROTARY,20.0,53.0,,55,843071
249141,W,DOMESTIC,-83.91883,40.895700000000005,GEOCODE,ALLEN,RICHLAND,2002-09-13,265.0,825.2999877929688,LIMESTONE,ROTARY,30.0,15.0,27.0,27,943574
249142,W,DOMESTIC,-84.18661999999999,40.83838,GEOCODE,ALLEN,SUGAR CREEK,2002-03-01,165.0,782.9000244140625,LIMESTONE,CABLE TOOL,5.0,12.0,111.0,111,940804
249182,W,,-84.139577,40.693151,DIGITIZED,ALLEN,SHAWNEE,1948-08-09,62.0,861.7999877929688,GRAVEL,,24.0,40.0,62.0,,49508
249259,W,DOMESTIC,-84.34447,40.70706,GEOCODE,ALLEN,SPENCER,2003-01-31,102.0,832.0,LIMESTONE,ROTARY,20.0,30.0,59.0,98,956738
249264,W,DOMESTIC,-84.150587,40.683129,DIGITIZED,ALLEN,SHAWNEE,1958-01-01,90.0,861.7000122070312,GRAVEL,,13.0,34.0,90.0,,222257
249300,W,DOMESTIC,-84.10005,40.800709999999995,GEOCODE,ALLEN,BATH,1971-06-19,60.0,828.7999877929688,LIMESTONE,,8.0,29.0,42.0,40,438353
249338,W,DOMESTIC,-84.13687999999999,40.673988,DIGITIZED,ALLEN,SHAWNEE,1960-02-22,118.0,877.2999877929688,GRAVEL,,10.0,31.0,118.0,,220197
249447,W,DOMESTIC,-84.31500299999999,40.706928,DIGITIZED,ALLEN,AMANDA,1964-04-15,115.0,838.4000244140625,LIMESTONE,,27.0,32.0,56.0,55,301081
249450,W,DOMESTIC,-84.184882,40.723458,DIGITIZED,ALLEN,SHAWNEE,1955-05-27,172.0,838.7999877929688,SAND,,5.0,68.0,172.0,,160002
249540,W,DOMESTIC,-84.30897999999999,40.7321,GEOCODE,ALLEN,AMANDA,2003-06-30,97.0,806.2000122070312,LIMESTONE,ROTARY,40.0,18.0,42.0,94,965486
249542,W,DOMESTIC,-84.31516599999999,40.841333,,ALLEN,MARION,2003-09-15,157.0,773.7999877929688,LIMESTONE,ROTARY,25.0,80.0,29.0,26,965558
249608,W,DOMESTIC,-83.95706,40.75261,GLOBAL POSITIONING SYSTEM,ALLEN,JACKSON,2003-05-19,75.0,946.5,LIMESTONE,ROTARY,20.0,33.0,32.0,32,963258
249610,W,DOMESTIC,-83.97542,40.73106,GLOBAL POSITIONING SYSTEM,ALLEN,AUGLAIZE,2003-12-09,75.0,959.7000122070312,LIMESTONE,ROTARY,25.0,27.0,59.0,73,963207
249626,W,DOMESTIC,-83.99484,40.87217,GLOBAL POSITIONING SYSTEM,ALLEN,MONROE,2003-07-31,65.0,812.5,LIMESTONE,ROTARY,15.0,12.0,27.0,18,965151
249919,W,DOMESTIC,-83.949833,40.747693999999996,,ALLEN,JACKSON,2004-06-06,63.0,940.5,LIMESTONE,ROTARY,30.0,20.0,33.0,62,981410
249937,W,DOMESTIC,-83.94918,40.862269999999995,GEOCODE,ALLEN,RICHLAND,2004-06-08,80.0,851.0,LIMESTONE,ROTARY,75.0,27.0,44.0,75,979925
249945,W,DOMESTIC,-84.34921,40.79557,GEOCODE,ALLEN,MARION,2003-10-30,164.0,789.7000122070312,LIMESTONE,ROTARY,10.0,70.0,35.0,161,972095
250007,W,DOMESTIC,-84.31,40.839169999999996,GLOBAL POSITIONING SYSTEM,ALLEN,MARION,2004-07-08,203.0,777.5999755859375,LIMESTONE,ROTARY,6.0,80.0,30.0,197,980843
250261,W,DOMESTIC,-84.01778,40.763329999999996,GLOBAL POSITIONING SYSTEM,ALLEN,BATH,2005-03-25,85.0,907.9000244140625,,CABLE TOOL,6.0,40.0,42.0,83,978622
250262,W,DOMESTIC,-84.155,40.66028,GLOBAL POSITIONING SYSTEM,ALLEN,SHAWNEE,2005-07-22,67.0,879.5,SAND & GRAVEL,CABLE TOOL,20.0,35.0,65.0,66,978638
250391,W,PUBLIC/SEMI-PUB,-83.928294,40.73522,GLOBAL POSITIONING SYSTEM,ALLEN,JACKSON,2005-03-29,355.0,983.5,,ROTARY,172.0,36.0,83.0,78,980336
250463,W,DOMESTIC,-83.9355,40.717,GLOBAL POSITIONING SYSTEM,ALLEN,AUGLAIZE,2005-09-06,122.0,1026.199951171875,GRAVEL,ROTARY,10.0,60.0,118.0,,995001
250471,W,AGRIC/IRRIG,-84.0901,40.7974,GLOBAL POSITIONING SYSTEM,ALLEN,BATH,2005-08-05,92.0,845.2999877929688,LIMESTONE,CABLE TOOL,20.0,32.0,44.0,90,997904
250486,W,DOMESTIC,-84.24222,40.81917,GLOBAL POSITIONING SYSTEM,ALLEN,MARION,2005-12-30,34.0,782.2999877929688,LIMESTONE,AIR ROTARY,15.0,4.0,26.0,27,2000743
250674,W,DOMESTIC,-84.18634999999999,40.737136,DIGITIZED,ALLEN,AMERICAN,1958-05-27,80.0,825.9000244140625,LIMESTONE,,,38.0,38.0,36,199786
250690,W,DOMESTIC,-84.175355,40.697336,DIGITIZED,ALLEN,SHAWNEE,1962-04-07,112.0,858.4000244140625,LIMESTONE,,8.0,18.0,70.0,70,264483
250691,W,DOMESTIC,-84.279895,40.699239,DIGITIZED,ALLEN,AMANDA,1963-06-28,41.0,837.0999755859375,SAND,,15.0,26.0,43.0,,274645
250693,W,DOMESTIC,-83.89701699999999,40.654543,DIGITIZED,ALLEN,AUGLAIZE,1957-09-20,112.0,1043.699951171875,LIMESTONE,,,52.0,61.0,61,169638
250759,W,DOMESTIC,-84.177302,40.703914999999995,DIGITIZED,ALLEN,SHAWNEE,1954-05-21,90.0,872.5,GRAVEL,,15.0,45.0,90.0,,123523
250776,W,DOMESTIC,-84.135965,40.779027,DIGITIZED,ALLEN,AMERICAN,1959-02-28,71.0,834.0,LIMESTONE,,,38.0,33.0,31,193140
250805,W,,-83.946501,40.756633,DIGITIZED,ALLEN,JACKSON,1951-06-05,69.0,935.5,LIMESTONE,,20.0,24.0,23.0,23,83419
250806,W,,-84.099863,40.874733,DIGITIZED,ALLEN,MONROE,1948-10-10,42.0,785.0,LIMESTONE,,,10.0,17.0,38,38974
250872,W,DOMESTIC,-84.23111,40.69472,GLOBAL POSITIONING SYSTEM,ALLEN,AMANDA,2005-10-14,64.0,865.0999755859375,SANDSTONE,CABLE TOOL,20.0,50.0,62.0,63,997857
250885,W,DOMESTIC,-84.18845999999999,40.830929999999995,GEOCODE,ALLEN,SUGAR CREEK,2006-04-18,62.0,780.7999877929688,LIMESTONE,ROTARY,15.0,5.0,26.0,20,990671
250888,W,DOMESTIC,-84.10638999999999,40.81639,GLOBAL POSITIONING SYSTEM,ALLEN,BATH,2005-10-21,35.0,819.0,SHALE,CABLE TOOL,20.0,18.0,32.0,34,997859
250943,W,DOMESTIC,-83.951047,40.746538,DIGITIZED,ALLEN,JACKSON,1965-09-11,53.0,939.2000122070312,LIMESTONE,,20.0,20.0,32.0,31,342007
250970,W,DOMESTIC,-83.89402,40.874700000000004,GLOBAL POSITIONING SYSTEM,ALLEN,RICHLAND,2006-07-05,280.0,857.4000244140625,LIMESTONE,ROTARY,12.0,95.0,38.0,278,990679
251066,W,,-84.150639,40.685032,DIGITIZED,ALLEN,SHAWNEE,1964-09-30,34.0,861.5999755859375,GRAVEL,,10.0,22.0,35.0,,319416
251067,W,DOMESTIC,-84.134439,40.690667999999995,DIGITIZED,ALLEN,SHAWNEE,1958-11-14,45.0,868.4000244140625,GRAVEL,,7.0,33.0,45.0,,220156
251116,W,,-84.012221,40.772034999999995,DIGITIZED,ALLEN,BATH,1950-04-03,81.0,910.5,LIMESTONE,,,34.0,57.0,80,71056
251264,W,DOMESTIC,-83.90997,40.782900000000005,GLOBAL POSITIONING SYSTEM,ALLEN,JACKSON,2006-06-06,70.0,926.5,LIMESTONE,ROTARY,20.0,27.0,39.0,68,990699
251325,W,DOMESTIC,-84.065589,40.788776999999996,DIGITIZED,ALLEN,BATH,1964-03-07,96.0,876.2999877929688,LIMESTONE,,10.0,31.0,50.0,48,302373
251327,W,DOMESTIC,-84.242145,40.767202999999995,DIGITIZED,ALLEN,AMANDA,1966-07-20,199.0,807.9000244140625,LIMESTONE,,7.0,15.0,39.0,38,337046
251328,W,DOMESTIC,-83.931491,40.645812,DIGITIZED,ALLEN,AUGLAIZE,1961-05-01,109.0,1051.0,LIMESTONE,,18.0,46.0,90.0,90,244924
251329,W,DOMESTIC,-84.102544,40.706103999999996,DIGITIZED,ALLEN,PERRY,1959-04-11,112.0,883.7000122070312,LIMESTONE,,10.0,20.0,66.0,66,222259
251385,W,DOMESTIC,-84.137649,40.690111,DIGITIZED,ALLEN,SHAWNEE,1953-05-06,134.0,867.0999755859375,GRAVEL,,20.0,30.0,134.0,,88290
251401,W,DOMESTIC,-83.951954,40.862665,DIGITIZED,ALLEN,RICHLAND,1956-02-16,72.0,851.0,LIMESTONE,,,35.0,45.0,45,144625
251425,W,DOMESTIC,-84.11142199999999,40.775737,DIGITIZED,ALLEN,AMERICAN,1962-11-23,98.0,851.2000122070312,LIMESTONE & ROCK,,15.0,47.0,90.0,90,281614
251427,W,DOMESTIC,-84.137649,40.690111,DIGITIZED,ALLEN,SHAWNEE,1954-09-17,169.0,867.0999755859375,GRAVEL,,12.0,34.0,169.0,,112949
251837,W,DOMESTIC,-84.05565,40.864349999999995,,ALLEN,MONROE,2007-05-25,82.0,802.0,LIMESTONE,ROTARY,20.0,11.0,,80,1006381
252014,W,DOMESTIC,-83.96166699999999,40.709167,,ALLEN,AUGLAIZE,2007-01-22,75.0,1000.0999755859375,SHALE,CABLE TOOL,20.0,55.0,73.0,74,1005839
252168,W,DOMESTIC,-83.98545,40.735566999999996,,ALLEN,JACKSON,2007-05-01,115.0,950.5,LIMESTONE,ROTARY,10.0,30.0,66.0,66,1006385
252947,W,AGRIC/IRRIG,-84.203333,40.72,GLOBAL POSITIONING SYSTEM,ALLEN,SHAWNEE,2009-11-19,262.0,837.0,LIMESTONE,AIR ROTARY,10.0,148.0,128.0,117,2025060
253020,W,MONITOR,-84.10891699999999,40.798,GLOBAL POSITIONING SYSTEM,ALLEN,BATH,2010-04-07,12.0,829.0999755859375,GRAVEL & SAND,GEOPROBE,,5.0,2.0,,2026613
253100,W,DOMESTIC,-83.97691999999999,40.87252,,ALLEN,RICHLAND,2009-09-22,65.0,823.2999877929688,,ROTARY,20.0,30.0,27.0,27,1007298
253284,W,MONITOR,-84.10300000000001,40.73713,GLOBAL POSITIONING SYSTEM,ALLEN,AMANDA,2008-01-23,19.0,851.7999877929688,CLAY,AUGER,,0.0,9.0,,2014878
253348,W,MONITOR,-84.10875,40.798100000000005,GLOBAL POSITIONING SYSTEM,ALLEN,BATH,2007-10-11,25.0,828.0,CLAY,AUGER,,4.0,2.0,,2013784
253467,W,DOMESTIC,-84.00471999999999,40.80665,GEOCODE,ALLEN,BATH,1989-03-20,45.0,868.5999755859375,GRAVEL,ROTARY,12.0,17.0,45.0,,696697
253475,W,DOMESTIC,-84.22402,40.79174,GEOCODE,ALLEN,MARION,1994-06-01,42.0,790.5999755859375,LIMESTONE,ROTARY,10.0,10.0,26.0,25,786600
253524,W,DOMESTIC,-84.319,40.826,GLOBAL POSITIONING SYSTEM,ALLEN,MARION,2012-10-16,163.0,782.2999877929688,LIMESTONE,AIR ROTARY,20.0,25.0,26.0,19,2040516
253529,W,DOMESTIC,-84.275,40.839833,GLOBAL POSITIONING SYSTEM,ALLEN,MARION,2011-02-07,233.0,769.5,LIMESTONE,AIR ROTARY,13.0,60.0,36.0,33,2032172
253746,W,DOMESTIC,-84.083867,40.818567,GLOBAL POSITIONING SYSTEM,ALLEN,MONROE,2011-10-07,80.0,828.7999877929688,LIMESTONE,ROTARY,25.0,20.0,38.0,38,1014571
253835,W,AGRIC/IRRIG,-84.18933299999999,40.787833,GLOBAL POSITIONING SYSTEM,ALLEN,AMERICAN,2010-04-30,278.0,804.2999877929688,LIMESTONE,AIR ROTARY,60.0,30.0,34.0,29,2026900
253839,W,DOMESTIC,-83.92093299999999,40.70755,,ALLEN,AUGLAIZE,2010-11-04,50.0,983.7000122070312,LIMESTONE,ROTARY,20.0,19.0,47.0,47,1014613
254011,W,DOMESTIC,-84.2423,40.755539999999996,GEOCODE,ALLEN,AMANDA,1999-05-06,37.0,810.7999877929688,GRAVEL,ROTARY,12.0,15.0,37.0,,884331
254028,W,DOMESTIC,-84.05135,40.71353,GEOCODE,ALLEN,PERRY,1996-09-30,95.0,937.2000122070312,LIMESTONE,ROTARY,7.0,56.0,57.0,54,843472
254253,W,DOMESTIC,-84.099333,40.861332999999995,GLOBAL POSITIONING SYSTEM,ALLEN,MONROE,2016-04-20,32.0,,LIMESTONE,ROTARY/AIRHAMR,30.0,4.5,26.5,23,2056737
254275,W,DOMESTIC,-83.920817,40.711233,GLOBAL POSITIONING SYSTEM,ALLEN,AUGLAIZE,2015-09-11,78.0,,LIMESTONE,ROTARY,12.0,28.0,65.0,65,1018699
254330,W,DOMESTIC,-84.281193,40.731387999999995,GLOBAL POSITIONING SYSTEM,ALLEN,AMANDA,2016-04-05,83.0,,LIMESTONE,AIR ROTARY,30.0,20.0,43.0,38,2056560
254379,W,DOMESTIC,-84.168667,40.8545,GLOBAL POSITIONING SYSTEM,ALLEN,SUGAR CREEK,2014-06-30,63.0,778.2000122070312,LIMESTONE,AIR ROTARY,4.0,20.0,34.0,31,2048305
254427,W,DOMESTIC,-84.1065,40.816,GLOBAL POSITIONING SYSTEM,ALLEN,BATH,2015-03-04,68.0,820.5,LIMESTONE,AIR ROTARY,12.0,30.0,39.0,66,2051246
254473,W,DOMESTIC,-84.261083,40.727433,GLOBAL POSITIONING SYSTEM,ALLEN,AMANDA,2014-12-11,45.0,820.7000122070312,LIMESTONE,ROTARY,25.0,19.0,38.0,42,1017860
254518,W,DOMESTIC,-84.261833,40.742667,GLOBAL POSITIONING SYSTEM,ALLEN,AMANDA,2017-02-27,50.0,,LIMESTONE,ROTARY,12.0,26.0,48.0,48,1019632
254798,W,DOMESTIC,-84.321507,40.759899,DIGITIZED,ALLEN,AMANDA,1966-06-16,100.0,808.9000244140625,LIMESTONE,,18.0,59.0,34.0,30,328699
254799,W,DOMESTIC,-84.24033999999999,40.80338,GEOCODE,ALLEN,MARION,1991-10-22,40.0,792.5999755859375,LIMESTONE,ROTARY,8.0,16.0,26.0,22,737520
254800,W,DOMESTIC,-84.07055,40.714600000000004,GEOCODE,ALLEN,PERRY,1994-07-21,64.0,905.0,LIMESTONE,ROTARY,25.0,35.0,35.0,31,786619
254801,W,COMMERCIAL,-84.13922,40.75785,GEOCODE,ALLEN,AMERICAN,1982-10-28,229.0,834.7999877929688,LIMESTONE,,15.0,74.0,182.0,182,651451
254895,W,DOMESTIC,-84.20474999999999,40.700700000000005,GLOBAL POSITIONING SYSTEM,ALLEN,SHAWNEE,2020-04-06,95.0,,GRAVEL,MUD/AIR ROTARY,15.0,52.0,97.0,,2079187
254924,W,DOMESTIC,-83.940266,40.74145,GLOBAL POSITIONING SYSTEM,ALLEN,JACKSON,2018-05-09,70.0,,LIMESTONE,ROTARY,30.0,25.0,63.0,58,1020708
255036,W,DOMESTIC,-84.04149699999999,40.806191,DIGITAL MAP,ALLEN,BATH,2018-10-02,58.0,,LIMESTONE,ROTARY,30.0,18.0,47.0,,1021043
255145,W,DOMESTIC,-84.044617,40.816883,GLOBAL POSITIONING SYSTEM,ALLEN,BATH,2019-08-22,55.0,,LIMESTONE,MUD/AIR ROTARY,10.0,15.0,34.0,,2075677
255335,W,DOMESTIC,-84.02363299999999,40.661316,GLOBAL POSITIONING SYSTEM,ALLEN,PERRY,2018-02-02,57.0,,LIMESTONE,ROTARY,20.0,6.0,32.0,31,1020315
255336,W,DOMESTIC,-84.15355,40.784333,GLOBAL POSITIONING SYSTEM,ALLEN,AMERICAN,2019-07-23,210.0,,LIMESTONE,MUD/AIR ROTARY,20.0,27.0,208.0,,2074964
255381,W,OTHER,-84.0279,40.7154,GLOBAL POSITIONING SYSTEM,ALLEN,PERRY,2017-11-14,80.0,,LIMESTONE,AIR ROTARY,10.0,25.0,58.0,52,2065631
255548,W,DOMESTIC,-83.956327,40.852879,DIGITIZED,ALLEN,RICHLAND,1965-06-09,51.0,847.2999877929688,LIMESTONE,,8.0,15.0,33.0,33,322802
255549,W,DOMESTIC,-84.11601,40.66469,,ALLEN,SHAWNEE,1973-01-07,40.0,903.0999755859375,LIMESTONE,,20.0,20.0,40.0,36,451858
255550,W,MONITOR,-84.09718,40.75203,GEOCODE,ALLEN,BATH,1993-03-02,15.0,862.5999755859375,GRAVEL & CLAY,AUGER,,,,,754737
255552,W,PUBLIC/SEMI-PUB,-84.315828,40.739604,DIGITIZED,ALLEN,AMANDA,1961-09-01,58.0,812.4000244140625,LIMESTONE,,,12.0,,32,205637
255553,W,DOMESTIC,-83.93768,40.70961,,ALLEN,AUGLAIZE,1995-12-15,84.0,990.9000244140625,SAND & GRAVEL,CABLE TOOL,12.0,,,,818041
255554,W,DOMESTIC,-84.019363,40.789366,DIGITIZED,ALLEN,BATH,1964-01-18,45.0,881.2000122070312,LIMESTONE,,10.0,21.0,43.0,43,279871
255555,W,DOMESTIC,-84.019363,40.789366,DIGITIZED,ALLEN,BATH,1953-04-06,53.0,881.2000122070312,LIMESTONE,,20.0,8.0,39.0,39,100626
255556,W,,-84.04178,40.759445,DIGITIZED,ALLEN,BATH,1956-09-13,55.0,870.7000122070312,LIMESTONE,,20.0,19.0,25.0,25,173436
255557,W,DOMESTIC,-84.169788,40.708855,DIGITIZED,ALLEN,SHAWNEE,1955-08-28,95.0,869.5,GRAVEL,,13.0,36.0,95.0,,141832
255558,W,DOMESTIC,-83.91861999999999,40.869369999999996,GEOCODE,ALLEN,RICHLAND,1990-06-26,40.0,852.0,LIMESTONE,ROTARY,10.0,15.0,33.0,32,707873
255559,W,DOMESTIC,-84.19269,40.6933,GEOCODE,ALLEN,SHAWNEE,1986-07-31,60.0,864.7000122070312,GRAVEL,CABLE TOOL,20.0,43.0,60.0,,657165
255569,W,DOMESTIC,-84.00415,40.887769999999996,GEOCODE,ALLEN,MONROE,1989-01-31,40.0,798.5999755859375,LIMESTONE,,15.0,9.0,25.0,20,694246
255570,W,DOMESTIC,-84.11059,40.774629999999995,GEOCODE,ALLEN,AMERICAN,1967-03-22,107.0,853.4000244140625,LIMESTONE,,12.0,70.0,105.0,71,338180
255571,W,DOMESTIC,-84.11478,40.78339,GEOCODE,ALLEN,AMERICAN,1973-08-13,126.0,842.5,LIMESTONE,,50.0,55.0,39.0,39,512473
255573,W,DOMESTIC,-84.164428,40.712756,DIGITIZED,ALLEN,SHAWNEE,1962-08-14,67.0,851.2000122070312,SAND & GRAVEL,,6.0,55.0,67.0,,266496
255574,W,DOMESTIC,-84.164428,40.712756,DIGITIZED,ALLEN,SHAWNEE,1960-02-19,81.0,851.2000122070312,GRAVEL,,9.0,58.0,81.0,,220196
255575,W,DOMESTIC,-84.20770999999999,40.68593,GEOCODE,ALLEN,SHAWNEE,1982-03-11,47.0,851.7999877929688,SAND,,10.0,17.0,50.0,,515476
255576,W,DOMESTIC,-84.131287,40.693878999999995,DIGITIZED,ALLEN,SHAWNEE,1963-03-08,151.0,872.5999755859375,LIMESTONE,,16.0,65.0,150.0,150,284479
255577,W,DOMESTIC,-84.15337,40.693979999999996,DIGITIZED,ALLEN,SHAWNEE,1954-03-10,135.0,842.0999755859375,SAND & GRAVEL,,5.0,25.0,135.0,,82985
255578,W,DOMESTIC,-84.17897599999999,40.707353,DIGITIZED,ALLEN,SHAWNEE,1955-11-27,68.0,869.0,GRAVEL,,8.0,35.0,68.0,,141840
255579,W,DOMESTIC,-84.22690999999999,40.71387,,ALLEN,AMANDA,1986-06-09,70.0,837.9000244140625,LIMESTONE,CABLE TOOL,10.0,40.0,46.0,46,654565
255581,W,DOMESTIC,-84.08977999999999,40.736039999999996,GEOCODE,ALLEN,JACKSON,1996-02-22,75.0,876.0,LIMESTONE,ROTARY,12.0,19.0,48.0,26,828346
255582,W,DOMESTIC,-84.18773999999999,40.705878,DIGITIZED,ALLEN,SHAWNEE,1963-12-17,127.0,874.7999877929688,LIMESTONE,,10.0,72.0,86.0,81,298567
255583,W,DOMESTIC,-84.16637999999999,40.696400000000004,GEOCODE,ALLEN,SHAWNEE,1990-08-20,45.0,846.7000122070312,GRAVEL,CABLE TOOL,15.0,30.0,45.0,,704897
255584,W,DOMESTIC,-84.17781,40.696529999999996,GEOCODE,ALLEN,SHAWNEE,1990-07-03,68.0,867.4000244140625,GRAVEL,CABLE TOOL,10.0,52.0,68.0,,704890
255587,W,DOMESTIC,-83.99448,40.80706,GEOCODE,ALLEN,BATH,1990-06-21,110.0,883.9000244140625,LIMESTONE,ROTARY,12.0,14.0,36.0,33,715023
255588,W,PUBLIC/SEMI-PUB,-84.18413,40.764359999999996,,ALLEN,AMERICAN,1981-11-05,375.0,827.7999877929688,LIMESTONE,,85.0,47.0,95.0,95,597287
255589,W,DOMESTIC,-84.39032,40.73572,GEOCODE,ALLEN,SPENCER,1996-05-06,92.0,809.7999877929688,LIMESTONE,ROTARY,7.0,30.0,52.0,52,835510
255592,W,DOMESTIC,-84.152131,40.772326,DIGITIZED,ALLEN,AMERICAN,1963-02-10,72.0,826.5999755859375,LIMESTONE,,10.0,35.0,50.0,70,279862
255594,W,DOMESTIC,-83.91414999999999,40.79315,GEOCODE,ALLEN,JACKSON,1990-07-24,40.0,929.4000244140625,LIMESTONE,ROTARY,20.0,11.0,27.0,24,715037
255595,W,DOMESTIC,-84.106269,40.705307,DIGITIZED,ALLEN,PERRY,1956-12-20,66.0,890.5,LIMESTONE,,,25.0,40.0,40,169617
255596,W,DOMESTIC,-83.910454,40.702538,GEOCODE,ALLEN,AUGLAIZE,1983-08-01,105.0,990.5999755859375,LIMESTONE,,20.0,8.0,30.0,27,622653
255597,W,DOMESTIC,-84.2637,40.814229999999995,GEOCODE,ALLEN,MARION,1994-07-18,63.0,789.2000122070312,LIMESTONE,ROTARY,4.0,13.0,25.0,25,790395
255598,W,DOMESTIC,-84.07307,40.68748,,ALLEN,PERRY,1987-06-05,215.0,950.0999755859375,LIMESTONE,,15.0,62.0,192.0,189,661947
255599,W,DOMESTIC,-84.041851,40.702137,DIGITIZED,ALLEN,PERRY,1954-09-20,112.0,950.2999877929688,LIMESTONE,,,60.0,80.0,80,62122
255600,W,DOMESTIC,-84.01346699999999,40.794328,DIGITIZED,ALLEN,BATH,1961-08-14,55.0,884.7000122070312,LIMESTONE,,6.0,17.0,44.0,44,266456
255601,W,DOMESTIC,-84.13168,40.81704,,ALLEN,SUGAR CREEK,1993-03-01,85.0,804.7000122070312,LIMESTONE,ROTARY,7.0,26.0,33.0,31,765838
255602,W,DOMESTIC,-84.153975,40.694410999999995,DIGITIZED,ALLEN,SHAWNEE,1960-08-13,140.0,842.0999755859375,SAND & GRAVEL,,10.0,31.0,140.0,,250902
255603,W,DOMESTIC,-84.17170999999999,40.687889999999996,GEOCODE,ALLEN,SHAWNEE,1990-05-28,115.0,845.9000244140625,LIMESTONE,ROTARY,15.0,25.0,91.0,88,715009
255604,W,DOMESTIC,-84.176124,40.756381999999995,DIGITIZED,ALLEN,AMERICAN,1953-04-03,108.0,826.5,LIMESTONE,,6.0,25.0,36.0,35,85189
255605,W,DOMESTIC,-84.252139,40.80891,DIGITIZED,ALLEN,MARION,1952-09-01,110.0,790.7999877929688,LIMESTONE,,,21.0,28.0,24,88994
255606,W,DOMESTIC,-84.329129,40.857144999999996,DIGITIZED,ALLEN,MARION,1965-08-12,77.0,762.9000244140625,LIMESTONE,,15.0,11.0,20.0,19,317296
255607,W,DOMESTIC,-84.286236,40.786643999999995,DIGITIZED,ALLEN,MARION,1961-06-01,77.0,797.5999755859375,LIMESTONE,,6.0,12.0,20.0,20,205633
255608,W,DOMESTIC,-84.1406,40.832409999999996,,ALLEN,SUGAR CREEK,1995-03-22,63.0,787.7999877929688,LIMESTONE,ROTARY,10.0,8.0,26.0,26,811894
255609,W,DOMESTIC,-84.16373999999999,40.71266,GEOCODE,ALLEN,SHAWNEE,1973-06-12,173.0,853.7000122070312,LIMESTONE,,30.0,62.0,169.0,169,451888
255610,W,DOMESTIC,-84.18146,40.68728,GEOCODE,ALLEN,SHAWNEE,1982-05-18,68.0,844.4000244140625,LIMESTONE,,20.0,28.0,42.0,40,515484
255613,W,DOMESTIC,-84.16559,40.759369,DIGITIZED,ALLEN,AMERICAN,1953-09-13,163.0,818.2000122070312,GRAVEL,,9.0,35.0,163.0,,112911
255614,W,DOMESTIC,-84.165886,40.764054,DIGITIZED,ALLEN,AMERICAN,1968-11-11,168.0,819.5999755859375,SAND,,7.0,45.0,168.0,,205625
255615,W,DOMESTIC,-84.163923,40.776737,DIGITIZED,ALLEN,AMERICAN,1961-01-23,124.0,818.0999755859375,LIMESTONE,,9.0,30.0,122.0,122,258476
255617,W,DOMESTIC,-84.07804999999999,40.80317,GEOCODE,ALLEN,BATH,1993-10-11,50.0,852.0999755859375,GRAVEL,CABLE TOOL,9.0,40.0,50.0,,773740
255618,W,DOMESTIC,-84.0323,40.66437,GEOCODE,ALLEN,PERRY,1994-08-12,70.0,920.4000244140625,LIMESTONE,ROTARY,12.0,12.0,64.0,60,786627
255619,W,DOMESTIC,-84.16873,40.7368,,ALLEN,AMERICAN,1971-09-21,113.0,836.5,GRAVEL,,9.0,80.0,113.0,,409688
255620,W,DOMESTIC,-84.3103,40.83847,GEOCODE,ALLEN,MARION,1996-07-19,63.0,776.2000122070312,LIMESTONE,ROTARY,5.0,20.0,27.0,27,842024
255621,W,DOMESTIC,-84.24737999999999,40.81662,GEOCODE,ALLEN,MARION,1994-08-13,35.0,784.2000122070312,LIMESTONE,ROTARY,15.0,11.0,26.0,19,786628
255623,W,DOMESTIC,-83.91883,40.89528,GEOCODE,ALLEN,RICHLAND,1989-10-27,100.0,827.0999755859375,LIMESTONE,ROTARY,12.0,35.0,27.0,24,705133
255624,W,,-84.17159099999999,40.803204,DIGITIZED,ALLEN,SUGAR CREEK,1961-08-17,81.0,804.0,LIMESTONE,,12.0,20.0,80.0,50,266457
255628,W,DOMESTIC,-83.94413,40.81193,GEOCODE,ALLEN,JACKSON,1993-07-09,50.0,900.0999755859375,LIMESTONE,ROTARY,12.0,35.0,43.0,40,767894
255629,W,DOMESTIC,-84.03231099999999,40.731742,DIGITIZED,ALLEN,BATH,1959-06-08,55.0,913.5,LIMESTONE,,20.0,28.0,20.0,20,224075
255630,W,DOMESTIC,-84.19167999999999,40.75634,GEOCODE,ALLEN,AMERICAN,1985-01-09,62.0,823.7999877929688,LIMESTONE,,20.0,40.0,42.0,42,649675
255631,W,DOMESTIC,-83.90675999999999,40.89232,GEOCODE,ALLEN,RICHLAND,1987-11-02,65.0,837.2999877929688,LIMESTONE,CABLE TOOL,5.0,50.0,36.0,34,656968
255634,W,DOMESTIC,-84.09146799999999,40.831644999999995,DIGITIZED,ALLEN,MONROE,1964-06-04,55.0,807.5999755859375,LIMESTONE,,5.0,,24.0,24,311979
255635,W,DOMESTIC,-84.00062,40.6539,GEOCODE,ALLEN,PERRY,1994-03-23,183.0,951.0,LIMESTONE,ROTARY,20.0,8.0,31.0,25,790264
255636,W,DOMESTIC,-84.09078,40.80585,GEOCODE,ALLEN,BATH,1984-03-24,38.0,831.7000122070312,SAND & CLAY,,6.0,12.0,35.0,,622999
255637,W,DOMESTIC,-84.092924,40.802617,DIGITIZED,ALLEN,BATH,1956-04-03,85.0,831.0999755859375,LIMESTONE,,,32.0,60.0,60,169607
255638,W,DOMESTIC,-84.13783,40.68127,GEOCODE,ALLEN,SHAWNEE,1977-03-08,129.0,870.0999755859375,GRAVEL,,10.0,52.0,129.0,49,492026
255639,W,DOMESTIC,-84.134439,40.690667999999995,DIGITIZED,ALLEN,SHAWNEE,1961-06-17,83.0,868.4000244140625,GRAVEL,,14.0,33.0,83.0,,264454
255640,W,DOMESTIC,-84.134439,40.690667999999995,DIGITIZED,ALLEN,SHAWNEE,1958-01-18,193.0,868.4000244140625,LIMESTONE,,18.0,58.0,193.0,190,185754
255645,W,AGRIC/IRRIG,-84.081578,40.847586,DIGITIZED,ALLEN,MONROE,1962-04-25,150.0,806.7999877929688,LIMESTONE,,100.0,19.0,25.0,22,266475
255646,W,DOMESTIC,-84.117753,40.785895,DIGITIZED,ALLEN,AMERICAN,1958-07-29,65.0,830.7999877929688,LIMESTONE,,16.0,27.0,32.0,32,192899
255647,W,DOMESTIC,-84.07097999999999,40.811859999999996,GEOCODE,ALLEN,BATH,1992-06-05,48.0,851.0,LIMESTONE,ROTARY,20.0,21.0,48.0,45,745266
255648,W,PUBLIC/SEMI-PUB,-83.92887999999999,40.7321,GEOCODE,ALLEN,JACKSON,1986-11-24,86.0,988.5,LIMESTONE,,10.0,33.0,86.0,82,661905
255649,W,MONITOR,-84.08774,40.70204,GEOCODE,ALLEN,PERRY,1990-12-06,30.0,901.7000122070312,GLACIAL TILL,AUGER,,,25.0,,755991
255650,W,MONITOR,-84.08774,40.70204,GEOCODE,ALLEN,PERRY,1990-12-07,24.0,901.7000122070312,SILT & CLAY,AUGER,,11.0,20.0,,755992
255656,W,DOMESTIC,-84.05145999999999,40.89741,GEOCODE,ALLEN,MONROE,1979-08-20,69.0,781.2000122070312,LIMESTONE,,8.0,18.0,25.0,25,554652
255657,W,DOMESTIC,-84.02163,40.84657,GEOCODE,ALLEN,MONROE,1991-10-15,40.0,823.2999877929688,LIMESTONE,ROTARY,12.0,6.0,28.0,25,737515
255659,W,DOMESTIC,-83.91855,40.877289999999995,GEOCODE,ALLEN,RICHLAND,1994-09-29,112.0,835.7000122070312,LIMESTONE,ROTARY,15.0,54.0,26.0,24,804454
255660,W,DOMESTIC,-83.91460000000001,40.87761,GEOCODE,ALLEN,RICHLAND,1989-12-28,99.0,842.9000244140625,LIMESTONE,ROTARY,15.0,63.0,28.0,28,707308
255665,W,DOMESTIC,-84.21495999999999,40.7736,,ALLEN,AMERICAN,1988-11-10,33.0,800.7000122070312,LIMESTONE,,10.0,17.0,28.0,25,690126
255668,W,DOMESTIC,-84.137649,40.690111,DIGITIZED,ALLEN,SHAWNEE,1953-04-08,225.0,867.0999755859375,LIMESTONE,,20.0,30.0,144.0,144,88284
255670,W,DOMESTIC,-84.24278199999999,40.737621,DIGITIZED,ALLEN,AMANDA,1954-06-16,77.0,824.9000244140625,LIMESTONE,,,20.0,,31,121421
255671,W,DOMESTIC,-84.137649,40.690111,DIGITIZED,ALLEN,SHAWNEE,1952-08-20,69.0,867.0999755859375,GRAVEL,,8.0,33.0,69.0,,88270
255672,W,DOMESTIC,-84.134439,40.690667999999995,DIGITIZED,ALLEN,SHAWNEE,1958-04-22,48.0,868.4000244140625,GRAVEL,,8.0,33.0,48.0,,192086
255676,W,DOMESTIC,-84.281683,40.700393999999996,DIGITIZED,ALLEN,AMANDA,1954-12-13,0.0,833.5,,,,,,,121423
255677,W,DOMESTIC,-84.279411,40.751115999999996,DIGITIZED,ALLEN,AMANDA,1961-09-01,41.0,809.9000244140625,LIMESTONE,,,12.0,,23,205636
255680,W,DOMESTIC,-84.08615999999999,40.709965,DIGITIZED,ALLEN,PERRY,1956-09-07,46.0,888.9000244140625,GRAVEL,,10.0,15.0,46.0,,159575
255681,W,DOMESTIC,-84.10426,40.81744,,ALLEN,MONROE,1985-09-04,66.0,819.2000122070312,LIMESTONE,,20.0,22.0,31.0,28,636294
258455,W,,-83.932479,40.716685999999996,DIGITIZED,ALLEN,AUGLAIZE,1947-10-21,106.0,1023.7999877929688,GRAVEL,,,53.0,106.0,,2425
260420,W,,-84.12657899999999,40.738023,DIGITIZED,ALLEN,AMERICAN,1947-10-06,90.0,879.0,GRAVEL,,,52.0,90.0,,23412
260541,W,,-83.920127,40.707298,DIGITIZED,ALLEN,AUGLAIZE,1947-10-05,68.0,981.5,LIMESTONE,,,16.0,37.0,65,30652
260542,W,,-84.071078,40.764125,DIGITIZED,ALLEN,BATH,1948-08-02,81.0,885.5999755859375,LIMESTONE,,20.0,44.0,43.0,43,26378
260543,W,,-84.08873,40.799025,DIGITIZED,ALLEN,BATH,1950-07-24,76.0,842.0,LIMESTONE,,20.0,38.0,44.0,44,69639
260544,W,,-83.965034,40.816917,DIGITIZED,ALLEN,JACKSON,1948-07-13,80.0,884.7999877929688,LIMESTONE,,20.0,10.0,17.0,17,26375
260547,W,,-84.09986599999999,40.874851,DIGITIZED,ALLEN,MONROE,1948-06-23,41.0,784.0,LIMESTONE,,,8.0,18.0,39,38964
260556,W,,-83.906522,40.880086999999996,DIGITIZED,ALLEN,RICHLAND,1948-10-08,101.0,845.0999755859375,LIMESTONE,,350.0,26.0,11.0,10,26388
260558,W,,-84.18500399999999,40.844165,DIGITIZED,ALLEN,SUGAR CREEK,1948-08-27,90.0,782.2999877929688,LIMESTONE,,,96.0,26.0,17,5867
260565,W,,-84.183874,40.707583,DIGITIZED,ALLEN,SHAWNEE,1950-02-23,73.0,876.7999877929688,GRAVEL,,20.0,50.0,73.0,,69626
261861,W,DOMESTIC,-84.39591999999999,40.801269999999995,GEOCODE,ALLEN,MARION,1997-01-21,54.0,795.9000244140625,LIMESTONE,ROTARY,12.0,22.0,36.0,34,841977
262555,W,DOMESTIC,-83.93733399999999,40.884026999999996,DIGITAL MAP,ALLEN,RICHLAND,1997-11-22,62.0,836.4000244140625,LIMESTONE,ROTARY,10.0,25.0,,28,849471
262565,W,DOMESTIC,-84.00339,40.65273,GEOCODE,ALLEN,AUGLAIZE,1998-10-23,102.0,957.7999877929688,LIMESTONE,ROTARY,20.0,28.0,47.0,41,886446
262573,W,DOMESTIC,-83.88524,40.800059999999995,GEOCODE,ALLEN,JACKSON,1998-08-11,65.0,954.2999877929688,LIMESTONE,ROTARY,15.0,33.0,50.0,50,866896
262574,W,DOMESTIC,-84.2334,40.78217,GEOCODE,ALLEN,MARION,1998-02-06,82.0,797.4000244140625,LIMESTONE,ROTARY,15.0,16.0,32.0,32,867900
262606,W,DOMESTIC,-83.92627999999999,40.81187,GEOCODE,ALLEN,JACKSON,1997-05-15,41.0,908.4000244140625,LIMESTONE,ROTARY,30.0,24.0,40.0,40,851198
262607,W,DOMESTIC,-84.08534,40.655339999999995,GEOCODE,ALLEN,PERRY,1997-07-16,66.0,944.0,GRAVEL,ROTARY,15.0,46.0,66.0,,851212
262619,W,DOMESTIC,-84.10813,40.68289,GEOCODE,ALLEN,SHAWNEE,1999-03-17,92.0,899.5999755859375,GRAVEL,CABLE TOOL,20.0,30.0,92.0,,879764
262687,W,DOMESTIC,-84.25116,40.688759999999995,GEOCODE,ALLEN,AMANDA,1999-05-08,62.0,843.7999877929688,LIMESTONE,ROTARY,7.0,40.0,50.0,50,884330
262728,W,DOMESTIC,-83.96795,40.74614,GEOCODE,ALLEN,JACKSON,1998-11-16,62.0,932.5,LIMESTONE,ROTARY,20.0,22.0,33.0,33,884274
262739,W,DOMESTIC,-84.33458999999999,40.78879,GEOCODE,ALLEN,MARION,1998-11-06,172.0,794.9000244140625,LIMESTONE,ROTARY,10.0,60.0,35.0,32,889157
262751,W,DOMESTIC,-84.09266,40.83898,GEOCODE,ALLEN,MONROE,1998-12-01,38.0,801.5,LIMESTONE,CABLE TOOL,10.0,,28.0,27,846789
262802,W,DOMESTIC,-84.12075999999999,40.77014,GEOCODE,ALLEN,AMERICAN,1999-02-01,200.0,843.5999755859375,LIMESTONE,ROTARY,8.0,65.0,120.0,120,901923
262849,W,DOMESTIC,-83.96097,40.819449999999996,GEOCODE,ALLEN,JACKSON,1999-11-06,53.0,886.5999755859375,LIMESTONE,ROTARY,30.0,20.0,38.0,38,901892
263012,W,DOMESTIC,-83.89819,40.7867,GEOCODE,ALLEN,JACKSON,2000-07-21,45.0,929.7999877929688,LIMESTONE,ROTARY,10.0,16.0,25.0,25,914503
263025,W,DOMESTIC,-84.23308,40.78411,GEOCODE,ALLEN,MARION,2000-04-26,202.0,800.7999877929688,LIMESTONE,ROTARY,10.0,35.0,38.0,33,910615
263263,W,DOMESTIC,-83.98532,40.75187,,ALLEN,JACKSON,2000-09-29,62.0,928.5,LIMESTONE,ROTARY,6.0,27.0,43.0,39,921095
263556,W,DOMESTIC,-84.00117999999999,40.65233,GEOCODE,ALLEN,PERRY,2001-11-17,27.0,963.9000244140625,LIMESTONE,CABLE TOOL,15.0,8.0,25.0,26,932595
263674,W,DOMESTIC,-84.03217,40.69546,GEOCODE,ALLEN,PERRY,2001-07-17,140.0,976.9000244140625,SHALE,CABLE TOOL,15.0,60.0,138.0,138,932576
263802,W,DOMESTIC,-84.38607999999999,40.69992,GEOCODE,ALLEN,SPENCER,2001-02-01,90.0,835.0,LIMESTONE,CABLE TOOL,15.0,38.0,72.0,70,936662
263954,W,DOMESTIC,-83.9898,40.7456,GEOCODE,ALLEN,JACKSON,2003-02-18,60.0,928.4000244140625,LIMESTONE,ROTARY,25.0,20.0,47.0,47,947829
264009,W,DOMESTIC,-84.24004,40.711639999999996,GEOCODE,ALLEN,AMANDA,2002-07-26,77.0,837.0,LIMESTONE,ROTARY,20.0,22.0,42.0,76,949936
264027,W,DOMESTIC,-84.08285,40.65537,GEOCODE,ALLEN,PERRY,1992-06-23,63.0,934.0,GRAVEL,CABLE TOOL,15.0,45.0,63.0,,746145
264037,W,DOMESTIC,-84.184882,40.723458,DIGITIZED,ALLEN,SHAWNEE,1955-06-21,154.0,838.7999877929688,SAND,,10.0,72.0,154.0,,160003
264040,W,DOMESTIC,-84.20406,40.69802,GEOCODE,ALLEN,SHAWNEE,1997-03-06,136.0,876.5999755859375,LIMESTONE,CABLE TOOL,42.0,45.0,80.0,80,839988
264088,W,DOMESTIC,-83.93585999999999,40.86922,GEOCODE,ALLEN,RICHLAND,2002-08-12,110.0,850.9000244140625,LIMESTONE,ROTARY,15.0,45.0,34.0,108,947766
264123,W,DOMESTIC,-83.92782,40.77521,GEOCODE,ALLEN,JACKSON,1989-05-08,40.0,922.4000244140625,LIMESTONE,ROTARY,20.0,8.0,25.0,9,696698
264128,W,DOMESTIC,-84.050827,40.772338,DIGITIZED,ALLEN,BATH,1953-12-28,65.0,884.0,LIMESTONE,,5.0,30.0,43.0,45,123509
264138,W,DOMESTIC,-84.16422299999999,40.720574,DIGITIZED,ALLEN,SHAWNEE,1964-05-19,75.0,849.2000122070312,GRAVEL,,6.0,64.0,75.0,,301087
264241,W,DOMESTIC,-84.028258,40.832484,DIGITIZED,ALLEN,MONROE,1957-06-21,52.0,840.5,LIMESTONE,,7.0,13.0,28.0,26,154733
264281,W,DOMESTIC,-84.165292,40.700536,DIGITIZED,ALLEN,SHAWNEE,1961-10-12,104.0,848.5999755859375,SAND & GRAVEL,,10.0,30.0,104.0,,250936
264287,W,DOMESTIC,-83.90037,40.90533,GEOCODE,ALLEN,JACKSON,2002-08-24,50.0,822.7999877929688,LIMESTONE,ROTARY,20.0,20.0,29.0,48,947775
264436,W,DOMESTIC,-84.191502,40.700025,DIGITIZED,ALLEN,SHAWNEE,1954-08-23,105.0,877.9000244140625,LIMESTONE,,,57.0,81.0,76,139051
264437,W,DOMESTIC,-84.137649,40.690111,DIGITIZED,ALLEN,SHAWNEE,1955-06-08,44.0,867.0999755859375,GRAVEL,,14.0,30.0,44.0,,139844
264442,W,DOMESTIC,-84.053608,40.688033,DIGITIZED,ALLEN,PERRY,1955-09-29,74.0,936.2999877929688,LIMESTONE,,10.0,28.0,71.0,71,142831
264482,W,DOMESTIC,-84.101073,40.70625,DIGITIZED,ALLEN,PERRY,1957-06-15,57.0,886.5,GRAVEL,,,,57.0,,201606
264503,W,,-84.16533799999999,40.804044999999995,DIGITIZED,ALLEN,SUGAR CREEK,1960-08-05,51.0,801.7999877929688,LIMESTONE,,6.0,13.0,20.0,20,245571
264522,W,DOMESTIC,-84.105228,40.687242,DIGITIZED,ALLEN,PERRY,1962-09-15,39.0,885.4000244140625,SAND & GRAVEL,,30.0,14.0,39.0,,258489
264548,W,DOMESTIC,-83.942166,40.745666,,ALLEN,JACKSON,2003-10-02,81.0,960.2999877929688,LIMESTONE,ROTARY,15.0,40.0,50.0,44,965546
264684,W,DOMESTIC,-84.02723999999999,40.777519999999996,GEOCODE,ALLEN,BATH,2003-08-15,49.0,901.9000244140625,LIMESTONE,CABLE TOOL,15.0,26.0,42.0,48,960960
264686,W,MONITOR,-84.33487,40.83143,GEOCODE,ALLEN,MARION,2003-12-11,14.0,777.2000122070312,CLAY/SAND/GRAVEL,AUGER,,,9.0,,970649
264696,W,,-84.052,40.80533,GLOBAL POSITIONING SYSTEM,ALLEN,BATH,2004-02-03,82.0,842.5999755859375,LIMESTONE,ROTARY,3.0,10.0,30.0,77,972025
264881,W,DOMESTIC,-84.37232999999999,40.7,GLOBAL POSITIONING SYSTEM,ALLEN,SPENCER,2004-10-14,116.0,844.2000122070312,LIMESTONE,ROTARY,9.0,60.0,84.0,111,987139
264938,W,DOMESTIC,-84.09872,40.81578,GLOBAL POSITIONING SYSTEM,ALLEN,BATH,2004-01-12,75.0,818.0999755859375,LIMESTONE,ROTARY,30.0,16.0,29.0,72,963179
264939,W,DOMESTIC,-84.16517999999999,40.679089999999995,GEOCODE,ALLEN,SHAWNEE,2003-09-26,96.0,852.7000122070312,SHALE,,15.0,45.0,93.0,93,967452
265005,W,DOMESTIC,-83.93628,40.76128,GLOBAL POSITIONING SYSTEM,ALLEN,JACKSON,2004-06-05,50.0,937.9000244140625,LIMESTONE,ROTARY,20.0,20.0,26.0,48,981412
265337,W,DOMESTIC,-84.21186,40.765809999999995,GLOBAL POSITIONING SYSTEM,ALLEN,AMERICAN,2005-03-29,63.0,803.2999877929688,,ROTARY,4.0,18.0,26.0,61,981365
265338,W,DOMESTIC,-83.92819,40.76442,GLOBAL POSITIONING SYSTEM,ALLEN,JACKSON,2005-03-28,50.0,942.7999877929688,,ROTARY,20.0,30.0,34.0,48,981367
265339,W,PUBLIC/SEMI-PUB,-83.92983199999999,40.735016,GLOBAL POSITIONING SYSTEM,ALLEN,JACKSON,2005-03-25,355.0,987.2000122070312,,ROTARY,172.0,37.0,79.0,73,980334
265351,W,DOMESTIC,-83.954111,40.749694,,ALLEN,JACKSON,2005-07-06,70.0,929.7999877929688,LIMESTONE,ROTARY,25.0,37.0,40.0,68,990612
265451,W,DOMESTIC,-84.32602,40.7075,GEOCODE,ALLEN,SPENCER,2006-01-24,62.0,834.0,SAND & GRAVEL,CABLE TOOL,15.0,32.0,60.0,60,962760
265543,W,DOMESTIC,-84.236,40.775549999999996,GLOBAL POSITIONING SYSTEM,ALLEN,MARION,2006-03-01,90.0,797.5999755859375,,ROTARY,10.0,45.0,27.0,88,990657
265598,W,DOMESTIC,-84.12166599999999,40.802305,,ALLEN,SUGAR CREEK,2005-09-13,90.0,821.0,LIMESTONE,ROTARY,10.0,25.0,26.0,88,990627
265653,W,DOMESTIC,-84.087785,40.71541,DIGITIZED,ALLEN,PERRY,1957-08-12,46.0,886.5,GRAVEL,,6.0,12.0,46.0,,197502
265654,W,DOMESTIC,-84.149987,40.684042,DIGITIZED,ALLEN,SHAWNEE,1959-04-23,110.0,861.2999877929688,LIMESTONE,,12.0,20.0,106.0,106,224071
265664,W,DOMESTIC,-84.06304399999999,40.774864,DIGITIZED,ALLEN,BATH,1954-03-17,85.0,883.7999877929688,LIMESTONE,,6.0,25.0,45.0,45,123512
265702,W,DOMESTIC,-84.09078,40.719969999999996,GLOBAL POSITIONING SYSTEM,ALLEN,PERRY,2005-12-12,160.0,887.7999877929688,,ROTARY,20.0,80.0,36.0,158,990646
265777,W,DOMESTIC,-84.033469,40.788858999999995,DIGITIZED,ALLEN,BATH,1969-05-20,60.0,881.7000122070312,LIMESTONE,,20.0,27.0,48.0,48,392125
265833,W,DOMESTIC,-84.06237999999999,40.846669999999996,GEOCODE,ALLEN,MONROE,2006-03-27,135.0,810.9000244140625,LIMESTONE,ROTARY,50.0,22.0,85.0,133,990667
265910,W,,-84.129516,40.693411999999995,DIGITIZED,ALLEN,SHAWNEE,1950-03-09,76.0,880.5999755859375,GRAVEL,,15.0,46.0,76.0,,69628
265998,W,,-83.979872,40.694027999999996,DIGITIZED,ALLEN,AUGLAIZE,1950-03-03,40.0,939.5999755859375,LIMESTONE,,,16.0,28.0,28,30690
265999,W,,-83.936461,40.758441999999995,DIGITIZED,ALLEN,JACKSON,1948-08-18,60.0,938.5999755859375,LIMESTONE,,20.0,30.0,30.0,30,26383
266030,W,DOMESTIC,-84.103831,40.801066,DIGITIZED,ALLEN,BATH,1955-04-23,39.0,821.0999755859375,LIMESTONE,,,18.0,23.0,23,130236
266038,W,DOMESTIC,-84.032051,40.699523,DIGITIZED,ALLEN,PERRY,1955-10-04,90.0,972.0999755859375,SAND & GRAVEL,,,52.0,90.0,,139082
266039,W,,-84.13751599999999,40.849365,DIGITIZED,ALLEN,SUGAR CREEK,1954-09-16,39.0,781.5,LIMESTONE,,5.0,,24.0,24,129749
266258,W,DOMESTIC,-84.3675,40.710277999999995,GLOBAL POSITIONING SYSTEM,ALLEN,SPENCER,2006-08-29,136.0,821.2000122070312,LIMESTONE,AIR ROTARY,10.0,30.0,61.0,133,2004819
266324,W,,-84.137406,40.693601,DIGITIZED,ALLEN,SHAWNEE,1957-06-29,195.0,861.5,SAND & CLAY,,12.0,38.0,195.0,,161229
266338,W,,-83.950492,40.815387,DIGITIZED,ALLEN,JACKSON,1948-10-27,63.0,885.0999755859375,LIMESTONE,,,35.0,46.0,60,38975
266381,W,DOMESTIC,-84.107467,40.651433,DIGITIZED,ALLEN,PERRY,1960-07-25,150.0,953.2999877929688,LIMESTONE,,5.0,48.0,46.0,145,208720
266382,W,DOMESTIC,-83.916147,40.892458,DIGITIZED,ALLEN,RICHLAND,1960-11-18,73.0,840.2999877929688,LIMESTONE,,,31.0,37.0,70,260653
266414,W,DOMESTIC,-84.29804999999999,40.79325,DIGITIZED,ALLEN,MARION,1954-02-21,68.0,790.2000122070312,LIMESTONE,,,,21.0,,121415
266415,W,DOMESTIC,-84.09437,40.711027,DIGITIZED,ALLEN,PERRY,1954-01-29,45.0,889.2999877929688,GRAVEL,,,16.0,45.0,,127357
266417,W,DOMESTIC,-84.137649,40.690111,DIGITIZED,ALLEN,SHAWNEE,1952-09-08,176.0,867.0999755859375,GRAVEL,,7.0,35.0,176.0,,88271
266947,W,DOMESTIC,-84.106833,40.816216999999995,,ALLEN,BATH,2007-07-24,42.0,819.2000122070312,LIMESTONE,ROTARY,20.0,15.0,33.0,40,1007156
266979,W,MONITOR,-84.10475799999999,40.724553,GLOBAL POSITIONING SYSTEM,ALLEN,PERRY,2007-05-10,10.0,878.0999755859375,CLAY,AUGER,,10.0,5.0,,2010007
266999,W,DOMESTIC,-84.310328,40.813024,GLOBAL POSITIONING SYSTEM,ALLEN,MARION,2007-07-16,158.0,783.9000244140625,LIMESTONE,AIR ROTARY,7.0,30.0,32.0,29,2011079
267002,W,DOMESTIC,-83.918611,40.916388999999995,GLOBAL POSITIONING SYSTEM,ALLEN,RICHLAND,2007-06-22,63.0,810.5,LIMESTONE,AIR ROTARY,15.0,22.0,29.0,58,2010648
267071,W,,-84.35300000000001,40.775833,,ALLEN,SPENCER,2007-05-18,102.0,803.7000122070312,LIMESTONE,ROTARY,3.0,28.0,29.0,27,978584
267087,W,DOMESTIC,-83.928,40.763483,,ALLEN,JACKSON,2006-12-11,55.0,941.4000244140625,LIMESTONE,ROTARY,15.0,33.0,27.0,27,1004664
267171,W,DOMESTIC,-84.01324,40.78526,GEOCODE,ALLEN,BATH,2006-09-01,52.0,903.2000122070312,LIMESTONE,CABLE TOOL,12.0,26.0,50.0,50,997915
267182,W,DOMESTIC,-84.00238999999999,40.876709999999996,GLOBAL POSITIONING SYSTEM,ALLEN,MONROE,2007-04-03,56.0,813.0,LIMESTONE,ROTARY,60.0,17.0,31.0,53,2008876
268001,W,MONITOR,-83.96680599999999,40.832314,GLOBAL POSITIONING SYSTEM,ALLEN,RICHLAND,2010-01-18,15.0,867.5,SAND,AUGER,,8.5,5.0,,2025888
268221,W,DOMESTIC,-83.985833,40.752778,,ALLEN,JACKSON,2007-07-26,40.0,922.0,,CABLE TOOL,15.0,25.0,37.0,37,1005856
268259,W,DOMESTIC,-84.308889,40.843889,GLOBAL POSITIONING SYSTEM,ALLEN,MARION,2007-11-12,218.0,772.0,LIMESTONE,AIR HAMMER,10.0,70.0,22.0,22,2013789
268320,W,MONITOR,-84.1568,40.737449999999995,GLOBAL POSITIONING SYSTEM,ALLEN,AMERICAN,2010-04-19,12.0,841.0999755859375,CLAY,GEOPROBE,,6.0,2.0,,2027640
268372,W,DOMESTIC,-84.09107999999999,40.7359,GEOCODE,ALLEN,SHAWNEE,1989-04-01,160.0,877.5,LIMESTONE,ROTARY,20.0,46.0,84.0,81,696681
268373,W,DOMESTIC,-84.20967,40.694469999999995,GEOCODE,ALLEN,SHAWNEE,1996-12-02,90.0,881.2999877929688,GRAVEL,CABLE TOOL,10.0,60.0,90.0,,839973
268802,W,,-84.044767,40.82205,,ALLEN,MONROE,2011-11-01,46.0,837.0999755859375,LIMESTONE,CABLE TOOL,10.0,9.0,27.0,44,1013043
268828,W,DOMESTIC,-84.386167,40.806166999999995,GLOBAL POSITIONING SYSTEM,ALLEN,MARION,2013-08-28,220.0,790.0999755859375,LIMESTONE,AIR ROTARY,20.0,30.0,31.0,28,2044432
268829,W,DOMESTIC,-83.969933,40.784317,,ALLEN,JACKSON,2013-08-01,49.0,918.9000244140625,LIMESTONE,CABLE TOOL,9.0,26.0,40.0,47,1015552
268884,W,DOMESTIC,-84.256833,40.725333,GLOBAL POSITIONING SYSTEM,ALLEN,AMANDA,2013-03-15,50.0,825.0999755859375,GRAVEL & LIMESTONE,AIR ROTARY,5.0,20.0,38.0,40,2042483
268950,W,DOMESTIC,-84.2915,40.739000000000004,GLOBAL POSITIONING SYSTEM,ALLEN,AMANDA,2014-01-04,139.0,810.5999755859375,LIMESTONE,AIR ROTARY,20.0,16.0,35.0,137,2046219
269078,W,DOMESTIC,-84.224091,40.792117,GLOBAL POSITIONING SYSTEM,ALLEN,MARION,2015-10-20,31.0,792.7999877929688,LIMESTONE,AIR ROTARY,10.0,10.0,26.0,22,2054348
269100,W,MONITOR,-84.108611,40.798055999999995,GLOBAL POSITIONING SYSTEM,ALLEN,BATH,2015-07-23,12.0,827.4000244140625,GRAVEL,GEOPROBE,,4.5,2.0,,2053459
269120,W,MONITOR,-84.0767,40.7308,GLOBAL POSITIONING SYSTEM,ALLEN,PERRY,2014-10-29,16.0,881.7999877929688,GRAVEL,GEOPROBE,,0.0,6.0,,2049854
269475,W,MONITOR,-84.07764999999999,40.7303,GLOBAL POSITIONING SYSTEM,ALLEN,PERRY,2017-06-19,16.0,,CLAY,DIRECT PUSH,,10.0,6.0,,2063155
269481,W,MONITOR,-84.04038,40.788959999999996,GLOBAL POSITIONING SYSTEM,ALLEN,BATH,2017-08-22,6.0,,,GEOPROBE,,,4.0,,2064416
269524,W,DOMESTIC,-84.160848,40.846000000000004,GLOBAL POSITIONING SYSTEM,ALLEN,SUGAR CREEK,2016-05-16,63.0,,LIMESTONE,AIR ROTARY,5.0,18.0,26.0,20,2057106
269577,W,MONITOR,-84.108935,40.798109,GLOBAL POSITIONING SYSTEM,ALLEN,BATH,2016-12-29,12.0,,CLAY,GEOPROBE,,6.0,2.0,,2060785
269806,W,DOMESTIC,-84.08955,40.68165,GLOBAL POSITIONING SYSTEM,ALLEN,PERRY,2018-04-13,195.0,,LIMESTONE,ROTARY,7.0,36.0,174.0,,1020715
269886,W,DOMESTIC,-84.02770000000001,40.852333,GLOBAL POSITIONING SYSTEM,ALLEN,MONROE,2018-07-01,32.0,,SHALE & LIMESTONE,CABLE TOOL,10.0,11.0,27.0,,1015563
270185,W,DOMESTIC,-83.954337,40.906158,DIGITIZED,ALLEN,RICHLAND,1952-04-20,45.0,800.0999755859375,LIMESTONE,,,14.0,18.0,18,86213
270491,W,DOMESTIC,-83.918166,40.877879,DIGITIZED,ALLEN,RICHLAND,1955-10-13,88.0,834.4000244140625,LIMESTONE,,,30.0,20.0,86,120491
270492,W,DOMESTIC,-84.185462,40.703683,DIGITIZED,ALLEN,SHAWNEE,1953-06-05,64.0,880.0,GRAVEL,,15.0,48.0,64.0,,100637
270493,W,DOMESTIC,-84.15718,40.69695,GEOCODE,ALLEN,SHAWNEE,1971-08-05,68.0,829.2000122070312,GRAVEL,,12.0,50.0,68.0,,438371
270499,W,DOMESTIC,-84.164616,40.777764999999995,DIGITIZED,ALLEN,AMERICAN,1965-11-03,79.0,816.0,GRAVEL,,12.0,32.0,80.0,,342013
270500,W,DOMESTIC,-83.93768999999999,40.68338,,ALLEN,AUGLAIZE,1995-06-12,40.0,986.4000244140625,LIMESTONE,ROTARY,15.0,6.0,26.0,22,804497
270501,W,DOMESTIC,-84.16485999999999,40.789829999999995,,ALLEN,AMERICAN,1989-01-10,119.0,811.4000244140625,,ROTARY,5.0,28.0,93.0,,692415
270502,W,DOMESTIC,-84.17421399999999,40.686825999999996,DIGITIZED,ALLEN,SHAWNEE,1955-08-15,99.0,842.7000122070312,LIMESTONE,,,,,79,66474
270507,W,DOMESTIC,-83.97749,40.71696,GEOCODE,ALLEN,AUGLAIZE,1991-09-27,108.0,985.7999877929688,GRAVEL,CABLE TOOL,20.0,60.0,108.0,,728568
270508,W,DOMESTIC,-83.97368999999999,40.716969999999996,GEOCODE,ALLEN,AUGLAIZE,1990-06-27,91.0,990.2000122070312,SAND & GRAVEL,,15.0,58.0,91.0,,701347
270509,W,DOMESTIC,-83.91337999999999,40.69337,,ALLEN,AUGLAIZE,1991-05-12,85.0,1001.0,LIMESTONE,,10.0,8.0,25.0,18,725303
270510,W,DOMESTIC,-84.33483,40.82461,GEOCODE,ALLEN,MARION,1990-08-20,39.0,778.7000122070312,LIMESTONE,CABLE TOOL,9.0,17.0,25.0,22,677256
270514,W,DOMESTIC,-84.164428,40.712756,DIGITIZED,ALLEN,SHAWNEE,1960-06-07,86.0,851.2000122070312,GRAVEL,,8.0,61.0,86.0,,245861
270515,W,DOMESTIC,-83.92638,40.92015,GEOCODE,ALLEN,RICHLAND,1988-10-28,85.0,802.5,LIMESTONE,,30.0,10.0,29.0,80,678099
270516,W,DOMESTIC,-84.17562,40.707406999999996,DIGITIZED,ALLEN,SHAWNEE,1955-05-03,95.0,873.5,GRAVEL,,20.0,42.0,95.0,,139837
270517,W,DOMESTIC,-84.170711,40.709289999999996,DIGITIZED,ALLEN,SHAWNEE,1964-10-08,154.0,873.5,GRAVEL,,8.0,65.0,154.0,,317260
270521,W,PUBLIC/SEMI-PUB,-84.076058,40.730129999999996,DIGITIZED,ALLEN,PERRY,1964-04-22,149.0,882.0,LIMESTONE,,15.0,45.0,35.0,34,302377
270522,W,DOMESTIC,-84.056241,40.745177,DIGITIZED,ALLEN,BATH,1954-08-12,80.0,887.4000244140625,LIMESTONE,,20.0,60.0,37.0,37,123537
270523,W,DOMESTIC,-84.050479,40.750904,DIGITIZED,ALLEN,BATH,1960-07-26,51.0,880.5,LIMESTONE,,,23.0,33.0,49,210094
270524,W,DOMESTIC,-84.18865,40.74774,,ALLEN,AMERICAN,1990-06-19,40.0,808.5999755859375,LIMESTONE,CABLE TOOL,15.0,16.0,32.0,36,723757
270527,W,DOMESTIC,-84.19169,40.81664,,ALLEN,SUGAR CREEK,1983-06-15,45.0,788.7000122070312,LIMESTONE,,8.0,28.0,32.0,32,526357
270528,W,DOMESTIC,-84.32038,40.74699,,ALLEN,AMANDA,1996-01-19,82.0,804.5,LIMESTONE,CABLE TOOL,20.0,16.0,32.0,32,813003
270529,W,DOMESTIC,-84.087474,40.712455999999996,DIGITIZED,ALLEN,PERRY,1959-09-22,37.0,891.4000244140625,CLAY & GRAVEL,,8.0,20.0,37.0,,229478
270530,W,DOMESTIC,-84.18915,40.79853,GEOCODE,ALLEN,AMERICAN,1992-10-26,50.0,799.0,GRAVEL,ROTARY,8.0,22.0,50.0,,758032
270531,W,DOMESTIC,-84.13601,40.65944,GEOCODE,ALLEN,SHAWNEE,1986-04-09,54.0,900.0,GRAVEL,CABLE TOOL,20.0,44.0,54.0,,654555
270533,W,DOMESTIC,-84.18503799999999,40.773292,DIGITIZED,ALLEN,AMERICAN,1959-08-17,70.0,816.2000122070312,LIMESTONE,,7.0,18.0,41.0,41,220172
270534,W,DOMESTIC,-84.24273,40.78015,,ALLEN,MARION,1987-05-08,50.0,800.0999755859375,LIMESTONE,,10.0,14.0,35.0,31,661939
270535,W,DOMESTIC,-84.02660999999999,40.78895,GEOCODE,ALLEN,BATH,1994-12-05,78.0,876.0999755859375,LIMESTONE,CABLE TOOL,10.0,,,40,791805
270536,W,DOMESTIC,-84.165292,40.700536,DIGITIZED,ALLEN,SHAWNEE,1961-03-10,130.0,848.5999755859375,GRAVEL,,10.0,30.0,130.0,,250921
270537,W,MONITOR,-84.11341,40.72199,GEOCODE,ALLEN,SHAWNEE,1994-10-22,12.0,864.0999755859375,GLACIAL TILL,AUGER,,,9.0,,827586
270538,W,DOMESTIC,-84.36420000000001,40.688559999999995,GEOCODE,ALLEN,SPENCER,1994-10-21,91.0,859.9000244140625,LIMESTONE,ROTARY,20.0,49.0,84.0,90,806084
270540,W,DOMESTIC,-84.160061,40.779675,DIGITIZED,ALLEN,AMERICAN,1965-01-03,146.0,814.5,LIMESTONE,,14.0,39.0,143.0,143,317270
270543,W,DOMESTIC,-84.25748,40.79335,GEOCODE,ALLEN,MARION,1992-09-24,53.0,798.7000122070312,LIMESTONE,ROTARY,10.0,15.0,35.0,31,755170
270544,W,DOMESTIC,-84.05167999999999,40.70523,GEOCODE,ALLEN,PERRY,1984-02-21,73.0,938.2000122070312,LIMESTONE,,20.0,63.0,60.0,60,622997
270545,W,DOMESTIC,-84.03237999999999,40.804159999999996,GEOCODE,ALLEN,BATH,1989-06-30,80.0,855.9000244140625,LIMESTONE,ROTARY,15.0,16.0,40.0,40,695867
270546,W,DOMESTIC,-84.179756,40.754720999999996,DIGITIZED,ALLEN,AMERICAN,1953-06-24,128.0,828.5999755859375,LIMESTONE,,,,50.0,50,72861
270547,W,DOMESTIC,-84.19778699999999,40.740694,DIGITIZED,ALLEN,AMERICAN,1956-07-02,45.0,832.0999755859375,,,8.0,28.0,45.0,,159571
270552,W,DOMESTIC,-84.05133,40.709179999999996,GEOCODE,ALLEN,PERRY,1993-08-03,88.0,939.2999877929688,LIMESTONE,,6.0,65.0,55.0,55,773731
270553,W,DOMESTIC,-84.05169,40.7092,GEOCODE,ALLEN,PERRY,1993-08-07,90.0,940.0,LIMESTONE,CABLE TOOL,20.0,65.0,55.0,55,773732
270554,W,,-84.030369,40.787313,DIGITIZED,ALLEN,BATH,1957-09-30,65.0,880.5999755859375,LIMESTONE,,15.0,13.0,39.0,39,192876
270555,W,DOMESTIC,-84.14777,40.679649999999995,GEOCODE,ALLEN,SHAWNEE,1979-05-08,182.0,867.2000122070312,LIMESTONE,,8.0,54.0,142.0,142,540990
270556,W,DOMESTIC,-84.16326,40.70682,GEOCODE,ALLEN,SHAWNEE,1977-01-20,73.0,852.4000244140625,GRAVEL,,15.0,65.0,73.0,,511882
270557,W,DOMESTIC,-84.15451,40.724097,DIGITIZED,ALLEN,SHAWNEE,1956-07-23,205.0,858.5,LIMESTONE,,30.0,78.0,104.0,185,181705
270558,W,DOMESTIC,-84.129159,40.693762,DIGITIZED,ALLEN,SHAWNEE,1952-10-26,76.0,880.7000122070312,SAND,,,30.0,76.0,,35432
270559,W,,-84.127057,40.702714,DIGITIZED,ALLEN,SHAWNEE,1955-04-19,188.0,870.0,GRAVEL,,15.0,127.0,188.0,,156814
270560,W,DOMESTIC,-84.16973999999999,40.68826,GEOCODE,ALLEN,SHAWNEE,1989-03-30,36.0,842.5999755859375,GRAVEL,CABLE TOOL,20.0,15.0,36.0,,677686
270561,W,DOMESTIC,-84.200435,40.751058,DIGITIZED,ALLEN,AMERICAN,1957-05-29,39.0,826.7999877929688,GRAVEL,,,24.0,39.0,,199764
270565,W,DOMESTIC,-83.974385,40.659155999999996,DIGITIZED,ALLEN,AUGLAIZE,1962-03-16,65.0,1009.5999755859375,LIMESTONE,,18.0,40.0,42.0,42,244940
270566,W,DOMESTIC,-83.986915,40.694827,DIGITIZED,ALLEN,AUGLAIZE,1956-09-17,80.0,952.5,LIMESTONE,,20.0,22.0,53.0,53,173437
270567,W,DOMESTIC,-84.08650999999999,40.70232,GEOCODE,ALLEN,PERRY,1984-08-23,165.0,901.7000122070312,LIMESTONE,,30.0,40.0,98.0,95,650773
270568,W,DOMESTIC,-84.10808,40.69768,GEOCODE,ALLEN,PERRY,1988-08-11,117.0,887.2999877929688,LIMESTONE,CABLE TOOL,5.0,77.0,42.0,42,677659
270569,W,DOMESTIC,-83.890766,40.703299,DIGITIZED,ALLEN,AUGLAIZE,1964-11-14,41.0,993.0999755859375,LIMESTONE,,15.0,10.0,27.0,26,319422
270570,W,DOMESTIC,-83.969796,40.692723,DIGITIZED,ALLEN,AUGLAIZE,1961-05-04,45.0,952.0,LIMESTONE,,20.0,7.0,18.0,18,245590
270571,W,DOMESTIC,-83.97115699999999,40.684416,DIGITIZED,ALLEN,AUGLAIZE,1957-08-12,30.0,955.2999877929688,LIMESTONE,,8.0,10.0,30.0,20,201615
270576,W,DOMESTIC,-84.16502,40.76415,DIGITIZED,ALLEN,AMERICAN,1956-02-15,168.0,821.0,GRAVEL,,20.0,34.0,168.0,,166769
270578,W,DOMESTIC,-84.187131,40.707388,DIGITIZED,ALLEN,SHAWNEE,1960-05-02,84.0,863.7000122070312,LIMESTONE,,16.0,55.0,79.0,79,245557
270585,W,DOMESTIC,-84.16924999999999,40.779775,DIGITIZED,ALLEN,AMERICAN,1958-07-25,50.0,822.0999755859375,LIMESTONE,,,20.0,32.0,28,205615
270589,W,DOMESTIC,-84.09176,40.71161,GEOCODE,ALLEN,PERRY,1974-08-15,78.0,887.2000122070312,GRAVEL & CLAY,,30.0,28.0,78.0,,476004
270590,W,DOMESTIC,-84.15314,40.74572,,ALLEN,AMERICAN,1985-08-01,220.0,845.0999755859375,LIMESTONE,,10.0,110.0,93.0,90,651912
270591,W,DOMESTIC,-84.15662999999999,40.68548,GEOCODE,ALLEN,SHAWNEE,1987-07-29,105.0,856.5,GRAVEL,CABLE TOOL,20.0,60.0,105.0,,657164
270592,W,DOMESTIC,-84.15634999999999,40.69336,GEOCODE,ALLEN,SHAWNEE,1992-09-25,135.0,845.2000122070312,LIMESTONE,ROTARY,50.0,27.0,130.0,127,755171
270593,W,DOMESTIC,-83.89954999999999,40.85158,GEOCODE,ALLEN,RICHLAND,1992-06-27,60.0,875.2000122070312,LIMESTONE,ROTARY,6.0,48.0,38.0,38,757957
270594,W,DOMESTIC,-84.147562,40.692561,DIGITIZED,ALLEN,SHAWNEE,1963-08-02,83.0,855.5999755859375,GRAVEL,,8.0,32.0,83.0,,284496
270595,W,DOMESTIC,-84.147562,40.692561,DIGITIZED,ALLEN,SHAWNEE,1953-08-17,199.0,855.5999755859375,GRAVEL,,,,198.0,,72864
270603,W,DOMESTIC,-84.24295,40.804559999999995,GEOCODE,ALLEN,MARION,1996-09-11,60.0,790.0999755859375,LIMESTONE,ROTARY,10.0,14.0,26.0,19,843049
270604,W,DOMESTIC,-84.082549,40.831576999999996,DIGITIZED,ALLEN,MONROE,1953-06-25,29.0,815.2000122070312,LIMESTONE,,,,21.0,21,101275
270605,W,DOMESTIC,-84.08224,40.695519999999995,GEOCODE,ALLEN,PERRY,1995-07-27,165.0,909.9000244140625,SHALE,CABLE TOOL,15.0,45.0,165.0,160,819976
270606,W,,-84.205016,40.854,DIGITIZED,ALLEN,SUGAR CREEK,1966-05-10,75.0,775.7000122070312,LIMESTONE,,,9.0,27.0,22,77494
270607,W,,-84.171393,40.839926999999996,DIGITIZED,ALLEN,SUGAR CREEK,1959-04-20,122.0,779.2000122070312,LIMESTONE,,28.0,14.0,16.0,16,220162
270608,W,DOMESTIC,-84.119452,40.713572,DIGITIZED,ALLEN,SHAWNEE,1960-04-16,166.0,885.2999877929688,LIMESTONE,,5.0,150.0,65.0,160,223457
270609,W,DOMESTIC,-84.134439,40.690667999999995,DIGITIZED,ALLEN,SHAWNEE,1960-01-25,51.0,868.4000244140625,GRAVEL,,8.0,33.0,51.0,,220194
270610,W,DOMESTIC,-84.134439,40.690667999999995,DIGITIZED,ALLEN,SHAWNEE,1955-08-26,44.0,868.4000244140625,GRAVEL,,12.0,31.0,44.0,,156843
270615,W,DOMESTIC,-84.00228,40.65268,GEOCODE,ALLEN,AUGLAIZE,1996-01-26,80.0,959.4000244140625,LIMESTONE,ROTARY,10.0,27.0,41.0,41,828334
270616,W,DOMESTIC,-84.118034,40.788168999999996,DIGITIZED,ALLEN,AMERICAN,1960-12-26,57.0,829.7999877929688,LIMESTONE,,10.0,34.0,35.0,34,245881
270617,W,DOMESTIC,-84.09407999999999,40.79488,GEOCODE,ALLEN,BATH,1992-04-09,59.0,849.2000122070312,LIMESTONE,CABLE TOOL,11.0,39.0,50.0,56,723778
270618,W,DOMESTIC,-83.99038,40.73132,GEOCODE,ALLEN,JACKSON,1984-05-30,50.0,937.2999877929688,LIMESTONE,,12.0,14.0,45.0,42,650759
270622,W,DOMESTIC,-84.23373,40.78771,GEOCODE,ALLEN,MARION,1993-04-19,50.0,800.5999755859375,LIMESTONE,ROTARY,8.0,9.0,29.0,25,767857
270624,W,DOMESTIC,-84.03900999999999,40.758491,DIGITIZED,ALLEN,BATH,1962-09-10,55.0,882.4000244140625,LIMESTONE,,16.0,15.0,23.0,22,286051
270625,W,DOMESTIC,-84.20364,40.68999,GEOCODE,ALLEN,SHAWNEE,1996-01-25,55.0,874.4000244140625,GRAVEL,CABLE TOOL,10.0,30.0,55.0,,819998
270626,W,DOMESTIC,-84.198538,40.699090999999996,DIGITIZED,ALLEN,SHAWNEE,1957-09-24,60.0,881.0,GRAVEL,,10.0,37.0,60.0,,199774
270627,W,DOMESTIC,-84.153583,40.675318,DIGITIZED,ALLEN,SHAWNEE,1960-01-26,196.0,867.5,LIMESTONE,,10.0,30.0,170.0,170,197540
270628,W,DOMESTIC,-84.12288099999999,40.675914,DIGITIZED,ALLEN,SHAWNEE,1953-05-23,39.0,891.2000122070312,GRAVEL,,15.0,19.0,39.0,,100633
270629,W,DOMESTIC,-84.109156,40.675672999999996,DIGITIZED,ALLEN,SHAWNEE,1954-10-19,63.0,909.0999755859375,GRAVEL,,,,63.0,,72877
270633,W,DOMESTIC,-84.05933999999999,40.78389,GEOCODE,ALLEN,BATH,1994-07-22,60.0,876.9000244140625,LIMESTONE,ROTARY,20.0,28.0,50.0,47,786620
270634,W,DOMESTIC,-84.024481,40.76372,DIGITIZED,ALLEN,BATH,1969-12-10,81.0,875.2999877929688,LIMESTONE,,36.0,28.0,28.0,25,392101
270635,W,DOMESTIC,-84.012597,40.771888,DIGITIZED,ALLEN,BATH,1967-07-05,70.0,910.4000244140625,LIMESTONE,,16.0,29.0,51.0,51,357526
270636,W,DOMESTIC,-84.18021999999999,40.71552,GEOCODE,ALLEN,SHAWNEE,1973-07-24,170.0,856.7999877929688,LIMESTONE,,15.0,65.0,61.0,61,512460
270637,W,DOMESTIC,-84.14801,40.66469,GEOCODE,ALLEN,SHAWNEE,1986-10-05,92.0,871.5,GRAVEL,CABLE TOOL,20.0,20.0,92.0,,654577
270638,W,DOMESTIC,-84.147821,40.684188999999996,DIGITIZED,ALLEN,SHAWNEE,1954-04-24,255.0,860.5,LIMESTONE,,14.0,25.0,189.0,188,115285
275385,W,,-84.178024,40.753021,DIGITIZED,ALLEN,AMERICAN,1948-09-08,89.0,824.9000244140625,LIMESTONE,,10.0,22.0,35.0,35,26386
275513,W,,-84.10578199999999,40.708135,DIGITIZED,ALLEN,PERRY,1948-12-01,48.0,897.4000244140625,LIMESTONE,,,15.0,43.0,43,30662
275518,W,,-84.122411,40.720363,DIGITIZED,ALLEN,SHAWNEE,1948-10-02,397.0,860.5999755859375,SHALE,,160.0,102.0,66.0,66,26387
277305,W,DOMESTIC,-84.03728,40.8068,GEOCODE,ALLEN,BATH,1996-10-22,53.0,856.0999755859375,LIMESTONE,ROTARY,18.0,,49.0,49,843064
277477,W,DOMESTIC,-83.93148,40.74635,GEOCODE,ALLEN,JACKSON,1997-09-13,55.0,951.7999877929688,GRAVEL,ROTARY,20.0,29.0,55.0,,851228
277478,W,DOMESTIC,-83.97332999999999,40.78917,GEOCODE,ALLEN,BATH,1997-10-03,67.0,921.2999877929688,LIMESTONE,ROTARY,12.0,34.0,52.0,52,851236
277619,W,DOMESTIC,-84.29942,40.698589999999996,GEOCODE,ALLEN,AMANDA,1998-06-01,49.0,837.5999755859375,SAND & GRAVEL,CABLE TOOL,12.0,20.0,,,855218
277631,W,DOMESTIC,-84.20741,40.717929999999996,GEOCODE,ALLEN,SHAWNEE,1998-09-10,47.0,835.7999877929688,SAND,CABLE TOOL,15.0,30.0,46.0,46,879739
277701,W,DOMESTIC,-83.96097,40.8194,GEOCODE,ALLEN,JACKSON,1999-09-09,40.0,886.5999755859375,LIMESTONE,ROTARY,15.0,16.0,31.0,27,902295
277702,W,DOMESTIC,-84.35918,40.806129999999996,GEOCODE,ALLEN,MARION,1999-08-02,103.0,783.5,LIMESTONE,ROTARY,1.0,20.0,26.0,25,902303
277708,W,DOMESTIC,-84.29393,40.72918,GEOCODE,ALLEN,AMANDA,1999-10-20,37.0,813.2000122070312,SAND & GRAVEL,CABLE TOOL,15.0,,,,890246
277732,W,DOMESTIC,-83.93693999999999,40.74055,GEOCODE,ALLEN,JACKSON,2000-03-31,120.0,968.0999755859375,LIMESTONE,ROTARY,10.0,36.0,75.0,75,901938
277767,W,DOMESTIC,-83.93108,40.819269999999996,GEOCODE,ALLEN,RICHLAND,1999-08-09,63.0,887.0,LIMESTONE,ROTARY,30.0,12.0,28.0,28,884307
277802,W,DOMESTIC,-84.24163999999999,40.69211,GEOCODE,ALLEN,AMANDA,2000-05-22,120.0,853.7000122070312,LIMESTONE,ROTARY,30.0,35.0,60.0,59,914051
277804,W,DOMESTIC,-84.18665,40.68631,GEOCODE,ALLEN,SHAWNEE,2000-05-25,63.0,843.4000244140625,LIMESTONE,ROTARY,15.0,19.0,55.0,55,914484
277850,W,DOMESTIC,-84.00528,40.652539999999995,GEOCODE,ALLEN,AUGLAIZE,1999-11-24,82.0,952.2000122070312,LIMESTONE,ROTARY,15.0,35.0,40.0,36,906371
278037,W,DOMESTIC,-84.37850999999999,40.793859999999995,GEOCODE,ALLEN,MARION,2001-07-10,121.0,791.7999877929688,LIMESTONE,CABLE TOOL,10.0,30.0,38.0,38,921663
278204,W,MONITOR,-84.11354999999999,40.74255,,ALLEN,AMERICAN,2000-06-20,24.0,888.9000244140625,SILT,AUGER,,,5.0,,929386
278241,W,DOMESTIC,-84.25731999999999,40.782379999999996,GEOCODE,ALLEN,MARION,2001-09-10,33.0,803.7999877929688,LIMESTONE,CABLE TOOL,10.0,20.0,32.0,31,936651
278242,W,DOMESTIC,-84.28344,40.85033,GEOCODE,ALLEN,MARION,2001-09-03,123.0,762.9000244140625,LIMESTONE,CABLE TOOL,6.0,20.0,25.0,18,921672
278354,W,DOMESTIC,-84.10753,40.65133,GEOCODE,ALLEN,PERRY,2000-03-25,195.0,953.2999877929688,LIMESTONE,CABLE TOOL,12.0,120.0,75.0,75,895919
278444,W,DOMESTIC,-83.95022,40.68175,,ALLEN,AUGLAIZE,2001-08-24,55.0,971.2000122070312,LIMESTONE,CABLE TOOL,12.0,40.0,32.0,53,932583
278456,W,DOMESTIC,-84.0524,40.89862,GEOCODE,ALLEN,MONROE,2001-12-21,32.0,777.5,LIMESTONE,ROTARY,30.0,2.0,25.0,21,935589
278589,W,DOMESTIC,-83.93964,40.74651,,ALLEN,JACKSON,2002-02-08,75.0,965.0,LIMESTONE,ROTARY,20.0,43.0,50.0,50,940579
278688,W,MONITOR,-84.10468999999999,40.75047,GEOCODE,ALLEN,BATH,2002-02-04,15.0,890.7000122070312,FILL MATERIAL,DRIVEN,,,15.0,,942210
278774,W,DOMESTIC,-84.18079,40.81822,GEOCODE,ALLEN,SUGAR CREEK,2001-10-01,68.0,788.4000244140625,LIMESTONE,CABLE TOOL,15.0,15.0,65.0,67,940805
278870,W,DOMESTIC,-84.29350000000001,40.69291,GEOCODE,ALLEN,AMANDA,2002-01-25,56.0,846.5999755859375,SHALE & LIMESTONE,CABLE TOOL,20.0,35.0,54.0,55,932605
278893,W,DOMESTIC,-84.11483,40.78367,GEOCODE,ALLEN,AMERICAN,1988-08-25,59.0,841.2999877929688,LIMESTONE,,8.0,30.0,39.0,39,678550
278953,W,AGRIC/IRRIG,-83.93374999999999,40.8648,GEOCODE,ALLEN,RICHLAND,1988-07-09,323.0,845.0999755859375,LIMESTONE,ROTARY,100.0,25.0,28.0,127,940571
278955,W,DOMESTIC,-84.01286999999999,40.778659999999995,GEOCODE,ALLEN,BATH,2002-08-21,83.0,925.9000244140625,LIMESTONE,ROTARY,15.0,48.0,71.0,81,947771
278969,W,DOMESTIC,-84.30790999999999,40.75665,GEOCODE,ALLEN,AMANDA,1989-07-07,32.0,794.0,GRAVEL,CABLE TOOL,20.0,15.0,32.0,,677696
279042,W,DOMESTIC,-83.924527,40.732833,,ALLEN,JACKSON,2003-04-17,82.0,988.2000122070312,LIMESTONE,ROTARY,20.0,40.0,66.0,80,947848
279057,W,DOMESTIC,-83.984167,40.700731,DIGITIZED,ALLEN,AUGLAIZE,1954-09-20,102.0,968.2999877929688,LIMESTONE,,,46.0,75.0,75,62118
279064,W,DOMESTIC,-83.93732,40.70954,,ALLEN,AUGLAIZE,1996-02-10,113.0,992.7000122070312,LIMESTONE,CABLE TOOL,8.0,,88.0,86,818034
279081,W,DOMESTIC,-84.019363,40.789366,DIGITIZED,ALLEN,BATH,1956-12-17,50.0,881.2000122070312,GRAVEL,,30.0,1.0,50.0,,159585
279102,W,,-84.188541,40.838615,DIGITIZED,ALLEN,SUGAR CREEK,1955-08-18,59.0,784.2999877929688,SAND & GRAVEL,,,12.0,29.0,,154703
279106,W,DOMESTIC,-84.09335999999999,40.8027,GEOCODE,ALLEN,BATH,1989-07-10,57.0,829.7000122070312,LIMESTONE,ROTARY,7.0,27.0,43.0,40,696719
279118,W,PUBLIC/SEMI-PUB,-83.937338,40.892143999999995,DIGITIZED,ALLEN,RICHLAND,1961-06-01,72.0,827.7000122070312,LIMESTONE,,4.0,14.0,14.0,14,205632
279123,W,DOMESTIC,-84.149987,40.684042,DIGITIZED,ALLEN,SHAWNEE,1957-06-26,48.0,861.2999877929688,GRAVEL,,15.0,18.0,48.0,,192861
279141,W,MONITOR,-84.11341,40.72199,GEOCODE,ALLEN,SHAWNEE,1994-10-25,31.0,864.0999755859375,SAND & GRAVEL,AUGER,,,,,827589
279144,W,DOMESTIC,-84.0276,40.77832,GEOCODE,ALLEN,BATH,2002-11-01,54.0,901.0999755859375,LIMESTONE,CABLE TOOL,10.0,22.0,36.0,52,940811
279153,W,DOMESTIC,-84.117621,40.761342,DIGITIZED,ALLEN,AMERICAN,1959-04-01,122.0,864.7999877929688,LIMESTONE,,8.0,98.0,98.0,65,229452
279160,W,PUBLIC/SEMI-PUB,-84.088132,40.830244,DIGITIZED,ALLEN,MONROE,1956-02-20,50.0,814.2000122070312,LIMESTONE,,20.0,15.0,27.0,23,153294
279173,W,DOMESTIC,-84.14023,40.670153,DIGITIZED,ALLEN,SHAWNEE,1964-03-13,165.0,874.2999877929688,SAND & GRAVEL,,10.0,30.0,165.0,,308803
279177,W,DOMESTIC,-84.168607,40.722182,DIGITIZED,ALLEN,SHAWNEE,1962-04-25,70.0,845.4000244140625,LIMESTONE,,10.0,50.0,34.0,34,274605
279201,W,DOMESTIC,-83.92061,40.70572,GLOBAL POSITIONING SYSTEM,ALLEN,AUGLAIZE,2003-04-17,60.0,984.7999877929688,LIMESTONE,ROTARY,30.0,16.0,60.0,58,947847
279266,W,DOMESTIC,-84.133909,40.76095,DIGITIZED,ALLEN,AMERICAN,1963-08-07,157.0,845.7999877929688,LIMESTONE,,10.0,102.0,106.0,100,286628
279337,W,DOMESTIC,-84.08055499999999,40.687424,DIGITIZED,ALLEN,PERRY,1957-07-31,75.0,935.2999877929688,GRAVEL,,8.0,,75.0,,201612
279361,W,DOMESTIC,-84.00039699999999,40.776703999999995,DIGITIZED,ALLEN,BATH,1960-04-19,80.0,911.4000244140625,LIMESTONE,,15.0,33.0,48.0,48,245555
279363,W,DOMESTIC,-84.18703099999999,40.717273,DIGITIZED,ALLEN,SHAWNEE,1960-05-02,168.0,857.4000244140625,LIMESTONE,,,72.0,63.0,60,235046
279394,W,DOMESTIC,-83.95975,40.918369999999996,GLOBAL POSITIONING SYSTEM,ALLEN,RICHLAND,2003-09-22,46.0,794.2000122070312,LIMESTONE,CABLE TOOL,30.0,18.0,27.0,20,968468
279447,W,MONITOR,-84.33487,40.83143,GEOCODE,ALLEN,MARION,2003-03-11,29.0,777.2000122070312,LIMESTONE,ROTARY,,,19.0,16,951345
279573,W,DOMESTIC,-84.10217,40.81378,GLOBAL POSITIONING SYSTEM,ALLEN,BATH,2004-08-01,32.0,822.9000244140625,LIMESTONE & SHALE,CABLE TOOL,12.0,12.0,28.0,28,960934
279574,W,DOMESTIC,-83.97394,40.797419999999995,GEOCODE,ALLEN,JACKSON,2004-04-01,27.0,902.2999877929688,SAND & CLAY,CABLE TOOL,12.0,22.0,26.0,26,960930
279578,W,DOMESTIC,-84.05233,40.89648,GEOCODE,ALLEN,MONROE,2004-04-09,85.0,780.0,LIMESTONE,ROTARY,10.0,17.0,26.0,18,971473
279624,W,MUNICIPAL,-84.15540999999999,40.66565,GEOCODE,ALLEN,SHAWNEE,2004-09-23,175.0,857.4000244140625,GRAVEL,ROTARY,50.0,23.0,175.0,,981338
279656,W,,-84.01176,40.83215,GLOBAL POSITIONING SYSTEM,ALLEN,MONROE,2004-10-04,36.0,852.0999755859375,LIMESTONE & SHALE,CABLE TOOL,12.0,23.0,34.0,34,960947
279798,W,DOMESTIC,-83.98210999999999,40.73036,GLOBAL POSITIONING SYSTEM,ALLEN,AUGLAIZE,2003-12-26,90.0,954.7999877929688,LIMESTONE,ROTARY,20.0,26.0,80.0,88,963177
279886,W,DOMESTIC,-84.38853,40.7914,GLOBAL POSITIONING SYSTEM,ALLEN,MARION,2004-07-19,42.0,797.7999877929688,SAND & GRAVEL,CABLE TOOL,10.0,19.0,40.0,40,962745
280117,W,DOMESTIC,-83.974666,40.8495,GLOBAL POSITIONING SYSTEM,ALLEN,RICHLAND,2005-01-24,70.0,861.4000244140625,,ROTARY,10.0,30.0,50.0,46,987201
280253,W,DOMESTIC,-84.26333,40.80077,GLOBAL POSITIONING SYSTEM,ALLEN,MARION,2005-12-01,27.0,790.2999877929688,SHALE & LIMESTONE,CABLE TOOL,9.0,14.0,26.0,26,960939
280310,W,DOMESTIC,-84.309,40.80516,GLOBAL POSITIONING SYSTEM,ALLEN,MARION,2005-10-11,158.0,787.2000122070312,LIMESTONE,ROTARY,5.0,30.0,28.0,24,994980
280354,W,MONITOR,-84.11801,40.74254,GLOBAL POSITIONING SYSTEM,ALLEN,AMERICAN,2005-11-29,15.0,879.5,SAND & GRAVEL,AUGER,,0.0,5.0,,2000718
280516,W,DOMESTIC,-84.13945199999999,40.699566,DIGITIZED,ALLEN,SHAWNEE,1959-06-02,125.0,868.0,LIMESTONE,,10.0,47.0,124.0,124,224074
280530,W,DOMESTIC,-84.013646,40.773384,DIGITIZED,ALLEN,BATH,1953-04-10,78.0,914.2000122070312,LIMESTONE,,14.0,37.0,57.0,76,94334
280593,W,DOMESTIC,-84.13687999999999,40.673988,DIGITIZED,ALLEN,SHAWNEE,1957-05-25,140.0,877.2999877929688,GRAVEL,,,,141.0,,184672
280611,W,DOMESTIC,-84.042816,40.688058999999996,DIGITIZED,ALLEN,PERRY,1960-10-05,104.0,960.4000244140625,SAND & GRAVEL,,18.0,53.0,104.0,,244913
280612,W,DOMESTIC,-84.204263,40.705326,DIGITIZED,ALLEN,SHAWNEE,1953-06-21,63.0,861.5999755859375,GRAVEL,,,,59.0,,121411
280642,W,DOMESTIC,-84.0305,40.89067,GLOBAL POSITIONING SYSTEM,ALLEN,MONROE,2006-02-21,38.0,783.0,LIMESTONE,,30.0,6.0,26.0,35,978562
280672,W,DOMESTIC,-84.22345399999999,40.785531999999996,DIGITIZED,ALLEN,AMERICAN,1961-01-28,91.0,800.2999877929688,LIMESTONE,,15.0,21.0,28.0,28,245886
280673,W,DOMESTIC,-84.135965,40.779027,DIGITIZED,ALLEN,AMERICAN,1960-09-01,72.0,834.0,LIMESTONE,,,40.0,32.0,31,251513
280674,W,DOMESTIC,-84.060611,40.734003,DIGITIZED,ALLEN,BATH,1965-06-04,89.0,877.0999755859375,LIMESTONE,,20.0,35.0,42.0,42,319439
280794,W,,-84.20105099999999,40.665164999999995,DIGITIZED,ALLEN,SHAWNEE,1947-10-07,22.0,845.7999877929688,GRAVEL,,,9.0,22.0,,23413
280869,W,,-82.65888,40.12328,DIGITIZED,ALLEN,AMERICAN,1947-11-12,124.0,1066.0999755859375,LIMESTONE,,200.0,20.0,22.0,18,2429
280870,W,,-83.94808499999999,40.860985,DIGITIZED,ALLEN,RICHLAND,1949-09-23,68.0,848.2000122070312,LIMESTONE,,,35.0,47.0,66,38998
280905,W,DOMESTIC,-84.164683,40.753302999999995,DIGITIZED,ALLEN,AMERICAN,1953-03-17,170.0,821.0,GRAVEL,,9.0,41.0,170.0,,85186
280916,W,DOMESTIC,-84.13687999999999,40.673988,DIGITIZED,ALLEN,SHAWNEE,1961-05-19,52.0,877.2999877929688,CLAY & GRAVEL,,10.0,39.0,52.0,,222280
280928,W,DOMESTIC,-83.90468,40.884066999999995,DIGITIZED,ALLEN,RICHLAND,1956-04-10,74.0,829.4000244140625,LIMESTONE,,15.0,30.0,17.0,15,168809
281010,W,DOMESTIC,-83.96633899999999,40.658514,DIGITIZED,ALLEN,AUGLAIZE,1963-05-11,72.0,1029.4000244140625,GRAVEL,,18.0,26.0,72.0,,286712
281032,W,,-84.261828,40.839317,DIGITIZED,ALLEN,MARION,1948-11-20,74.0,775.9000244140625,LIMESTONE,,8.0,74.0,18.0,15,5870
281085,W,,-84.181438,40.843679,DIGITIZED,ALLEN,SUGAR CREEK,1955-10-12,42.0,782.5999755859375,LIMESTONE,,,12.0,26.0,40,154706
281206,W,DOMESTIC,-84.091853,40.802628,DIGITIZED,ALLEN,BATH,1959-08-17,50.0,836.5,LIMESTONE,,9.0,26.0,42.0,42,220174
281207,W,DOMESTIC,-84.15878599999999,40.694269,DIGITIZED,ALLEN,SHAWNEE,1960-05-25,61.0,841.2000122070312,GRAVEL,,15.0,24.0,61.0,,245561
281208,W,DOMESTIC,-84.177302,40.703914999999995,DIGITIZED,ALLEN,SHAWNEE,1955-06-04,53.0,872.5,GRAVEL,,15.0,36.0,53.0,,156827
281221,W,DOMESTIC,-84.08654899999999,40.831230999999995,DIGITIZED,ALLEN,MONROE,1955-05-08,38.0,813.2999877929688,LIMESTONE,,10.0,,25.0,25,153263
281251,W,DOMESTIC,-83.97527699999999,40.658117999999995,DIGITIZED,ALLEN,AUGLAIZE,1962-11-20,53.0,1011.5999755859375,LIMESTONE,,10.0,31.0,43.0,42,258498
281252,W,DOMESTIC,-84.019363,40.789366,DIGITIZED,ALLEN,BATH,1960-07-17,47.0,881.2000122070312,LIMESTONE,,10.0,30.0,38.0,45,208719
281278,W,DOMESTIC,-84.177302,40.703914999999995,DIGITIZED,ALLEN,SHAWNEE,1955-09-16,49.0,872.5,GRAVEL,,15.0,32.0,49.0,,156847
281306,W,CONSTRUCTION,-84.026337,40.764693,DIGITIZED,ALLEN,BATH,1966-06-20,40.0,877.5,LIMESTONE,,9.0,20.0,22.0,22,338155
281307,W,DOMESTIC,-84.06423699999999,40.71664,DIGITIZED,ALLEN,PERRY,1955-05-05,72.0,913.0999755859375,LIMESTONE,,15.0,40.0,61.0,61,156816
281309,W,DOMESTIC,-84.187131,40.707388,DIGITIZED,ALLEN,SHAWNEE,1956-10-30,70.0,863.7000122070312,GRAVEL,,8.0,40.0,70.0,,159579
281310,W,DOMESTIC,-84.151494,40.68933,DIGITIZED,ALLEN,SHAWNEE,1964-12-24,150.0,856.5,LIMESTONE,,15.0,19.0,144.0,144,308835
281917,W,MONITOR,-84.104689,40.724191999999995,GLOBAL POSITIONING SYSTEM,ALLEN,PERRY,2007-05-10,36.0,879.5,CLAY,AUGER,,36.0,21.0,,2010009
281918,W,MONITOR,-84.105097,40.724294,GLOBAL POSITIONING SYSTEM,ALLEN,PERRY,2007-05-11,10.0,877.4000244140625,CLAY,AUGER,,10.0,5.0,,2010010
281919,W,DOMESTIC,-84.06484999999999,40.805116999999996,,ALLEN,BATH,2007-04-13,42.0,828.7999877929688,LIMESTONE,ROTARY,15.0,4.0,26.0,24,1006391
282016,W,DOMESTIC,-84.31508,40.73598,GLOBAL POSITIONING SYSTEM,ALLEN,AMANDA,2006-03-08,62.0,812.7000122070312,LIMESTONE,CABLE TOOL,10.0,22.0,40.0,40,962762
282057,W,DOMESTIC,-84.028,40.807933,GLOBAL POSITIONING SYSTEM,ALLEN,BATH,2007-03-20,50.0,857.9000244140625,SAND & GRAVEL,ROTARY,12.0,19.0,50.0,,2008770
282573,W,DOMESTIC,-83.92218,40.707209999999996,GEOCODE,ALLEN,AUGLAIZE,2008-08-12,60.0,981.2000122070312,LIMESTONE,ROTARY,12.0,21.0,42.0,42,1007236
282636,W,DOMESTIC,-84.15333299999999,40.804167,GLOBAL POSITIONING SYSTEM,ALLEN,SUGAR CREEK,2008-11-19,106.0,803.0999755859375,LIMESTONE,AIR ROTARY,15.0,36.0,27.0,17,2020390
282660,W,DOMESTIC,-84.243567,40.751083,,ALLEN,AMANDA,2008-09-25,47.0,820.0,GRAVEL,ROTARY,12.0,22.0,47.0,,1007242
282705,W,DOMESTIC,-83.91833299999999,40.910278,GLOBAL POSITIONING SYSTEM,ALLEN,RICHLAND,2009-09-10,57.0,815.2999877929688,LIMESTONE,AIR ROTARY,15.0,22.0,29.0,56,2024633
282710,W,DOMESTIC,-84.18172,40.67185,GLOBAL POSITIONING SYSTEM,ALLEN,SHAWNEE,2009-10-08,182.0,848.7999877929688,LIMESTONE,ROTARY,48.0,16.0,68.0,30,2024376
283047,W,DOMESTIC,-83.99595,40.775332999999996,,ALLEN,BATH,2007-06-01,57.0,911.5,LIMESTONE,CABLE TOOL,12.0,28.0,45.0,55,997918
283152,W,DOMESTIC,-84.07333299999999,40.852222,GLOBAL POSITIONING SYSTEM,ALLEN,MONROE,2007-12-03,145.0,797.9000244140625,LIMESTONE,AIR ROTARY,25.0,25.0,26.0,14,2014136
283313,W,DOMESTIC,-84.144444,40.664443999999996,,ALLEN,SHAWNEE,2011-08-29,115.0,867.7999877929688,SHALE,CABLE TOOL,20.0,15.0,113.0,86,1015416
283529,W,DOMESTIC,-83.9578,40.85145,,ALLEN,RICHLAND,2012-05-09,70.0,857.2999877929688,,ROTARY,20.0,20.0,39.0,39,1014549
283538,W,DOMESTIC,-84.0233,40.794667,,ALLEN,AMERICAN,2010-05-10,100.0,870.9000244140625,,ROTARY,5.0,24.0,32.0,32,1014616
283565,W,DOMESTIC,-83.923217,40.7062,GLOBAL POSITIONING SYSTEM,ALLEN,AUGLAIZE,2012-07-13,40.0,980.0999755859375,LIMESTONE,ROTARY,12.0,17.0,,39,1014538
283934,W,DOMESTIC,-84.10466699999999,40.642832999999996,GLOBAL POSITIONING SYSTEM,ALLEN,PERRY,2013-10-07,263.0,949.0,LIMESTONE,AIR ROTARY,15.0,100.0,75.0,68,2045378
283992,W,ABANDONED,-84.022617,40.838367,GLOBAL POSITIONING SYSTEM,ALLEN,MONROE,2016-01-01,30.0,,LIMESTONE,CABLE TOOL,9.0,18.0,26.0,25,1015574
284001,W,DOMESTIC,-84.291944,40.854721999999995,GLOBAL POSITIONING SYSTEM,ALLEN,MARION,2014-09-15,63.0,765.7000122070312,LIMESTONE,AIR ROTARY,3.0,15.0,26.0,21,2049913
284027,W,MONITOR,-84.10888899999999,40.797778,GLOBAL POSITIONING SYSTEM,ALLEN,BATH,2015-07-22,12.0,830.2999877929688,SAND,GEOPROBE,,4.5,2.0,,2053461
284058,W,DOMESTIC,-83.91622,40.87778,GLOBAL POSITIONING SYSTEM,ALLEN,RICHLAND,2015-04-01,130.0,839.0,LIMESTONE,ROTARY,15.0,71.0,30.0,24,2051453
284094,W,DOMESTIC,-84.242133,40.759767,GLOBAL POSITIONING SYSTEM,ALLEN,AMANDA,2015-05-22,40.0,809.5999755859375,LIMESTONE,ROTARY,12.0,12.0,37.0,37,1018661
284262,W,DOMESTIC,-83.993303,40.69417,GLOBAL POSITIONING SYSTEM,ALLEN,AUGLAIZE,2014-10-12,130.0,960.4000244140625,LIMESTONE,ROTARY,30.0,29.0,57.0,127,1017870
284338,W,DOMESTIC,-84.27300000000001,40.7215,GLOBAL POSITIONING SYSTEM,ALLEN,AMANDA,2014-08-04,52.0,824.0,GRAVEL,AIR ROTARY,20.0,30.0,51.0,,2048524
284345,W,MONITOR,-84.04025999999999,40.78862,GLOBAL POSITIONING SYSTEM,ALLEN,BATH,2017-04-10,14.0,,SILT,GEOPROBE,,4.0,4.0,,2061924
284519,W,DOMESTIC,-84.117857,40.81668,GLOBAL POSITIONING SYSTEM,ALLEN,SUGAR CREEK,2016-06-27,50.0,,LIMESTONE,ROTARY,12.0,20.0,33.0,33,1019451
284553,W,DOMESTIC,-83.9869,40.84515,GLOBAL POSITIONING SYSTEM,ALLEN,RICHLAND,2017-03-09,58.0,,LIMESTONE,ROTARY,15.0,21.0,44.0,38,2061509
284583,W,PUBLIC/SEMI-PUB,-84.07461599999999,40.719947,DIGITIZED,ALLEN,PERRY,1957-04-19,126.0,900.2000122070312,LIMESTONE,,8.0,44.0,115.0,114,192853
284633,W,AGRIC/IRRIG,-84.210472,40.758167,GLOBAL POSITIONING SYSTEM,ALLEN,AMERICAN,2018-03-26,62.0,,LIMESTONE,MUD/AIR ROTARY,20.0,21.0,37.0,32,2067198
284679,W,DOMESTIC,-84.17438299999999,40.78765,GLOBAL POSITIONING SYSTEM,ALLEN,AMERICAN,2019-10-23,36.0,,GRAVEL & LIMESTONE,ROTARY,10.0,18.0,36.0,,2076443
284784,W,MONITOR,-84.09889,40.73006,GLOBAL POSITIONING SYSTEM,ALLEN,PERRY,2019-10-31,11.0,,CLAY,DIRECT PUSH,,8.0,0.0,,2077268
284862,W,DOMESTIC,-83.97397099999999,40.644946999999995,DIGITAL MAP,ALLEN,AUGLAIZE,2018-08-30,97.0,,LIMESTONE,AIR ROTARY,30.0,45.0,61.0,,1021032
284873,W,DOMESTIC,-84.342533,40.743,GLOBAL POSITIONING SYSTEM,ALLEN,SPENCER,2019-07-05,65.0,,LIMESTONE,MUD/AIR ROTARY,10.0,16.0,52.0,,2074364
285012,W,DOMESTIC,-84.137649,40.690111,DIGITIZED,ALLEN,SHAWNEE,1953-01-23,213.0,867.0999755859375,LIMESTONE,,8.0,30.0,176.0,176,35434
285195,W,DOMESTIC,-84.07135,40.780833,GLOBAL POSITIONING SYSTEM,ALLEN,BATH,2020-04-11,175.0,,LIMESTONE,MUD/AIR ROTARY,12.0,70.0,60.0,,2079183
285297,W,DOMESTIC,-83.90808799999999,40.899848,DIGITIZED,ALLEN,RICHLAND,1964-05-19,62.0,824.9000244140625,LIMESTONE,,10.0,18.0,22.0,21,302383
285299,W,DOMESTIC,-84.234995,40.712221,DIGITIZED,ALLEN,AMANDA,1962-08-14,40.0,836.5999755859375,GRAVEL,,15.0,,40.0,,274617
285302,W,DOMESTIC,-84.076414,40.866388,DIGITIZED,ALLEN,MONROE,1952-12-17,47.0,788.5999755859375,LIMESTONE,,,9.0,28.0,25,40829
285304,W,DOMESTIC,-83.97837,40.71696,GEOCODE,ALLEN,AUGLAIZE,1989-07-10,120.0,984.2999877929688,GRAVEL,ROTARY,20.0,50.0,120.0,,696718
285305,W,DOMESTIC,-84.13441999999999,40.67442,GEOCODE,ALLEN,BATH,1972-01-02,69.0,880.2000122070312,LIMESTONE,,20.0,32.0,46.0,66,376284
285306,W,DOMESTIC,-84.20539,40.75761,GEOCODE,ALLEN,AMERICAN,1990-06-29,202.0,819.2000122070312,LIMESTONE,ROTARY,7.0,50.0,37.0,37,707281
285307,W,DOMESTIC,-83.98004,40.790749999999996,GEOCODE,ALLEN,JACKSON,1983-08-30,182.0,925.4000244140625,LIMESTONE,,8.0,80.0,60.0,60,618583
285308,W,DOMESTIC,-83.963589,40.773210999999996,GLOBAL POSITIONING SYSTEM,ALLEN,JACKSON,1971-10-30,71.0,915.2999877929688,LIMESTONE,,30.0,26.0,29.0,28,438397
285310,W,DOMESTIC,-83.93527,40.86279,GEOCODE,ALLEN,RICHLAND,1989-09-27,37.0,856.0,LIMESTONE & ROCK,CABLE TOOL,18.0,28.0,34.0,16,698958
285311,W,DOMESTIC,-84.16041,40.694438,DIGITIZED,ALLEN,SHAWNEE,1959-06-04,65.0,829.7000122070312,SAND,,10.0,16.5,65.0,,222267
285312,W,DOMESTIC,-84.141458,40.694084,DIGITIZED,ALLEN,SHAWNEE,1962-10-13,53.0,854.0999755859375,GRAVEL,,6.0,29.0,53.0,,250937
285314,W,DOMESTIC,-84.33425,40.76831,,ALLEN,AMANDA,1991-08-19,36.0,804.4000244140625,GRAVEL & SAND,CABLE TOOL,10.0,12.0,36.0,,677295
285316,W,DOMESTIC,-84.07036599999999,40.715267,DIGITIZED,ALLEN,PERRY,1963-08-31,74.0,907.5,GRAVEL,,10.0,32.0,74.0,,298555
285317,W,DOMESTIC,-83.955929,40.803695999999995,DIGITIZED,ALLEN,JACKSON,1959-08-20,49.0,907.7999877929688,LIMESTONE,,20.0,15.0,38.0,38,224084
285318,W,DOMESTIC,-84.20673,40.75804,GEOCODE,ALLEN,AMERICAN,1991-12-30,36.0,813.5,BEDROCK,ROTARY,10.0,23.0,36.0,35,735485
285319,W,DOMESTIC,-84.21395,40.77083,,ALLEN,AMERICAN,1992-01-21,88.0,810.2000122070312,LIMESTONE,ROTARY,15.0,34.0,35.0,35,747582
285321,W,DOMESTIC,-84.187272,40.693751,DIGITIZED,ALLEN,SHAWNEE,1956-08-26,38.0,862.4000244140625,GRAVEL,,8.0,14.0,38.0,,174075
285322,W,DOMESTIC,-84.17994,40.696529999999996,GEOCODE,ALLEN,SHAWNEE,1983-02-19,175.0,867.0999755859375,LIMESTONE,,30.0,52.0,93.0,89,515499
285327,W,DOMESTIC,-84.105609,40.708774999999996,DIGITIZED,ALLEN,PERRY,1955-09-01,75.0,896.0999755859375,LIMESTONE,,,30.0,40.0,40,62147
285328,W,DOMESTIC,-83.97513699999999,40.780187999999995,DIGITIZED,ALLEN,JACKSON,1963-07-19,50.0,911.7000122070312,LIMESTONE,,16.0,23.0,26.0,25,286096
285329,W,DOMESTIC,-83.993842,40.763251,DIGITIZED,ALLEN,JACKSON,1958-12-29,65.0,919.5,LIMESTONE,,20.0,27.0,33.0,33,224065
285330,W,DOMESTIC,-83.993813,40.76032,DIGITIZED,ALLEN,JACKSON,1964-12-02,67.0,924.0,LIMESTONE,,20.0,34.0,41.0,40,319424
285331,W,DOMESTIC,-84.18918,40.79985,GEOCODE,ALLEN,AMERICAN,1994-02-16,85.0,800.7000122070312,SAND & GRAVEL,ROTARY,15.0,18.0,82.0,,784543
285332,W,DOMESTIC,-84.10032199999999,40.79989,DIGITIZED,ALLEN,BATH,1954-02-05,50.0,834.7999877929688,LIMESTONE,,,30.0,39.0,39,82983
285334,W,MONITOR,-84.11032999999999,40.72595,GEOCODE,ALLEN,SHAWNEE,1994-03-15,29.0,879.5999755859375,GRAVEL & SAND,AUGER,,28.3,29.0,,786274
285339,W,DOMESTIC,-84.33426,40.77585,GEOCODE,ALLEN,AMANDA,1996-07-01,32.0,800.5,GRAVEL & SHALE,,12.0,21.0,32.0,,818025
285342,W,DOMESTIC,-84.091942,40.711462,DIGITIZED,ALLEN,PERRY,1959-02-19,34.0,888.2999877929688,GRAVEL,,8.0,12.0,34.0,,201649
285343,W,DOMESTIC,-83.89941999999999,40.65256,GEOCODE,ALLEN,AUGLAIZE,1990-05-28,140.0,1045.4000244140625,LIMESTONE,ROTARY,15.0,45.0,61.0,58,715002
285344,W,DOMESTIC,-84.1106,40.775549999999996,GEOCODE,ALLEN,AMERICAN,1972-12-21,137.0,853.0,LIMESTONE,,20.0,50.0,101.0,100,379284
285345,W,MONITOR,-84.11341,40.72199,GEOCODE,ALLEN,SHAWNEE,1994-10-19,34.0,864.0999755859375,LIMESTONE,AUGER,,,,31,827578
285346,W,DOMESTIC,-84.37844,40.7858,GEOCODE,ALLEN,SPENCER,1995-09-19,107.0,794.4000244140625,LIMESTONE,ROTARY,6.0,40.0,25.0,25,822275
285348,W,DOMESTIC,-83.93704,40.764669999999995,,ALLEN,JACKSON,1973-03-23,45.0,916.0,LIMESTONE,,30.0,10.0,27.0,27,451867
285349,W,DOMESTIC,-83.93745,40.77198,,ALLEN,JACKSON,1983-04-26,60.0,923.5999755859375,LIMESTONE,,30.0,16.0,28.0,23,620105
285350,W,DOMESTIC,-83.93696,40.746269999999996,GEOCODE,ALLEN,JACKSON,1981-07-15,60.0,964.5999755859375,LIMESTONE,,20.0,25.0,53.0,50,515493
285352,W,DOMESTIC,-84.13687999999999,40.673988,DIGITIZED,ALLEN,SHAWNEE,1964-05-11,165.0,877.2999877929688,SAND & GRAVEL,,10.0,34.0,165.0,,308809
285353,W,DOMESTIC,-84.17747,40.69592,GEOCODE,ALLEN,SHAWNEE,1978-06-22,85.0,865.9000244140625,LIMESTONE,,15.0,45.0,72.0,72,513710
285354,W,DOMESTIC,-84.13352599999999,40.678821,DIGITIZED,ALLEN,SHAWNEE,1960-11-19,32.0,878.5,SAND & GRAVEL,,5.0,29.0,32.0,,250915
285355,W,DOMESTIC,-84.21472899999999,40.760512,DIGITIZED,ALLEN,AMERICAN,1963-05-15,28.0,810.9000244140625,SAND & GRAVEL,,10.0,20.0,28.0,,291113
285356,W,DOMESTIC,-84.013689,40.776402,DIGITIZED,ALLEN,BATH,1955-08-02,93.0,917.4000244140625,LIMESTONE,,,44.0,63.0,92,120486
285357,W,DOMESTIC,-84.01272,40.762588,DIGITIZED,ALLEN,BATH,1965-09-01,57.0,898.0999755859375,LIMESTONE,,12.0,25.0,35.0,34,342005
285358,W,DOMESTIC,-84.25743,40.79,GEOCODE,ALLEN,MARION,1987-08-10,40.0,803.5999755859375,LIMESTONE,,5.0,19.0,34.0,34,665266
285359,W,DOMESTIC,-84.10803,40.666689999999996,GEOCODE,ALLEN,SHAWNEE,1994-12-02,146.0,919.9000244140625,GRAVEL,CABLE TOOL,15.0,48.0,146.0,,800621
285360,W,DOMESTIC,-84.176825,40.755891,DIGITIZED,ALLEN,AMERICAN,1961-03-26,109.0,827.9000244140625,LIMESTONE,,7.0,34.0,34.0,34,245893
285361,W,DOMESTIC,-84.17232899999999,40.773266,DIGITIZED,ALLEN,AMERICAN,1963-12-26,41.0,809.5999755859375,LIMESTONE,,14.0,17.0,24.0,23,291148
285362,W,DOMESTIC,-84.133681,40.75982,DIGITIZED,ALLEN,AMERICAN,1954-01-29,68.0,843.7999877929688,GRAVEL,,,30.0,68.0,,127360
285363,W,DOMESTIC,-84.165386,40.740477,DIGITIZED,ALLEN,AMERICAN,1960-12-16,160.0,834.2999877929688,LIMESTONE,,8.0,65.0,154.0,154,245879
285368,W,DOMESTIC,-83.99852,40.702709999999996,GEOCODE,ALLEN,PERRY,1984-05-04,170.0,999.2000122070312,LIMESTONE,,7.0,80.0,145.0,140,650778
285369,W,DOMESTIC,-84.03217,40.69728,GEOCODE,ALLEN,PERRY,1992-04-24,87.0,983.4000244140625,GRAVEL,CABLE TOOL,15.0,55.0,87.0,,746138
285370,W,DOMESTIC,-84.390118,40.800971,DIGITIZED,ALLEN,MARION,1955-10-10,62.0,793.0999755859375,LIMESTONE,,,16.0,36.0,36,167452
285371,W,DOMESTIC,-84.277458,40.816165999999996,DIGITIZED,ALLEN,MARION,1962-05-21,112.0,775.2000122070312,LIMESTONE,,7.0,12.0,17.0,17,264492
285372,W,DOMESTIC,-84.320855,40.817,DIGITIZED,ALLEN,MARION,1964-02-22,40.0,783.2999877929688,LIMESTONE,,13.0,18.0,26.0,26,301075
285373,W,DOMESTIC,-83.961383,40.740362,DIGITIZED,ALLEN,JACKSON,1953-08-15,61.0,949.7999877929688,LIMESTONE,,23.0,24.0,40.0,59,94344
285374,W,DOMESTIC,-83.92073099999999,40.708887,DIGITIZED,ALLEN,AUGLAIZE,1959-01-18,102.0,984.5999755859375,LIMESTONE,,,10.0,30.0,30,210902
285375,W,DOMESTIC,-83.927208,40.706635999999996,DIGITIZED,ALLEN,AUGLAIZE,1955-06-12,65.0,991.9000244140625,LIMESTONE,,,20.0,48.0,48,62130
285376,W,DOMESTIC,-84.18092999999999,40.824059999999996,GEOCODE,ALLEN,SUGAR CREEK,1994-11-22,175.0,788.5,LIMESTONE,ROTARY,30.0,11.0,179.0,169,804464
285377,W,DOMESTIC,-84.20522,40.85539,GEOCODE,ALLEN,SUGAR CREEK,1995-12-15,41.0,770.4000244140625,GRAVEL & SAND,CABLE TOOL,12.0,,42.0,,818040
285378,W,DOMESTIC,-84.15171,40.71295,GEOCODE,ALLEN,SHAWNEE,1981-03-03,222.0,864.4000244140625,LIMESTONE,,12.0,92.0,212.0,201,600960
285379,W,DOMESTIC,-84.18211,40.68795,GEOCODE,ALLEN,SHAWNEE,1981-12-19,64.0,845.5999755859375,LIMESTONE,,20.0,26.0,43.0,41,515483
285382,W,INDUSTRIAL,-84.072724,40.742855999999996,,ALLEN,BATH,1991-09-24,250.0,888.0999755859375,LIMESTONE,ROTARY,45.0,103.0,32.0,27,737507
285383,W,DOMESTIC,-84.307665,40.843512,DIGITIZED,ALLEN,MARION,1962-09-05,95.0,773.2000122070312,LIMESTONE,,4.0,12.0,25.0,25,284461
285384,W,DOMESTIC,-84.187131,40.707388,DIGITIZED,ALLEN,SHAWNEE,1954-10-20,71.0,863.7000122070312,GRAVEL,,13.0,37.0,71.0,,141803
285385,W,DOMESTIC,-84.187131,40.707388,DIGITIZED,ALLEN,SHAWNEE,1964-05-14,83.0,863.7000122070312,GRAVEL,,10.0,63.0,83.0,,301086
285386,W,DOMESTIC,-84.149987,40.684042,DIGITIZED,ALLEN,SHAWNEE,1958-08-14,42.0,861.2999877929688,GRAVEL,,10.0,16.0,42.0,,224052
285387,W,DOMESTIC,-84.177302,40.703914999999995,DIGITIZED,ALLEN,SHAWNEE,1956-05-04,53.0,872.5,GRAVEL,,12.0,33.0,53.0,,173414
285389,W,DOMESTIC,-83.92039,40.871449999999996,GEOCODE,ALLEN,RICHLAND,1987-05-01,94.0,840.7000122070312,LIMESTONE & ROCK,CABLE TOOL,10.0,49.0,30.0,29,665069
285390,W,,-84.166916,40.838564999999996,DIGITIZED,ALLEN,SUGAR CREEK,1952-09-19,70.0,784.2000122070312,LIMESTONE,,3.0,12.0,22.0,21,85160
285393,W,DOMESTIC,-83.95170999999999,40.79,GEOCODE,ALLEN,JACKSON,1973-04-19,61.0,918.5,LIMESTONE,,15.0,21.0,50.0,50,451868
285394,W,DOMESTIC,-84.00119,40.66018,GEOCODE,ALLEN,PERRY,1990-05-29,40.0,945.5,LIMESTONE,ROTARY,12.0,8.0,29.0,25,715012
285395,W,DOMESTIC,-84.014253,40.73159,DIGITIZED,ALLEN,BATH,1959-07-07,77.0,953.2999877929688,LIMESTONE,,20.0,52.0,50.0,50,224076
285396,W,DOMESTIC,-84.137649,40.690111,DIGITIZED,ALLEN,SHAWNEE,1959-11-20,380.0,867.0999755859375,SHALE,,15.0,44.0,300.0,300,217109
285397,W,DOMESTIC,-83.95673,40.859179999999995,GEOCODE,ALLEN,RICHLAND,1983-05-18,80.0,855.2000122070312,LIMESTONE,,20.0,30.0,49.0,43,620246
285398,W,DOMESTIC,-84.146484,40.691204,DIGITIZED,ALLEN,SHAWNEE,1964-11-18,162.0,849.5999755859375,LIMESTONE,,12.0,38.0,155.0,155,308831
285401,W,DOMESTIC,-84.09416,40.655159999999995,GEOCODE,ALLEN,PERRY,1992-10-28,93.0,951.0,GRAVEL,ROTARY,15.0,56.0,93.0,,755185
285402,W,INDUSTRIAL,-84.12664099999999,40.721323,,ALLEN,AMERICAN,1983-01-31,416.0,852.7000122070312,LIMESTONE,,400.0,151.0,49.0,34,571204
285403,W,DOMESTIC,-84.134439,40.690667999999995,DIGITIZED,ALLEN,SHAWNEE,1958-06-16,47.0,868.4000244140625,GRAVEL,,7.0,35.0,47.0,,192093
285404,W,DOMESTIC,-84.134439,40.690667999999995,DIGITIZED,ALLEN,SHAWNEE,1958-10-25,49.0,868.4000244140625,GRAVEL,,7.0,33.0,49.0,,220153
285409,W,DOMESTIC,-83.98268,40.705729999999996,GEOCODE,ALLEN,AUGLAIZE,1987-03-20,190.0,981.0,LIMESTONE,,5.0,76.0,145.0,142,661926
285410,W,DOMESTIC,-84.135965,40.779027,DIGITIZED,ALLEN,AMERICAN,1959-12-13,80.0,834.0,LIMESTONE,,,40.0,34.0,31,235032
285411,W,DOMESTIC,-84.309874,40.843084,DIGITIZED,ALLEN,MARION,1964-06-23,88.0,772.9000244140625,LIMESTONE,,5.0,12.0,28.0,24,301093
285412,W,DOMESTIC,-84.092163,40.761452,DIGITIZED,ALLEN,BATH,1957-09-20,114.0,876.5999755859375,LIMESTONE,,,34.0,48.0,48,169644
285414,W,MONITOR,-84.20361,40.78694,,ALLEN,AMERICAN,1994-03-31,11.0,792.2000122070312,SAND,AUGER,,3.4,9.0,,716071
285415,W,AGRIC/IRRIG,-84.15171,40.71539,GEOCODE,ALLEN,SHAWNEE,1994-07-12,293.0,855.0,LIMESTONE,ROTARY,545.0,80.0,150.0,35,787254
285422,W,DOMESTIC,-84.089945,40.849331,DIGITIZED,ALLEN,MONROE,1954-02-18,57.0,805.5,LIMESTONE,,5.0,40.0,33.0,33,126106
285423,W,DOMESTIC,-83.98364,40.69589,,ALLEN,AUGLAIZE,1988-05-27,37.0,942.5999755859375,GRAVEL,,20.0,13.0,37.0,,680921
285424,W,DOMESTIC,-84.16816,40.7802,,ALLEN,AMERICAN,1991-08-03,65.0,816.5,LIMESTONE,ROTARY,15.0,22.0,60.0,57,737488
285427,W,MONITOR,-83.92085999999999,40.70854,,ALLEN,AUGLAIZE,1991-09-23,23.0,984.0,SAND,AUGER,,15.0,23.0,,741880
285431,W,DOMESTIC,-84.21721,40.7952,,ALLEN,AMERICAN,1981-09-30,27.0,795.0999755859375,GRAVEL,,4.0,17.0,26.0,,604412
285432,W,DOMESTIC,-84.18703099999999,40.717273,DIGITIZED,ALLEN,SHAWNEE,1956-11-14,72.0,857.4000244140625,LIMESTONE,,20.0,45.0,72.0,65,187858
285438,W,DOMESTIC,-84.091413,40.807919,DIGITIZED,ALLEN,BATH,1960-04-20,50.0,828.2000122070312,LIMESTONE,,10.0,28.0,38.0,48,208716
285439,W,DOMESTIC,-84.11399,40.6647,,ALLEN,SHAWNEE,1992-11-18,48.0,898.7000122070312,SAND & GRAVEL,CABLE TOOL,8.0,19.0,48.0,,723799
285440,W,DOMESTIC,-84.24274899999999,40.703964,DIGITIZED,ALLEN,AMANDA,1960-09-02,53.0,841.7999877929688,LIMESTONE,,5.0,20.0,47.0,47,227438
285444,W,DOMESTIC,-84.080848,40.719468,DIGITIZED,ALLEN,PERRY,1965-04-01,68.0,889.4000244140625,LIMESTONE,,14.0,16.0,37.0,36,319431
285445,W,DOMESTIC,-84.086951,40.713498,DIGITIZED,ALLEN,PERRY,1955-10-15,51.0,890.5999755859375,GRAVEL,,12.0,35.0,51.0,,120082
285446,W,DOMESTIC,-84.23337,40.7777,GEOCODE,ALLEN,MARION,1994-05-25,25.0,799.4000244140625,GRAVEL,CABLE TOOL,10.0,8.0,25.0,,786340
285498,W,COMMERCIAL,-83.985084,40.655651,,ALLEN,AUGLAIZE,1963-05-16,303.0,995.0,LIMESTONE,,300.0,63.0,43.0,30,286619
290161,W,,-84.135514,40.759428,DIGITIZED,ALLEN,AMERICAN,1948-06-21,95.0,847.4000244140625,GRAVEL,,10.0,51.0,95.0,,26372
290170,W,,-84.169189,40.734660999999996,DIGITIZED,ALLEN,AMERICAN,1940-10-03,59.0,836.5999755859375,GRAVEL,,10.0,32.5,59.0,,69650
290282,W,,-84.012498,40.770553,DIGITIZED,ALLEN,BATH,1950-03-13,67.0,901.4000244140625,LIMESTONE,,,27.0,41.0,65,71053
290284,W,,-84.09179499999999,40.887533,DIGITIZED,ALLEN,MONROE,1950-01-01,36.0,782.0,LIMESTONE,,,,28.0,24,56707
290291,W,,-83.993611,40.846433,DIGITIZED,ALLEN,RICHLAND,1950-07-17,57.0,845.7999877929688,LIMESTONE,,,20.0,45.0,55,71066
292114,W,DOMESTIC,-84.07068,40.67852,GEOCODE,ALLEN,PERRY,1996-09-27,92.0,950.0,GRAVEL,CABLE TOOL,15.0,65.0,92.0,,839962
292115,W,GAS PROBE,-84.16904,40.72706,GEOCODE,ALLEN,SHAWNEE,1996-10-24,14.0,837.2000122070312,GRAVEL/SAND/CLAY,AUGER,,,8.0,,850463
292224,W,DOMESTIC,-83.93323,40.862069999999996,GEOCODE,ALLEN,RICHLAND,1999-05-19,97.0,856.7999877929688,LIMESTONE,ROTARY,12.0,65.0,26.0,23,889211
292282,W,MONITOR,-84.11341,40.72199,GEOCODE,ALLEN,SHAWNEE,1997-09-17,20.0,864.0999755859375,SAND & GRAVEL,AUGER,,,15.0,,852940
292283,W,MONITOR,-84.11341,40.72199,GEOCODE,ALLEN,SHAWNEE,1997-09-12,21.0,864.0999755859375,COBBLES,AUGER,,,11.0,,852943
292284,W,MONITOR,-84.11341,40.72199,GEOCODE,ALLEN,SHAWNEE,1997-09-16,45.0,864.0999755859375,COBBLES,AUGER,,,35.0,,852946
292301,W,DOMESTIC,-84.03240000000001,40.792739999999995,GEOCODE,ALLEN,BATH,1997-07-01,46.0,880.0,SAND & GRAVEL,CABLE TOOL,10.0,,46.0,,846770
292303,W,DOMESTIC,-83.95246,40.746300000000005,GEOCODE,ALLEN,JACKSON,1997-06-06,70.0,931.9000244140625,LIMESTONE,ROTARY,30.0,15.0,28.0,28,851203
292307,W,DOMESTIC,-84.1633,40.790119999999995,GEOCODE,ALLEN,AMERICAN,1999-02-04,102.0,810.0,LIMESTONE,CABLE TOOL,20.0,18.0,99.0,90,879760
292440,W,PUBLIC/SEMI-PUB,-83.92218,40.70736,GEOCODE,ALLEN,AUGLAIZE,1998-11-10,140.0,981.5999755859375,LIMESTONE,ROTARY,25.0,17.0,62.0,62,884266
292441,W,DOMESTIC,-84.04024,40.791900000000005,GEOCODE,ALLEN,BATH,1998-12-16,162.0,872.0,LIMESTONE,ROTARY,15.0,28.0,55.0,33,889057
292450,W,DOMESTIC,-83.89967,40.9095,GEOCODE,ALLEN,RICHLAND,1998-10-05,42.0,805.7999877929688,LIMESTONE,ROTARY,10.0,20.0,37.0,35,881975
292509,W,DOMESTIC,-84.23308,40.784169999999996,GEOCODE,ALLEN,MARION,1999-08-16,32.0,801.5,GRAVEL,CABLE TOOL,20.0,18.0,31.0,,895891
292549,W,DOMESTIC,-84.18946,40.796479999999995,GEOCODE,ALLEN,AMERICAN,2000-04-24,195.0,784.7999877929688,LIMESTONE,ROTARY,15.0,12.0,193.0,193,914477
292551,W,DOMESTIC,-84.0892,40.665639999999996,GEOCODE,ALLEN,PERRY,1999-12-30,92.0,964.7000122070312,GRAVEL,ROTARY,10.0,72.0,92.0,,901915
292552,W,DOMESTIC,-84.00359,40.67041,GEOCODE,ALLEN,PERRY,1999-11-17,100.0,940.7000122070312,LIMESTONE,ROTARY,5.0,10.0,40.0,40,901899
292553,W,,-83.89963999999999,40.88088,,ALLEN,RICHLAND,2000-01-03,267.0,841.9000244140625,LIMESTONE,ROTARY,12.0,68.0,27.0,27,897784
292905,W,DOMESTIC,-84.15626999999999,40.792,GEOCODE,ALLEN,AMERICAN,2001-05-09,126.0,810.2999877929688,SAND & CLAY,CABLE TOOL,15.0,30.0,124.0,,916240
292906,W,DOMESTIC,-83.98173,40.71668,GEOCODE,ALLEN,AUGLAIZE,2001-02-02,98.0,986.5999755859375,CLAY & BOULDERS,CABLE TOOL,15.0,45.0,96.0,,916229
293044,W,DOMESTIC,-84.22483,40.714349999999996,GEOCODE,ALLEN,AMANDA,2001-07-06,53.0,838.0,LIMESTONE,ROTARY,10.0,29.0,46.0,39,935921
293058,W,DOMESTIC,-84.01182,40.83248,GEOCODE,ALLEN,MONROE,2001-07-18,43.0,851.0,LIMESTONE,ROTARY,20.0,16.0,37.0,32,935919
293121,W,DOMESTIC,-83.91283,40.81955,GEOCODE,ALLEN,RICHLAND,2001-06-04,50.0,899.4000244140625,LIMESTONE,ROTARY,30.0,12.0,31.0,31,929718
293247,W,AGRIC/IRRIG,-84.01543,40.695139999999995,GEOCODE,ALLEN,PERRY,2000-11-27,155.0,970.0,SHALE,CABLE TOOL,12.0,70.0,152.0,152,932577
293566,W,DOMESTIC,-84.32432,40.707229999999996,GEOCODE,ALLEN,SPENCER,2002-02-12,56.0,833.2000122070312,SHALE,CABLE TOOL,15.0,32.0,52.0,52,936656
293622,W,DOMESTIC,-83.951751,40.754309,DIGITIZED,ALLEN,JACKSON,1958-09-15,65.0,938.5999755859375,LIMESTONE,,20.0,26.0,24.0,24,224057
293709,W,DOMESTIC,-83.99914,40.7458,GEOCODE,ALLEN,BATH,1991-06-19,43.0,920.0999755859375,SAND & GRAVEL,CABLE TOOL,10.0,36.0,43.0,,723768
293752,W,DOMESTIC,-84.134439,40.690667999999995,DIGITIZED,ALLEN,SHAWNEE,1958-01-11,45.0,868.4000244140625,GRAVEL,,7.0,32.0,45.0,,192082
293753,W,DOMESTIC,-83.94731999999999,40.86792,GEOCODE,ALLEN,RICHLAND,1994-01-10,38.0,848.0,SAND & GRAVEL,CABLE TOOL,8.0,,38.0,29,761053
293815,W,,-84.137649,40.690111,DIGITIZED,ALLEN,SHAWNEE,1955-11-07,182.0,867.0999755859375,LIMESTONE,,,,,180,66480
293840,W,DOMESTIC,-84.068837,40.811042,DIGITIZED,ALLEN,BATH,1955-09-14,95.0,851.2999877929688,LIMESTONE,,,27.0,61.0,94,120489
293851,W,DOMESTIC,-84.28999,40.83577,GEOCODE,ALLEN,MARION,2002-11-14,51.0,773.5,LIMESTONE,ROTARY,10.0,16.0,26.0,21,956773
293852,W,DOMESTIC,-84.01588,40.65303,GEOCODE,ALLEN,PERRY,2002-10-17,98.0,934.7000122070312,LIMESTONE,ROTARY,8.0,20.0,83.0,97,956744
293864,W,DOMESTIC,-84.018819,40.746227999999995,DIGITIZED,ALLEN,BATH,1955-08-11,56.0,909.9000244140625,LIMESTONE,,20.0,22.0,10.0,6,156836
293874,W,DOMESTIC,-84.1696,40.68898,GEOCODE,ALLEN,SHAWNEE,1984-01-27,48.0,844.7000122070312,GRAVEL,,6.0,30.0,48.0,,526366
293880,W,DOMESTIC,-84.046123,40.846875999999995,DIGITIZED,ALLEN,MONROE,1957-01-15,34.0,822.0999755859375,LIMESTONE,,10.0,17.0,32.0,32,191573
293885,W,DOMESTIC,-84.005608,40.812566,DIGITIZED,ALLEN,BATH,1960-04-27,50.0,862.0,LIMESTONE,,,15.0,31.0,48,210086
293890,W,DOMESTIC,-84.03255,40.70142,GEOCODE,ALLEN,PERRY,1984-07-12,204.0,964.0,LIMESTONE,,15.0,68.0,105.0,105,638179
293919,W,MONITOR,-84.11341,40.72199,GEOCODE,ALLEN,SHAWNEE,1994-10-18,32.0,864.0999755859375,LIMESTONE,AUGER,,,,31,827576
293920,W,OTHER,-84.13736999999999,40.71563,GEOCODE,ALLEN,SHAWNEE,1997-02-05,22.0,838.2999877929688,STONE,AUGER,,,7.0,,850634
293921,W,DOMESTIC,-84.17559399999999,40.705962,DIGITIZED,ALLEN,SHAWNEE,1954-07-15,49.0,875.9000244140625,GRAVEL,,15.0,42.0,49.0,,123531
293923,W,DOMESTIC,-84.133909,40.76095,DIGITIZED,ALLEN,AMERICAN,1961-10-28,60.0,845.7999877929688,SAND & GRAVEL,,10.0,30.0,60.0,,250938
293958,W,DOMESTIC,-83.93964799999999,40.760518999999995,DIGITIZED,ALLEN,JACKSON,1963-04-03,60.0,934.2999877929688,LIMESTONE,,20.0,25.0,30.0,30,286070
293999,W,DOMESTIC,-84.24213999999999,40.70037,GEOCODE,ALLEN,AMANDA,2003-03-31,47.0,847.0,SHALE,CABLE TOOL,6.0,28.0,45.0,46,947306
294005,W,DOMESTIC,-84.164428,40.712756,DIGITIZED,ALLEN,SHAWNEE,1963-06-04,75.0,851.2000122070312,GRAVEL,,10.0,60.0,75.0,,284489
294045,W,,-84.11698899999999,40.769062999999996,DIGITIZED,ALLEN,AMERICAN,1950-07-26,97.0,842.9000244140625,GRAVEL,,15.0,50.0,97.0,,69640
294079,W,DOMESTIC,-84.164765,40.690825,DIGITIZED,ALLEN,SHAWNEE,1956-06-30,148.0,841.0999755859375,SAND & GRAVEL,,,30.0,148.0,,139036
294087,W,DOMESTIC,-84.10546699999999,40.654804999999996,DIGITIZED,ALLEN,PERRY,1955-09-21,203.0,936.0999755859375,LIMESTONE,,7.0,60.0,63.0,63,141839
294090,W,,-84.04957499999999,40.751774999999995,DIGITIZED,ALLEN,BATH,1960-05-07,100.0,860.2999877929688,LIMESTONE,,,22.0,30.0,27,145268
294112,W,DOMESTIC,-83.964426,40.698574,DIGITIZED,ALLEN,AUGLAIZE,1960-04-19,67.0,969.2999877929688,LIMESTONE,,23.0,20.0,59.0,59,185799
294114,W,DOMESTIC,-83.922071,40.710215999999996,DIGITIZED,ALLEN,AUGLAIZE,1956-04-03,74.0,990.2000122070312,LIMESTONE,,,17.0,61.0,61,169604
294154,W,DOMESTIC,-84.118034,40.788168999999996,DIGITIZED,ALLEN,AMERICAN,1960-12-30,57.0,829.7999877929688,LIMESTONE,,10.0,34.0,35.0,35,245882
294182,W,,-84.15383,40.77867,GLOBAL POSITIONING SYSTEM,ALLEN,AMERICAN,2003-05-15,230.0,820.7999877929688,LIMESTONE,ROTARY,15.0,80.0,201.0,228,956692
294227,W,DOMESTIC,-84.2235,40.800666,,ALLEN,AMERICAN,2003-11-05,32.0,792.9000244140625,LIMESTONE,ROTARY,10.0,15.0,31.0,26,972093
294249,W,MONITOR,-84.33487,40.83143,GEOCODE,ALLEN,SHAWNEE,2003-05-09,35.0,777.2000122070312,LIMESTONE,ROTARY,,,17.0,16,951356
294283,W,DOMESTIC,-83.94833,40.865829999999995,GLOBAL POSITIONING SYSTEM,ALLEN,RICHLAND,2003-06-13,48.0,851.9000244140625,LIMESTONE,ROTARY,20.0,30.0,45.0,40,966249
294303,W,DOMESTIC,-84.070105,40.776467,DIGITIZED,ALLEN,BATH,1964-06-18,80.0,881.7999877929688,LIMESTONE,,16.0,43.0,52.0,52,302392
294323,W,,-83.92085999999999,40.70854,,ALLEN,AUGLAIZE,2003-07-03,88.0,984.0,LIMESTONE,CABLE TOOL,7.0,18.0,74.0,79,960953
294413,W,DOMESTIC,-84.18933,40.79333,GLOBAL POSITIONING SYSTEM,ALLEN,AMERICAN,2004-07-27,63.0,795.7999877929688,LIMESTONE,ROTARY,10.0,20.0,49.0,41,980901
294470,W,DOMESTIC,-84.07665,40.81775,GLOBAL POSITIONING SYSTEM,ALLEN,MONROE,2004-10-04,31.0,827.0,LIMESTONE,CABLE TOOL,12.0,18.0,28.0,28,960942
294502,W,MONITOR,-84.33487,40.83143,GEOCODE,ALLEN,SHAWNEE,2003-08-25,12.0,777.2000122070312,CONCRETE,AUGER,,,6.0,,964839
294503,W,MONITOR,-84.33487,40.83143,GEOCODE,ALLEN,SHAWNEE,2003-08-28,29.0,777.2000122070312,CONCRETE,AUGER,,,18.0,6,964842
294543,W,DOMESTIC,-84.08995999999999,40.685649999999995,GEOCODE,ALLEN,PERRY,2003-09-04,85.0,922.7000122070312,SHALE,CABLE TOOL,15.0,50.0,83.0,83,947323
294554,W,DOMESTIC,-84.20526,40.686209999999996,GEOCODE,ALLEN,SHAWNEE,2003-12-12,68.0,859.0,SHALE & LIMESTONE,,20.0,35.0,66.0,66,967462
294657,W,DOMESTIC,-84.28117,40.816,GLOBAL POSITIONING SYSTEM,ALLEN,MARION,2004-08-18,173.0,781.7999877929688,EXISTING WELL,ROTARY,8.0,20.0,,166,980860
294816,W,DOMESTIC,-84.177694,40.830556,,ALLEN,SUGAR CREEK,2004-12-21,42.0,783.4000244140625,,ROTARY,12.0,6.0,26.0,40,981375
294826,W,DOMESTIC,-84.06817,40.702000000000005,GLOBAL POSITIONING SYSTEM,ALLEN,PERRY,2005-06-06,102.0,931.7999877929688,,ROTARY,20.0,56.0,72.0,101,994952
294827,W,DOMESTIC,-84.03278,40.685,GLOBAL POSITIONING SYSTEM,ALLEN,PERRY,2005-04-15,65.0,957.4000244140625,,CABLE TOOL,15.0,45.0,62.0,64,978625
294919,W,DOMESTIC,-83.94225,40.80683,GLOBAL POSITIONING SYSTEM,ALLEN,JACKSON,2005-09-19,62.0,896.5999755859375,LIMESTONE,ROTARY,6.0,25.0,37.0,60,990630
294981,W,DOMESTIC,-84.10338999999999,40.817139999999995,GLOBAL POSITIONING SYSTEM,ALLEN,BATH,2005-03-11,75.0,822.0999755859375,,ROTARY,20.0,20.0,35.0,73,981369
295117,W,MONITOR,-84.11801,40.74254,GLOBAL POSITIONING SYSTEM,ALLEN,AMERICAN,2005-11-28,14.0,879.5,SAND & GRAVEL,AUGER,,0.0,4.0,,2000715
295272,W,DOMESTIC,-84.135965,40.779027,DIGITIZED,ALLEN,AMERICAN,1959-03-19,50.0,834.0,LIMESTONE,,,23.0,31.0,25,193142
295273,W,DOMESTIC,-84.22179899999999,40.795274,DIGITIZED,ALLEN,AMERICAN,1958-11-15,68.0,792.5,LIMESTONE & ROCK,,8.0,20.0,26.0,26,201643
295287,W,DOMESTIC,-83.957064,40.78951,DIGITIZED,ALLEN,JACKSON,1961-05-11,65.0,906.7000122070312,LIMESTONE,,10.0,16.0,25.0,25,245591
295288,W,DOMESTIC,-84.164428,40.712756,DIGITIZED,ALLEN,SHAWNEE,1964-02-20,91.0,851.2000122070312,GRAVEL,,10.0,61.0,91.0,60,298568
295289,W,,-84.029066,40.714220999999995,DIGITIZED,ALLEN,PERRY,1949-06-14,74.0,946.2999877929688,LIMESTONE,,20.0,40.0,50.0,50,69602
295359,W,PUBLIC/SEMI-PUB,-84.09285299999999,40.790338999999996,DIGITIZED,ALLEN,BATH,1956-01-13,150.0,830.7000122070312,SHALE,,,,21.0,18,173106
295360,W,DOMESTIC,-84.051926,40.714954999999996,DIGITIZED,ALLEN,PERRY,1953-04-03,90.0,934.0,LIMESTONE,,10.0,55.0,60.0,60,100625
295361,W,DOMESTIC,-84.188987,40.707023,DIGITIZED,ALLEN,SHAWNEE,1958-08-13,145.0,871.4000244140625,LIMESTONE,,5.0,60.0,81.0,81,199796
295367,W,DOMESTIC,-84.22587999999999,40.76488,GLOBAL POSITIONING SYSTEM,ALLEN,AMANDA,2006-01-28,40.0,811.4000244140625,,ROTARY,25.0,12.0,37.0,40,990649
295422,W,DOMESTIC,-84.08278,40.833059999999996,GLOBAL POSITIONING SYSTEM,ALLEN,MONROE,2006-05-05,83.0,807.7000122070312,LIMESTONE,AIR ROTARY,1.0,16.0,28.5,22,2002703
295456,W,DOMESTIC,-84.16055999999999,40.67583,GLOBAL POSITIONING SYSTEM,ALLEN,SHAWNEE,2006-02-01,105.0,857.7999877929688,SAND,CABLE TOOL,20.0,25.0,102.0,104,997868
295508,W,DOMESTIC,-84.165292,40.700536,DIGITIZED,ALLEN,SHAWNEE,1962-08-09,106.0,848.5999755859375,SAND & GRAVEL,,10.0,29.0,106.0,,281603
295897,W,DOMESTIC,-84.07017599999999,40.801561,DIGITIZED,ALLEN,BATH,1957-06-04,64.0,831.2999877929688,LIMESTONE,,,10.0,34.0,34,160019
295930,W,,-83.938485,40.694599,DIGITIZED,ALLEN,AUGLAIZE,1947-10-10,61.0,987.5,LIMESTONE,,,12.0,44.0,60,30653
295931,W,,-83.916277,40.885937999999996,DIGITIZED,ALLEN,RICHLAND,1948-07-30,80.0,850.2000122070312,LIMESTONE,,,31.0,26.0,78,38968
295961,W,,-84.147604,40.817322999999995,DIGITIZED,ALLEN,SUGAR CREEK,1957-08-17,44.0,795.2999877929688,LIMESTONE,,,6.0,16.0,12,205602
296002,W,DOMESTIC,-84.00156,40.652902999999995,DIGITIZED,ALLEN,PERRY,1963-10-14,53.0,962.0999755859375,SAND & GRAVEL,,10.0,20.0,53.0,,291134
296028,W,,-84.10482999999999,40.816669999999995,GLOBAL POSITIONING SYSTEM,ALLEN,BATH,2006-05-31,78.0,820.5999755859375,LIMESTONE,,40.0,20.0,38.0,33,978567
296520,W,DOMESTIC,-84.25,40.699166999999996,GLOBAL POSITIONING SYSTEM,ALLEN,AMANDA,2007-08-31,123.0,845.9000244140625,LIMESTONE,AIR ROTARY,15.0,40.0,68.0,121,2012408
296749,W,DOMESTIC,-84.00322,40.674859999999995,GLOBAL POSITIONING SYSTEM,ALLEN,PERRY,2007-01-16,182.0,931.2999877929688,LIMESTONE,ROTARY,27.0,1.0,27.0,180,2007845
296931,W,DOMESTIC,-83.885556,40.816111,GLOBAL POSITIONING SYSTEM,ALLEN,JACKSON,2006-11-02,58.0,916.2999877929688,LIMESTONE,AIR ROTARY,12.0,13.0,34.0,56,2006486
297349,W,DOMESTIC,-84.1821,40.83065,,ALLEN,SUGAR CREEK,2008-05-28,70.0,784.7000122070312,LIMESTONE,ROTARY,20.0,8.0,26.0,19,1007214
297381,W,,-84.10882,40.77034,GEOCODE,ALLEN,SUGAR CREEK,2008-09-02,15.0,858.5,,AUGER,,,5.0,10,1011223
297517,W,DOMESTIC,-84.24284999999999,40.750189999999996,GLOBAL POSITIONING SYSTEM,ALLEN,AMANDA,2009-09-28,91.0,819.0,LIMESTONE,ROTARY,50.0,25.7,41.0,28,2024271
297580,W,AGRIC/IRRIG,-84.08361099999999,40.7125,GLOBAL POSITIONING SYSTEM,ALLEN,PERRY,2008-05-24,285.0,893.5,LIMESTONE,AIR ROTARY,50.0,90.0,74.0,66,2016880
297602,W,MONITOR,-84.15617,40.73714,GEOCODE,ALLEN,BATH,2008-05-27,17.0,846.4000244140625,SILT,GEOPROBE,,14.0,2.0,,2016811
297626,W,MONITOR,-83.87201,40.89286,GLOBAL POSITIONING SYSTEM,ALLEN,RICHLAND,2008-07-29,17.0,845.7000122070312,SAND & SILT,AUGER,,0.0,7.0,,2017833
297694,W,DOMESTIC,-84.253333,40.831111,GLOBAL POSITIONING SYSTEM,ALLEN,MARION,2008-11-11,94.0,776.2999877929688,LIMESTONE,AIR ROTARY,12.0,20.0,27.0,17,2019780
297695,W,MONITOR,-84.09060000000001,40.73762,GEOCODE,ALLEN,AUGLAIZE,2007-11-09,13.0,872.7999877929688,CLAY,AUGER,,,2.0,,2014275
297809,W,DOMESTIC,-84.236667,40.687778,,ALLEN,AMANDA,2007-07-03,110.0,867.2000122070312,LIMESTONE,CABLE TOOL,13.0,42.0,66.0,109,1005852
297956,W,DOMESTIC,-84.16575999999999,40.80543,GEOCODE,ALLEN,SUGAR CREEK,1994-09-15,40.0,800.7999877929688,LIMESTONE,,10.0,14.0,,25,791776
297963,W,DOMESTIC,-84.13626,40.65801,GEOCODE,ALLEN,SHAWNEE,1983-06-29,192.0,901.0999755859375,LIMESTONE,,40.0,53.0,165.0,165,602120
297969,W,MONITOR,-84.15683299999999,40.737183,GLOBAL POSITIONING SYSTEM,ALLEN,AMERICAN,2012-10-02,15.0,842.0,GRAVEL,GEOPROBE,,,5.0,,2040612
297991,W,DOMESTIC,-83.977222,40.659167,GLOBAL POSITIONING SYSTEM,ALLEN,AUGLAIZE,2012-04-12,55.0,1000.7000122070312,LIMESTONE,CABLE TOOL,10.0,30.0,31.0,31,1015430
298023,W,DOMESTIC,-84.23388899999999,40.775833,,ALLEN,MARION,2010-12-03,32.0,799.2999877929688,SHALE,CABLE TOOL,20.0,15.0,30.0,30,1013489
298032,W,DOMESTIC,-84.2565,40.808333,GLOBAL POSITIONING SYSTEM,ALLEN,MARION,2010-08-09,35.0,787.5999755859375,LIMESTONE,AIR ROTARY,9.0,16.0,26.0,33,2028474
298033,W,DOMESTIC,-84.38973,40.72152,GLOBAL POSITIONING SYSTEM,ALLEN,SPENCER,2010-06-07,65.0,823.7000122070312,LIMESTONE,CABLE TOOL,8.0,21.0,57.0,57,2027688
298084,W,DOMESTIC,-83.93775,40.655133,,ALLEN,AUGLAIZE,2012-04-13,100.0,1036.0,LIMESTONE,ROTARY,20.0,33.0,66.0,96,1014558
298094,W,DOMESTIC,-84.009883,40.8134,,ALLEN,BATH,2011-10-01,30.0,867.7999877929688,SHALE & LIMESTONE,CABLE TOOL,10.0,23.0,29.0,29,1015580
298141,W,DOMESTIC,-83.987033,40.694967,,ALLEN,AUGLAIZE,2011-07-15,90.0,955.2999877929688,LIMESTONE,ROTARY,15.0,31.0,58.0,58,1014584
298146,W,DOMESTIC,-84.26950000000001,40.706167,GLOBAL POSITIONING SYSTEM,ALLEN,AMANDA,2011-10-06,40.0,814.7000122070312,LIMESTONE,AIR ROTARY,15.0,10.0,26.0,21,2034868
298239,W,DOMESTIC,-83.90005,40.846616999999995,,ALLEN,RICHLAND,2012-09-20,60.0,882.4000244140625,LIMESTONE,ROTARY,25.0,29.0,35.0,35,1016874
298256,W,DOMESTIC,-83.923683,40.706233,GLOBAL POSITIONING SYSTEM,ALLEN,AUGLAIZE,2012-07-05,40.0,981.4000244140625,LIMESTONE,ROTARY,20.0,17.0,39.0,39,1014539
298314,W,DOMESTIC,-84.2585,40.801167,GLOBAL POSITIONING SYSTEM,ALLEN,MARION,2010-04-23,173.0,794.9000244140625,LIMESTONE,AIR ROTARY,7.0,20.0,26.0,18,2026898
298324,W,DOMESTIC,-84.202333,40.675166999999995,GLOBAL POSITIONING SYSTEM,ALLEN,SHAWNEE,2012-10-05,63.0,835.7000122070312,GRAVEL & LIMESTONE,AIR ROTARY,30.0,15.0,43.0,47,2040030
298328,W,DOMESTIC,-83.919483,40.859466999999995,,ALLEN,RICHLAND,2010-10-01,89.0,860.2999877929688,LIMESTONE,CABLE TOOL,8.0,16.0,,88,1013039
298403,W,AGRIC/IRRIG,-84.19221,40.73372,GLOBAL POSITIONING SYSTEM,ALLEN,AMERICAN,2010-10-13,81.0,824.9000244140625,LIMESTONE,ROTARY,65.0,26.0,40.0,43,2029411
298456,W,DOMESTIC,-84.10633299999999,40.685167,GLOBAL POSITIONING SYSTEM,ALLEN,SHAWNEE,2013-08-21,35.0,888.2000122070312,SHALE,CABLE TOOL,20.0,18.0,33.0,33,1016373
298521,W,DOMESTIC,-84.358167,40.691666999999995,GLOBAL POSITIONING SYSTEM,ALLEN,SPENCER,2013-02-22,183.0,849.5,LIMESTONE,AIR ROTARY,7.0,80.0,98.0,93,2042496
298529,W,DOMESTIC,-84.373333,40.736000000000004,GLOBAL POSITIONING SYSTEM,ALLEN,SPENCER,2013-05-13,56.0,816.2000122070312,GRAVEL & LIMESTONE,AIR ROTARY,20.0,20.0,49.0,51,2042974
298676,W,DOMESTIC,-84.367317,40.801583,GLOBAL POSITIONING SYSTEM,ALLEN,MARION,2014-09-19,41.0,786.9000244140625,LIMESTONE,ROTARY/AIRHAMR,,16.0,26.5,29,2049244
298745,W,MONITOR,-84.108611,40.798055999999995,GLOBAL POSITIONING SYSTEM,ALLEN,BATH,2015-07-22,13.0,827.4000244140625,SILT,GEOPROBE,,11.0,3.0,,2053458
298770,W,DOMESTIC,-84.31611099999999,40.708056,GLOBAL POSITIONING SYSTEM,ALLEN,AMANDA,2014-10-30,117.0,831.7999877929688,LIMESTONE,AIR ROTARY,10.0,30.0,47.0,44,2049928
298936,W,DOMESTIC,-84.27855199999999,40.698077,GLOBAL POSITIONING SYSTEM,ALLEN,AMANDA,2015-06-12,125.0,833.5,LIMESTONE,AIR ROTARY,12.0,30.0,50.0,43,2052662
299072,W,MONITOR,-84.04084999999999,40.78862,GLOBAL POSITIONING SYSTEM,ALLEN,BATH,2017-04-10,14.0,,SILT,GEOPROBE,,6.0,4.0,,2061925
299119,W,MONITOR,-84.04061,40.788869999999996,GLOBAL POSITIONING SYSTEM,ALLEN,BATH,2017-04-11,12.0,,CLAY,GEOPROBE,,7.0,5.0,,2061933
299139,W,DOMESTIC,-83.98393,40.700849999999996,GLOBAL POSITIONING SYSTEM,ALLEN,AUGLAIZE,2017-01-17,117.0,,LIMESTONE,ROTARY,12.0,45.0,65.0,65,1019637
299305,W,,-84.189493,40.839652,DIGITIZED,ALLEN,SUGAR CREEK,1959-05-12,58.0,778.9000244140625,LIMESTONE,,6.0,5.0,22.0,20,154741
299356,W,DOMESTIC,-84.23249,40.69789,GEOCODE,ALLEN,AMANDA,1985-11-15,63.0,856.2999877929688,LIMESTONE,,18.0,42.0,61.0,59,612306
299369,W,MONITOR,-84.09886,40.72998,GLOBAL POSITIONING SYSTEM,ALLEN,PERRY,2019-10-31,11.0,,,DIRECT PUSH,,,0.0,,2077269
299539,W,DOMESTIC,-84.07201599999999,40.813466,GLOBAL POSITIONING SYSTEM,ALLEN,BATH,2017-08-22,50.0,,LIMESTONE,ROTARY,30.0,16.0,46.0,45,1020277
299626,W,DOMESTIC,-84.1003,40.837182999999996,GLOBAL POSITIONING SYSTEM,ALLEN,MONROE,2019-08-30,37.0,,LIMESTONE,MUD/AIR ROTARY,15.0,12.0,31.0,,2075386
299704,W,DOMESTIC,-83.90876999999999,40.800239999999995,GEOCODE,ALLEN,JACKSON,1997-04-19,72.0,936.4000244140625,LIMESTONE,ROTARY,12.0,35.0,55.0,55,851189
299837,W,DOMESTIC,-84.06020000000001,40.659467,GLOBAL POSITIONING SYSTEM,ALLEN,PERRY,2019-08-13,215.0,,LIMESTONE,MUD/AIR ROTARY,15.0,5.0,66.0,,2074960
300021,W,DOMESTIC,-84.297309,40.742976,DIGITAL MAP,ALLEN,AMANDA,2018-09-24,34.0,,LIMESTONE,ROTARY,30.0,14.0,34.0,,1021040
300080,W,DOMESTIC,-83.95720299999999,40.851582,DIGITIZED,ALLEN,RICHLAND,1953-07-12,39.0,856.4000244140625,GRAVEL,,20.0,16.0,39.0,,94341
300081,W,DOMESTIC,-83.9642,40.833314,DIGITIZED,ALLEN,RICHLAND,1962-07-24,35.0,866.5999755859375,LIMESTONE,,,20.0,35.0,32,260683
300082,W,DOMESTIC,-84.18477999999999,40.71057,GEOCODE,ALLEN,SHAWNEE,1977-06-22,93.0,871.0,LIMESTONE,,15.0,65.0,80.0,75,511884
300085,W,DOMESTIC,-83.97439,40.69385,GEOCODE,ALLEN,AUGLAIZE,1996-04-11,32.0,941.5,LIMESTONE,ROTARY,20.0,10.0,30.0,26,828360
300086,W,DOMESTIC,-84.177302,40.703914999999995,DIGITIZED,ALLEN,SHAWNEE,1955-08-04,107.0,872.5,LIMESTONE,,8.0,43.0,84.0,84,156834
300087,W,DOMESTIC,-84.177302,40.703914999999995,DIGITIZED,ALLEN,SHAWNEE,1956-09-08,50.0,872.5,GRAVEL,,15.0,34.0,50.0,,173433
300088,W,DOMESTIC,-84.214762,40.692814999999996,DIGITIZED,ALLEN,SHAWNEE,1955-05-10,116.0,876.4000244140625,LIMESTONE,,,56.0,82.0,81,139017
300089,W,DOMESTIC,-84.164428,40.712756,DIGITIZED,ALLEN,SHAWNEE,1963-05-24,87.0,851.2000122070312,GRAVEL,,10.0,63.0,88.0,47,274641
300092,W,DOMESTIC,-84.27857,40.70019,GEOCODE,ALLEN,AMANDA,1995-02-10,48.0,825.2000122070312,GRAVEL,CABLE TOOL,20.0,30.0,48.0,,800630
300095,W,DOMESTIC,-84.01337,40.86217,GEOCODE,ALLEN,MONROE,1994-07-07,56.0,816.0,LIMESTONE,ROTARY,,,30.0,30,790388
300096,W,DOMESTIC,-83.91366,40.71714,GEOCODE,ALLEN,AUGLAIZE,1984-08-25,107.0,1034.5999755859375,LIMESTONE,,20.0,65.0,77.0,75,651923
300097,W,DOMESTIC,-83.92546999999999,40.71711,GEOCODE,ALLEN,AUGLAIZE,1992-04-01,95.0,1014.5,LIMESTONE,ROTARY,12.0,46.0,76.0,70,745253
300098,W,DOMESTIC,-84.10464999999999,40.800959999999996,GEOCODE,ALLEN,BATH,1974-06-11,40.0,817.2000122070312,LIMESTONE,,8.0,19.0,28.0,24,475412
300099,W,DOMESTIC,-84.20573999999999,40.75772,GEOCODE,ALLEN,AMERICAN,1991-07-02,36.0,818.7000122070312,LIMESTONE,ROTARY,12.0,24.0,36.0,31,725317
300100,W,DOMESTIC,-84.014989,40.746078999999995,DIGITIZED,ALLEN,BATH,1957-02-17,59.0,923.0,LIMESTONE,,7.0,17.0,26.0,26,174095
300103,W,DOMESTIC,-84.15968,40.68651,,ALLEN,SHAWNEE,1990-12-01,46.0,851.7999877929688,GRAVEL,CABLE TOOL,20.0,26.0,46.0,,721363
300104,W,DOMESTIC,-84.15769,40.68625,,ALLEN,SHAWNEE,1993-06-30,146.0,852.9000244140625,GRAVEL,ROTARY,15.0,23.0,146.0,,767882
300105,W,DOMESTIC,-84.13480899999999,40.694159,DIGITIZED,ALLEN,SHAWNEE,1960-02-02,142.0,866.5999755859375,SAND & CLAY,,10.0,42.0,142.0,,208730
300107,W,DOMESTIC,-84.050726,40.750361,DIGITIZED,ALLEN,BATH,1960-08-08,62.0,886.7999877929688,LIMESTONE,,,31.0,48.0,36,210095
300108,W,DOMESTIC,-84.2025,40.75707,GEOCODE,ALLEN,AMERICAN,1992-04-28,30.0,814.0,LIMESTONE,ROTARY,10.0,19.0,30.0,22,746772
300109,W,,-84.2138,40.784349999999996,GEOCODE,ALLEN,AMERICAN,1992-09-20,42.0,795.2999877929688,LIMESTONE,ROTARY,30.0,12.0,26.0,23,755165
300112,W,DOMESTIC,-84.2324,40.70945,,ALLEN,AMANDA,1994-07-27,127.0,838.5,LIMESTONE,ROTARY,12.0,30.0,45.0,45,790405
300114,W,DOMESTIC,-83.99380000000001,40.75899,GEOCODE,ALLEN,BATH,1986-01-03,45.0,926.2000122070312,LIMESTONE,,20.0,30.0,34.0,34,526373
300115,W,DOMESTIC,-83.95709099999999,40.786446999999995,DIGITIZED,ALLEN,JACKSON,1953-07-16,46.0,901.2999877929688,LIMESTONE,,20.0,10.0,17.0,17,100644
300117,W,DOMESTIC,-84.20403,40.808389999999996,GEOCODE,ALLEN,SUGAR CREEK,1989-08-22,205.0,781.4000244140625,LIMESTONE,ROTARY,12.0,35.0,26.0,12,700173
300118,W,DOMESTIC,-84.22385,40.80535,GEOCODE,ALLEN,SUGAR CREEK,1990-06-17,50.0,798.2999877929688,LIMESTONE,CABLE TOOL,5.0,20.0,25.0,25,704887
300119,W,AGRIC/IRRIG,-83.90539,40.89936,GEOCODE,ALLEN,RICHLAND,1994-09-16,64.0,828.5999755859375,LIMESTONE,CABLE TOOL,5.0,16.0,27.0,60,799134
300120,W,DOMESTIC,-84.33776999999999,40.764109999999995,GEOCODE,ALLEN,SPENCER,1991-08-12,127.0,809.4000244140625,LIMESTONE,CABLE TOOL,3.0,20.0,36.0,36,677294
300125,W,DOMESTIC,-84.30942999999999,40.7668,GEOCODE,ALLEN,AMANDA,1996-10-14,29.0,800.0,SAND & GRAVEL,CABLE TOOL,9.0,11.0,,,813010
300128,W,DOMESTIC,-84.04194,40.7747,GEOCODE,ALLEN,BATH,1988-08-11,63.0,885.0,LIMESTONE,,12.0,27.0,40.0,37,685093
300129,W,DOMESTIC,-84.03854,40.757819999999995,GEOCODE,ALLEN,BATH,1996-08-14,225.0,864.7999877929688,LIMESTONE,ROTARY,10.0,30.0,33.0,33,843034
300130,W,DOMESTIC,-84.02723,40.77353,GEOCODE,ALLEN,BATH,1995-12-13,47.0,899.2999877929688,LIMESTONE,CABLE TOOL,11.0,36.0,43.0,42,818037
300131,W,DOMESTIC,-83.90701,40.89232,GEOCODE,ALLEN,RICHLAND,1981-01-28,64.0,836.7999877929688,LIMESTONE,,4.0,42.0,33.0,31,515470
300132,W,DOMESTIC,-84.36926,40.699459999999995,GEOCODE,ALLEN,SPENCER,1992-11-20,82.0,840.5,LIMESTONE,ROTARY,15.0,39.0,65.0,60,755183
300136,W,DOMESTIC,-83.914,40.79318,GEOCODE,ALLEN,JACKSON,1991-09-16,40.0,930.0999755859375,LIMESTONE,ROTARY,30.0,12.0,26.0,18,737503
300137,W,DOMESTIC,-83.96596,40.72108,GEOCODE,ALLEN,AUGLAIZE,1992-07-05,103.0,989.0999755859375,SAND & GRAVEL,ROTARY,10.0,58.0,103.0,,755126
300138,W,DOMESTIC,-83.96152,40.69894,GEOCODE,ALLEN,AUGLAIZE,1985-03-15,32.0,962.7999877929688,MUD,,8.0,58.0,35.0,,650771
300139,W,DOMESTIC,-84.17908,40.75268,GEOCODE,ALLEN,AMERICAN,1989-06-28,77.0,826.5,LIMESTONE,CABLE TOOL,3.0,30.0,32.0,30,677697
300140,W,DOMESTIC,-83.999625,40.764688,DIGITIZED,ALLEN,BATH,1956-05-24,67.0,916.4000244140625,LIMESTONE,,20.0,31.0,35.0,35,173417
300141,W,DOMESTIC,-84.13687999999999,40.673988,DIGITIZED,ALLEN,SHAWNEE,1955-10-02,98.0,877.2999877929688,GRAVEL,,9.0,36.0,98.0,,141836
300142,W,DOMESTIC,-84.133237,40.699662,DIGITIZED,ALLEN,SHAWNEE,1954-09-14,244.0,870.2000122070312,LIMESTONE,,,0.0,160.0,160,139056
300143,W,DOMESTIC,-84.153179,40.797517,DIGITIZED,ALLEN,AMERICAN,1953-11-26,70.0,804.0999755859375,SAND,,5.0,,70.0,,101297
300144,W,DOMESTIC,-84.169822,40.733295999999996,DIGITIZED,ALLEN,AMERICAN,1953-03-28,75.0,838.2000122070312,GRAVEL,,9.0,35.0,75.0,,85187
300145,W,PUBLIC/SEMI-PUB,-84.213625,40.760104,DIGITIZED,ALLEN,AMERICAN,1966-03-14,85.0,811.2999877929688,LIMESTONE,,5.0,14.0,33.0,30,337025
300147,W,DOMESTIC,-84.05143,40.79768,GEOCODE,ALLEN,BATH,1988-02-13,143.0,846.7999877929688,LIMESTONE,ROTARY,5.0,40.0,44.0,44,692380
300148,W,DOMESTIC,-83.93859499999999,40.731438,DIGITIZED,ALLEN,AUGLAIZE,1962-09-18,91.0,996.0,GRAVEL,,,6.0,91.0,,282513
300149,W,DOMESTIC,-84.180739,40.724061999999996,DIGITIZED,ALLEN,SHAWNEE,1957-07-08,65.0,836.5999755859375,LIMESTONE,,,,46.0,46,193112
300150,W,DOMESTIC,-84.151539,40.692597,DIGITIZED,ALLEN,SHAWNEE,1963-05-29,241.0,850.5,LIMESTONE,,15.0,65.0,171.0,134,286614
300151,W,DOMESTIC,-84.12505,40.699036,DIGITIZED,ALLEN,SHAWNEE,1963-09-03,275.0,890.2999877929688,LIMESTONE,,14.0,110.0,246.0,244,284500
300152,W,DOMESTIC,-84.16508,40.67062,GEOCODE,ALLEN,SHAWNEE,1988-05-18,105.0,846.7000122070312,GRAVEL,CABLE TOOL,20.0,25.0,105.0,,677651
300153,W,DOMESTIC,-84.20367999999999,40.69704,GEOCODE,ALLEN,SHAWNEE,1988-01-05,90.0,880.9000244140625,LIMESTONE,,12.0,50.0,85.0,82,673369
300154,W,DOMESTIC,-84.222642,40.732653,DIGITIZED,ALLEN,AMERICAN,1956-05-27,30.0,826.5,GRAVEL,,,,30.0,,184673
300156,W,DOMESTIC,-84.04607,40.70212,GEOCODE,ALLEN,PERRY,1972-07-22,83.0,939.0999755859375,LIMESTONE,,20.0,65.0,81.0,81,451054
300157,W,DOMESTIC,-84.03889,40.702400000000004,GEOCODE,ALLEN,PERRY,1996-01-02,76.0,958.9000244140625,GRAVEL,CABLE TOOL,10.0,60.0,76.0,,819996
300158,W,DOMESTIC,-83.919084,40.697252999999996,DIGITIZED,ALLEN,AUGLAIZE,1963-08-14,57.0,992.2000122070312,LIMESTONE,,18.0,15.0,23.0,22,286722
300161,W,DOMESTIC,-84.16404399999999,40.779222999999995,DIGITIZED,ALLEN,AMERICAN,1961-08-29,57.0,814.0999755859375,SAND & GRAVEL,,10.0,28.0,57.0,,222288
300162,W,DOMESTIC,-84.177302,40.703914999999995,DIGITIZED,ALLEN,SHAWNEE,1955-06-01,73.0,872.5,GRAVEL,,15.0,40.0,73.0,,156826
300164,W,MONITOR,-84.12906,40.7085,GEOCODE,ALLEN,SHAWNEE,1990-09-18,34.0,865.5,SAND,AUGER,,,25.0,,716813
300165,W,MONITOR,-84.12906,40.7085,GEOCODE,ALLEN,SHAWNEE,1990-09-13,39.0,865.5,SAND,AUGER,,,40.0,,716802
300166,W,DOMESTIC,-84.36054,40.688579999999995,GEOCODE,ALLEN,SPENCER,1996-08-10,86.0,858.7999877929688,LIMESTONE,,9.0,35.0,,76,813001
300170,W,DOMESTIC,-84.17913899999999,40.757661,DIGITIZED,ALLEN,AMERICAN,1953-10-27,107.0,827.5,LIMESTONE,,3.0,25.0,42.0,42,112920
300172,W,DOMESTIC,-84.09425,40.71152,GEOCODE,ALLEN,PERRY,1971-11-05,214.0,885.9000244140625,LIMESTONE,,12.0,54.0,67.0,65,438398
300173,W,DOMESTIC,-84.02826,40.695100000000004,GEOCODE,ALLEN,PERRY,1985-08-12,156.0,980.7000122070312,GRAVEL,,9.0,85.0,156.0,,612519
300174,W,DOMESTIC,-84.10846,40.766619999999996,,ALLEN,AMERICAN,1986-10-30,60.0,866.9000244140625,LIMESTONE,,5.0,38.0,40.0,37,636283
300175,W,DOMESTIC,-84.17742,40.68637,,ALLEN,SHAWNEE,1991-11-01,80.0,841.7999877929688,LIMESTONE,CABLE TOOL,10.0,15.0,66.0,66,728572
300176,W,DOMESTIC,-83.90738999999999,40.892309999999995,GEOCODE,ALLEN,RICHLAND,1991-08-06,122.0,836.0999755859375,LIMESTONE,ROTARY,20.0,69.0,40.0,40,736619
300182,W,,-83.95640399999999,40.811406999999996,,ALLEN,JACKSON,1967-01-14,52.0,894.5,LIMESTONE,,16.0,20.0,43.0,40,357506
300183,W,DOMESTIC,-84.05892999999999,40.807803,DIGITIZED,ALLEN,BATH,1957-05-07,62.0,849.7999877929688,LIMESTONE,,150.0,5.0,29.0,27,154727
300184,W,,-84.189471,40.839616,DIGITIZED,ALLEN,SUGAR CREEK,1957-06-04,45.0,779.0,LIMESTONE,,7.0,6.0,26.0,43,154728
300185,W,,-84.183071,40.844546,DIGITIZED,ALLEN,SUGAR CREEK,1966-04-05,80.0,781.7000122070312,LIMESTONE,,2.0,,36.0,36,347036
300186,W,DOMESTIC,-84.15317,40.70542,GEOCODE,ALLEN,SHAWNEE,1974-11-05,209.0,826.5999755859375,LIMESTONE,,20.0,88.0,156.0,156,474624
300187,W,PUBLIC/SEMI-PUB,-84.155039,40.717124999999996,DIGITIZED,ALLEN,SHAWNEE,1957-09-18,42.0,851.5999755859375,GRAVEL,,10.0,34.0,42.0,,181733
300188,W,DOMESTIC,-84.15878599999999,40.694269,DIGITIZED,ALLEN,SHAWNEE,1961-06-22,35.0,841.2000122070312,GRAVEL,,10.0,15.0,35.0,,250930
300197,W,DOMESTIC,-84.135965,40.779027,DIGITIZED,ALLEN,AMERICAN,1965-09-10,82.0,834.0,LIMESTONE,,18.0,36.0,32.0,30,328669
300201,W,DOMESTIC,-84.17997,40.78003,,ALLEN,AMERICAN,1972-09-18,139.0,801.9000244140625,LIMESTONE,,18.0,34.0,26.0,26,433527
300205,W,DOMESTIC,-84.04802,40.84666,GEOCODE,ALLEN,MONROE,1994-09-26,32.0,818.0,SAND & GRAVEL,CABLE TOOL,10.0,,32.0,,791824
300206,W,DOMESTIC,-84.04628,40.84666,GEOCODE,ALLEN,MONROE,1995-03-03,46.0,822.2999877929688,LIMESTONE,CABLE TOOL,15.0,16.0,32.0,30,800633
300207,W,DOMESTIC,-84.10096,40.86805,GEOCODE,ALLEN,MONROE,1995-07-28,40.0,782.7000122070312,LIMESTONE,ROTARY,25.0,10.0,25.0,35,796546
300208,W,DOMESTIC,-84.07065999999999,40.79537,GEOCODE,ALLEN,BATH,1996-08-22,80.0,834.7999877929688,LIMESTONE,ROTARY,12.0,15.0,26.0,26,843036
300209,W,DOMESTIC,-84.13687999999999,40.673988,DIGITIZED,ALLEN,SHAWNEE,1953-01-01,100.0,877.2999877929688,SAND & GRAVEL,,,,,,100316
300214,W,DOMESTIC,-84.04127,40.8065,GEOCODE,ALLEN,BATH,1991-12-02,103.0,854.7000122070312,LIMESTONE,ROTARY,3.0,15.0,45.0,45,743892
300215,W,DOMESTIC,-84.18717,40.73325,,ALLEN,AMERICAN,1969-03-18,210.0,834.2999877929688,LIMESTONE,,9.0,38.0,192.0,192,388508
300218,W,DOMESTIC,-84.261656,40.722755,DIGITIZED,ALLEN,AMANDA,1957-05-27,39.0,828.0,GRAVEL,,10.0,27.0,39.0,,181725
300219,W,DOMESTIC,-84.249752,40.686845999999996,DIGITIZED,ALLEN,AMANDA,1959-05-22,50.0,861.4000244140625,GRAVEL,,,,50.0,,227410
300223,W,DOMESTIC,-84.06337099999999,40.716632,DIGITIZED,ALLEN,PERRY,1955-06-06,75.0,915.0,LIMESTONE,,20.0,42.0,58.0,58,156828
300224,W,DOMESTIC,-84.087102,40.712064999999996,DIGITIZED,ALLEN,PERRY,1953-09-17,55.0,893.2999877929688,LIMESTONE,,,,27.0,50,72866
300225,W,DOMESTIC,-83.96486,40.770219999999995,GEOCODE,ALLEN,JACKSON,1992-07-09,66.0,920.5999755859375,LIMESTONE,CABLE TOOL,15.0,40.0,37.0,37,746150
300226,W,DOMESTIC,-84.165724,40.762768,DIGITIZED,ALLEN,AMERICAN,1962-05-10,170.0,817.0,GRAVEL,,10.0,40.0,170.0,,279855
300227,W,DOMESTIC,-84.05838,40.78496,GEOCODE,ALLEN,BATH,1996-06-11,92.0,870.2999877929688,LIMESTONE,CABLE TOOL,10.0,40.0,46.0,46,820016
304999,W,,-83.891165,40.650645,DIGITIZED,ALLEN,AUGLAIZE,1948-05-22,102.0,1043.0,LIMESTONE,,,60.0,68.0,100,30659
305000,W,,-84.103387,40.801521,DIGITIZED,ALLEN,BATH,1948-10-30,82.0,820.7999877929688,LIMESTONE,,20.0,18.0,26.0,26,26391
305001,W,,-84.079993,40.860071,DIGITIZED,ALLEN,MONROE,,34.0,800.5,LIMESTONE,,,,26.0,28,56702
305012,W,,-84.09199799999999,40.71535,DIGITIZED,ALLEN,PERRY,1950-09-04,36.0,885.0999755859375,GRAVEL,,15.0,13.0,36.0,,69647
305013,W,,-83.98625899999999,40.840498,DIGITIZED,ALLEN,RICHLAND,1950-07-06,64.0,861.4000244140625,LIMESTONE,,,16.0,39.0,62,71065
306890,W,DOMESTIC,-83.92640999999999,40.76128,GEOCODE,ALLEN,JACKSON,1996-10-23,55.0,941.7999877929688,LIMESTONE,ROTARY,15.0,30.0,36.0,36,843068
306996,W,DOMESTIC,-84.25153,40.6875,GEOCODE,ALLEN,AMANDA,1999-06-17,202.0,854.0,LIMESTONE,ROTARY,15.0,40.0,55.0,52,889202
307068,W,MONITOR,-84.11341,40.72199,GEOCODE,ALLEN,SHAWNEE,1997-09-16,9.0,864.0999755859375,COBBLES,AUGER,,,5.0,,852944
307085,W,DOMESTIC,-83.9375,40.659800000000004,,ALLEN,AUGLAIZE,1997-08-07,82.0,1030.9000244140625,LIMESTONE,ROTARY,25.0,29.0,61.0,61,851219
307086,W,DOMESTIC,-84.01962,40.7948,GEOCODE,ALLEN,BATH,1997-07-01,32.0,871.2000122070312,SAND & GRAVEL,CABLE TOOL,25.0,,32.0,,846769
307087,W,DOMESTIC,-84.05138,40.8061,GEOCODE,ALLEN,BATH,1997-08-01,40.0,833.7000122070312,SAND & GRAVEL,CABLE TOOL,9.0,,40.0,,846815
307090,W,DOMESTIC,-84.33500000000001,40.79611,GEOCODE,ALLEN,MARION,1997-09-30,41.0,791.0999755859375,LIMESTONE,ROTARY,15.0,20.0,40.0,39,867863
307157,W,DOMESTIC,-84.04840999999999,40.81749,,ALLEN,BATH,1997-10-21,80.0,849.5,LIMESTONE,ROTARY,20.0,20.0,39.0,39,851250
307177,W,MONITOR,-84.10519,40.72224,GEOCODE,ALLEN,PERRY,1999-04-07,10.0,882.7000122070312,SAND & GRAVEL,AUGER,,,4.0,,889543
307223,W,DOMESTIC,-84.01335999999999,40.859739999999995,GEOCODE,ALLEN,MONROE,1998-07-01,32.0,811.4000244140625,SAND & GRAVEL,CABLE TOOL,12.0,,32.0,,846780
307224,W,DOMESTIC,-84.10208999999999,40.687689999999996,,ALLEN,PERRY,1998-08-01,54.0,895.7000122070312,GRAVEL,CABLE TOOL,15.0,25.0,54.0,,879728
307240,W,DOMESTIC,-84.28078,40.73836,GEOCODE,ALLEN,AMANDA,1999-03-22,82.0,810.0,LIMESTONE,ROTARY,12.0,40.0,45.0,41,889235
307326,W,DOMESTIC,-84.03199,40.81531,GEOCODE,ALLEN,BATH,1999-12-09,80.0,855.5,LIMESTONE,ROTARY,10.0,30.0,38.0,38,901908
307381,W,DOMESTIC,-84.38918,40.73571,GEOCODE,ALLEN,SPENCER,2000-09-08,60.0,810.9000244140625,LIMESTONE,ROTARY,50.0,20.0,49.0,49,914508
307957,W,DOMESTIC,-83.92378,40.87018,GEOCODE,ALLEN,RICHLAND,2001-08-18,110.0,851.9000244140625,LIMESTONE,ROTARY,25.0,67.0,29.0,29,936567
307984,W,DOMESTIC,-83.93328,40.86204,GEOCODE,ALLEN,RICHLAND,2001-11-09,263.0,856.7000122070312,LIMESTONE,,15.0,80.0,,154,935897
308094,W,DOMESTIC,-83.95232,40.75499,GEOCODE,ALLEN,JACKSON,2001-11-21,110.0,944.5,LIMESTONE,ROTARY,20.0,32.0,28.0,108,940597
308113,W,DOMESTIC,-83.91458,40.87594,GEOCODE,ALLEN,RICHLAND,2002-01-16,137.0,847.5,LIMESTONE,ROTARY,12.0,104.0,33.0,134,941155
308118,W,DOMESTIC,-84.07092999999999,40.86815,GEOCODE,ALLEN,MONROE,2002-01-11,57.0,786.2999877929688,LIMESTONE,ROTARY,10.0,12.0,25.0,50,932240
308288,W,MONITOR,-84.33994,40.84699,,ALLEN,MARION,2002-03-15,13.0,769.7999877929688,BEDROCK,AUGER,,,3.0,13,942225
308386,W,DOMESTIC,-84.26091,40.71163,GEOCODE,ALLEN,AMANDA,2002-03-01,40.0,826.7000122070312,SHALE,CABLE TOOL,10.0,28.0,39.0,39,932609
308409,W,DOMESTIC,-84.05145,40.72224,GEOCODE,ALLEN,PERRY,2002-10-15,110.0,923.7000122070312,LIMESTONE,ROTARY,4.0,50.0,59.0,54,949894
308445,W,DOMESTIC,-84.20364,40.69011,GEOCODE,ALLEN,SHAWNEE,1990-11-15,50.0,875.0999755859375,MUD & GRAVEL,ROTARY,15.0,22.0,50.0,,725277
308540,W,DOMESTIC,-84.237753,40.809039,DIGITIZED,ALLEN,MARION,1963-09-06,47.0,791.0999755859375,LIMESTONE,,15.0,13.0,13.0,13,298556
308542,W,DOMESTIC,-84.39021,40.69992,GEOCODE,ALLEN,SPENCER,1992-02-15,100.0,839.0999755859375,LIMESTONE,CABLE TOOL,15.0,18.0,75.0,75,745782
308602,W,DOMESTIC,-84.002966,40.811834999999995,DIGITIZED,ALLEN,BATH,1954-09-09,64.0,869.7000122070312,LIMESTONE,,,17.0,37.0,61,120467
308604,W,DOMESTIC,-84.083749,40.822485,DIGITIZED,ALLEN,MONROE,1954-01-29,53.0,812.2999877929688,LIMESTONE,,,34.0,32.0,29,127361
308628,W,DOMESTIC,-84.301345,40.834055,DIGITIZED,ALLEN,MARION,1958-01-12,61.0,777.9000244140625,LIMESTONE,,1.0,16.0,26.0,26,192076
308649,W,DOMESTIC,-84.0267,40.81071,GEOCODE,ALLEN,BATH,1997-08-01,60.0,858.5,LIMESTONE,ROTARY,15.0,21.0,45.0,45,851218
308686,W,DOMESTIC,-84.186359,40.773215,DIGITIZED,ALLEN,AMERICAN,1961-11-02,78.0,814.0,LIMESTONE,,8.0,22.0,34.0,34,264473
308695,W,DOMESTIC,-84.147562,40.692561,DIGITIZED,ALLEN,SHAWNEE,1962-10-29,40.0,855.5999755859375,GRAVEL,,16.0,24.0,40.0,,286059
308705,W,DOMESTIC,-84.13687999999999,40.673988,DIGITIZED,ALLEN,SHAWNEE,1955-08-27,160.0,877.2999877929688,GRAVEL,,20.0,35.0,160.0,,166753
308706,W,DOMESTIC,-84.13687999999999,40.673988,DIGITIZED,ALLEN,SHAWNEE,1956-03-11,68.0,877.2999877929688,GRAVEL,,8.0,35.0,68.0,,174051
308713,W,DOMESTIC,-84.181665,40.773299,DIGITIZED,ALLEN,AMERICAN,1963-09-18,55.0,814.5,LIMESTONE,,6.0,27.0,27.0,27,281629
308785,W,DOMESTIC,-84.12236,40.6681,GEOCODE,ALLEN,SHAWNEE,2003-08-20,201.0,889.7000122070312,LIMESTONE,ROTARY,30.0,26.0,44.0,39,965181
308794,W,DOMESTIC,-83.984555,40.756083,DIGITIZED,ALLEN,JACKSON,1951-06-15,65.0,926.2999877929688,LIMESTONE,,,18.0,33.0,30,71096
308812,W,DOMESTIC,-83.948483,40.761525,DIGITIZED,ALLEN,JACKSON,1952-07-07,63.0,913.2000122070312,LIMESTONE,,20.0,19.0,26.0,26,100601
308814,W,,-84.01417599999999,40.719888999999995,DIGITIZED,ALLEN,PERRY,1951-02-14,89.0,946.0,LIMESTONE,,20.0,25.0,61.0,61,83406
308818,W,DOMESTIC,-84.26153099999999,40.69956,DIGITIZED,ALLEN,AMANDA,1964-08-14,44.0,824.7999877929688,GRAVEL,,12.0,33.0,44.0,,319403
308865,W,DOMESTIC,-84.08925699999999,40.713718,DIGITIZED,ALLEN,PERRY,1957-12-12,40.0,884.2999877929688,GRAVEL,,4.0,15.0,40.0,,201621
308884,W,DOMESTIC,-84.31018399999999,40.835231,DIGITIZED,ALLEN,MARION,1960-05-03,106.0,778.0999755859375,LIMESTONE,,8.0,9.0,25.0,25,245860
308948,W,DOMESTIC,-83.97556,40.829769999999996,GEOCODE,ALLEN,AUGLAIZE,2003-09-24,100.0,869.5,LIMESTONE,ROTARY,30.0,45.0,94.0,98,963228
308991,W,DOMESTIC,-84.082833,40.803444,,ALLEN,BATH,2003-12-08,70.0,844.5999755859375,LIMESTONE,ROTARY,12.0,34.0,47.0,68,963209
309078,W,DOMESTIC,-84.224215,40.791968,DIGITIZED,ALLEN,MARION,1965-05-17,78.0,792.0,LIMESTONE,,10.0,9.0,25.0,25,317284
309093,W,DOMESTIC,-84.29817,40.84717,GLOBAL POSITIONING SYSTEM,ALLEN,MARION,2003-07-11,43.0,775.0999755859375,LIMESTONE,ROTARY,45.0,15.0,28.0,38,965487
309207,W,MONITOR,-84.33487,40.83143,GEOCODE,ALLEN,SHAWNEE,2003-08-27,29.0,777.2000122070312,SILT & CLAY,ROTARY,,,18.0,16,964835
309225,W,DOMESTIC,-83.90030999999999,40.873059999999995,GLOBAL POSITIONING SYSTEM,ALLEN,RICHLAND,2003-11-05,260.0,856.2000122070312,LIMESTONE,ROTARY,15.0,90.0,35.0,256,963215
309257,W,DOMESTIC,-84.00156,40.73126,GEOCODE,ALLEN,BATH,2003-10-22,72.0,934.7999877929688,LIMESTONE,ROTARY,20.0,28.0,40.0,70,963211
309281,W,DOMESTIC,-84.10777,40.683229999999995,GEOCODE,ALLEN,PERRY,2003-12-02,165.0,901.2000122070312,SHALE & LIMESTONE,,20.0,20.0,160.0,160,967461
309367,W,DOMESTIC,-84.26482999999999,40.824329999999996,GLOBAL POSITIONING SYSTEM,ALLEN,MARION,2004-07-06,42.0,777.7000122070312,LIMESTONE,ROTARY,20.0,8.0,26.0,38,980845
309371,W,DOMESTIC,-83.89894,40.87097,GLOBAL POSITIONING SYSTEM,ALLEN,RICHLAND,2004-05-17,285.0,860.5,EXISTING WELL,ROTARY,20.0,75.0,,280,981418
309384,W,DOMESTIC,-83.917805,40.705722,,ALLEN,AUGLAIZE,2004-08-03,63.0,984.0,LIMESTONE,ROTARY,15.0,15.0,39.0,61,981325
309385,W,,-83.87897,40.892289999999996,,ALLEN,RICHLAND,2004-04-27,25.0,845.5,SAND,AUGER,,,15.0,,976272
309423,W,DOMESTIC,-84.28017,40.697,GLOBAL POSITIONING SYSTEM,ALLEN,AMANDA,2004-08-18,63.0,836.7999877929688,LIMESTONE,ROTARY,10.0,36.0,46.0,46,980857
309523,W,DOMESTIC,-83.97944,40.65083,GLOBAL POSITIONING SYSTEM,ALLEN,AUGLAIZE,2004-08-26,64.0,1023.4000244140625,LIMESTONE,CABLE TOOL,7.0,40.0,44.0,44,978600
310090,W,DOMESTIC,-84.056995,40.716609999999996,DIGITIZED,ALLEN,PERRY,1956-05-14,72.0,920.9000244140625,LIMESTONE,,20.0,46.0,55.0,55,173415
310091,W,DOMESTIC,-84.18712699999999,40.729614999999995,DIGITIZED,ALLEN,SHAWNEE,1958-10-16,60.0,836.2000122070312,LIMESTONE,,5.0,22.0,47.0,47,197521
310116,W,DOMESTIC,-83.89930000000001,40.874379999999995,GLOBAL POSITIONING SYSTEM,ALLEN,RICHLAND,2006-02-22,280.0,851.2000122070312,,ROTARY,20.0,93.0,,278,990656
310137,W,,-84.12942,40.814941999999995,DIGITIZED,ALLEN,SUGAR CREEK,,32.0,810.2000122070312,LIMESTONE,,,,29.0,29,56730
310144,W,DOMESTIC,-84.26556,40.79972,GLOBAL POSITIONING SYSTEM,ALLEN,MARION,2006-04-12,158.0,788.5999755859375,LIMESTONE,AIR ROTARY,5.0,20.0,31.0,27,2002316
310212,W,DOMESTIC,-84.16111,40.67639,GLOBAL POSITIONING SYSTEM,ALLEN,SHAWNEE,2006-02-02,117.0,858.7999877929688,SAND,CABLE TOOL,20.0,30.0,114.0,115,997867
310267,W,DOMESTIC,-84.02833,40.821166999999996,DIGITIZED,ALLEN,MONROE,1960-09-07,46.0,853.5999755859375,LIMESTONE,,5.0,18.0,,40,208722
310334,W,DOMESTIC,-84.3339,40.77317,GEOCODE,ALLEN,MARION,2006-08-17,57.0,805.2999877929688,LIMESTONE,AIR ROTARY,20.0,21.0,33.0,27,2004568
310362,W,DOMESTIC,-84.035164,40.788781,DIGITIZED,ALLEN,BATH,1960-04-14,83.0,885.4000244140625,LIMESTONE,,8.0,21.0,49.0,79,244968
310403,W,DOMESTIC,-84.13854599999999,40.699743999999995,DIGITIZED,ALLEN,SHAWNEE,1961-11-17,116.0,861.4000244140625,SAND & GRAVEL,,8.0,40.0,116.0,,258473
310404,W,,-84.223889,40.834036,DIGITIZED,ALLEN,SUGAR CREEK,1963-12-31,168.0,789.4000244140625,LIMESTONE,,5.0,20.0,131.0,131,301069
310405,W,DOMESTIC,-84.172418,40.779731999999996,DIGITIZED,ALLEN,AMERICAN,1957-02-17,63.0,819.7999877929688,LIMESTONE,,7.0,18.0,31.0,31,174092
310469,W,,-84.046566,40.760712,DIGITIZED,ALLEN,BATH,1947-11-19,66.0,889.2000122070312,LIMESTONE,,20.0,10.0,24.0,22,26351
310712,W,DOMESTIC,-84.18943,40.742166999999995,DIGITIZED,ALLEN,AMERICAN,1963-05-24,147.0,823.9000244140625,LIMESTONE,,20.0,37.0,43.0,42,286079
310735,W,DOMESTIC,-84.059387,40.716637,DIGITIZED,ALLEN,PERRY,1956-06-08,82.0,922.7000122070312,LIMESTONE,,15.0,51.0,58.0,58,173419
310747,W,,-83.998967,40.764908999999996,DIGITIZED,ALLEN,BATH,1947-10-18,65.0,913.5,LIMESTONE,,,29.0,36.0,36,2424
310821,W,DOMESTIC,-84.183539,40.737268,DIGITIZED,ALLEN,AMERICAN,1956-05-26,62.0,832.5999755859375,LIMESTONE,,8.0,38.0,48.0,60,142850
310824,W,DOMESTIC,-83.89995499999999,40.85035,DIGITIZED,ALLEN,RICHLAND,1955-05-15,52.0,881.9000244140625,LIMESTONE,,,24.0,39.0,50,120479
310825,W,DOMESTIC,-83.97543999999999,40.91138,DIGITIZED,ALLEN,RICHLAND,1952-07-30,70.0,792.5999755859375,LIMESTONE,,,15.0,20.0,15,86214
310826,W,DOMESTIC,-84.143801,40.676536,DIGITIZED,ALLEN,SHAWNEE,1953-06-22,42.0,868.5999755859375,GRAVEL,,18.0,35.0,42.0,,120056
310827,W,DOMESTIC,-84.137649,40.690111,DIGITIZED,ALLEN,SHAWNEE,1955-03-24,70.0,867.0999755859375,GRAVEL,,15.0,33.0,70.0,,139830
310828,W,DOMESTIC,-84.170403,40.724339,DIGITIZED,ALLEN,SHAWNEE,1957-10-06,131.0,844.4000244140625,LIMESTONE,,7.0,62.0,81.0,81,192075
311359,W,,-84.28150000000001,40.696332999999996,,ALLEN,AMANDA,2007-06-20,170.0,840.5999755859375,LIMESTONE,ROTARY,20.0,50.0,53.0,168,978585
311466,W,DOMESTIC,-83.98305599999999,40.786111,GLOBAL POSITIONING SYSTEM,ALLEN,JACKSON,2007-07-11,74.0,926.4000244140625,LIMESTONE,AIR ROTARY,12.0,38.0,52.0,72,2011074
311524,W,MONITOR,-83.96849,40.83323,GLOBAL POSITIONING SYSTEM,ALLEN,MONROE,2007-05-07,30.0,861.2000122070312,SAND,AUGER,,30.0,20.0,,2009781
311587,W,DOMESTIC,-83.98305599999999,40.711667,GLOBAL POSITIONING SYSTEM,ALLEN,AUGLAIZE,2007-01-15,117.0,1008.2999877929688,GRAVEL,AIR ROTARY,10.0,65.0,112.0,,2007802
311800,W,DOMESTIC,-83.951944,40.784167,GLOBAL POSITIONING SYSTEM,ALLEN,JACKSON,2006-11-02,52.0,914.4000244140625,LIMESTONE,AIR ROTARY,15.0,20.0,30.0,50,2006487
311806,W,MUNICIPAL,-83.90182,40.88234,GLOBAL POSITIONING SYSTEM,ALLEN,RICHLAND,1966-04-28,100.0,828.7000122070312,LIMESTONE,,325.0,35.0,14.0,10,342024
311991,W,MONITOR,-84.108567,40.797816999999995,GLOBAL POSITIONING SYSTEM,ALLEN,BATH,2008-07-18,15.0,829.2000122070312,SAND,AUGER,,4.0,12.0,,2017766
312074,W,DOMESTIC,-84.266667,40.768056,GLOBAL POSITIONING SYSTEM,ALLEN,AMANDA,2006-10-04,49.0,803.0,LIMESTONE,AIR ROTARY,30.0,12.0,30.0,30,2005759
312232,W,DOMESTIC,-83.9096,40.848600000000005,GLOBAL POSITIONING SYSTEM,ALLEN,RICHLAND,2010-01-13,63.0,878.7000122070312,LIMESTONE,AIR ROTARY,12.0,30.0,39.5,33,2025998
312347,W,DOMESTIC,-84.294722,40.850833,GLOBAL POSITIONING SYSTEM,ALLEN,MARION,2009-11-17,46.0,766.7999877929688,LIMESTONE,AIR ROTARY,10.0,18.0,27.0,44,2025018
312371,W,MONITOR,-83.967944,40.832892,GLOBAL POSITIONING SYSTEM,ALLEN,RICHLAND,2009-02-02,20.0,861.5,SAND,AUGER,,20.0,10.0,,2021220
312418,W,DOMESTIC,-84.182333,40.843833,GLOBAL POSITIONING SYSTEM,ALLEN,SUGAR CREEK,2010-01-25,63.0,782.2999877929688,LIMESTONE,AIR ROTARY,2.0,18.0,27.0,21,2026391
312425,W,DOMESTIC,-83.93722199999999,40.883888999999996,GLOBAL POSITIONING SYSTEM,ALLEN,RICHLAND,2009-10-22,48.0,836.5999755859375,LIMESTONE,AIR HAMMER,20.0,28.0,32.0,28,2024773
312519,W,DOMESTIC,-84.058889,40.829722,GLOBAL POSITIONING SYSTEM,ALLEN,MONROE,2009-04-15,48.0,832.7999877929688,GRAVEL,AIR ROTARY,30.0,23.0,44.0,,2021810
312542,W,MONITOR,-84.09004999999999,40.737783,GLOBAL POSITIONING SYSTEM,ALLEN,BATH,2007-11-09,15.0,873.2000122070312,CLAY,AUGER,,,4.5,,2014280
312655,W,DOMESTIC,-84.281111,40.693889,,ALLEN,AMANDA,2007-10-11,93.0,849.2999877929688,LIMESTONE,CABLE TOOL,30.0,65.0,55.0,92,1005861
312741,W,DOMESTIC,-83.958317,40.760483,GLOBAL POSITIONING SYSTEM,ALLEN,JACKSON,2009-09-02,70.0,922.2999877929688,LIMESTONE,ROTARY,25.0,23.0,,68,1013437
312783,W,DOMESTIC,-84.122222,40.668333,,ALLEN,SHAWNEE,2010-02-01,60.0,893.7999877929688,LIMESTONE,CABLE TOOL,7.0,35.0,43.0,43,1011881
312817,W,DOMESTIC,-84.13360999999999,40.6835,GEOCODE,ALLEN,SHAWNEE,1985-07-12,88.0,874.0999755859375,GRAVEL,,20.0,55.0,88.0,,649689
312858,W,MONITOR,-83.96713,40.83246,GLOBAL POSITIONING SYSTEM,ALLEN,RICHLAND,2010-11-23,25.0,867.0999755859375,CLAY/SAND/SILT,AUGER,,17.0,15.0,,2030363
312870,W,MONITOR,-84.156767,40.73715,GLOBAL POSITIONING SYSTEM,ALLEN,AMERICAN,2010-04-20,13.0,842.2000122070312,CLAY,GEOPROBE,,4.0,3.0,,2027634
313021,W,DOMESTIC,-84.232267,40.75175,GLOBAL POSITIONING SYSTEM,ALLEN,AMANDA,2011-10-01,31.0,815.5999755859375,,CABLE TOOL,12.0,18.0,29.0,30,1013042
313022,W,DOMESTIC,-83.959167,40.681388999999996,GLOBAL POSITIONING SYSTEM,ALLEN,AUGLAIZE,2012-11-23,28.0,975.0999755859375,SHALE,CABLE TOOL,20.0,15.0,26.0,26,1016360
313260,W,MONITOR,-84.35365,40.70867,GLOBAL POSITIONING SYSTEM,ALLEN,SPENCER,2011-01-18,28.0,830.0999755859375,CLAY,AUGER,,18.5,18.0,,2031208
313317,W,DOMESTIC,-83.90830199999999,40.751031999999995,,ALLEN,JACKSON,1981-08-20,56.0,961.2999877929688,LIMESTONE,,20.0,18.0,31.0,23,606918
313350,W,DOMESTIC,-84.10795999999999,40.661429999999996,GEOCODE,ALLEN,SHAWNEE,1999-06-16,75.0,926.2000122070312,GRAVEL,CABLE TOOL,15.0,50.0,74.0,,895878
313361,W,DOMESTIC,-84.03236,40.81349,GEOCODE,ALLEN,BATH,1995-12-01,26.0,839.9000244140625,GRAVEL & SAND,CABLE TOOL,9.0,,28.0,,818001
313428,W,DOMESTIC,-84.308167,40.692333,GLOBAL POSITIONING SYSTEM,ALLEN,AMANDA,2013-12-05,64.0,846.5999755859375,LIMESTONE,AIR ROTARY,10.0,35.0,48.0,46,2046258
313626,W,DOMESTIC,-84.2865,40.835167,GLOBAL POSITIONING SYSTEM,ALLEN,MARION,2014-06-03,203.0,762.5999755859375,LIMESTONE,AIR ROTARY,7.0,20.0,26.5,18,2047938
313803,W,DOMESTIC,-83.952964,40.756175999999996,GLOBAL POSITIONING SYSTEM,ALLEN,JACKSON,2014-11-14,120.0,933.9000244140625,LIMESTONE,ROTARY,20.0,23.0,27.0,27,1017857
313882,W,DOMESTIC,-83.99445,40.721582999999995,GLOBAL POSITIONING SYSTEM,ALLEN,PERRY,2015-05-04,79.0,967.0,GRAVEL,ROTARY,25.0,40.0,79.0,,1018653
313965,W,MONITOR,-84.0406,40.788689999999995,GLOBAL POSITIONING SYSTEM,ALLEN,BATH,2017-04-11,14.0,,CLAY,GEOPROBE,,3.0,10.0,,2061932
314068,W,DOMESTIC,-84.28014999999999,40.75055,GLOBAL POSITIONING SYSTEM,ALLEN,AMANDA,2017-06-12,35.0,,LIMESTONE,ROTARY,20.0,13.0,30.0,30,1019616
314073,W,DOMESTIC,-84.31152999999999,40.80278,GLOBAL POSITIONING SYSTEM,ALLEN,MARION,2017-05-03,60.0,,LIMESTONE,AIR ROTARY,12.0,20.0,32.0,26,2062237
314185,W,DOMESTIC,-84.02216,40.764109999999995,GEOCODE,ALLEN,BATH,1996-04-01,44.0,894.0999755859375,LIMESTONE,CABLE TOOL,11.0,15.0,27.0,26,818018
314233,W,DOMESTIC,-84.311433,40.834517,GLOBAL POSITIONING SYSTEM,ALLEN,MARION,2019-09-20,50.0,,LIMESTONE,MUD/AIR ROTARY,15.0,13.0,29.0,,2075855
314388,W,PUBLIC/SEMI-PUB,-83.970387,40.784968,DIGITAL MAP,ALLEN,JACKSON,2018-10-16,46.0,,LIMESTONE,ROTARY,20.0,29.0,43.0,,1021050
314509,W,DOMESTIC,-84.303766,40.833233,GLOBAL POSITIONING SYSTEM,ALLEN,MARION,2017-09-21,58.0,,LIMESTONE,ROTARY,12.0,11.0,,25,1020288
314727,W,DOMESTIC,-84.0373,40.807483,GLOBAL POSITIONING SYSTEM,ALLEN,BATH,2018-02-20,65.0,,UNKNOWN,ROTARY,30.0,10.0,61.0,,1023570
314878,W,DOMESTIC,-84.0719,40.805383,GLOBAL POSITIONING SYSTEM,ALLEN,BATH,2019-08-02,112.0,,HARDPAN & GRAVEL,MUD/AIR ROTARY,15.0,24.0,114.0,,2074705
314970,W,DOMESTIC,-83.89908,40.698679999999996,GEOCODE,ALLEN,AUGLAIZE,1988-06-01,62.0,996.9000244140625,LIMESTONE,,12.0,8.0,35.0,32,680924
314971,W,DOMESTIC,-84.019363,40.789366,DIGITIZED,ALLEN,BATH,1957-09-07,60.0,881.2000122070312,LIMESTONE,,20.0,17.0,46.0,46,192872
314972,W,DOMESTIC,-84.175355,40.697336,DIGITIZED,ALLEN,SHAWNEE,1962-04-21,78.0,858.4000244140625,LIMESTONE,,7.0,22.0,72.0,72,264485
314973,W,DOMESTIC,-83.92415799999999,40.86861,DIGITIZED,ALLEN,RICHLAND,1959-11-05,42.0,855.9000244140625,LIMESTONE,,5.0,23.0,38.0,41,244958
314974,W,DOMESTIC,-84.164428,40.712756,DIGITIZED,ALLEN,SHAWNEE,1956-11-26,63.0,851.2000122070312,GRAVEL,,8.0,57.0,63.0,,181714
314975,W,AGRIC/IRRIG,-83.91855,40.836909999999996,GEOCODE,ALLEN,RICHLAND,1990-05-16,42.0,882.7999877929688,LIMESTONE,CABLE TOOL,18.0,19.0,36.0,27,698970
314976,W,DOMESTIC,-84.00091599999999,40.820476,DIGITIZED,ALLEN,MONROE,1952-10-29,55.0,856.5,LIMESTONE,,33.0,26.0,38.0,54,94327
314977,W,DOMESTIC,-83.98,40.71668,GEOCODE,ALLEN,AUGLAIZE,1992-05-15,99.0,987.0999755859375,GRAVEL,CABLE TOOL,20.0,60.0,99.0,,720138
314978,W,DOMESTIC,-83.99643999999999,40.76451,GEOCODE,ALLEN,BATH,1986-10-30,70.0,913.4000244140625,LIMESTONE,,10.0,33.0,33.0,30,636276
314980,W,DOMESTIC,-84.188183,40.706182999999996,DIGITIZED,ALLEN,SHAWNEE,1965-07-20,158.0,867.5999755859375,LIMESTONE,,5.0,70.0,97.0,97,319446
314982,W,DOMESTIC,-84.049843,40.721755,DIGITIZED,ALLEN,PERRY,1952-12-01,79.0,929.4000244140625,LIMESTONE,,20.0,55.0,60.0,60,100618
314983,W,DOMESTIC,-84.08057099999999,40.666215,DIGITIZED,ALLEN,PERRY,1963-06-07,127.0,952.7999877929688,LIMESTONE,,10.0,55.0,124.0,120,291114
314984,W,DOMESTIC,-84.01328,40.73292,GEOCODE,ALLEN,BATH,1993-11-15,125.0,949.5999755859375,LIMESTONE,ROTARY,15.0,60.0,56.0,52,786555
314985,W,DOMESTIC,-84.15628,40.79381,,ALLEN,AMERICAN,1991-12-06,113.0,805.5999755859375,STONE,ROTARY,30.0,19.0,113.0,97,745232
314988,W,DOMESTIC,-84.15565,40.687729999999995,GEOCODE,ALLEN,SHAWNEE,1977-03-10,41.0,851.0,GRAVEL,,15.0,38.0,41.0,,511880
314989,W,DOMESTIC,-84.19973,40.80741,GEOCODE,ALLEN,SUGAR CREEK,1984-09-28,40.0,790.5999755859375,LIMESTONE,,6.0,15.0,27.0,22,636292
314990,W,DOMESTIC,-84.13508,40.660419999999995,GEOCODE,ALLEN,SHAWNEE,1987-03-23,60.0,897.2999877929688,GRAVEL,CABLE TOOL,20.0,42.0,60.0,,654598
314991,W,DOMESTIC,-84.1598,40.691269999999996,GEOCODE,ALLEN,SHAWNEE,1988-10-20,105.0,843.0,GRAVEL,CABLE TOOL,12.0,60.0,105.0,,677670
314993,W,DOMESTIC,-84.22919,40.713119999999996,,ALLEN,AMANDA,1988-08-24,75.0,839.0999755859375,LIMESTONE,,6.0,,48.0,48,678548
314995,W,DOMESTIC,-84.16470000000001,40.77659,GEOCODE,ALLEN,AMERICAN,1990-10-09,175.0,818.2000122070312,LIMESTONE,CABLE TOOL,15.0,40.0,113.0,113,721356
314996,W,DOMESTIC,-84.105434,40.800641999999996,DIGITIZED,ALLEN,BATH,1956-02-22,65.0,812.4000244140625,LIMESTONE,,20.0,10.0,22.0,22,173404
314997,W,DOMESTIC,-84.201185,40.768118,DIGITIZED,ALLEN,AMERICAN,1962-08-01,80.0,791.4000244140625,LIMESTONE,,4.0,25.0,35.0,35,284454
314999,W,DOMESTIC,-84.091942,40.711462,DIGITIZED,ALLEN,PERRY,1955-05-14,40.0,888.2999877929688,GRAVEL,,6.0,20.0,40.0,,139840
315000,W,MONITOR,-84.11341,40.72199,GEOCODE,ALLEN,SHAWNEE,1994-10-18,31.0,864.0999755859375,LIMESTONE,AUGER,,,,26,827577
315001,W,MONITOR,-84.11341,40.72199,GEOCODE,ALLEN,SHAWNEE,1994-10-21,32.0,864.0999755859375,LIMESTONE,AUGER,,,,31,827584
315002,W,MUNICIPAL,-83.902221,40.882639999999995,,ALLEN,RICHLAND,1968-06-20,212.0,826.7000122070312,LIMESTONE,,325.0,30.0,20.0,15,372623
315008,W,DOMESTIC,-83.89820999999999,40.66543,GEOCODE,ALLEN,AUGLAIZE,1983-03-01,84.0,1031.4000244140625,LIMESTONE,,15.0,30.0,52.0,49,623524
315009,W,DOMESTIC,-84.03236,40.80787,GEOCODE,ALLEN,BATH,1993-09-08,37.0,843.5999755859375,LIMESTONE,ROTARY,20.0,15.0,37.0,33,776145
315010,W,DOMESTIC,-83.93741,40.755759999999995,,ALLEN,JACKSON,1990-05-01,53.0,950.0,LIMESTONE,,8.0,40.0,42.0,42,704883
315011,W,DOMESTIC,-84.13687999999999,40.673988,DIGITIZED,ALLEN,SHAWNEE,1964-03-21,164.0,877.2999877929688,SAND & GRAVEL,,10.0,30.0,162.0,162,308804
315012,W,DOMESTIC,-84.18753799999999,40.724046,DIGITIZED,ALLEN,SHAWNEE,1957-10-30,55.0,833.7000122070312,LIMESTONE,,15.0,23.0,42.0,42,192882
315013,W,,-84.13123399999999,40.690841,DIGITIZED,ALLEN,SHAWNEE,1958-08-07,59.0,877.0,GRAVEL,,16.0,35.0,59.0,,224051
315014,W,DOMESTIC,-84.13261299999999,40.686219,DIGITIZED,ALLEN,SHAWNEE,1963-08-19,52.0,873.2999877929688,SAND & GRAVEL,,10.0,34.0,52.0,,291122
315016,W,DOMESTIC,-84.05922,40.78471,GEOCODE,ALLEN,BATH,1989-10-20,100.0,871.5999755859375,LIMESTONE,ROTARY,12.0,33.0,46.0,43,705129
315017,W,DOMESTIC,-84.10937,40.80368,GEOCODE,ALLEN,SUGAR CREEK,1981-05-21,125.0,810.0,LIMESTONE,,75.0,20.0,86.0,86,601657
315018,W,DOMESTIC,-84.01351,40.790372999999995,DIGITIZED,ALLEN,BATH,1964-06-03,58.0,886.5,LIMESTONE,,20.0,17.0,40.0,39,302387
315021,W,DOMESTIC,-84.134579,40.762135,DIGITIZED,ALLEN,AMERICAN,1957-07-24,60.0,845.4000244140625,GRAVEL,,18.0,35.0,60.0,,170867
315023,W,DOMESTIC,-83.93803,40.687142,DIGITIZED,ALLEN,AUGLAIZE,1954-03-23,54.0,984.7000122070312,LIMESTONE,,20.0,8.0,34.0,34,123513
315024,W,DOMESTIC,-83.986915,40.694827,DIGITIZED,ALLEN,AUGLAIZE,1960-10-03,47.0,952.5,LIMESTONE,,14.0,12.0,40.0,40,245581
315025,W,DOMESTIC,-84.328069,40.845183999999996,DIGITIZED,ALLEN,MARION,1960-12-21,75.0,774.0999755859375,LIMESTONE,,14.0,51.0,24.0,24,245880
315026,W,DOMESTIC,-83.92026899999999,40.702995,DIGITIZED,ALLEN,AUGLAIZE,1963-08-22,55.0,987.5,LIMESTONE,,18.0,15.0,31.0,31,286723
315027,W,DOMESTIC,-84.18133,40.82851,GEOCODE,ALLEN,SUGAR CREEK,1993-10-12,230.0,786.2999877929688,LIMESTONE,ROTARY,12.0,30.0,77.0,74,776159
315030,W,DOMESTIC,-84.08426,40.803219999999996,GEOCODE,ALLEN,BATH,1983-08-01,55.0,839.0,LIMESTONE,,100.0,17.0,47.0,47,643203
315031,W,DOMESTIC,-84.05936,40.808229999999995,GEOCODE,ALLEN,BATH,1996-01-19,31.0,845.0999755859375,SAND & GRAVEL,CABLE TOOL,10.0,,32.0,,818010
315032,W,DOMESTIC,-83.94032899999999,38.968472999999996,,ALLEN,PERRY,1955-05-23,87.0,937.5,SAND,,5.0,70.0,87.0,,154205
315033,W,DOMESTIC,-84.14551999999999,40.801559999999995,,ALLEN,AMERICAN,1973-09-20,47.0,804.7000122070312,LIMESTONE & ROCK,,10.0,20.0,13.0,13,379275
315034,W,DOMESTIC,-84.143529,40.718253,DIGITIZED,ALLEN,SHAWNEE,1954-07-16,113.0,860.5,GRAVEL,,20.0,92.0,113.0,,123532
315036,W,,-84.202835,40.807051,DIGITIZED,ALLEN,SUGAR CREEK,1958-09-10,35.0,782.7999877929688,LIMESTONE,,15.0,8.0,15.0,11,199800
315038,W,DOMESTIC,-84.179564,40.756401,DIGITIZED,ALLEN,AMERICAN,1964-01-29,113.0,830.0,LIMESTONE,,10.0,45.0,41.0,40,291149
315039,W,DOMESTIC,-84.16924999999999,40.779775,DIGITIZED,ALLEN,AMERICAN,1950-10-16,110.0,822.0999755859375,GRAVEL,,,,110.0,,56743
315040,W,DOMESTIC,-84.16924999999999,40.779775,DIGITIZED,ALLEN,AMERICAN,1959-01-13,54.0,822.0999755859375,GRAVEL,,10.0,21.0,54.0,,222258
315042,W,DOMESTIC,-83.9517,40.78823,GEOCODE,ALLEN,JACKSON,1990-10-10,45.0,915.9000244140625,GRAVEL & SHALE,CABLE TOOL,5.0,20.0,45.0,,721357
315043,W,DOMESTIC,-84.00068999999999,40.656200000000005,GEOCODE,ALLEN,PERRY,1987-11-30,55.0,954.7000122070312,LIMESTONE,,7.0,5.0,25.0,22,673364
315044,W,,-84.078464,40.785928,DIGITIZED,ALLEN,BATH,1962-09-23,41.0,845.9000244140625,SAND & GRAVEL,,10.0,15.0,41.0,,281605
315045,W,DOMESTIC,-84.026946,40.788976,DIGITIZED,ALLEN,BATH,1953-11-04,55.0,877.5,LIMESTONE,,20.0,12.0,43.0,43,123508
315046,W,DOMESTIC,-83.994569,40.733512,DIGITIZED,ALLEN,BATH,1961-06-12,58.0,930.0999755859375,LIMESTONE,,12.0,15.0,24.0,24,245597
315048,W,DOMESTIC,-84.13687999999999,40.673988,DIGITIZED,ALLEN,SHAWNEE,1953-08-09,54.0,877.2999877929688,GRAVEL,,8.0,44.0,54.0,,112902
315049,W,DOMESTIC,-83.89921,40.852900000000005,GEOCODE,ALLEN,RICHLAND,1994-07-14,115.0,874.2000122070312,LIMESTONE,ROTARY,9.0,64.0,37.0,35,786614
315050,W,DOMESTIC,-83.90776,40.848639999999996,GEOCODE,ALLEN,RICHLAND,1994-04-18,42.0,876.7000122070312,LIMESTONE,ROTARY,15.0,18.0,33.0,30,786585
315052,W,DOMESTIC,-84.05684,40.68757,,ALLEN,PERRY,1993-03-15,200.0,939.9000244140625,LIMESTONE,ROTARY,15.0,42.0,107.0,102,768194
315053,W,DOMESTIC,-84.04925,40.79873,GEOCODE,ALLEN,BATH,1990-09-14,42.0,840.7999877929688,GRAVEL,CABLE TOOL,14.0,26.0,42.0,,723767
315054,W,,-84.186891,40.844954,DIGITIZED,ALLEN,SUGAR CREEK,1952-11-04,99.0,778.2999877929688,LIMESTONE,,5.0,16.0,20.0,20,85167
315055,W,DOMESTIC,-84.15997999999999,40.70486,GEOCODE,ALLEN,SHAWNEE,1971-08-10,198.0,848.5,LIMESTONE,,40.0,75.0,180.0,180,438373
315056,W,DOMESTIC,-84.147562,40.692561,DIGITIZED,ALLEN,SHAWNEE,1955-05-17,65.0,855.5999755859375,GRAVEL,,9.0,28.0,65.0,,141817
315057,W,DOMESTIC,-84.147562,40.692561,DIGITIZED,ALLEN,SHAWNEE,1957-11-01,190.0,855.5999755859375,LIMESTONE,,15.0,20.0,130.0,130,187883
315061,W,DOMESTIC,-84.118034,40.788168999999996,DIGITIZED,ALLEN,AMERICAN,1963-11-11,106.0,829.7999877929688,LIMESTONE,,2.0,27.0,27.0,27,302366
315062,W,DOMESTIC,-84.135965,40.779027,DIGITIZED,ALLEN,AMERICAN,1961-05-26,72.0,834.0,LIMESTONE,,,45.0,32.0,31,251539
315063,W,DOMESTIC,-84.135965,40.779027,DIGITIZED,ALLEN,AMERICAN,1955-09-04,79.0,834.0,LIMESTONE,,,45.0,32.0,31,139078
315064,W,DOMESTIC,-84.301503,40.831506999999995,DIGITIZED,ALLEN,MARION,1959-08-17,39.0,778.4000244140625,LIMESTONE,,7.0,13.0,23.0,23,220175
315065,W,DOMESTIC,-84.094893,40.801902,DIGITIZED,ALLEN,BATH,1957-07-17,117.0,829.2000122070312,LIMESTONE,,5.0,16.0,33.0,30,154736
315066,W,DOMESTIC,-83.97222,40.73155,GEOCODE,ALLEN,JACKSON,1987-05-12,57.0,959.2999877929688,GRAVEL,,20.0,30.0,52.0,,661940
315069,W,DOMESTIC,-84.135965,40.779027,DIGITIZED,ALLEN,AMERICAN,1958-08-18,75.0,834.0,LIMESTONE,,,37.0,32.0,29,193129
315070,W,DOMESTIC,-83.97864,40.695479999999996,GEOCODE,ALLEN,AUGLAIZE,1989-04-21,56.0,948.7999877929688,LIMESTONE,CABLE TOOL,8.0,16.0,35.0,35,692391
315071,W,DOMESTIC,-83.92640999999999,40.76128,GEOCODE,ALLEN,JACKSON,1983-07-30,40.0,941.7999877929688,LIMESTONE,,30.0,20.0,27.0,24,622654
315072,W,DOMESTIC,-84.2626,40.81034,GEOCODE,ALLEN,MARION,1990-06-13,35.0,787.7000122070312,LIMESTONE,ROTARY,8.0,7.0,26.0,26,707324
315073,W,DOMESTIC,-84.15878599999999,40.694269,DIGITIZED,ALLEN,SHAWNEE,1961-09-18,40.0,841.2000122070312,SAND & GRAVEL,,15.0,27.0,40.0,,258469
315074,W,DOMESTIC,-84.168607,40.722182,DIGITIZED,ALLEN,SHAWNEE,1962-10-19,140.0,845.4000244140625,LIMESTONE,,10.0,69.0,81.0,81,274626
315075,W,DOMESTIC,-84.16465,40.6968,GEOCODE,ALLEN,SHAWNEE,1988-12-21,73.0,846.5999755859375,GRAVEL,CABLE TOOL,15.0,50.0,73.0,,677679
315081,W,DOMESTIC,-84.00842999999999,40.652969999999996,GEOCODE,ALLEN,AUGLAIZE,1989-10-18,45.0,943.0999755859375,GRAVEL,CABLE TOOL,20.0,25.0,45.0,,700565
315082,W,DOMESTIC,-84.16541,40.76668,,ALLEN,AMERICAN,1976-05-05,120.0,815.7000122070312,GRAVEL,,15.0,30.0,120.0,,511812
315083,W,DOMESTIC,-84.042067,40.760059,DIGITIZED,ALLEN,BATH,1959-08-04,47.0,874.7000122070312,LIMESTONE,,25.0,9.0,21.0,21,224081
315085,W,DOMESTIC,-84.25675199999999,40.770426,DIGITIZED,ALLEN,AMANDA,1959-08-02,35.0,801.7000122070312,LIMESTONE,,,,24.0,24,184690
315088,W,DOMESTIC,-84.03608799999999,40.702161,DIGITIZED,ALLEN,PERRY,1964-09-17,88.0,961.5,GRAVEL,,12.0,66.0,89.0,,319411
315089,W,DOMESTIC,-84.04688,40.80567,GEOCODE,ALLEN,BATH,1988-03-01,60.0,854.7000122070312,LIMESTONE,,20.0,20.0,45.0,40,673383
315090,W,DOMESTIC,-84.07896,40.79577,DIGITIZED,ALLEN,BATH,1963-08-28,100.0,852.9000244140625,LIMESTONE,,12.0,26.0,38.0,37,302354
315091,W,DOMESTIC,-84.008117,40.745467999999995,DIGITIZED,ALLEN,BATH,1957-04-25,62.0,917.5,LIMESTONE,,20.0,26.0,20.0,20,192854
315092,W,DOMESTIC,-84.11215,40.66471,,ALLEN,SHAWNEE,1992-12-16,92.0,908.7999877929688,SAND & GRAVEL,CABLE TOOL,8.0,,92.0,,761027
315093,W,DOMESTIC,-84.260851,40.698082,DIGITIZED,ALLEN,AMANDA,1961-12-08,65.0,837.5999755859375,LIMESTONE,,7.0,28.0,44.0,44,264477
315095,W,DOMESTIC,-84.10426,40.81744,,ALLEN,MONROE,1990-01-25,63.0,819.2000122070312,LIMESTONE,ROTARY,12.0,21.0,31.0,28,707051
320014,W,,-84.09132799999999,40.838665999999996,DIGITIZED,ALLEN,MONROE,1950-01-01,32.0,800.4000244140625,LIMESTONE,,,,19.0,19,56705
320016,W,,-84.033051,40.686003,DIGITIZED,ALLEN,PERRY,1950-05-05,131.0,963.7999877929688,SAND & GRAVEL,,,45.0,131.0,,30694
320024,W,,-84.05552999999999,40.883305,DIGITIZED,ALLEN,MONROE,,97.0,789.0,LIMESTONE,,,,19.0,19,56746
320025,W,,-84.126818,40.70811,DIGITIZED,ALLEN,SHAWNEE,1942-07-22,400.0,866.7000122070312,LIMESTONE & SHALE,,265.0,80.0,222.0,220,9902027
320026,W,,-84.172822,40.705498,DIGITIZED,ALLEN,SHAWNEE,1948-05-12,166.0,877.5,LIMESTONE,,20.0,60.0,165.0,165,26365
320027,W,,-84.142972,40.664001,DIGITIZED,ALLEN,SHAWNEE,1949-04-05,45.0,879.0,GRAVEL,,24.0,27.0,45.0,,49545
321848,W,DOMESTIC,-83.98807,40.745889999999996,GEOCODE,ALLEN,JACKSON,1996-10-12,50.0,926.5,LIMESTONE,ROTARY,30.0,21.0,42.0,42,843065
321854,W,DOMESTIC,-84.26722,40.84433,GEOCODE,ALLEN,MARION,1996-09-30,72.0,769.5999755859375,LIMESTONE,ROTARY,6.0,12.0,25.0,70,841993
321980,W,DOMESTIC,-84.24793,40.79276,GEOCODE,ALLEN,MARION,1998-06-15,55.0,798.2999877929688,LIMESTONE,ROTARY,15.0,12.0,35.0,35,866882
322026,W,DOMESTIC,-84.07788,40.79723,GEOCODE,ALLEN,BATH,1998-03-29,105.0,854.5999755859375,LIMESTONE,ROTARY,6.0,30.0,48.0,48,866857
322027,W,DOMESTIC,-84.02619,40.81071,GEOCODE,ALLEN,BATH,1998-03-05,64.0,859.4000244140625,LIMESTONE,ROTARY,30.0,19.0,44.0,44,866852
322038,W,DOMESTIC,-83.95827,40.87661,GEOCODE,ALLEN,RICHLAND,1998-04-14,95.0,833.0999755859375,LIMESTONE,ROTARY,3.0,20.0,27.0,24,867921
322061,W,DOMESTIC,-84.01324,40.78485,GEOCODE,ALLEN,BATH,1997-08-01,43.0,904.7999877929688,SAND & GRAVEL,CABLE TOOL,12.0,,43.0,,846776
322062,W,DOMESTIC,-84.30953,40.775279999999995,GEOCODE,ALLEN,MARION,1997-05-19,127.0,804.7000122070312,LIMESTONE,ROTARY,20.0,20.0,31.0,29,852583
322114,W,DOMESTIC,-84.02774,40.86396,GEOCODE,ALLEN,MONROE,1999-02-22,35.0,802.2000122070312,LIMESTONE,ROTARY,50.0,3.0,32.0,32,884344
322151,W,DOMESTIC,-84.12075,40.812239999999996,GEOCODE,ALLEN,SUGAR CREEK,1997-10-01,54.0,814.5,LIMESTONE,CABLE TOOL,10.0,,27.0,26,846811
322203,W,DOMESTIC,-84.12908999999999,40.83161,GEOCODE,ALLEN,SUGAR CREEK,1998-05-22,54.0,790.5999755859375,LIMESTONE,ROTARY,30.0,11.0,26.0,26,866866
322254,W,DOMESTIC,-84.03818,40.70212,GEOCODE,ALLEN,PERRY,1999-01-26,97.0,958.4000244140625,GRAVEL,CABLE TOOL,15.0,60.0,97.0,,879758
322256,W,DOMESTIC,-84.03199,40.81454,GEOCODE,ALLEN,BATH,1999-08-01,49.0,845.7999877929688,LIMESTONE,CABLE TOOL,15.0,,34.0,34,892941
322286,W,DOMESTIC,-84.37292,40.69215,GEOCODE,ALLEN,SPENCER,1999-10-19,113.0,856.9000244140625,LIMESTONE,ROTARY,10.0,48.0,78.0,73,902363
322367,W,PUBLIC/SEMI-PUB,-84.01290999999999,40.75447,GEOCODE,ALLEN,BATH,2000-06-01,70.0,923.5,LIMESTONE,CABLE TOOL,20.0,28.0,,32,892919
322405,W,DOMESTIC,-84.04975999999999,40.79851,GEOCODE,ALLEN,BATH,1999-12-01,52.0,843.2000122070312,SAND/GRAVEL/SHALE,CABLE TOOL,12.0,,52.0,,892931
322444,W,DOMESTIC,-84.00738,40.652919999999995,GEOCODE,ALLEN,AUGLAIZE,2000-08-03,100.0,943.2000122070312,LIMESTONE,ROTARY,15.0,37.0,41.0,41,914502
322573,W,DOMESTIC,-83.96103,40.819069999999996,GEOCODE,ALLEN,JACKSON,2001-07-24,50.0,885.4000244140625,LIMESTONE,ROTARY,30.0,21.0,39.0,39,936597
322860,W,DOMESTIC,-84.20197999999999,40.662,GEOCODE,ALLEN,SHAWNEE,2001-01-23,34.0,848.0,SHALE,CABLE TOOL,15.0,14.0,32.0,32,916227
322861,W,DOMESTIC,-83.97487,40.644659999999995,,ALLEN,AUGLAIZE,2000-10-27,100.0,1045.9000244140625,FILL MATERIAL,ROTARY,20.0,25.0,60.0,60,922089
322904,W,DOMESTIC,-83.90133999999999,40.78947,,ALLEN,JACKSON,2001-08-07,46.0,912.9000244140625,LIMESTONE,ROTARY,20.0,16.0,26.0,26,936558
323347,W,DOMESTIC,-83.95581,40.77167,GLOBAL POSITIONING SYSTEM,ALLEN,JACKSON,2003-02-28,62.0,897.7000122070312,LIMESTONE,ROTARY,15.0,28.0,32.0,32,947832
323360,W,DOMESTIC,-83.93736,40.748729999999995,,ALLEN,JACKSON,2002-09-17,76.0,956.9000244140625,LIMESTONE,ROTARY,12.0,44.0,35.0,31,949892
323406,W,DOMESTIC,-83.99383999999999,40.70874,GEOCODE,ALLEN,AUGLAIZE,1991-10-31,103.0,986.0,GRAVEL & SAND,ROTARY,20.0,63.0,98.0,,740571
323423,W,DOMESTIC,-84.05111,40.666709999999995,GEOCODE,ALLEN,PERRY,2002-09-23,86.0,917.4000244140625,GRAVEL,ROTARY,20.0,8.0,86.0,,947792
323472,W,DOMESTIC,-83.898569,40.731873,DIGITIZED,ALLEN,AUGLAIZE,1958-09-30,91.0,1009.0999755859375,LIMESTONE,,,42.0,62.0,89,210060
323473,W,MONITOR,-83.92085999999999,40.70854,,ALLEN,AUGLAIZE,1991-09-23,25.0,984.0,SILT,AUGER,,14.5,25.0,,741879
323503,W,DOMESTIC,-84.134439,40.690667999999995,DIGITIZED,ALLEN,SHAWNEE,1959-11-18,47.0,868.4000244140625,GRAVEL,,10.0,33.0,47.0,,220188
323504,W,DOMESTIC,-84.134439,40.690667999999995,DIGITIZED,ALLEN,SHAWNEE,1958-08-11,48.0,868.4000244140625,GRAVEL,,7.0,33.0,48.0,,192100
323514,W,DOMESTIC,-83.97959,40.71236,GEOCODE,ALLEN,AUGLAIZE,1989-01-12,130.0,1003.2000122070312,LIMESTONE,ROTARY,12.0,50.0,126.0,126,694240
323532,W,DOMESTIC,-84.18988999999999,40.6863,GEOCODE,ALLEN,SHAWNEE,2002-12-06,179.0,844.0,LIMESTONE,ROTARY,12.0,15.0,62.0,52,955464
323551,W,MONITOR,-84.07916999999999,40.730779999999996,,ALLEN,PERRY,2002-12-11,34.0,887.2999877929688,CLAY,AUGER,,0.0,24.0,,947542
323554,W,DOMESTIC,-84.081604,40.719837,DIGITIZED,ALLEN,PERRY,1954-09-02,165.0,884.4000244140625,LIMESTONE,,,96.0,36.0,160,120466
323579,W,DOMESTIC,-84.186359,40.773215,DIGITIZED,ALLEN,AMERICAN,1958-04-22,80.0,814.0,LIMESTONE,,5.0,19.0,27.0,27,192084
323591,W,DOMESTIC,-84.08968999999999,40.706309999999995,GEOCODE,ALLEN,PERRY,1988-10-14,48.0,891.2999877929688,GRAVEL,ROTARY,20.0,21.0,48.0,,690132
323602,W,DOMESTIC,-84.086449,40.803512999999995,DIGITIZED,ALLEN,BATH,1960-08-04,45.0,844.2000122070312,LIMESTONE,,5.0,24.0,38.0,40,208721
323625,W,DOMESTIC,-83.90719,40.892309999999995,GEOCODE,ALLEN,RICHLAND,1980-06-20,108.0,836.2999877929688,LIMESTONE,,5.0,40.0,39.0,39,554688
323651,W,DOMESTIC,-84.36513,40.68899,GEOCODE,ALLEN,SPENCER,1995-10-11,122.0,853.2999877929688,LIMESTONE,ROTARY,15.0,51.0,88.0,82,821924
323669,W,DOMESTIC,-84.23185,40.691579999999995,GLOBAL POSITIONING SYSTEM,ALLEN,AMANDA,2003-07-31,142.0,864.0,LIMESTONE,ROTARY,75.0,47.0,52.0,48,965152
323720,W,DOMESTIC,-83.89044,40.91197,GLOBAL POSITIONING SYSTEM,ALLEN,RICHLAND,2003-07-03,120.0,826.2000122070312,LIMESTONE,ROTARY,12.0,37.0,,83,963256
323757,W,DOMESTIC,-84.022459,40.7637,DIGITIZED,ALLEN,BATH,1953-06-10,59.0,885.0999755859375,LIMESTONE,,20.0,18.0,23.0,23,100638
323758,W,DOMESTIC,-84.08966099999999,40.711991999999995,DIGITIZED,ALLEN,PERRY,1950-12-08,125.0,886.0,SAND,,15.0,70.0,125.0,,82951
323769,W,DOMESTIC,-84.15878599999999,40.694269,DIGITIZED,ALLEN,SHAWNEE,1955-04-11,147.0,841.2000122070312,GRAVEL,,20.0,15.0,147.0,,139833
323781,W,DOMESTIC,-84.019363,40.789366,DIGITIZED,ALLEN,BATH,1964-05-05,59.0,881.2000122070312,LIMESTONE,,20.0,10.0,58.0,58,302378
323829,W,DOMESTIC,-83.97572199999999,40.746682,DIGITIZED,ALLEN,JACKSON,1960-09-30,53.0,926.7000122070312,LIMESTONE,,20.0,12.0,29.0,29,245580
324127,W,DOMESTIC,-84.04244,40.76831,GLOBAL POSITIONING SYSTEM,ALLEN,BATH,2004-10-14,175.0,899.0999755859375,,ROTARY,6.0,38.0,55.0,173,981341
324208,W,DOMESTIC,-84.17816599999999,40.843166,,ALLEN,SUGAR CREEK,2003-11-05,122.0,779.2000122070312,LIMESTONE,ROTARY,10.0,12.0,,117,972092
324247,W,DOMESTIC,-84.37666999999999,40.79617,GLOBAL POSITIONING SYSTEM,ALLEN,MARION,2003-12-19,109.0,790.7999877929688,LIMESTONE,ROTARY,10.0,30.0,34.0,106,972015
324360,W,DOMESTIC,-84.289666,40.832333,GLOBAL POSITIONING SYSTEM,ALLEN,MARION,2005-04-01,57.0,774.7999877929688,,ROTARY,12.0,14.0,26.0,21,987165
324412,W,DOMESTIC,-83.95416999999999,40.87735,GLOBAL POSITIONING SYSTEM,ALLEN,RICHLAND,2005-06-15,32.0,829.7000122070312,,CABLE TOOL,20.0,13.0,26.0,19,987316
324492,W,DOMESTIC,-84.28800000000001,40.838,GLOBAL POSITIONING SYSTEM,ALLEN,MARION,2005-05-31,188.0,769.0999755859375,,ROTARY,15.0,20.0,33.0,16,994955
324685,W,DOMESTIC,-83.95232999999999,40.75116,GLOBAL POSITIONING SYSTEM,ALLEN,JACKSON,2005-08-02,67.0,942.0999755859375,LIMESTONE,ROTARY,10.0,25.0,43.0,38,994969
324787,W,DOMESTIC,-84.06076,40.65598,GEOCODE,ALLEN,PERRY,1994-07-13,49.0,913.7999877929688,SAND & GRAVEL,CABLE TOOL,,,,,761067
324899,W,DOMESTIC,-84.199004,40.751038,DIGITIZED,ALLEN,AMERICAN,1956-11-25,142.0,824.5999755859375,LIMESTONE,,14.0,29.0,40.0,40,174085
324911,W,DOMESTIC,-84.16366099999999,40.779742999999996,DIGITIZED,ALLEN,AMERICAN,1955-08-02,103.0,813.4000244140625,LIMESTONE,,20.0,20.0,100.0,100,156833
324926,W,,-84.232379,40.801629999999996,DIGITIZED,ALLEN,MARION,1942-06-06,45.0,792.9000244140625,LIMESTONE,,,17.0,,21,9902014
325005,W,DOMESTIC,-84.31555999999999,40.8375,GLOBAL POSITIONING SYSTEM,ALLEN,MARION,2006-03-22,157.0,775.0999755859375,LIMESTONE,AIR ROTARY,6.0,80.0,27.0,22,2001843
325029,W,DOMESTIC,-84.10672199999999,40.704121,DIGITIZED,ALLEN,PERRY,1958-06-08,98.0,886.0999755859375,LIMESTONE,,10.0,30.0,43.0,32,160027
325045,W,DOMESTIC,-84.22353,40.78505,GEOCODE,ALLEN,AMERICAN,2006-04-19,62.0,800.4000244140625,LIMESTONE,AIR ROTARY,4.0,26.0,28.0,54,2002338
325152,W,,-84.34810999999999,40.736813999999995,DIGITIZED,ALLEN,SPENCER,,65.0,815.0,LIMESTONE,,,,,48,56464
325379,W,,-83.94088599999999,40.812492999999996,DIGITIZED,ALLEN,JACKSON,1948-09-02,43.0,899.5,SAND & GRAVEL,,,14.0,43.0,,38970
325530,W,DOMESTIC,-83.92993299999999,40.770216999999995,,ALLEN,JACKSON,2006-08-07,46.0,936.2999877929688,LIMESTONE,ROTARY,12.0,25.0,30.0,30,1004700
325574,W,DOMESTIC,-84.02435899999999,40.791339,DIGITIZED,ALLEN,BATH,1960-03-18,47.0,880.0,LIMESTONE,,20.0,11.0,46.0,46,224100
325576,W,DOMESTIC,-84.169788,40.708855,DIGITIZED,ALLEN,SHAWNEE,1953-06-09,178.0,869.5,GRAVEL,,9.0,73.0,178.0,124,85198
325643,W,PUBLIC/SEMI-PUB,-84.22366699999999,40.721900999999995,DIGITIZED,ALLEN,AMANDA,1954-09-24,37.0,833.2999877929688,GRAVEL,,,,36.0,,121426
325661,W,DOMESTIC,-84.000658,40.704656,DIGITIZED,ALLEN,PERRY,1961-08-01,129.0,989.0,GRAVEL,,15.0,60.0,128.0,,246693
325662,W,DOMESTIC,-84.18457,40.715120999999996,DIGITIZED,ALLEN,SHAWNEE,1963-10-19,83.0,864.5,LIMESTONE,,10.0,60.0,70.0,55,298561
326028,W,DOMESTIC,-84.09944399999999,40.666667,GLOBAL POSITIONING SYSTEM,ALLEN,PERRY,2006-11-21,111.0,945.7000122070312,GRAVEL,AIR ROTARY,10.0,68.0,106.0,,2006896
326145,W,DOMESTIC,-84.27919,40.70805,GLOBAL POSITIONING SYSTEM,ALLEN,AMANDA,2007-07-28,80.0,822.9000244140625,LIMESTONE,ROTARY,40.0,27.6,37.0,78,2011395
326149,W,DOMESTIC,-83.954967,40.752500000000005,,ALLEN,JACKSON,2006-12-20,82.0,941.0,LIMESTONE,ROTARY,15.0,25.0,27.0,80,1004661
326251,W,DOMESTIC,-84.36214,40.68797,GLOBAL POSITIONING SYSTEM,ALLEN,SPENCER,2007-07-17,172.0,858.0,LIMESTONE,ROTARY,25.0,51.300000000000004,84.0,77,2011057
326347,W,DOMESTIC,-84.28133299999999,40.750867,,ALLEN,AMANDA,2007-02-01,85.0,809.9000244140625,LIMESTONE,ROTARY,30.0,11.0,28.0,25,1004655
326763,W,MONITOR,-84.15691699999999,40.737300000000005,GLOBAL POSITIONING SYSTEM,ALLEN,AMERICAN,2008-11-06,14.399999618530273,841.4000244140625,SAND,AUGER,,8.0,2.0,,2019939
326960,W,DOMESTIC,-83.91167,40.693059999999996,,ALLEN,JACKSON,2009-11-16,41.0,998.7999877929688,LIMESTONE,CABLE TOOL,10.0,12.0,26.0,26,1011876
326961,W,DOMESTIC,-84.18861,40.68806,,ALLEN,SHAWNEE,2008-10-18,50.0,846.2000122070312,SHALE,CABLE TOOL,20.0,30.0,48.0,49,1011857
326979,W,DOMESTIC,-83.89372999999999,40.70335,,ALLEN,AUGLAIZE,2009-12-16,70.0,993.9000244140625,,ROTARY,25.0,9.0,30.0,30,1013407
327055,W,DOMESTIC,-84.02501699999999,40.713633,,ALLEN,PERRY,2008-08-11,160.0,953.9000244140625,LIMESTONE,ROTARY,4.0,65.0,65.0,65,1007234
327113,W,MONITOR,-84.108417,40.7979,GLOBAL POSITIONING SYSTEM,ALLEN,BATH,2010-03-05,12.0,828.4000244140625,CLAY,AUGER,,5.0,2.0,,2026608
327210,W,DOMESTIC,-84.21730000000001,40.793617,,ALLEN,AMERICAN,2007-08-29,50.0,796.7999877929688,LIMESTONE,ROTARY,12.0,15.0,30.0,29,1007205
327333,W,DOMESTIC,-83.904444,40.911389,GLOBAL POSITIONING SYSTEM,ALLEN,RICHLAND,2008-11-03,79.0,819.0999755859375,LIMESTONE,AIR ROTARY,15.0,18.0,26.0,77,2020040
327409,W,DOMESTIC,-84.050983,40.815833,,ALLEN,BATH,2007-09-01,42.0,851.2000122070312,LIMESTONE & SHALE,CABLE TOOL,12.0,22.0,39.0,39,997922
327617,W,DOMESTIC,-84.234167,40.712222,,ALLEN,AMANDA,2012-08-22,40.0,834.5,SHALE,CABLE TOOL,20.0,25.0,38.0,38,1016354
327618,W,DOMESTIC,-84.17075,40.722809999999996,GEOCODE,ALLEN,SHAWNEE,1969-06-05,51.0,828.5,GRAVEL,,20.0,36.0,50.0,,392133
327619,W,DOMESTIC,-83.92083,40.70597,GEOCODE,ALLEN,AUGLAIZE,1991-05-15,41.0,983.5,LIMESTONE,ROTARY,15.0,14.0,38.0,38,725302
327678,W,DOMESTIC,-84.253,40.785333,GLOBAL POSITIONING SYSTEM,ALLEN,MARION,2012-04-20,85.0,802.4000244140625,LIMESTONE,AIR ROTARY,5.0,20.0,39.0,36,2037849
327679,W,DOMESTIC,-84.270167,40.83,GLOBAL POSITIONING SYSTEM,ALLEN,MARION,2012-04-23,183.0,775.4000244140625,LIMESTONE,AIR ROTARY,8.0,15.0,25.0,65,2037850
327689,W,DOMESTIC,-84.22277799999999,40.698333,,ALLEN,AMANDA,2010-09-16,62.0,864.0999755859375,SHALE,CABLE TOOL,20.0,45.0,60.0,60,1013483
327790,W,MONITOR,-84.15691699999999,40.737432999999996,GLOBAL POSITIONING SYSTEM,ALLEN,AMERICAN,2010-05-13,14.0,840.7000122070312,CLAY,AUGER,,6.0,2.0,,2027172
327825,W,MONITOR,-84.122862,40.683713,GEOCODE,ALLEN,SHAWNEE,2011-08-29,28.0,878.0,SAND & GRAVEL,AUGER,,0.0,18.0,,2034662
327826,W,DOMESTIC,-83.946817,40.75775,,ALLEN,JACKSON,2011-08-29,60.0,932.0,LIMESTONE,ROTARY,25.0,26.0,32.0,58,1014579
327944,W,DOMESTIC,-84.374167,40.708667,GLOBAL POSITIONING SYSTEM,ALLEN,SPENCER,2011-11-09,143.0,826.9000244140625,LIMESTONE,AIR ROTARY,5.0,30.0,52.0,49,2035618
327995,W,DOMESTIC,-83.94885,40.759966999999996,,ALLEN,JACKSON,2010-11-16,60.0,929.2999877929688,LIMESTONE,ROTARY,20.0,22.0,32.0,32,1014608
328061,W,DOMESTIC,-83.99081699999999,40.672867,,ALLEN,AUGLAIZE,2010-10-08,73.0,947.2999877929688,LIMESTONE,ROTARY,10.0,7.0,30.0,30,1014618
328080,W,DOMESTIC,-81.00195,40.731417,,ALLEN,BATH,2010-09-01,70.0,1162.699951171875,LIMESTONE,ROTARY,20.0,32.0,47.0,47,1013436
328125,W,DOMESTIC,-83.9795,40.6948,GLOBAL POSITIONING SYSTEM,ALLEN,AUGLAIZE,2011-11-18,110.0,943.5,LIMESTONE,ROTARY,20.0,0.0,60.0,107,1014568
328334,W,DOMESTIC,-84.274667,40.685167,GLOBAL POSITIONING SYSTEM,ALLEN,AMANDA,2014-10-29,144.0,844.2999877929688,LIMESTONE,AIR ROTARY,10.0,30.0,63.0,84,2051074
328474,W,DOMESTIC,-83.961967,40.666567,GLOBAL POSITIONING SYSTEM,ALLEN,AUGLAIZE,2015-08-24,90.0,1024.300048828125,LIMESTONE,ROTARY,12.0,27.0,52.0,52,1018682
328597,W,DOMESTIC,-84.280992,40.724582,GLOBAL POSITIONING SYSTEM,ALLEN,AMANDA,2015-09-03,52.0,829.7999877929688,GRAVEL,AIR ROTARY,10.0,35.0,53.0,,2054352
328674,W,MONITOR,-84.0775,40.730333,GLOBAL POSITIONING SYSTEM,ALLEN,PERRY,2015-10-19,14.0,,GRAVEL,GEOPROBE,,5.0,4.0,,2055234
328693,W,HTG/COOLING,-84.03023499999999,40.722359999999995,MAP-OTHERS,ALLEN,PERRY,2015-03-11,265.0,937.7000122070312,LIMESTONE,ROTARY,,,41.0,38,2051306
328763,W,DOMESTIC,-84.090366,40.661415999999996,GLOBAL POSITIONING SYSTEM,ALLEN,PERRY,2017-06-19,205.0,,LIMESTONE,ROTARY,30.0,64.0,205.0,199,1020196
328851,W,DOMESTIC,-84.146829,40.780771,GLOBAL POSITIONING SYSTEM,ALLEN,AMERICAN,2016-09-21,143.0,,LIMESTONE,AIR ROTARY,30.0,52.0,98.0,90,2059111
328861,W,HTG/COOLING,-84.35043,40.776979999999995,GLOBAL POSITIONING SYSTEM,ALLEN,SPENCER,2016-08-05,150.0,,LIMESTONE,ROTARY,,,43.0,35,2058211
328880,W,DOMESTIC,-83.90771699999999,40.772617,GLOBAL POSITIONING SYSTEM,ALLEN,JACKSON,2016-05-16,85.0,,LIMESTONE,ROTARY,30.0,39.0,,44,1019461
329247,W,DOMESTIC,-84.203031,40.717441,DIGITAL MAP,ALLEN,SHAWNEE,2018-10-04,58.0,,LIMESTONE,ROTARY,30.0,29.0,55.0,,1021045
329315,W,DOMESTIC,-83.95343299999999,40.754532999999995,GLOBAL POSITIONING SYSTEM,ALLEN,JACKSON,2017-09-12,70.0,,LIMESTONE,ROTARY,30.0,23.0,26.0,20,1020287
329330,W,DOMESTIC,-83.9156,40.675565999999996,GLOBAL POSITIONING SYSTEM,ALLEN,AUGLAIZE,2019-01-05,50.0,,LIMESTONE,ROTARY,20.0,20.0,38.0,,1021072
329506,W,DOMESTIC,-84.308067,40.834382999999995,GLOBAL POSITIONING SYSTEM,ALLEN,MARION,2019-09-20,178.0,,LIMESTONE,MUD/AIR ROTARY,15.0,30.0,29.0,,2075859
329754,W,DOMESTIC,-83.975263,40.838978,DIGITIZED,ALLEN,RICHLAND,1950-06-02,64.0,864.2999877929688,LIMESTONE,,15.0,35.0,43.0,42,168821
329755,W,DOMESTIC,-83.94407799999999,40.83314,DIGITIZED,ALLEN,RICHLAND,1960-08-25,59.0,878.0999755859375,LIMESTONE,,,17.0,36.0,57,210098
329756,W,DOMESTIC,-84.13539,40.66071,GEOCODE,ALLEN,SHAWNEE,1976-09-24,52.0,895.2999877929688,GRAVEL,,15.0,40.0,52.0,,511806
329759,W,DOMESTIC,-83.92083,40.70597,GEOCODE,ALLEN,AUGLAIZE,1991-05-13,41.0,983.5,LIMESTONE,,15.0,14.0,41.0,35,725307
329760,W,DOMESTIC,-84.02435899999999,40.791339,DIGITIZED,ALLEN,BATH,1958-11-05,63.0,880.0,LIMESTONE,,20.0,12.0,47.0,47,224063
329761,W,DOMESTIC,-84.177302,40.703914999999995,DIGITIZED,ALLEN,SHAWNEE,1955-08-29,62.0,872.5,GRAVEL,,10.0,33.0,62.0,,156844
329762,W,DOMESTIC,-84.158104,40.710522,DIGITIZED,ALLEN,SHAWNEE,1955-05-19,133.0,843.0,GRAVEL,,25.0,40.0,133.0,,142814
329763,W,DOMESTIC,-83.89316,40.86318,GEOCODE,ALLEN,RICHLAND,1988-12-23,82.0,862.0999755859375,LIMESTONE,ROTARY,6.0,35.0,26.0,24,693259
329768,W,DOMESTIC,-84.23277,40.71017,,ALLEN,AMANDA,1987-10-09,48.0,840.2999877929688,GRAVEL,CABLE TOOL,20.0,30.0,48.0,,657175
329769,W,DOMESTIC,-84.013682,40.717040999999995,DIGITIZED,ALLEN,PERRY,1953-03-22,92.0,953.2000122070312,LIMESTONE,,15.0,30.0,64.0,64,100624
329770,W,DOMESTIC,-84.03824999999999,40.79323,GEOCODE,ALLEN,BATH,1991-09-10,62.0,868.2999877929688,LIMESTONE,ROTARY,15.0,21.0,59.0,55,737496
329771,W,DOMESTIC,-84.04933,40.745796999999996,DIGITIZED,ALLEN,BATH,1960-05-14,60.0,891.9000244140625,LIMESTONE,,20.0,21.0,33.0,33,245559
329772,W,,-84.076272,40.732602,DIGITIZED,ALLEN,BATH,1959-08-22,92.0,879.2999877929688,LIMESTONE,,10.0,70.0,41.0,87,208711
329773,W,DOMESTIC,-84.032017,40.762679999999996,DIGITIZED,ALLEN,BATH,1955-05-14,64.0,886.9000244140625,LIMESTONE,,20.0,20.0,21.0,21,156819
329774,W,DOMESTIC,-83.99409399999999,40.809641,DIGITIZED,ALLEN,JACKSON,1957-10-08,58.0,881.0,LIMESTONE,,20.0,23.0,39.0,39,192879
329777,W,DOMESTIC,-84.14108,40.68774,GEOCODE,ALLEN,SHAWNEE,1982-06-22,190.0,870.0,LIMESTONE,,40.0,58.0,175.0,175,618557
329779,W,DOMESTIC,-84.28075,40.7367,GEOCODE,ALLEN,AMANDA,1996-03-31,33.0,811.2999877929688,SAND & GRAVEL,CABLE TOOL,6.0,26.0,33.0,,812358
329781,W,DOMESTIC,-84.08946,40.694032,DIGITIZED,ALLEN,PERRY,1964-05-14,232.0,908.5,LIMESTONE,,30.0,60.0,220.0,220,279880
329782,W,DOMESTIC,-84.09177,40.71404,GEOCODE,ALLEN,PERRY,1957-04-30,40.0,885.5999755859375,GRAVEL,,,,40.0,,201601
329783,W,DOMESTIC,-84.093351,40.709703,DIGITIZED,ALLEN,PERRY,1955-11-22,47.0,893.0,GRAVEL,,15.0,24.0,47.0,,170859
329784,W,DOMESTIC,-84.306507,40.833856,DIGITIZED,ALLEN,MARION,1960-06-10,26.0,782.5,GRAVEL,,20.0,7.0,26.0,,245862
329785,W,DOMESTIC,-84.17667999999999,40.755939999999995,,ALLEN,AMERICAN,1988-08-25,137.0,827.4000244140625,LIMESTONE,,10.0,50.0,34.0,34,678549
329786,W,DOMESTIC,-83.936848,40.753074,DIGITIZED,ALLEN,JACKSON,1956-10-17,64.0,951.2999877929688,LIMESTONE,,15.0,39.0,40.0,50,199753
329787,W,DOMESTIC,-84.09442,40.80209,GEOCODE,ALLEN,BATH,1990-06-21,100.0,827.0,LIMESTONE,ROTARY,2.0,29.0,35.0,32,715024
329788,W,DOMESTIC,-84.16620999999999,40.82089,GEOCODE,ALLEN,SUGAR CREEK,1991-08-17,55.0,792.9000244140625,LIMESTONE,ROTARY,12.0,14.0,45.0,40,737495
329789,W,DOMESTIC,-84.16718999999999,40.704989999999995,GEOCODE,ALLEN,SHAWNEE,1971-12-30,170.0,852.7999877929688,LIMESTONE,,50.0,73.0,167.0,166,449512
329790,W,DOMESTIC,-84.16884,40.6937,GEOCODE,ALLEN,SHAWNEE,1993-04-19,47.0,843.9000244140625,GRAVEL,CABLE TOOL,15.0,15.0,47.0,,758671
329792,W,DOMESTIC,-84.02761,40.78226,GEOCODE,ALLEN,BATH,1981-07-22,124.0,887.2000122070312,LIMESTONE,,8.0,38.0,34.0,31,515492
329793,W,DOMESTIC,-84.101754,40.706668,DIGITIZED,ALLEN,PERRY,1957-03-18,42.0,883.5,GRAVEL,,6.0,61.0,42.0,,197511
329794,W,DOMESTIC,-84.10204499999999,40.705447,DIGITIZED,ALLEN,PERRY,1957-08-07,43.0,885.0,GRAVEL,,18.0,,43.0,,201614
329795,W,DOMESTIC,-84.091942,40.711462,DIGITIZED,ALLEN,PERRY,1964-03-05,45.0,888.2999877929688,SAND & GRAVEL,,10.0,30.0,45.0,,279874
329796,W,DOMESTIC,-84.15662999999999,40.79152,,ALLEN,AMERICAN,1994-03-22,125.0,812.5,GRAVEL,ROTARY,10.0,34.0,125.0,,784889
329797,W,DOMESTIC,-84.169366,40.790972,DIGITIZED,ALLEN,AMERICAN,1963-06-06,50.0,808.0999755859375,GRAVEL,,20.0,30.0,50.0,,279866
329798,W,DOMESTIC,-83.95898,40.78588,GEOCODE,ALLEN,JACKSON,1987-09-22,60.0,910.2000122070312,LIMESTONE,,10.0,24.0,37.0,34,665284
329799,W,DOMESTIC,-84.17927,40.745709999999995,GEOCODE,ALLEN,AMERICAN,1970-11-25,101.0,820.5999755859375,LIMESTONE,,15.0,40.0,35.0,34,409663
329800,W,DOMESTIC,-84.15787999999999,40.751400000000004,,ALLEN,AMERICAN,1969-06-20,114.0,838.9000244140625,LIMESTONE,,10.0,45.0,41.0,38,388516
329801,W,DOMESTIC,-83.88355,40.74677,GEOCODE,ALLEN,JACKSON,1989-08-10,75.0,980.7000122070312,LIMESTONE,ROTARY,20.0,40.0,41.0,38,700169
329802,W,DOMESTIC,-84.203417,40.697616,DIGITIZED,ALLEN,SHAWNEE,1955-05-28,88.0,878.5,SAND,,50.0,40.0,88.0,,159551
329803,W,DOMESTIC,-84.12237999999999,40.67142,GEOCODE,ALLEN,SHAWNEE,1995-08-23,102.0,904.5,LIMESTONE,CABLE TOOL,18.0,35.0,56.0,56,819981
329804,W,DOMESTIC,-83.88561,40.83433,GEOCODE,ALLEN,RICHLAND,1994-06-24,42.0,896.2000122070312,LIMESTONE,CABLE TOOL,6.0,18.0,,27,771621
329805,W,DOMESTIC,-84.127656,40.767452999999996,DIGITIZED,ALLEN,AMERICAN,1955-08-22,98.0,841.7999877929688,SAND & GRAVEL,,,35.0,97.0,,154704
329806,W,DOMESTIC,-84.154204,40.741323,DIGITIZED,ALLEN,AMERICAN,1954-09-20,162.0,847.0,SAND & GRAVEL,,,120.0,162.0,,62121
329807,W,DOMESTIC,-84.177385,40.773275999999996,DIGITIZED,ALLEN,AMERICAN,1963-06-07,60.0,820.5999755859375,LIMESTONE,,25.0,28.0,37.0,37,274643
329808,W,DOMESTIC,-84.25734,40.78396,GEOCODE,ALLEN,MARION,1993-11-16,42.0,807.2999877929688,LIMESTONE,ROTARY,10.0,22.0,36.0,36,784855
329809,W,DOMESTIC,-84.37816,40.79546,GEOCODE,ALLEN,MARION,1996-02-13,58.0,790.7999877929688,LIMESTONE,ROTARY,20.0,22.0,36.0,36,822331
329810,W,DOMESTIC,-84.05823,40.7881,GEOCODE,ALLEN,BATH,1988-10-05,101.0,867.5,LIMESTONE,ROTARY,17.0,33.0,55.0,55,689052
329812,W,DOMESTIC,-84.15481299999999,40.724506,DIGITIZED,ALLEN,SHAWNEE,1959-10-01,169.0,856.0,LIMESTONE,,12.0,81.0,112.0,112,220182
329813,W,DOMESTIC,-84.123121,40.703143999999995,DIGITIZED,ALLEN,SHAWNEE,1956-07-23,173.0,875.7999877929688,LIMESTONE,,10.0,115.0,173.0,105,159572
329816,W,DOMESTIC,-83.986915,40.694827,DIGITIZED,ALLEN,AUGLAIZE,1957-04-12,91.0,952.5,LIMESTONE,,,35.0,63.0,63,169630
329817,W,DOMESTIC,-84.230389,40.816921,DIGITIZED,ALLEN,MARION,1957-10-15,27.0,785.5,LIMESTONE,,15.0,6.0,15.0,8,199778
329818,W,DOMESTIC,-84.311914,40.775831,DIGITIZED,ALLEN,MARION,1957-09-30,71.0,803.4000244140625,LIMESTONE,,,20.0,32.0,32,205605
329819,W,DOMESTIC,-83.98067999999999,40.746328999999996,DIGITIZED,ALLEN,JACKSON,1959-04-09,65.0,931.0,LIMESTONE,,20.0,9.0,50.0,50,224067
329820,W,DOMESTIC,-83.99356999999999,40.747575,DIGITIZED,ALLEN,JACKSON,1954-04-26,84.0,936.5,LIMESTONE,,,39.0,50.0,82,120455
329821,W,DOMESTIC,-84.20933,40.6914,GEOCODE,ALLEN,SHAWNEE,1988-08-09,77.0,857.5,GRAVEL,CABLE TOOL,4.0,42.0,77.0,,677658
329822,W,DOMESTIC,-84.166601,40.758292999999995,DIGITIZED,ALLEN,AMERICAN,1964-07-06,128.0,818.5999755859375,LIMESTONE,,7.0,40.0,126.0,126,301095
329823,W,DOMESTIC,-84.112557,40.783922,DIGITIZED,ALLEN,AMERICAN,1958-04-19,71.0,843.5999755859375,LIMESTONE,,25.0,38.0,44.0,68,208705
329825,W,DOMESTIC,-84.07191999999999,40.803349999999995,GEOCODE,ALLEN,BATH,1989-09-21,56.0,844.9000244140625,GRAVEL,,5.0,35.0,56.0,,700556
329826,W,DOMESTIC,-84.15135,40.73383,,ALLEN,AMERICAN,1956-09-20,252.0,866.2999877929688,GRAVEL,,,,,,170259
329827,W,DOMESTIC,-84.149987,40.684042,DIGITIZED,ALLEN,SHAWNEE,1959-07-14,84.0,861.2999877929688,GRAVEL,,14.0,18.0,84.0,,224078
329828,W,DOMESTIC,-84.177302,40.703914999999995,DIGITIZED,ALLEN,SHAWNEE,1955-03-18,55.0,872.5,GRAVEL,,12.0,35.0,55.0,,156807
329829,W,PUBLIC/SEMI-PUB,-83.90897,40.880269999999996,GLOBAL POSITIONING SYSTEM,ALLEN,RICHLAND,1986-12-31,73.0,839.7999877929688,LIMESTONE,CABLE TOOL,10.0,49.0,27.0,25,665056
329830,W,MONITOR,-84.11341,40.72199,GEOCODE,ALLEN,SHAWNEE,1990-11-08,44.0,864.0999755859375,,AUGER,,36.0,35.0,,718102
329835,W,DOMESTIC,-84.08098,40.72061,GEOCODE,ALLEN,PERRY,1989-04-27,55.0,883.0,LIMESTONE,ROTARY,12.0,23.0,36.0,33,696691
329836,W,DOMESTIC,-84.025823,40.73187,DIGITIZED,ALLEN,BATH,1963-09-05,74.0,940.7999877929688,LIMESTONE,,16.0,49.0,42.0,41,302355
329837,W,DOMESTIC,-83.89963999999999,40.880900000000004,,ALLEN,RICHLAND,1991-10-23,93.0,841.5,LIMESTONE,CABLE TOOL,20.0,76.0,,25,740929
329838,W,DOMESTIC,-84.147562,40.692561,DIGITIZED,ALLEN,SHAWNEE,1960-03-18,126.0,855.5999755859375,GRAVEL,,7.0,34.0,126.0,,245852
329841,W,DOMESTIC,-84.078436,40.830661,DIGITIZED,ALLEN,MONROE,1955-05-18,45.0,817.5,LIMESTONE,,10.0,,27.0,27,153266
329842,W,DOMESTIC,-84.09828999999999,40.802614999999996,DIGITIZED,ALLEN,BATH,1956-09-11,50.0,831.0,LIMESTONE,,20.0,20.0,39.0,39,173435
329843,W,,-84.181866,40.844279,DIGITIZED,ALLEN,SUGAR CREEK,,64.0,780.7999877929688,LIMESTONE,,2.0,12.0,21.0,20,205612
329844,W,DOMESTIC,-84.171773,40.704432,DIGITIZED,ALLEN,SHAWNEE,1954-05-10,113.0,868.0999755859375,LIMESTONE,,,,85.0,80,123374
329845,W,DOMESTIC,-84.21961,40.69392,GEOCODE,ALLEN,SHAWNEE,1994-06-17,75.0,872.2999877929688,GRAVEL,CABLE TOOL,15.0,55.0,75.0,,786344
329846,W,DOMESTIC,-84.147562,40.692561,DIGITIZED,ALLEN,SHAWNEE,1962-04-02,50.0,855.5999755859375,GRAVEL,,10.0,25.0,50.0,,258478
329847,W,DOMESTIC,-84.147562,40.692561,DIGITIZED,ALLEN,SHAWNEE,1956-12-08,167.0,855.5999755859375,SAND & GRAVEL,,,42.0,167.0,,193105
329848,W,DOMESTIC,-84.15878599999999,40.694269,DIGITIZED,ALLEN,SHAWNEE,1963-04-13,111.0,841.2000122070312,GRAVEL,,18.0,16.0,111.0,,274636
329854,W,DOMESTIC,-84.135965,40.779027,DIGITIZED,ALLEN,AMERICAN,1960-01-09,75.0,834.0,LIMESTONE,,30.0,40.0,35.0,33,235034
329855,W,DOMESTIC,-84.135965,40.779027,DIGITIZED,ALLEN,AMERICAN,1957-01-24,71.0,834.0,LIMESTONE,,,50.0,35.0,34,170265
329856,W,DOMESTIC,-84.10865,40.800509999999996,GEOCODE,ALLEN,BATH,1991-11-01,49.0,818.5,GRAVEL & SAND,CABLE TOOL,8.0,31.0,49.0,,723784
329857,W,DOMESTIC,-84.233665,40.78438,DIGITIZED,ALLEN,MARION,1962-04-27,45.0,800.4000244140625,LIMESTONE,,8.0,13.0,29.0,29,258481
329858,W,DOMESTIC,-84.22346999999999,40.808029999999995,GEOCODE,ALLEN,MARION,1988-09-12,49.0,795.0,LIMESTONE,ROTARY,10.0,17.0,25.0,25,688035
329859,W,DOMESTIC,-83.947259,40.759008,DIGITIZED,ALLEN,JACKSON,1955-09-05,45.0,916.7999877929688,LIMESTONE,,20.0,9.0,16.0,16,156845
329860,W,MONITOR,-84.10701,40.73741,,ALLEN,AMERICAN,1996-04-17,12.0,857.0999755859375,,AUGER,,,,,836775
329861,W,PUBLIC/SEMI-PUB,-84.14838999999999,40.691500000000005,,ALLEN,SHAWNEE,1974-02-14,175.0,856.2999877929688,LIMESTONE,,100.0,35.0,148.0,148,379289
329863,W,DOMESTIC,-84.04901,40.88247,GEOCODE,ALLEN,MONROE,1993-10-27,64.0,788.2000122070312,LIMESTONE,ROTARY,30.0,7.0,26.0,26,779634
329864,W,DOMESTIC,-84.135965,40.779027,DIGITIZED,ALLEN,AMERICAN,1958-10-06,83.0,834.0,LIMESTONE,,,37.0,32.0,30,193135
329865,W,DOMESTIC,-83.88014,40.78311,GEOCODE,ALLEN,JACKSON,1996-05-08,62.0,940.2999877929688,LIMESTONE,ROTARY,12.0,7.0,26.0,17,828367
329866,W,DOMESTIC,-84.10983999999999,40.693754999999996,DIGITIZED,ALLEN,SHAWNEE,1962-12-18,30.0,888.0999755859375,SAND & GRAVEL,,10.0,14.0,30.0,,291101
329867,W,DOMESTIC,-83.93782999999999,40.86951,GEOCODE,ALLEN,RICHLAND,1994-12-05,68.0,850.0999755859375,LIMESTONE,CABLE TOOL,,,,41,791814
329868,W,DOMESTIC,-83.93746,40.847500000000004,GEOCODE,ALLEN,RICHLAND,1996-07-05,49.0,871.2999877929688,LIMESTONE,ROTARY,10.0,22.0,41.0,41,835519
329869,W,DOMESTIC,-84.04297,40.890139999999995,GEOCODE,ALLEN,MONROE,1971-04-21,50.0,783.7000122070312,LIMESTONE,,15.0,7.0,16.0,17,382388
329870,W,DOMESTIC,-84.09358,40.81717,GEOCODE,ALLEN,BATH,1973-05-09,61.0,819.7000122070312,LIMESTONE,,15.0,17.0,30.0,30,451875
329871,W,DOMESTIC,-84.07115,40.81675,GEOCODE,ALLEN,BATH,1984-07-18,78.0,834.0,LIMESTONE,,4.0,12.0,42.0,39,636288
329872,W,DOMESTIC,-84.16508999999999,40.77702,,ALLEN,AMERICAN,1995-06-07,92.0,815.2999877929688,SAND & GRAVEL,CABLE TOOL,12.0,,93.0,,791789
329873,W,DOMESTIC,-84.20526,40.686209999999996,GEOCODE,ALLEN,SHAWNEE,1987-06-22,73.0,859.0,GRAVEL,CABLE TOOL,6.0,40.0,73.0,,657156
329875,W,DOMESTIC,-84.137649,40.690111,DIGITIZED,ALLEN,SHAWNEE,1953-09-11,52.0,867.0999755859375,GRAVEL,,12.0,34.0,52.0,,115260
329876,W,DOMESTIC,-84.160234,40.697506,DIGITIZED,ALLEN,SHAWNEE,1964-10-13,132.0,842.5999755859375,SAND & GRAVEL,,10.0,19.0,132.0,,308825
329882,W,DOMESTIC,-84.02595,40.704186,DIGITIZED,ALLEN,PERRY,1964-10-24,73.0,963.7999877929688,SAND & GRAVEL,,12.0,43.0,73.0,,308828
329883,W,DOMESTIC,-84.04052999999999,40.8066,GEOCODE,ALLEN,BATH,1988-09-30,65.0,853.0999755859375,LIMESTONE,CABLE TOOL,8.0,15.0,45.0,45,677665
329884,W,DOMESTIC,-84.059899,40.774916999999995,DIGITIZED,ALLEN,BATH,1962-09-20,151.0,884.0,LIMESTONE,,,47.0,51.0,148,260687
329885,W,DOMESTIC,-84.003045,40.745428,DIGITIZED,ALLEN,BATH,1955-04-08,55.0,913.5,LIMESTONE,,20.0,13.0,18.0,18,156810
329886,W,DOMESTIC,-84.138707,40.680201,DIGITIZED,ALLEN,SHAWNEE,1951-08-07,44.0,868.0999755859375,GRAVEL,,18.0,30.0,44.0,,60196
329890,W,DOMESTIC,-84.128394,40.776044999999996,DIGITIZED,ALLEN,AMERICAN,1952-10-23,47.0,838.2000122070312,LIMESTONE,,,,33.0,33,100309
329891,W,DOMESTIC,-84.04799,40.7988,GEOCODE,ALLEN,BATH,1995-06-01,100.0,848.0999755859375,LIMESTONE,ROTARY,25.0,28.0,63.0,60,804492
329892,W,DOMESTIC,-84.01932,40.73128,GEOCODE,ALLEN,BATH,1995-08-29,77.0,943.0,LIMESTONE,CABLE TOOL,20.0,57.0,44.0,44,812355
329893,W,DOMESTIC,-83.927613,40.812433,DIGITIZED,ALLEN,JACKSON,1961-05-26,45.0,912.5999755859375,LIMESTONE,,12.0,15.0,43.0,42,260665
334789,W,,-83.920514,40.706807999999995,DIGITIZED,ALLEN,AUGLAIZE,1948-03-20,61.0,981.5,LIMESTONE,,,9.0,50.0,60,30656
334790,W,,-83.94114599999999,40.759584,DIGITIZED,ALLEN,JACKSON,1948-05-15,61.0,936.0999755859375,LIMESTONE,,20.0,12.0,16.0,16,26366
334791,W,,-83.950892,40.758721,DIGITIZED,ALLEN,JACKSON,1948-03-27,60.0,934.2999877929688,LIMESTONE,,20.0,20.0,29.0,28,26357
334792,W,,-83.976627,40.802445,DIGITIZED,ALLEN,JACKSON,1949-04-21,38.0,895.7000122070312,LIMESTONE,,,14.0,29.0,36,38988
334806,W,,-84.138125,40.694548,DIGITIZED,ALLEN,SHAWNEE,1948-09-16,74.0,862.5,GRAVEL,,24.0,38.0,74.0,,49518
334808,W,,-84.137196,40.687686,DIGITIZED,ALLEN,SHAWNEE,1950-08-10,64.0,865.4000244140625,SAND & GRAVEL,,15.0,44.0,64.0,,69643
336666,W,DOMESTIC,-84.23664,40.69048,,ALLEN,AMANDA,1996-11-06,67.0,868.0,SAND & GRAVEL,ROTARY,15.0,44.0,67.0,,843072
336800,W,DOMESTIC,-83.93674,40.86864,GEOCODE,ALLEN,RICHLAND,1999-07-22,110.0,851.0999755859375,LIMESTONE,ROTARY,8.0,44.0,36.0,36,884298
336803,W,DOMESTIC,-83.98304999999999,40.82407,GEOCODE,ALLEN,RICHLAND,1998-06-10,130.0,867.7999877929688,LIMESTONE,ROTARY,5.0,18.0,37.0,37,866878
336842,W,DOMESTIC,-83.98140000000001,40.69549,GLOBAL POSITIONING SYSTEM,ALLEN,AUGLAIZE,1998-08-27,56.0,940.4000244140625,LIMESTONE,ROTARY,100.0,12.0,33.0,33,866906
336850,W,DOMESTIC,-84.19931,40.75119,GEOCODE,ALLEN,AMERICAN,1997-08-13,45.0,824.9000244140625,LIMESTONE,ROTARY,10.0,25.0,45.0,42,852637
336856,W,DOMESTIC,-83.93712,40.79475,,ALLEN,JACKSON,1998-08-03,75.0,943.5,LIMESTONE,ROTARY,15.0,32.0,49.0,49,866895
336857,W,DOMESTIC,-83.91999,40.79174,GEOCODE,ALLEN,JACKSON,1998-03-19,43.0,926.2000122070312,LIMESTONE,ROTARY,30.0,23.0,40.0,40,866855
336858,W,DOMESTIC,-84.3107,40.82872,GEOCODE,ALLEN,MARION,1998-07-06,56.0,781.0,LIMESTONE,ROTARY,10.0,16.0,27.0,24,881934
336874,W,DOMESTIC,-83.91123999999999,40.89224,GEOCODE,ALLEN,RICHLAND,1998-06-04,59.0,836.7999877929688,LIMESTONE,ROTARY,15.0,30.0,36.0,34,867948
336885,W,DOMESTIC,-83.95165999999999,40.7716,GEOCODE,ALLEN,JACKSON,1997-11-11,53.0,903.7999877929688,LIMESTONE,ROTARY,10.0,22.0,28.0,26,867881
336891,W,DOMESTIC,-84.38938999999999,40.73572,GEOCODE,ALLEN,SPENCER,1997-08-05,46.0,810.5,SAND & GRAVEL,CABLE TOOL,,,46.0,,855203
336917,W,DOMESTIC,-84.348226,40.765104,,ALLEN,SPENCER,2000-08-03,110.0,811.0999755859375,LIMESTONE,ROTARY,10.0,35.0,39.0,39,914065
336948,W,DOMESTIC,-83.93526,40.86094,GEOCODE,ALLEN,RICHLAND,1999-07-13,140.0,856.0,LIMESTONE,ROTARY,10.0,57.0,,58,884313
337012,W,DOMESTIC,-83.89299,40.77588,GEOCODE,ALLEN,JACKSON,1998-10-23,48.0,941.2999877929688,LIMESTONE,ROTARY,12.0,18.0,28.0,28,884259
337025,W,DOMESTIC,-84.28078,40.73874,GEOCODE,ALLEN,AMANDA,1998-06-08,43.0,809.0999755859375,SAND & GRAVEL,CABLE TOOL,13.0,30.0,,,855219
337106,W,DOMESTIC,-84.21446,40.78743,GEOCODE,ALLEN,AMERICAN,1999-12-29,38.0,796.9000244140625,LIMESTONE,ROTARY,10.0,18.0,30.0,30,901914
337107,W,DOMESTIC,-83.91709,40.71712,GEOCODE,ALLEN,AUGLAIZE,1999-09-30,110.0,1041.9000244140625,LIMESTONE,ROTARY,30.0,77.0,85.0,85,901866
337108,W,DOMESTIC,-84.29315,40.796389999999995,GEOCODE,ALLEN,MARION,1999-09-15,53.0,784.5999755859375,LIMESTONE,ROTARY,5.0,16.0,25.0,22,897758
337244,W,DOMESTIC,-83.918097,40.700193,GEOCODE,ALLEN,AUGLAIZE,2000-07-01,35.0,990.4000244140625,LIMESTONE,CABLE TOOL,10.0,12.0,28.0,27,892901
337245,W,DOMESTIC,-84.36417,40.80123,GEOCODE,ALLEN,MARION,2000-07-10,33.0,787.7999877929688,LIMESTONE,CABLE TOOL,7.0,17.0,33.0,31,890253
337633,W,DOMESTIC,-84.10074999999999,40.81719,,ALLEN,BATH,2001-01-17,50.0,818.2000122070312,LIMESTONE,ROTARY,20.0,21.0,36.0,36,922117
337653,W,DOMESTIC,-84.03726999999999,40.79388,GEOCODE,ALLEN,BATH,2001-09-14,50.0,866.4000244140625,LIMESTONE,ROTARY,20.0,21.0,43.0,48,936581
337669,W,DOMESTIC,-84.07603999999999,40.80352,GEOCODE,ALLEN,BATH,2001-08-01,83.0,856.5,LIMESTONE,ROTARY,5.0,30.0,64.0,60,935917
337705,W,DOMESTIC,-84.27417,40.82522,GEOCODE,ALLEN,MARION,2001-09-18,42.0,778.0,LIMESTONE,ROTARY,10.0,16.0,27.0,22,935881
337835,W,DOMESTIC,-84.242,40.687400000000004,GEOCODE,ALLEN,AMANDA,2001-08-31,78.0,866.0,LIMESTONE,CABLE TOOL,6.0,55.0,70.0,70,932586
337936,W,DOMESTIC,-84.28067999999999,40.73204,GEOCODE,ALLEN,AMANDA,2001-11-13,70.0,821.0,LIMESTONE,ROTARY,10.0,40.0,57.0,68,940595
337937,W,DOMESTIC,-83.9089,40.82008,GEOCODE,ALLEN,RICHLAND,2001-11-12,50.0,905.7999877929688,LIMESTONE,ROTARY,12.0,17.0,40.0,48,940596
338038,W,DOMESTIC,-84.25719,40.77533,GEOCODE,ALLEN,MARION,2001-06-01,28.0,802.7999877929688,SHALE & LIMESTONE,CABLE TOOL,12.0,12.0,27.0,27,892913
338046,W,DOMESTIC,-83.94851,40.92004,GEOCODE,ALLEN,RICHLAND,2002-05-01,35.0,789.9000244140625,LIMESTONE,CABLE TOOL,10.0,5.4,26.0,8,938504
338156,W,DOMESTIC,-84.34904,40.7595,GEOCODE,ALLEN,SPENCER,2002-03-14,97.0,810.2000122070312,LIMESTONE,ROTARY,10.0,40.0,38.0,34,941113
338214,W,DOMESTIC,-84.027205,40.71405,DIGITIZED,ALLEN,PERRY,1961-06-06,96.0,948.7000122070312,LIMESTONE,,,49.0,60.0,95,260666
338236,W,DOMESTIC,-84.17176599999999,40.704158,DIGITIZED,ALLEN,SHAWNEE,1955-06-07,136.0,867.2000122070312,GRAVEL,,10.0,36.0,136.0,,142819
338247,W,DOMESTIC,-84.09340399999999,40.710023,DIGITIZED,ALLEN,PERRY,1955-11-14,47.0,893.0999755859375,GRAVEL,,15.0,27.0,47.0,,170858
338327,W,DOMESTIC,-84.01826,40.76405,GEOCODE,ALLEN,BATH,1996-08-16,110.0,902.9000244140625,LIMESTONE,ROTARY,30.0,30.0,40.0,40,843030
338430,W,DOMESTIC,-83.99377,40.6473,GEOCODE,ALLEN,AUGLAIZE,1995-11-03,90.0,997.2999877929688,LIMESTONE,ROTARY,20.0,6.0,70.0,67,828319
338471,W,,-84.187389,40.840325,DIGITIZED,ALLEN,SUGAR CREEK,1957-06-12,53.0,781.2000122070312,LIMESTONE,,7.0,12.0,23.0,21,154731
338478,W,DOMESTIC,-84.015788,40.746134,DIGITIZED,ALLEN,BATH,1956-08-20,70.0,924.5,LIMESTONE,,20.0,32.0,26.0,26,173429
338480,W,DOMESTIC,-84.183289,40.757363,DIGITIZED,ALLEN,AMERICAN,1956-09-30,39.0,826.5,GRAVEL,,6.0,25.0,39.0,,174078
338526,W,DOMESTIC,-84.094959,40.819801999999996,DIGITIZED,ALLEN,MONROE,1955-04-20,51.0,816.4000244140625,LIMESTONE,,8.0,,33.0,33,153261
338533,W,DOMESTIC,-84.09972599999999,40.703795,DIGITIZED,ALLEN,PERRY,1959-08-20,42.0,894.5,GRAVEL & SAND,,8.0,25.0,42.0,,229475
338552,W,DOMESTIC,-84.164428,40.712756,DIGITIZED,ALLEN,SHAWNEE,1960-11-21,82.0,851.2000122070312,GRAVEL,,8.0,68.0,82.0,,245874
338564,W,DOMESTIC,-84.175752,40.693813,DIGITIZED,ALLEN,SHAWNEE,1963-02-11,60.0,864.7999877929688,GRAVEL,,10.0,20.0,60.0,,281618
338619,W,DOMESTIC,-83.99105999999999,40.81053,GLOBAL POSITIONING SYSTEM,ALLEN,JACKSON,2003-07-17,63.0,889.2999877929688,LIMESTONE,ROTARY,15.0,24.0,48.0,61,963252
338630,W,DOMESTIC,-84.26147,40.691248,DIGITIZED,ALLEN,AMANDA,1963-08-20,43.0,825.5999755859375,LIMESTONE,,20.0,19.0,24.0,22,286631
338641,W,PUBLIC/SEMI-PUB,-84.303,40.83246,GLOBAL POSITIONING SYSTEM,ALLEN,MARION,1988-10-14,220.0,777.5999755859375,LIMESTONE,ROTARY,20.0,40.0,26.0,23,690131
338642,W,PUBLIC/SEMI-PUB,-84.18068,40.84465,GLOBAL POSITIONING SYSTEM,ALLEN,SUGAR CREEK,1986-09-08,280.0,777.4000244140625,LIMESTONE,,12.0,6.0,211.0,19,651932
338776,W,DOMESTIC,-84.024333,40.7685,,ALLEN,BATH,2003-09-08,75.0,902.0999755859375,LIMESTONE,ROTARY,15.0,22.0,41.0,36,965545
338813,W,DOMESTIC,-83.93383,40.724669999999996,GLOBAL POSITIONING SYSTEM,ALLEN,AUGLAIZE,2003-09-23,100.0,1012.7999877929688,LIMESTONE,ROTARY,20.0,45.0,92.0,98,963229
338824,W,MONITOR,-84.33487,40.83143,GEOCODE,ALLEN,SHAWNEE,2003-05-08,27.0,777.2000122070312,STONE,ROTARY,,,15.0,14,951353
338939,W,DOMESTIC,-84.110226,40.773772,DIGITIZED,ALLEN,AMERICAN,1966-06-15,102.0,851.0999755859375,GRAVEL,,12.0,63.0,102.0,,337041
339071,W,MONITOR,-84.33487,40.83143,GEOCODE,ALLEN,SHAWNEE,2003-08-28,28.0,777.2000122070312,CONCRETE,ROTARY,,,17.0,16,964841
339072,W,MONITOR,-84.33487,40.83143,GEOCODE,ALLEN,SHAWNEE,2003-08-20,12.0,777.2000122070312,STONE,AUGER,,,6.0,,964837
339089,W,DOMESTIC,-84.24367,40.78968,GLOBAL POSITIONING SYSTEM,ALLEN,MARION,2003-09-26,34.0,798.2999877929688,SHALE,CABLE TOOL,10.0,14.0,32.0,32,962738
339183,W,DOMESTIC,-83.88494999999999,40.862559999999995,GEOCODE,ALLEN,RICHLAND,2003-10-01,27.0,866.5999755859375,SAND & CLAY,CABLE TOOL,7.0,14.0,26.0,26,960957
339214,W,DOMESTIC,-84.001,40.832609999999995,GLOBAL POSITIONING SYSTEM,ALLEN,MONROE,2004-07-08,54.0,852.0,LIMESTONE,ROTARY,12.0,20.0,39.0,52,981404
339306,W,DOMESTIC,-84.271166,40.816500000000005,GLOBAL POSITIONING SYSTEM,ALLEN,MARION,2005-05-09,149.0,781.2000122070312,,ROTARY,20.0,20.0,148.0,50,987172
339368,W,DOMESTIC,-84.11222,40.66361,GLOBAL POSITIONING SYSTEM,ALLEN,SHAWNEE,2004-08-16,70.0,911.7000122070312,SHALE,CABLE TOOL,20.0,35.0,67.0,67,978599
339443,W,DOMESTIC,-84.12889,40.79222,GLOBAL POSITIONING SYSTEM,ALLEN,AMERICAN,2005-04-06,50.0,821.0999755859375,,CABLE TOOL,6.0,25.0,32.0,49,978624
339444,W,DOMESTIC,-83.88167,40.769169999999995,GLOBAL POSITIONING SYSTEM,ALLEN,JACKSON,2005-05-23,35.0,949.7000122070312,LIMESTONE,CABLE TOOL,15.0,6.0,26.0,34,978629
339476,W,DOMESTIC,-84.22382999999999,40.8005,GLOBAL POSITIONING SYSTEM,ALLEN,AMERICAN,2004-12-09,33.0,794.2000122070312,,ROTARY,20.0,13.0,30.0,31,987216
339498,W,DOMESTIC,-83.90625,40.68175,GLOBAL POSITIONING SYSTEM,ALLEN,AUGLAIZE,2004-02-01,55.0,1006.5,,ROTARY,20.0,20.0,37.0,37,981343
339659,W,DOMESTIC,-84.33225,40.70717,GEOCODE,ALLEN,SPENCER,2005-07-07,67.0,840.2999877929688,SAND & GRAVEL,CABLE TOOL,12.0,44.0,,64,962756
339702,W,DOMESTIC,-84.36865999999999,40.6993,GLOBAL POSITIONING SYSTEM,ALLEN,SPENCER,2005-10-08,97.0,840.7000122070312,LIMESTONE,ROTARY,10.0,34.0,67.0,64,997756
339885,W,DOMESTIC,-84.005375,40.770680999999996,DIGITIZED,ALLEN,BATH,1958-07-05,76.0,888.7000122070312,LIMESTONE,,15.0,38.0,76.0,47,199793
339903,W,,-84.16805699999999,40.836998,DIGITIZED,ALLEN,SUGAR CREEK,1950-12-14,57.0,783.7999877929688,LIMESTONE,,,56.5,27.0,23,5894
339917,W,DOMESTIC,-84.020686,40.810905,DIGITIZED,ALLEN,BATH,1955-12-06,51.0,859.5999755859375,LIMESTONE,,,21.0,35.0,50,120494
339944,W,DOMESTIC,-84.24251799999999,40.702948,DIGITIZED,ALLEN,AMANDA,1956-04-20,55.0,846.5,LIMESTONE,,,,,50,121447
340073,W,DOMESTIC,-84.23333,40.70861,GLOBAL POSITIONING SYSTEM,ALLEN,AMANDA,2006-03-20,43.0,839.4000244140625,SHALE,CABLE TOOL,20.0,20.0,40.0,42,997873
340074,W,DOMESTIC,-84.09138999999999,40.78389,GLOBAL POSITIONING SYSTEM,ALLEN,BATH,2005-10-06,75.0,851.7999877929688,LIMESTONE,CABLE TOOL,6.0,45.0,50.0,74,997854
340124,W,DOMESTIC,-84.36410699999999,40.80142,DIGITIZED,ALLEN,MARION,1964-03-24,119.0,787.5,LIMESTONE,,16.0,17.0,40.0,37,301078
340125,W,,-83.907359,40.918653,DIGITIZED,ALLEN,RICHLAND,1948-05-03,70.0,809.0999755859375,LIMESTONE,,,15.0,20.0,20,39611
340234,W,DOMESTIC,-83.951476,40.829146,DIGITIZED,ALLEN,RICHLAND,1958-03-31,64.0,886.7999877929688,LIMESTONE,,20.0,30.0,47.0,47,192886
340343,W,,-84.078091,40.687037,DIGITIZED,ALLEN,PERRY,1950-10-18,67.0,942.0999755859375,GRAVEL,,,,67.0,,56745
340538,W,DOMESTIC,-84.192151,40.755631,DIGITIZED,ALLEN,AMERICAN,1960-03-24,68.0,814.0999755859375,LIMESTONE,,15.0,23.0,31.0,31,245552
340539,W,DOMESTIC,-84.182577,40.737607,DIGITIZED,ALLEN,AMERICAN,1956-05-26,119.0,831.7000122070312,LIMESTONE,,5.0,38.0,43.0,117,142848
340541,W,DOMESTIC,-83.935739,40.869216,GEOCODE,ALLEN,RICHLAND,2006-08-22,110.0,850.9000244140625,LIMESTONE,ROTARY,20.0,34.0,37.0,33,1004695
340558,W,DOMESTIC,-84.07064,40.835285,DIGITIZED,ALLEN,MONROE,1953-09-08,61.0,820.5999755859375,LIMESTONE,,,,24.0,24,101287
340584,W,DOMESTIC,-84.30140999999999,40.833525,DIGITIZED,ALLEN,MARION,1955-10-02,56.0,782.2000122070312,LIMESTONE,,2.0,11.0,25.0,25,141837
340631,W,DOMESTIC,-84.174706,40.774881,DIGITIZED,ALLEN,AMERICAN,1961-07-07,38.0,816.9000244140625,GRAVEL,,10.0,24.0,38.0,,264459
340632,W,DOMESTIC,-83.929532,40.70605,DIGITIZED,ALLEN,AUGLAIZE,1956-12-20,70.0,999.7000122070312,LIMESTONE,,,29.0,53.0,53,169609
340633,W,DOMESTIC,-83.936779,40.752623,DIGITIZED,ALLEN,JACKSON,1956-10-03,60.0,948.0,LIMESTONE,,10.0,38.0,35.0,45,199752
340634,W,DOMESTIC,-84.281421,40.824743,DIGITIZED,ALLEN,MARION,1965-04-26,141.0,775.4000244140625,LIMESTONE,,7.0,7.0,21.0,16,317280
340964,W,DOMESTIC,-83.900556,40.85,GLOBAL POSITIONING SYSTEM,ALLEN,RICHLAND,2007-09-25,53.0,879.2999877929688,LIMESTONE,AIR ROTARY,20.0,28.0,36.0,49,2012726
341218,W,DOMESTIC,-84.25719,40.814879999999995,,ALLEN,MARION,2007-08-14,40.0,784.0,LIMESTONE,ROTARY,24.0,12.3,26.0,20,2011939
341348,W,DOMESTIC,-84.2825,40.797778,GLOBAL POSITIONING SYSTEM,ALLEN,MARION,2006-11-24,107.0,779.5,LIMESTONE,AIR ROTARY,10.0,22.0,27.0,21,2007070
341369,W,DOMESTIC,-83.8904,40.694182999999995,,ALLEN,AUGLAIZE,2007-05-07,42.0,1000.5,LIMESTONE,ROTARY,10.0,11.0,27.0,27,1006383
341564,W,DOMESTIC,-84.22433,40.79403,GLOBAL POSITIONING SYSTEM,ALLEN,MARION,2006-11-06,114.0,793.4000244140625,LIMESTONE,ROTARY,70.0,13.0,27.0,24,2006662
341812,W,DOMESTIC,-84.08035,40.827483,,ALLEN,MONROE,2008-05-01,28.0,821.5999755859375,,CABLE TOOL,12.0,15.0,27.0,26,997926
342027,W,DOMESTIC,-84.27300000000001,40.7002,GLOBAL POSITIONING SYSTEM,ALLEN,AMANDA,2010-01-25,63.0,818.4000244140625,LIMESTONE,AIR ROTARY,10.0,30.0,37.0,38,2026004
342612,W,DOMESTIC,-83.96369,40.69884,GEOCODE,ALLEN,AUGLAIZE,1989-10-27,200.0,968.7999877929688,LIMESTONE,ROTARY,12.0,20.0,68.0,82,705132
342648,W,DOMESTIC,-83.903667,40.888000000000005,GLOBAL POSITIONING SYSTEM,ALLEN,RICHLAND,2011-02-14,248.0,816.7999877929688,LIMESTONE,AIR ROTARY,8.0,70.0,40.0,35,2032173
342667,W,DOMESTIC,-83.91666699999999,40.84,GLOBAL POSITIONING SYSTEM,ALLEN,RICHLAND,2010-07-20,43.0,876.5999755859375,LIMESTONE,AIR ROTARY,15.0,15.0,29.0,21,2028465
342852,W,DOMESTIC,-83.93724999999999,40.707716999999995,GLOBAL POSITIONING SYSTEM,ALLEN,AUGLAIZE,2012-06-18,90.0,1005.2000122070312,LIMESTONE,ROTARY,25.0,38.0,,70,1014547
342891,W,DOMESTIC,-83.9875,40.671667,,ALLEN,AUGLAIZE,2012-07-26,32.0,958.5999755859375,SHALE,CABLE TOOL,20.0,15.0,31.0,31,1016351
343311,W,DOMESTIC,-84.32000000000001,40.735333,GLOBAL POSITIONING SYSTEM,ALLEN,AMANDA,2014-03-27,35.0,804.5,GRAVEL,AIR ROTARY,7.0,20.0,33.0,,2046991
343332,W,DOMESTIC,-84.272167,40.713333,GLOBAL POSITIONING SYSTEM,ALLEN,AMANDA,2014-08-26,55.0,801.0999755859375,LIMESTONE,AIR ROTARY,20.0,30.0,38.0,53,2049100
343480,W,DOMESTIC,-83.94915,40.760083,GLOBAL POSITIONING SYSTEM,ALLEN,JACKSON,2015-03-16,57.0,931.9000244140625,LIMESTONE,ROTARY,20.0,22.0,36.0,36,1017868
343516,W,DOMESTIC,-83.98667999999999,40.658485999999996,GLOBAL POSITIONING SYSTEM,ALLEN,AUGLAIZE,2014-06-23,100.0,976.5,LIMESTONE,ROTARY,20.0,28.0,74.0,95,1018144
343518,W,DOMESTIC,-84.07309,40.899656,GLOBAL POSITIONING SYSTEM,ALLEN,MONROE,2016-06-29,38.0,,LIMESTONE,AIR ROTARY,20.0,6.0,26.0,21,2057709
343531,W,DOMESTIC,-84.22345,40.78575,GLOBAL POSITIONING SYSTEM,ALLEN,AMERICAN,2015-08-07,70.0,800.0,LIMESTONE,ROTARY,9.0,26.0,34.0,34,1018677
343584,W,DOMESTIC,-84.2609,40.697567,GLOBAL POSITIONING SYSTEM,ALLEN,AMANDA,2016-10-31,77.0,,LIMESTONE,ROTARY,7.0,35.0,40.0,40,1019646
343777,W,DOMESTIC,-83.919912,40.711684999999996,DIGITAL MAP,ALLEN,AUGLAIZE,2017-01-15,75.0,,LIMESTONE,ROTARY,30.0,29.0,60.0,60,1020186
343856,W,PUBLIC/SEMI-PUB,-84.094329,40.787003,DIGITIZED,ALLEN,BATH,1956-01-13,150.0,828.0,LIMESTONE & CLAY,,,,32.0,29,173108
343879,W,DOMESTIC,-83.99472999999999,40.839439999999996,GEOCODE,ALLEN,MONROE,1994-07-13,42.0,856.7999877929688,GRAVEL & SAND,CABLE TOOL,,,,,761070
343881,W,DOMESTIC,-84.31474999999999,40.834579999999995,GEOCODE,ALLEN,MARION,1990-08-28,37.0,776.5999755859375,LIMESTONE,,5.0,22.0,28.0,28,677258
343991,W,DOMESTIC,-84.05191599999999,40.6713,GLOBAL POSITIONING SYSTEM,ALLEN,PERRY,2018-06-06,112.0,,SAND & GRAVEL,ROTARY,5.0,13.0,112.0,,1020706
344010,W,DOMESTIC,-84.042633,40.797115999999995,GLOBAL POSITIONING SYSTEM,ALLEN,BATH,2018-07-11,70.0,,LIMESTONE,ROTARY,25.0,31.0,60.0,,1020691
344128,W,DOMESTIC,-84.277267,40.725617,GLOBAL POSITIONING SYSTEM,ALLEN,AMANDA,2019-07-06,53.0,,GRAVEL,MUD/AIR ROTARY,10.0,31.0,52.0,,2074684
344134,W,DOMESTIC,-84.224978,40.695744,DIGITAL MAP,ALLEN,AMANDA,2018-08-28,90.0,,LIMESTONE,AIR ROTARY,20.0,49.0,72.0,,1021031
344299,W,DOMESTIC,-84.31445,40.80282,GEOCODE,ALLEN,MARION,1994-07-05,36.0,787.7000122070312,LIMESTONE,CABLE TOOL,8.0,21.0,,29,763600
344342,W,DOMESTIC,-84.066409,40.702726,DIGITAL MAP,ALLEN,PERRY,2018-07-25,78.0,,GRAVEL,ROTARY,30.0,52.0,78.0,,1020684
344582,W,MONITOR,-84.12611,40.68725,GLOBAL POSITIONING SYSTEM,ALLEN,SHAWNEE,2019-05-06,12.0,,CLAY,GEOPROBE,,6.0,1.0,,2073646
344617,W,DOMESTIC,-83.908057,40.819826,DIGITIZED,ALLEN,RICHLAND,1955-05-01,43.0,909.0999755859375,LIMESTONE,,,10.0,37.0,42,120478
344618,W,DOMESTIC,-84.12894,40.66491,,ALLEN,SHAWNEE,1991-01-04,50.0,886.5999755859375,GRAVEL,ROTARY,10.0,31.0,50.0,,725289
344622,W,DOMESTIC,-84.175355,40.697336,DIGITIZED,ALLEN,SHAWNEE,1962-09-18,120.0,858.4000244140625,LIMESTONE,,15.0,26.0,74.0,30,274623
344623,W,DOMESTIC,-84.164428,40.712756,DIGITIZED,ALLEN,SHAWNEE,1964-08-01,88.0,851.2000122070312,SAND & GRAVEL,,10.0,61.0,88.0,,308815
344624,W,DOMESTIC,-84.164428,40.712756,DIGITIZED,ALLEN,SHAWNEE,1964-08-08,99.0,851.2000122070312,GRAVEL,,7.0,66.0,99.0,,301100
344629,W,DOMESTIC,-84.016151,40.746151999999995,DIGITIZED,ALLEN,BATH,1955-10-25,77.0,922.2999877929688,LIMESTONE,,20.0,35.0,22.0,22,156850
344631,W,DOMESTIC,-84.11273,40.6865,,ALLEN,SHAWNEE,1990-05-03,35.0,871.9000244140625,GRAVEL,CABLE TOOL,20.0,18.0,35.0,,704882
344632,W,DOMESTIC,-84.187107,40.706500999999996,DIGITIZED,ALLEN,SHAWNEE,1964-09-22,145.0,870.9000244140625,LIMESTONE,,9.0,63.0,113.0,112,317256
344636,W,DOMESTIC,-84.10742599999999,40.653248,DIGITIZED,ALLEN,PERRY,1962-09-25,98.0,941.0999755859375,LIMESTONE,,15.0,41.0,50.0,47,286053
344640,W,DOMESTIC,-84.16313,40.838589999999996,GEOCODE,ALLEN,SUGAR CREEK,1987-09-28,32.0,783.0999755859375,LIMESTONE,CABLE TOOL,20.0,6.0,25.0,25,657173
344641,W,DOMESTIC,-84.16004,40.69285,GEOCODE,ALLEN,SHAWNEE,1973-05-30,79.0,841.2999877929688,GRAVEL,,15.0,22.0,79.0,,451884
344642,W,DOMESTIC,-84.20103999999999,40.72215,GEOCODE,ALLEN,SHAWNEE,1987-12-09,75.0,841.7999877929688,LIMESTONE,,20.0,40.0,46.0,46,662324
344643,W,DOMESTIC,-84.090169,40.681148,DIGITIZED,ALLEN,PERRY,1952-08-22,147.0,926.5,GRAVEL,,15.0,41.0,147.0,,100606
344644,W,DOMESTIC,-84.094409,40.712058999999996,DIGITIZED,ALLEN,PERRY,1955-11-12,38.0,883.9000244140625,GRAVEL,,4.0,18.0,38.0,,170857
344645,W,DOMESTIC,-84.10756099999999,40.709208,DIGITIZED,ALLEN,PERRY,1956-03-25,166.0,898.2999877929688,LIMESTONE,,6.0,121.0,51.0,49,169603
344646,W,DOMESTIC,-84.230519,40.814682,DIGITIZED,ALLEN,MARION,1963-07-18,46.0,786.7000122070312,LIMESTONE,,15.0,8.0,12.0,11,298551
344647,W,DOMESTIC,-84.281401,40.825327,DIGITIZED,ALLEN,MARION,1964-06-13,65.0,773.7000122070312,LIMESTONE,,6.0,12.0,21.0,18,301091
344648,W,DOMESTIC,-84.17320000000001,40.79304,,ALLEN,AMERICAN,1994-08-09,217.0,803.5,LIMESTONE,ROTARY,10.0,80.0,185.0,185,790414
344649,W,DOMESTIC,-84.02435899999999,40.791339,DIGITIZED,ALLEN,BATH,1964-12-23,42.0,880.0,GRAVEL,,8.0,10.0,43.0,,319426
344651,W,MONITOR,-84.11032999999999,40.72595,GEOCODE,ALLEN,SHAWNEE,1994-03-16,15.0,879.5999755859375,ASPHALT,AUGER,,4.0,14.0,,786276
344655,W,DOMESTIC,-84.24210000000001,40.71382,,ALLEN,AMANDA,1996-06-25,63.0,825.2999877929688,LIMESTONE,ROTARY,4.0,20.0,38.0,38,835526
344657,W,DOMESTIC,-84.056995,40.716609999999996,DIGITIZED,ALLEN,PERRY,1956-05-05,62.0,920.9000244140625,GRAVEL,,7.0,21.0,62.0,,159562
344660,W,DOMESTIC,-84.164428,40.712756,DIGITIZED,ALLEN,SHAWNEE,1964-09-17,190.0,851.2000122070312,LIMESTONE,,,77.0,136.0,124,306238
344661,W,DOMESTIC,-84.164428,40.712756,DIGITIZED,ALLEN,SHAWNEE,1961-05-22,102.0,851.2000122070312,GRAVEL,,,69.0,102.0,,251536
344662,W,DOMESTIC,-84.165292,40.700536,DIGITIZED,ALLEN,SHAWNEE,1962-06-16,58.0,848.5999755859375,GRAVEL,,6.0,15.0,58.0,,250950
344663,W,DOMESTIC,-84.36837,40.771879999999996,GEOCODE,ALLEN,SPENCER,1994-11-29,98.0,807.9000244140625,LIMESTONE,ROTARY,15.0,25.0,32.0,32,790435
344667,W,DOMESTIC,-83.91924,40.79192,GEOCODE,ALLEN,JACKSON,1989-12-30,55.0,922.7999877929688,LIMESTONE,ROTARY,15.0,21.0,36.0,33,705146
344668,W,DOMESTIC,-84.10564,40.70612,,ALLEN,PERRY,1962-07-06,121.0,892.2000122070312,SANDSTONE,,5.0,48.0,46.0,45,274612
344669,W,DOMESTIC,-84.02591,40.65371,GEOCODE,ALLEN,PERRY,1987-11-24,36.0,929.4000244140625,LIMESTONE,,14.0,14.0,28.0,28,626731
344670,W,DOMESTIC,-84.01688,40.653349999999996,GEOCODE,ALLEN,PERRY,1991-08-02,43.0,936.2999877929688,GRAVEL,CABLE TOOL,20.0,20.0,43.0,,728560
344671,W,DOMESTIC,-84.05153,40.681509999999996,GEOCODE,ALLEN,PERRY,1987-02-23,120.0,937.4000244140625,GRAVEL,CABLE TOOL,20.0,30.0,120.0,,654591
344672,W,DOMESTIC,-83.90861,40.7554,GEOCODE,ALLEN,JACKSON,1980-01-10,55.0,956.2999877929688,LIMESTONE,,15.0,19.0,38.0,52,502363
344673,W,DOMESTIC,-84.13687999999999,40.673988,DIGITIZED,ALLEN,SHAWNEE,1956-08-06,120.0,877.2999877929688,GRAVEL,,8.0,34.0,120.0,,174070
344674,W,,-84.12626,40.69188,GEOCODE,ALLEN,SHAWNEE,1983-08-07,300.0,891.2999877929688,LIMESTONE,,30.0,90.0,235.0,221,515486
344675,W,,-84.118106,40.715677,DIGITIZED,ALLEN,SHAWNEE,1962-11-15,203.0,875.0,LIMESTONE,,2.0,170.0,44.0,42,286060
344676,W,DOMESTIC,-84.175467,40.757971999999995,DIGITIZED,ALLEN,AMERICAN,1953-03-28,91.0,826.0,LIMESTONE,,2.0,25.0,41.0,41,85188
344679,W,DOMESTIC,-84.29584,40.82331,GEOCODE,ALLEN,MARION,1994-08-15,48.0,780.2999877929688,LIMESTONE,ROTARY,10.0,10.0,28.0,28,790518
344680,W,DOMESTIC,-84.013562,40.772514,DIGITIZED,ALLEN,BATH,1955-02-01,82.0,913.2000122070312,LIMESTONE,,,38.0,52.0,81,120474
344681,W,DOMESTIC,-84.14697,40.685900000000004,GEOCODE,ALLEN,SHAWNEE,1989-12-05,210.0,858.2999877929688,LIMESTONE,ROTARY,12.0,65.0,191.0,187,705143
344682,W,DOMESTIC,-84.18140000000001,40.84418,,ALLEN,SUGAR CREEK,1993-08-31,53.0,780.7999877929688,LIMESTONE,CABLE TOOL,5.0,20.0,25.0,25,773735
344683,W,DOMESTIC,-84.10798,40.66272,GEOCODE,ALLEN,SHAWNEE,1995-07-30,57.0,927.2000122070312,GRAVEL,CABLE TOOL,15.0,41.0,57.0,,818680
344684,W,DOMESTIC,-84.17914999999999,40.690039999999996,GEOCODE,ALLEN,SHAWNEE,1991-06-25,135.0,847.2999877929688,LIMESTONE,ROTARY,15.0,22.0,71.0,71,732323
344685,W,PUBLIC/SEMI-PUB,-84.13526,40.66361,GEOCODE,ALLEN,SHAWNEE,1985-07-25,141.0,891.0,LIMESTONE,,10.0,46.0,136.0,68,650793
344686,W,DOMESTIC,-84.191383,40.755905999999996,DIGITIZED,ALLEN,AMERICAN,1957-08-30,75.0,821.7000122070312,LIMESTONE,,10.0,31.0,38.0,70,199773
344688,W,PUBLIC/SEMI-PUB,-83.975292,40.655893999999996,DIGITIZED,ALLEN,AUGLAIZE,1962-07-13,62.0,1015.0,LIMESTONE,,15.0,34.0,43.0,43,266489
344689,W,DOMESTIC,-83.986915,40.694827,DIGITIZED,ALLEN,AUGLAIZE,1957-04-12,64.0,952.5,LIMESTONE,,,14.0,44.0,44,169629
344690,W,DOMESTIC,-83.978025,40.694322,DIGITIZED,ALLEN,AUGLAIZE,1956-04-04,68.0,944.5,LIMESTONE,,8.0,15.0,30.0,27,154711
344691,W,DOMESTIC,-83.980064,40.69396,DIGITIZED,ALLEN,AUGLAIZE,1960-08-29,27.0,940.0,LIMESTONE,,10.0,12.0,25.0,25,250905
344692,W,DOMESTIC,-84.17913899999999,40.757661,DIGITIZED,ALLEN,AMERICAN,1957-10-06,72.0,827.5,LIMESTONE,,4.0,26.0,36.0,36,192073
344696,W,DOMESTIC,-84.01016,40.76547,GEOCODE,ALLEN,BATH,1984-12-14,63.0,899.2999877929688,LIMESTONE,,6.0,28.0,31.0,26,651483
344697,W,COMMERCIAL,-84.17027,40.77296,,ALLEN,AMERICAN,1967-11-08,207.0,807.4000244140625,LIMESTONE,,45.0,28.0,41.0,39,366756
344698,W,DOMESTIC,-84.13644,40.801739999999995,,ALLEN,AMERICAN,1973-12-19,105.0,817.5,LIMESTONE,,50.0,29.0,100.0,100,514366
344699,W,DOMESTIC,-84.23308,40.8427,GEOCODE,ALLEN,MARION,1995-06-19,123.0,771.2000122070312,LIMESTONE,ROTARY,15.0,20.0,26.0,26,811937
344700,W,DOMESTIC,-84.21847,40.729243,DIGITIZED,ALLEN,SHAWNEE,1956-08-21,59.0,831.2999877929688,LIMESTONE,,20.0,23.0,35.0,35,166797
344703,W,DOMESTIC,-83.96800999999999,40.83556,GEOCODE,ALLEN,RICHLAND,1993-06-04,50.0,855.2999877929688,LIMESTONE,ROTARY,10.0,17.0,34.0,31,767870
344707,W,DOMESTIC,-84.147804,40.767842,DIGITIZED,ALLEN,AMERICAN,1956-10-01,72.0,844.2999877929688,LIMESTONE,,,,43.0,43,184668
344709,W,DOMESTIC,-84.03187,40.64835,GEOCODE,ALLEN,PERRY,1992-08-12,34.0,930.7999877929688,GRAVEL,CABLE TOOL,15.0,6.0,34.0,,758655
344714,W,DOMESTIC,-84.079044,40.830714,DIGITIZED,ALLEN,MONROE,1961-08-06,37.0,817.5,LIMESTONE,,5.0,18.0,23.0,36,208743
344715,W,DOMESTIC,-84.1579,40.69278,GEOCODE,ALLEN,SHAWNEE,1992-12-04,66.0,841.0,GRAVEL,CABLE TOOL,15.0,18.0,66.0,,758663
344716,W,,-84.186944,40.839681999999996,DIGITIZED,ALLEN,SUGAR CREEK,1957-08-17,108.0,783.2000122070312,LIMESTONE,,,11.0,28.0,22,205603
344717,W,DOMESTIC,-84.192258,40.701386,DIGITIZED,ALLEN,SHAWNEE,1945-11-17,72.0,878.0999755859375,GRAVEL,,15.0,58.0,72.0,,139817
344718,W,DOMESTIC,-84.13288,40.68128,GEOCODE,ALLEN,SHAWNEE,1986-10-30,335.0,874.5999755859375,LIMESTONE,,12.0,80.0,300.0,300,636274
344719,W,DOMESTIC,-84.147562,40.692561,DIGITIZED,ALLEN,SHAWNEE,1956-07-01,198.0,855.5999755859375,LIMESTONE,,14.0,36.0,181.0,181,174068
344723,W,MONITOR,-84.10701,40.73741,,ALLEN,AMERICAN,1996-04-16,18.0,857.0999755859375,ASPHALT,AUGER,,,3.0,,836751
344729,W,DOMESTIC,-84.056084,40.860741999999995,DIGITIZED,ALLEN,MONROE,1965-08-10,65.0,798.5,LIMESTONE,,12.0,15.0,20.0,19,342002
344730,W,PUBLIC/SEMI-PUB,-84.094668,40.837944,DIGITIZED,ALLEN,MONROE,1963-11-22,40.0,799.2999877929688,LIMESTONE,,25.0,14.0,21.0,,296934
344731,W,DOMESTIC,-84.21486999999999,40.74013,,ALLEN,AMERICAN,1985-07-23,40.0,827.2000122070312,GRAVEL,,20.0,28.0,40.0,,649691
344732,W,DOMESTIC,-84.15878599999999,40.694269,DIGITIZED,ALLEN,SHAWNEE,1954-05-17,204.0,841.2000122070312,GRAVEL,,20.0,23.0,204.0,,115288
344738,W,DOMESTIC,-83.9542,40.66929,GEOCODE,ALLEN,AUGLAIZE,1993-06-24,60.0,1026.800048828125,GRAVEL,CABLE TOOL,15.0,48.0,60.0,,773728
344741,W,,-84.21077199999999,40.718948999999995,DIGITIZED,ALLEN,SHAWNEE,1953-10-06,141.0,843.2999877929688,LIMESTONE,,,35.0,45.0,45,97340
344746,W,DOMESTIC,-84.05212,40.879239999999996,GEOCODE,ALLEN,MONROE,1992-11-18,32.0,789.7999877929688,LIMESTONE,CABLE TOOL,10.0,12.0,14.0,14,723796
344747,W,DOMESTIC,-84.022527,40.695524999999996,DIGITIZED,ALLEN,PERRY,1954-10-13,108.0,992.5,GRAVEL,,15.0,75.0,108.0,,123549
344748,W,DOMESTIC,-84.050843,40.767803,DIGITIZED,ALLEN,BATH,1962-05-09,62.0,882.5,LIMESTONE,,20.0,20.0,38.0,38,266477
344749,W,DOMESTIC,-83.99956399999999,40.745318,DIGITIZED,ALLEN,BATH,1956-04-11,61.0,918.7000122070312,LIMESTONE,,20.0,15.0,27.0,27,173409
344750,W,DOMESTIC,-84.013424,40.786507,DIGITIZED,ALLEN,BATH,1968-07-06,82.0,899.5,LIMESTONE,,16.0,39.0,65.0,63,372627
344751,W,DOMESTIC,-84.027113,40.78145,DIGITIZED,ALLEN,BATH,1968-05-18,67.0,890.5999755859375,LIMESTONE,,16.0,30.0,43.0,40,372620
344752,W,DOMESTIC,-84.138232,40.66099,DIGITIZED,ALLEN,SHAWNEE,1950-06-27,100.0,890.4000244140625,GRAVEL,,,,,,54994
344753,W,DOMESTIC,-84.15737,40.70675,,ALLEN,SHAWNEE,1977-07-18,95.0,842.4000244140625,GRAVEL,,15.0,50.0,95.0,,511888
344754,W,DOMESTIC,-84.28114599999999,40.729392,DIGITIZED,ALLEN,AMANDA,1957-05-02,40.0,821.5,GRAVEL,,,,40.0,,184669
344755,W,DOMESTIC,-83.92260999999999,40.760979999999996,GEOCODE,ALLEN,JACKSON,1992-09-02,70.0,944.5,LIMESTONE,ROTARY,10.0,35.0,52.0,49,755166
344756,W,DOMESTIC,-84.174706,40.774881,DIGITIZED,ALLEN,AMERICAN,1956-05-18,54.0,816.9000244140625,LIMESTONE,,,,25.0,25,121446
349589,W,,-84.11029099999999,40.779193,DIGITIZED,ALLEN,AMERICAN,1947-10-09,96.0,845.2000122070312,LIMESTONE,,,45.0,44.0,44,2420
349713,W,,-83.962666,40.665506,DIGITIZED,ALLEN,AUGLAIZE,1947-10-14,83.0,1019.2999877929688,LIMESTONE,,,30.0,54.0,80,30654
349715,W,,-84.01003999999999,40.771591,DIGITIZED,ALLEN,BATH,1951-05-15,81.0,894.0,LIMESTONE,,20.0,20.0,34.0,34,83415
349721,W,,-84.23015099999999,40.832999,DIGITIZED,ALLEN,MARION,1950-05-26,62.0,776.4000244140625,LIMESTONE,,,,24.0,24,56724
349723,W,,-84.072907,40.900025,DIGITIZED,ALLEN,MONROE,1950-09-09,35.0,776.2000122070312,LIMESTONE,,,,20.0,20,56741
349724,W,,-84.025229,40.709069,DIGITIZED,ALLEN,PERRY,1949-03-08,90.0,959.0,LIMESTONE,,,50.0,62.0,87,30668
349725,W,,-84.104609,40.709828,DIGITIZED,ALLEN,PERRY,1949-03-28,64.0,893.0999755859375,LIMESTONE,,,15.0,45.0,60,30670
349726,W,,-83.984836,40.823639,DIGITIZED,ALLEN,RICHLAND,1948-06-18,60.0,865.7000122070312,LIMESTONE,,,14.0,36.0,55,38963
349742,W,,-84.366794,40.685956,DIGITIZED,ALLEN,SPENCER,1942-06-06,119.0,865.4000244140625,LIMESTONE,,,,,96,9902030
351001,W,DOMESTIC,-84.09738,40.87529,GEOCODE,ALLEN,MONROE,1997-03-12,38.0,782.2999877929688,LIMESTONE,ROTARY,9.0,7.0,26.0,24,852562
351002,W,DOMESTIC,-84.37102,40.77216,GEOCODE,ALLEN,SPENCER,1997-04-01,111.0,810.0,LIMESTONE,ROTARY,15.0,18.0,26.0,24,852564
351498,W,DOMESTIC,-84.10428,40.81716,,ALLEN,BATH,1996-12-01,65.0,818.5999755859375,LIMESTONE,,7.0,34.0,41.0,39,846758
351499,W,DOMESTIC,-83.88087999999999,40.74678,GEOCODE,ALLEN,JACKSON,1997-01-31,80.0,991.5999755859375,LIMESTONE,ROTARY,20.0,35.0,,39,847499
351509,W,DOMESTIC,-84.04643999999999,40.84666,GEOCODE,ALLEN,MONROE,1996-11-20,43.0,822.0999755859375,LIMESTONE,ROTARY,7.0,16.0,34.0,34,841967
351611,W,DOMESTIC,-83.89941,40.72867,GEOCODE,ALLEN,AUGLAIZE,1999-07-20,100.0,1008.7999877929688,LIMESTONE,ROTARY,25.0,45.0,60.0,60,884295
351616,W,DOMESTIC,-84.2188,40.6941,GEOCODE,ALLEN,SHAWNEE,1998-06-12,120.0,871.2999877929688,LIMESTONE,ROTARY,12.0,54.0,81.0,81,866879
351674,W,DOMESTIC,-83.90746,40.848369999999996,GEOCODE,ALLEN,RICHLAND,1998-08-17,43.0,877.0999755859375,LIMESTONE,ROTARY,30.0,19.0,36.0,36,866901
351695,W,DOMESTIC,-84.31871,40.80968,GEOCODE,ALLEN,MARION,1997-09-29,27.0,785.7999877929688,LIMESTONE,CABLE TOOL,9.0,10.0,26.0,26,855206
351776,W,DOMESTIC,-84.24256,40.72416,,ALLEN,AMANDA,1997-12-11,72.0,833.0999755859375,LIMESTONE,CABLE TOOL,10.0,18.0,43.0,41,859473
351777,W,DOMESTIC,-84.2437,40.68866,GEOCODE,ALLEN,AMANDA,1997-12-18,70.0,860.5,SAND,CABLE TOOL,10.0,55.0,65.0,,859474
351838,W,DOMESTIC,-83.90686,40.89232,GEOCODE,ALLEN,RICHLAND,1999-01-16,203.0,837.0,LIMESTONE,ROTARY,3.0,70.0,39.0,35,889247
351892,W,DOMESTIC,-84.37113,40.73605,GEOCODE,ALLEN,AMANDA,1997-12-05,51.0,817.4000244140625,SAND & GRAVEL,CABLE TOOL,11.0,20.0,,,855209
351898,W,DOMESTIC,-84.24725,40.78752,GEOCODE,ALLEN,MARION,1999-08-20,32.0,798.9000244140625,SAND,CABLE TOOL,6.0,15.0,28.0,,895892
351901,W,DOMESTIC,-83.9116,40.878609999999995,GEOCODE,ALLEN,RICHLAND,1999-09-25,160.0,839.2999877929688,LIMESTONE,ROTARY,15.0,70.0,27.0,25,901862
351911,W,DOMESTIC,-83.96874,40.78089,,ALLEN,JACKSON,1999-08-23,50.0,898.5999755859375,LIMESTONE,ROTARY,12.0,25.0,31.0,27,902299
351918,W,DOMESTIC,-84.31560999999999,40.841539999999995,GEOCODE,ALLEN,MARION,1999-08-26,173.0,773.5999755859375,LIMESTONE,ROTARY,15.0,97.0,,120,902300
351985,W,DOMESTIC,-84.02772,40.83696,GEOCODE,ALLEN,MONROE,1999-07-26,52.0,829.2999877929688,LIMESTONE,ROTARY,20.0,9.0,32.0,32,884301
352048,W,OTHER,-83.90666,40.89232,GEOCODE,ALLEN,RICHLAND,1999-08-24,115.0,837.5,LIMESTONE,,12.0,64.0,,86,898027
352055,W,DOMESTIC,-83.93427,40.64966,GEOCODE,ALLEN,AUGLAIZE,1999-11-10,110.0,1042.9000244140625,LIMESTONE,CABLE TOOL,15.0,40.0,81.0,81,895901
352389,W,MONITOR,-84.11354999999999,40.74255,,ALLEN,AMERICAN,2000-06-20,25.0,888.9000244140625,SILT,AUGER,,,5.0,,924117
352458,W,DOMESTIC,-84.38398,40.80105,GEOCODE,ALLEN,MARION,2001-10-22,42.0,794.2999877929688,LIMESTONE,ROTARY,25.0,25.0,38.0,35,935888
352502,W,DOMESTIC,-83.92340999999999,40.87019,GEOCODE,ALLEN,RICHLAND,2000-10-26,122.0,849.2000122070312,LIMESTONE,ROTARY,2.0,60.0,31.0,26,926968
352512,W,DOMESTIC,-84.35833,40.75741,GEOCODE,ALLEN,SPENCER,2001-04-30,46.0,812.5999755859375,SHALE,CABLE TOOL,12.0,20.0,45.0,44,921660
352959,W,DOMESTIC,-83.97240000000001,40.78346,GEOCODE,ALLEN,JACKSON,2002-02-04,55.0,909.0,LIMESTONE,ROTARY,15.0,30.0,41.0,37,941108
353001,W,DOMESTIC,-83.628964,40.730675,,ALLEN,RICHLAND,1971-09-21,57.0,920.0,LIMESTONE,,40.0,16.0,,29,430056
353023,W,DOMESTIC,-84.07994,40.687957999999995,DIGITIZED,ALLEN,PERRY,1963-08-14,100.0,933.0,GRAVEL,,8.0,40.0,100.0,,281625
353031,W,DOMESTIC,-83.929417,40.898818,DIGITIZED,ALLEN,RICHLAND,1963-09-17,49.0,820.2999877929688,LIMESTONE,,12.0,24.0,31.0,30,302357
353034,W,,-84.14147,40.68597,GEOCODE,ALLEN,SHAWNEE,1976-07-21,189.0,863.4000244140625,SAND & GRAVEL,,15.0,49.0,180.0,,501272
353043,W,DOMESTIC,-83.91821999999999,40.83949,GEOCODE,ALLEN,RICHLAND,2002-09-30,71.0,877.7000122070312,LIMESTONE,ROTARY,20.0,30.0,53.0,49,949893
353059,W,DOMESTIC,-84.10552299999999,40.702456999999995,DIGITIZED,ALLEN,PERRY,1956-04-03,104.0,883.2999877929688,LIMESTONE,,,38.0,50.0,50,169608
353183,W,DOMESTIC,-83.99387999999999,40.73005,GEOCODE,ALLEN,AUGLAIZE,2002-03-30,90.0,944.4000244140625,LIMESTONE,ROTARY,30.0,41.0,80.0,87,940557
353193,W,DOMESTIC,-84.137649,40.690111,DIGITIZED,ALLEN,SHAWNEE,1955-05-05,78.0,867.0999755859375,GRAVEL,,15.0,35.0,78.0,,139838
353237,W,DOMESTIC,-84.02960999999999,40.787675,DIGITIZED,ALLEN,BATH,1958-10-28,61.0,880.7000122070312,LIMESTONE,,20.0,15.0,42.0,42,224060
353247,W,DOMESTIC,-84.10032199999999,40.79989,DIGITIZED,ALLEN,BATH,1954-02-01,50.0,834.7999877929688,LIMESTONE,,10.0,,42.0,42,126105
353272,W,DOMESTIC,-84.07988999999999,40.794869999999996,GEOCODE,ALLEN,BATH,1994-11-08,150.0,847.5,LIMESTONE,ROTARY,20.0,35.0,26.0,21,806122
353291,W,DOMESTIC,-84.052129,40.721458,DIGITIZED,ALLEN,PERRY,1960-07-20,78.0,922.2000122070312,LIMESTONE,,,40.0,56.0,75,210093
353322,W,DOMESTIC,-84.162581,40.729766999999995,DIGITIZED,ALLEN,SHAWNEE,1961-08-16,176.0,848.9000244140625,SAND & GRAVEL,,10.0,40.0,176.0,,250932
353439,W,,-84.119123,40.715323999999995,DIGITIZED,ALLEN,SHAWNEE,1964-10-26,230.0,875.0999755859375,LIMESTONE,,1.0,169.0,38.0,38,319419
353504,W,DOMESTIC,-84.025711,40.731474999999996,DIGITIZED,ALLEN,BATH,1961-01-20,71.0,944.0999755859375,LIMESTONE,,8.0,19.0,44.0,44,245885
353521,W,DOMESTIC,-83.93717,40.72967,GLOBAL POSITIONING SYSTEM,ALLEN,AUGLAIZE,2003-07-16,108.0,996.4000244140625,LIMESTONE,ROTARY,15.0,50.0,96.0,86,965503
353526,W,PUBLIC/SEMI-PUB,-84.041572,40.788731,DIGITIZED,ALLEN,BATH,1967-09-18,121.0,879.7999877929688,LIMESTONE,,10.0,32.0,55.0,54,357536
353709,W,DOMESTIC,-84.1658,40.757847,DIGITIZED,ALLEN,AMERICAN,1966-04-15,140.0,819.2999877929688,GRAVEL,,12.0,55.0,140.0,,338151
353719,W,DOMESTIC,-83.99145,40.789100000000005,GLOBAL POSITIONING SYSTEM,ALLEN,JACKSON,2004-08-01,35.0,911.2000122070312,SAND & CLAY,CABLE TOOL,10.0,22.0,,34,960932
353870,W,DOMESTIC,-84.2393,40.711749999999995,GEOCODE,ALLEN,AMANDA,2003-10-23,32.0,837.5,SHALE,,7.0,20.0,30.0,30,967476
353871,W,DOMESTIC,-84.34483,40.801500000000004,GLOBAL POSITIONING SYSTEM,ALLEN,MARION,2003-11-25,47.0,791.2000122070312,LIMESTONE,ROTARY,10.0,14.0,30.0,27,972006
353950,W,DOMESTIC,-84.38893,40.73504,GLOBAL POSITIONING SYSTEM,ALLEN,SPENCER,2004-06-07,46.0,811.7999877929688,SAND & GRAVEL,CABLE TOOL,9.0,12.0,44.0,44,962744
354167,W,DOMESTIC,-84.2825,40.686389999999996,GLOBAL POSITIONING SYSTEM,ALLEN,AMANDA,2005-04-21,66.0,860.5,,CABLE TOOL,20.0,45.0,64.0,65,978626
354168,W,DOMESTIC,-84.24638999999999,40.68972,GLOBAL POSITIONING SYSTEM,ALLEN,AMANDA,2005-03-15,58.0,858.5,,CABLE TOOL,15.0,35.0,56.0,56,978621
354169,W,DOMESTIC,-83.973,40.65444,GLOBAL POSITIONING SYSTEM,ALLEN,AUGLAIZE,2005-05-03,50.0,1023.4000244140625,LIMESTONE,CABLE TOOL,20.0,30.0,38.0,49,978627
354170,W,DOMESTIC,-84.10350000000001,40.69,GLOBAL POSITIONING SYSTEM,ALLEN,PERRY,2005-04-05,110.0,885.2000122070312,,CABLE TOOL,15.0,35.0,118.0,109,978623
354633,W,DOMESTIC,-84.16924999999999,40.779775,DIGITIZED,ALLEN,AMERICAN,1956-01-05,94.0,822.0999755859375,LIMESTONE,,,64.0,69.0,68,159559
354634,W,DOMESTIC,-84.232935,40.816862,DIGITIZED,ALLEN,MARION,1957-10-09,43.0,785.9000244140625,LIMESTONE,,15.0,6.0,18.0,8,199777
354689,W,MONITOR,-84.1048,40.73245,GLOBAL POSITIONING SYSTEM,ALLEN,BATH,2006-03-28,16.0,852.7000122070312,CLAY,AUGER,,0.0,6.0,15,2002144
354736,W,DOMESTIC,-84.05221999999999,40.79389,GLOBAL POSITIONING SYSTEM,ALLEN,BATH,2006-03-18,60.0,862.5999755859375,LIMESTONE,CABLE TOOL,6.0,20.0,43.0,43,997872
354785,W,DOMESTIC,-84.013627,40.792111999999996,DIGITIZED,ALLEN,BATH,1968-07-11,58.0,880.7000122070312,LIMESTONE,,12.0,13.0,42.0,40,372631
354897,W,DOMESTIC,-84.172472,40.699244,DIGITIZED,ALLEN,SHAWNEE,1960-11-27,66.0,853.5999755859375,LIMESTONE,,6.0,30.0,62.0,62,250916
355057,W,DOMESTIC,-83.97555,40.82465,GEOCODE,ALLEN,RICHLAND,2006-05-10,82.0,870.0,,ROTARY,20.0,18.0,36.0,36,990674
355186,W,DOMESTIC,-84.20169,40.698446,DIGITIZED,ALLEN,SHAWNEE,1961-03-01,84.0,877.4000244140625,GRAVEL,,8.0,58.0,84.0,,245890
355204,W,DOMESTIC,-84.089191,40.654551999999995,DIGITIZED,ALLEN,PERRY,1958-12-22,61.0,944.0999755859375,GRAVEL,,8.0,36.0,61.0,,220157
355236,W,DOMESTIC,-83.993777,40.74539,DIGITIZED,ALLEN,JACKSON,1959-08-24,58.0,929.9000244140625,LIMESTONE,,20.0,25.0,43.0,43,224085
355237,W,DOMESTIC,-84.152427,40.699154,DIGITIZED,ALLEN,SHAWNEE,1953-02-15,93.0,842.7999877929688,SAND & GRAVEL,,,50.0,91.0,,82974
355253,W,DOMESTIC,-84.158046,40.700493,DIGITIZED,ALLEN,SHAWNEE,1961-06-03,42.0,842.0,SAND & GRAVEL,,45.0,11.0,42.0,,258465
355265,W,DOMESTIC,-84.234146,40.700525,DIGITIZED,ALLEN,AMANDA,1954-06-19,80.0,857.5999755859375,LIMESTONE,,,,57.0,58,121422
355266,W,DOMESTIC,-84.26188499999999,40.733536,DIGITIZED,ALLEN,AMANDA,1962-05-22,38.0,821.7000122070312,SAND & GRAVEL,,10.0,21.0,38.0,,258482
355289,W,DOMESTIC,-84.082539,40.832226999999996,DIGITIZED,ALLEN,MONROE,1953-04-14,28.0,811.0999755859375,LIMESTONE,,,,22.0,22,101263
355290,W,DOMESTIC,-84.168607,40.722182,DIGITIZED,ALLEN,SHAWNEE,1963-04-25,109.0,845.4000244140625,LIMESTONE,,10.0,64.0,102.0,101,274637
355557,W,DOMESTIC,-83.99383999999999,40.75553,GEOCODE,ALLEN,JACKSON,2006-06-06,62.0,927.2999877929688,LIMESTONE,AIR ROTARY,12.0,20.0,43.0,58,2003198
355824,W,DOMESTIC,-84.214,40.72936,GEOCODE,ALLEN,SHAWNEE,2007-08-07,53.0,831.2000122070312,LIMESTONE,AIR ROTARY,15.0,24.0,34.0,51,2011662
355826,W,DOMESTIC,-83.98270000000001,40.716617,,ALLEN,AUGLAIZE,2007-07-12,90.0,983.5999755859375,GRAVEL,ROTARY,20.0,50.0,90.0,,1007148
355860,W,DOMESTIC,-84.2425,40.7,,ALLEN,AMANDA,2006-10-25,50.0,842.9000244140625,SAND,CABLE TOOL,20.0,30.0,48.0,49,997899
355967,W,MONITOR,-84.09655,40.752033,GLOBAL POSITIONING SYSTEM,ALLEN,BATH,2006-12-07,18.0,862.9000244140625,CLAY,GEOPROBE,,8.0,3.0,,2007287
356015,W,,-83.992733,40.738116999999995,,ALLEN,JACKSON,2007-04-21,62.0,935.5,LIMESTONE,ROTARY,12.0,24.0,38.0,38,1006386
356025,W,DOMESTIC,-84.048183,40.796732999999996,,ALLEN,BATH,2006-10-10,42.0,852.0999755859375,,ROTARY,15.0,12.0,33.0,33,1004677
356026,W,DOMESTIC,-83.96211699999999,40.737449999999995,,ALLEN,JACKSON,2006-09-23,62.0,955.7000122070312,,ROTARY,30.0,14.0,35.0,60,1004679
356615,W,DOMESTIC,-84.331667,40.836110999999995,GLOBAL POSITIONING SYSTEM,ALLEN,MARION,2008-09-02,48.0,779.0,LIMESTONE,AIR ROTARY,5.0,20.0,27.0,45,2018844
356664,W,DOMESTIC,-84.14,40.66444,,ALLEN,SHAWNEE,2009-09-18,45.0,884.4000244140625,SHALE,CABLE TOOL,15.0,32.0,44.0,44,1011870
356745,W,DOMESTIC,-84.277778,40.75,GLOBAL POSITIONING SYSTEM,ALLEN,AMANDA,2009-10-01,39.0,811.5999755859375,LIMESTONE,AIR ROTARY,7.0,17.0,34.0,32,2024640
357007,W,DOMESTIC,-84.363889,40.760833,GLOBAL POSITIONING SYSTEM,ALLEN,SPENCER,2008-10-30,56.0,812.7000122070312,GRAVEL & LIMESTONE,AIR ROTARY,40.0,20.0,43.0,54,2020352
357090,W,DOMESTIC,-84.266111,40.688055999999996,GLOBAL POSITIONING SYSTEM,ALLEN,AMANDA,2008-03-14,123.0,808.9000244140625,LIMESTONE,AIR ROTARY,15.0,50.0,56.0,51,2015543
357255,W,MONITOR,-83.96732,40.83242,GLOBAL POSITIONING SYSTEM,ALLEN,RICHLAND,2010-11-23,24.0,867.0999755859375,CLAY/SAND/SILT,AUGER,,19.0,14.0,,2030365
357294,W,DOMESTIC,-84.24643999999999,40.78753,GEOCODE,ALLEN,MARION,1997-09-22,82.0,797.5999755859375,LIMESTONE,ROTARY,4.0,22.0,29.0,29,851231
357295,W,DOMESTIC,-84.09277,40.8027,GEOCODE,ALLEN,BATH,1990-08-28,50.0,831.5999755859375,LIMESTONE,ROTARY,10.0,29.0,41.0,38,715043
357324,W,DOMESTIC,-83.953611,40.666944,GLOBAL POSITIONING SYSTEM,ALLEN,AUGLAIZE,2012-03-14,86.0,1032.699951171875,SHALE,CABLE TOOL,30.0,40.0,84.0,84,1015429
357344,W,DOMESTIC,-84.07445,40.869132,GLOBAL POSITIONING SYSTEM,ALLEN,MONROE,2012-04-12,70.0,787.9000244140625,LIMESTONE,ROTARY,14.0,5.5,27.0,14,1015466
357356,W,,-84.08720000000001,40.802682999999995,,ALLEN,BATH,2010-06-10,50.0,846.0999755859375,LIMESTONE,CABLE TOOL,12.0,41.0,49.0,48,1013033
357357,W,DOMESTIC,-84.042317,40.8324,,ALLEN,MONROE,2010-07-07,80.0,837.7000122070312,LIMESTONE,ROTARY,25.0,12.0,42.0,42,1013426
357366,W,DOMESTIC,-84.069167,40.704167,,ALLEN,PERRY,2011-04-07,78.0,925.5,SHALE,CABLE TOOL,20.0,45.0,76.0,77,1013494
357367,W,DOMESTIC,-84.233611,40.778889,,ALLEN,MARION,2010-11-17,27.0,799.2000122070312,SHALE,CABLE TOOL,12.0,18.0,26.0,26,1013488
357527,W,MONITOR,-84.122722,40.685731,GEOCODE,ALLEN,SHAWNEE,2011-08-29,20.0,872.2999877929688,SAND & GRAVEL,AUGER,,0.0,10.0,,2034661
357563,W,DOMESTIC,-84.03611099999999,40.702222,,ALLEN,PERRY,2011-04-30,102.0,960.5,LIMESTONE,CABLE TOOL,10.0,70.0,86.0,86,1013495
357667,W,DOMESTIC,-84.273833,40.693166999999995,GLOBAL POSITIONING SYSTEM,ALLEN,AMANDA,2012-07-25,63.0,847.5,LIMESTONE,AIR ROTARY,20.0,30.0,45.0,46,2039042
357845,W,AGRIC/IRRIG,-83.939717,40.868717,GLOBAL POSITIONING SYSTEM,ALLEN,RICHLAND,2013-08-31,111.0,852.5,LIMESTONE,ROTARY,50.0,35.0,37.0,35,2044721
357925,W,DOMESTIC,-83.95765,40.766883,,ALLEN,JACKSON,2013-08-09,72.0,926.5,LIMESTONE,ROTARY,12.0,28.0,33.0,33,1016903
358057,W,MONITOR,-84.04033299999999,40.789,GLOBAL POSITIONING SYSTEM,ALLEN,BATH,2015-10-20,13.0,,SILT,GEOPROBE,,3.0,3.0,,2054578
358063,W,MONITOR,-84.108611,40.797778,GLOBAL POSITIONING SYSTEM,ALLEN,BATH,2015-07-23,12.0,829.2999877929688,SAND,GEOPROBE,,4.3,2.0,,2053460
358136,W,DOMESTIC,-84.224667,40.796717,GLOBAL POSITIONING SYSTEM,ALLEN,MARION,2016-01-25,118.0,,LIMESTONE,ROTARY,20.0,9.0,65.0,65,1019040
358320,W,DOMESTIC,-84.199041,40.686372,GLOBAL POSITIONING SYSTEM,ALLEN,SHAWNEE,2016-06-30,129.0,,LIMESTONE,AIR ROTARY,25.0,40.0,86.0,68,2057710
358335,W,MONITOR,-84.04050000000001,40.788833,GLOBAL POSITIONING SYSTEM,ALLEN,BATH,2015-10-20,14.0,,CLAY,GEOPROBE,,5.0,4.0,,2054577
358409,W,DOMESTIC,-84.359023,40.764506999999995,GLOBAL POSITIONING SYSTEM,ALLEN,SPENCER,2017-02-02,60.0,,LIMESTONE,AIR ROTARY,10.0,10.0,52.0,46,2061109
358423,W,DOMESTIC,-83.9574,40.794967,GLOBAL POSITIONING SYSTEM,ALLEN,JACKSON,2016-05-25,80.0,,LIMESTONE,ROTARY,25.0,23.0,43.0,43,1019037
358446,W,MUNICIPAL,-84.351385,40.712576999999996,DIGITAL MAP,ALLEN,SPENCER,2017-04-17,250.0,,LIMESTONE,ROTARY,474.0,28.1,72.0,46,2063694
358468,W,DOMESTIC,-84.133416,40.822083,GLOBAL POSITIONING SYSTEM,ALLEN,SUGAR CREEK,2017-06-15,31.0,,SHALE & LIMESTONE,CABLE TOOL,12.0,14.0,30.0,30,1015570
358473,W,DOMESTIC,-83.953867,40.753733,GLOBAL POSITIONING SYSTEM,ALLEN,JACKSON,2017-02-15,70.0,,LIMESTONE,ROTARY,30.0,26.0,27.0,27,1019633
358491,W,MONITOR,-84.17967999999999,40.72504,GLOBAL POSITIONING SYSTEM,ALLEN,SHAWNEE,2016-08-02,8.0,,CLAY,AUGER,,7.0,3.0,,2058271
358606,W,DOMESTIC,-84.11484,40.78339,GEOCODE,ALLEN,AMERICAN,1973-08-11,126.0,842.4000244140625,LIMESTONE,,30.0,54.0,38.0,38,512472
358607,W,DOMESTIC,-84.21011,40.695479999999996,GEOCODE,ALLEN,SHAWNEE,1991-05-31,110.0,875.2999877929688,LIMESTONE,ROTARY,3.0,40.0,80.0,80,732313
358658,W,DOMESTIC,-83.92039,40.70485,GEOCODE,ALLEN,AUGLAIZE,1997-06-06,135.0,987.5,LIMESTONE,ROTARY,15.0,15.0,35.0,35,851202
358733,W,DOMESTIC,-84.04373,40.89696,GLOBAL POSITIONING SYSTEM,ALLEN,MONROE,2017-10-02,60.0,,LIMESTONE,AIR ROTARY,10.0,20.0,27.0,18,2065372
358740,W,DOMESTIC,-84.37946,40.77419,GLOBAL POSITIONING SYSTEM,ALLEN,MARION,2018-03-08,47.0,,LIMESTONE,ROTARY,15.0,14.0,25.0,18,2066976
358878,W,DOMESTIC,-83.968167,40.871217,GLOBAL POSITIONING SYSTEM,ALLEN,RICHLAND,2019-04-24,30.0,,LIMESTONE,MUD/AIR ROTARY,15.0,7.0,27.0,,2073082
359089,W,DOMESTIC,-84.2253,40.78762,GEOCODE,ALLEN,MARION,1994-08-25,38.0,792.5999755859375,LIMESTONE,ROTARY,10.0,20.0,36.0,33,786635
359102,W,DOMESTIC,-84.292333,40.820667,GLOBAL POSITIONING SYSTEM,ALLEN,MARION,2012-11-07,183.0,778.7999877929688,LIMESTONE,AIR ROTARY,12.0,20.0,32.0,23,2041348
359131,W,DOMESTIC,-84.25161899999999,40.727917,DIGITIZED,ALLEN,AMANDA,2018-10-22,67.0,,LIMESTONE,ROTARY,30.0,22.0,40.0,,1021053
359132,W,DOMESTIC,-84.284215,40.702388,DIGITAL MAP,ALLEN,AMANDA,2018-11-02,92.0,,LIMESTONE,ROTARY,30.0,39.0,49.0,,1021058
359215,W,DOMESTIC,-84.15854,40.79157,GLOBAL POSITIONING SYSTEM,ALLEN,AMERICAN,2017-11-02,80.0,,SAND & GRAVEL,ROTARY,30.0,24.0,80.0,,1020298
359412,W,DOMESTIC,-84.18066999999999,40.68822,GEOCODE,ALLEN,SHAWNEE,1981-12-12,129.0,845.5,LIMESTONE,,15.0,32.0,68.0,68,618568
359419,W,DOMESTIC,-84.09261,40.82785,GEOCODE,ALLEN,MONROE,1993-11-02,53.0,813.5,LIMESTONE,ROTARY,10.0,24.0,26.0,26,779638
359420,W,DOMESTIC,-84.164637,40.751058,DIGITIZED,ALLEN,AMERICAN,1953-08-25,204.0,823.5999755859375,GRAVEL,,9.0,39.0,204.0,,112907
359421,W,DOMESTIC,-84.11058,40.77738,GEOCODE,ALLEN,AMERICAN,1972-12-20,92.0,846.5999755859375,LIMESTONE,,18.0,58.0,45.0,45,451090
359422,W,DOMESTIC,-83.911148,40.87918,DIGITIZED,ALLEN,RICHLAND,1960-12-31,76.0,839.5,LIMESTONE,,,31.0,26.0,74,260656
359423,W,DOMESTIC,-84.164428,40.712756,DIGITIZED,ALLEN,SHAWNEE,1957-08-01,130.0,851.2000122070312,GRAVEL,,10.0,55.0,130.0,,181729
359431,W,DOMESTIC,-84.163063,40.717315,DIGITIZED,ALLEN,SHAWNEE,1962-10-04,83.0,815.5,STONE,,10.0,64.0,83.0,40,274625
359434,W,DOMESTIC,-84.22833,40.729279999999996,,ALLEN,AMANDA,1989-02-28,92.0,829.2000122070312,LIMESTONE,ROTARY,12.0,30.0,36.0,36,692378
359435,W,DOMESTIC,-84.09351699999999,40.665547,DIGITIZED,ALLEN,PERRY,1953-06-28,100.0,962.5999755859375,GRAVEL,,15.0,70.0,100.0,,100641
359436,W,DOMESTIC,-83.8987,40.77211,GEOCODE,ALLEN,JACKSON,1995-04-27,42.0,941.5999755859375,LIMESTONE,ROTARY,20.0,12.0,33.0,27,816263
359437,W,PUBLIC/SEMI-PUB,-83.95364,40.7584,GLOBAL POSITIONING SYSTEM,ALLEN,JACKSON,1996-05-24,126.0,938.9000244140625,LIMESTONE,ROTARY,60.0,33.0,32.0,32,828398
359438,W,DOMESTIC,-84.062252,40.746131999999996,DIGITIZED,ALLEN,BATH,1955-08-10,66.0,860.2999877929688,LIMESTONE,,,20.0,27.0,65,120487
359439,W,DOMESTIC,-83.95822799999999,40.7969,DIGITIZED,ALLEN,JACKSON,1958-03-28,61.0,920.2000122070312,LIMESTONE,,16.0,25.0,50.0,50,192885
359440,W,DOMESTIC,-84.19830999999999,40.740500000000004,GEOCODE,ALLEN,AMERICAN,1992-07-31,61.0,832.0,LIMESTONE,CABLE TOOL,10.0,34.0,44.0,50,723785
359445,W,DOMESTIC,-84.224244,40.792342,DIGITIZED,ALLEN,MARION,1965-06-11,79.0,792.9000244140625,LIMESTONE,,21.0,9.0,24.0,23,317288
359446,W,DOMESTIC,-84.15451,40.750229999999995,,ALLEN,AMERICAN,1973-12-19,220.0,838.5,LIMESTONE,,10.0,93.0,204.0,204,514363
359447,W,DOMESTIC,-83.938329,40.866600000000005,DIGITIZED,ALLEN,RICHLAND,1964-10-28,77.0,849.4000244140625,LIMESTONE,,4.0,30.0,55.0,55,278345
359448,W,DOMESTIC,-83.90597,40.899339999999995,GEOCODE,ALLEN,RICHLAND,1994-08-23,73.0,827.9000244140625,LIMESTONE,ROTARY,7.0,21.0,28.0,25,786634
359449,W,DOMESTIC,-84.18030999999999,40.69337,GEOCODE,ALLEN,SHAWNEE,1996-05-21,80.0,862.5,GRAVEL,CABLE TOOL,15.0,40.0,80.0,,820015
359450,W,DOMESTIC,-84.389674,40.747636,DIGITIZED,ALLEN,SPENCER,1963-10-21,85.0,815.4000244140625,LIMESTONE,,21.0,18.0,45.0,42,301061
359458,W,DOMESTIC,-84.106259,40.705827,DIGITIZED,ALLEN,PERRY,1957-07-26,104.0,893.7999877929688,LIMESTONE,,8.0,85.0,44.0,44,201611
359459,W,DOMESTIC,-84.084825,40.717147,DIGITIZED,ALLEN,PERRY,1956-10-13,167.0,890.2999877929688,LIMESTONE,,,,94.0,80,170262
359460,W,DOMESTIC,-84.00408,40.679229,DIGITIZED,ALLEN,PERRY,1956-12-20,78.0,933.0999755859375,LIMESTONE,,,11.0,47.0,47,169619
359461,W,DOMESTIC,-84.056995,40.716609999999996,DIGITIZED,ALLEN,PERRY,1955-05-19,62.0,920.9000244140625,GRAVEL,,15.0,41.0,62.0,,156821
359462,W,DOMESTIC,-84.091942,40.711462,DIGITIZED,ALLEN,PERRY,1955-05-10,154.0,888.2999877929688,LIMESTONE,,5.0,32.0,74.0,69,170851
359463,W,DOMESTIC,-84.1169,40.77554,GEOCODE,ALLEN,AMERICAN,1976-04-06,96.0,845.0,GRAVEL & CLAY,,,,,,496155
359464,W,DOMESTIC,-84.02490999999999,40.78895,GEOCODE,ALLEN,BATH,1993-10-02,42.0,875.5999755859375,SAND & GRAVEL,CABLE TOOL,12.0,,,,761045
359465,W,DOMESTIC,-84.165292,40.700536,DIGITIZED,ALLEN,SHAWNEE,1963-09-12,110.0,848.5999755859375,SAND & GRAVEL,,10.0,30.0,110.0,,281628
359466,W,MONITOR,-84.11341,40.72199,GEOCODE,ALLEN,SHAWNEE,1994-10-20,33.0,864.0999755859375,LIMESTONE,AUGER,,,,31,827580
359467,W,MONITOR,-84.11341,40.72199,GEOCODE,ALLEN,SHAWNEE,1994-10-20,33.0,864.0999755859375,SAND & GRAVEL,AUGER,,,26.0,,827582
359469,W,DOMESTIC,-84.093137,40.711072,DIGITIZED,ALLEN,PERRY,,147.0,889.4000244140625,LIMESTONE,,,,60.0,145,30676
359470,W,DOMESTIC,-84.17905999999999,40.75192,GEOCODE,ALLEN,AMERICAN,1989-05-20,140.0,827.0,LIMESTONE,ROTARY,4.0,50.0,34.0,30,696700
359471,W,DOMESTIC,-84.20913,40.75132,,ALLEN,AMERICAN,1988-05-10,125.0,817.5,LIMESTONE,,15.0,22.0,28.0,24,612327
359472,W,DOMESTIC,-84.13687999999999,40.673988,DIGITIZED,ALLEN,SHAWNEE,1953-11-20,70.0,877.2999877929688,GRAVEL,,9.0,35.0,70.0,,112928
359473,W,DOMESTIC,-84.13139199999999,40.693335999999995,DIGITIZED,ALLEN,SHAWNEE,1957-05-28,46.0,877.2000122070312,GRAVEL,,8.0,35.0,46.0,,176988
359474,W,DOMESTIC,-84.10905,40.77223,DIGITIZED,ALLEN,AMERICAN,1957-09-12,105.0,853.5999755859375,GRAVEL,,15.0,58.0,105.0,86,181732
359475,W,DOMESTIC,-84.12764899999999,40.768102999999996,DIGITIZED,ALLEN,AMERICAN,1960-12-31,172.0,842.4000244140625,LIMESTONE,,15.0,73.0,130.0,127,251524
359476,W,DOMESTIC,-84.10974,40.77372,,ALLEN,AMERICAN,1958-04-09,102.0,848.4000244140625,GRAVEL,,15.0,51.0,102.0,,181741
359477,W,DOMESTIC,-84.187231,40.730654,DIGITIZED,ALLEN,AMERICAN,1955-03-03,137.0,834.5999755859375,LIMESTONE,,,,,130,66462
359478,W,DOMESTIC,-84.174982,40.737762,DIGITIZED,ALLEN,AMERICAN,1963-10-19,90.0,833.2999877929688,LIMESTONE,,10.0,43.0,55.0,55,291135
359480,W,DOMESTIC,-84.34949,40.80223,GEOCODE,ALLEN,MARION,1996-05-15,158.0,786.7000122070312,LIMESTONE,ROTARY,5.0,30.0,25.0,25,835549
359481,W,DOMESTIC,-84.09192,40.7578,GEOCODE,ALLEN,BATH,1960-11-17,76.0,872.7999877929688,LIMESTONE,,6.0,38.0,38.0,38,160042
359482,W,DOMESTIC,-84.03631,40.7881,GEOCODE,ALLEN,BATH,1985-01-29,57.0,884.0999755859375,LIMESTONE,,8.0,38.0,48.0,48,651491
359483,W,DOMESTIC,-84.067709,40.811189999999996,DIGITIZED,ALLEN,BATH,1961-03-31,77.0,848.7999877929688,LIMESTONE,,,22.0,52.0,49,260661
359484,W,DOMESTIC,-84.12384,40.69639,GEOCODE,ALLEN,SHAWNEE,1968-11-12,210.0,894.7999877929688,LIMESTONE,,15.0,145.0,166.0,165,366799
359485,W,DOMESTIC,-84.169932,40.731639,DIGITIZED,ALLEN,AMERICAN,1954-03-11,82.0,838.0,SAND & GRAVEL,,20.0,41.0,82.0,,115277
359486,W,DOMESTIC,-84.151924,40.708807,DIGITIZED,ALLEN,SHAWNEE,1960-03-28,100.0,845.4000244140625,GRAVEL,,16.0,35.0,100.0,,245553
359487,W,DOMESTIC,-84.14085899999999,40.689581,DIGITIZED,ALLEN,SHAWNEE,1957-08-24,140.0,867.9000244140625,LIMESTONE,,,26.0,137.0,137,161232
359488,W,DOMESTIC,-84.155678,40.750828,DIGITIZED,ALLEN,AMERICAN,1956-06-06,165.0,842.4000244140625,LIMESTONE,,8.0,80.0,,104,145255
359489,W,DOMESTIC,-84.16587,40.770255999999996,DIGITIZED,ALLEN,AMERICAN,1962-03-15,84.0,813.5,GRAVEL,,10.0,30.0,84.0,,250946
359490,W,DOMESTIC,-83.975318,40.663323999999996,DIGITIZED,ALLEN,AUGLAIZE,1962-06-07,70.0,971.7000122070312,LIMESTONE,,10.0,16.0,32.0,32,266482
359491,W,DOMESTIC,-84.07072,40.68402,GEOCODE,ALLEN,PERRY,1994-12-10,170.0,967.7000122070312,GRAVEL,ROTARY,30.0,76.0,166.0,,795193
359492,W,DOMESTIC,-84.05211,40.70211,GEOCODE,ALLEN,PERRY,1991-01-28,102.0,931.7999877929688,LIMESTONE,CABLE TOOL,3.0,70.0,69.0,69,721368
359493,W,COMMERCIAL,-84.08767999999999,40.70231,GEOCODE,ALLEN,PERRY,1994-06-01,55.0,899.2999877929688,GRAVEL,CABLE TOOL,15.0,40.0,55.0,,786341
359494,W,DOMESTIC,-83.968948,40.73376,DIGITIZED,ALLEN,JACKSON,1963-11-25,54.0,959.5,LIMESTONE,,20.0,17.0,39.0,38,302368
359495,W,DOMESTIC,-83.922646,40.705005,DIGITIZED,ALLEN,AUGLAIZE,1955-01-15,55.0,981.0,LIMESTONE,,,15.0,33.0,32,62128
359496,W,DOMESTIC,-83.967119,40.680656,DIGITIZED,ALLEN,AUGLAIZE,1955-03-10,52.0,962.4000244140625,LIMESTONE,,20.0,7.0,28.0,28,156805
359497,W,DOMESTIC,-84.187131,40.707388,DIGITIZED,ALLEN,SHAWNEE,1953-11-04,78.0,863.7000122070312,GRAVEL & CLAY,,,50.0,78.0,,121401
359499,W,DOMESTIC,-84.165581,40.772137,DIGITIZED,ALLEN,AMERICAN,1962-08-11,44.0,813.2000122070312,SAND & GRAVEL,,10.0,22.0,44.0,,258487
359501,W,DOMESTIC,-84.08995999999999,40.685829999999996,GEOCODE,ALLEN,PERRY,1996-06-20,63.0,923.2999877929688,GRAVEL,CABLE TOOL,7.0,35.0,63.0,,820020
359502,W,,-84.05144399999999,40.726715999999996,DIGITIZED,ALLEN,PERRY,1954-07-29,65.0,918.0999755859375,LIMESTONE,,20.0,43.0,35.0,35,123535
359503,W,DOMESTIC,-84.149987,40.684042,DIGITIZED,ALLEN,SHAWNEE,1959-09-15,30.0,861.2999877929688,GRAVEL,,10.0,20.0,30.0,,224090
359504,W,DOMESTIC,-84.149987,40.684042,DIGITIZED,ALLEN,SHAWNEE,1959-07-13,120.0,861.2999877929688,LIMESTONE,,20.0,21.0,113.0,113,224077
359505,W,DOMESTIC,-84.143529,40.718253,DIGITIZED,ALLEN,SHAWNEE,1954-07-02,138.0,860.5,GRAVEL,,15.0,95.0,137.0,,123526
359506,W,DOMESTIC,-84.21847,40.729243,DIGITIZED,ALLEN,SHAWNEE,1958-12-22,40.0,831.2999877929688,LIMESTONE,,14.0,21.0,35.0,35,220158
359507,W,DOMESTIC,-84.177302,40.703914999999995,DIGITIZED,ALLEN,SHAWNEE,1954-07-09,44.0,872.5,GRAVEL,,15.0,31.0,44.0,,123528
359508,W,DOMESTIC,-84.177302,40.703914999999995,DIGITIZED,ALLEN,SHAWNEE,1955-12-05,60.0,872.5,GRAVEL,,15.0,40.0,60.0,,173401
359510,W,DOMESTIC,-83.92039,40.871449999999996,GEOCODE,ALLEN,RICHLAND,1986-08-19,97.0,840.7000122070312,LIMESTONE,,10.0,62.0,30.0,27,636259
359511,W,DOMESTIC,-83.91120000000001,40.87891,GEOCODE,ALLEN,RICHLAND,1985-11-19,70.0,839.0,LIMESTONE,,8.0,55.0,25.0,23,630226
359512,W,MONITOR,-84.12906,40.7085,GEOCODE,ALLEN,SHAWNEE,1990-09-14,54.0,865.5,GRAVEL,AUGER,,,35.0,,716806
359515,W,DOMESTIC,-83.95129,40.77849,GEOCODE,ALLEN,JACKSON,1991-07-25,50.0,915.9000244140625,LIMESTONE,ROTARY,5.0,17.0,33.0,33,736608
359516,W,DOMESTIC,-84.00258,40.70615,GEOCODE,ALLEN,PERRY,1991-08-12,325.0,984.0,LIMESTONE,ROTARY,20.0,64.0,170.0,167,737493
359517,W,DOMESTIC,-84.1791,40.701429999999995,GEOCODE,ALLEN,SHAWNEE,1987-09-01,72.0,868.0,GRAVEL,CABLE TOOL,20.0,60.0,72.0,,657169
359518,W,DOMESTIC,-84.17765,40.6968,GEOCODE,ALLEN,SHAWNEE,1991-08-15,76.0,866.9000244140625,GRAVEL,CABLE TOOL,20.0,55.0,76.0,,728561
359519,W,DOMESTIC,-84.13687999999999,40.673988,DIGITIZED,ALLEN,SHAWNEE,1953-10-25,133.0,877.2999877929688,GRAVEL,,13.0,33.0,133.0,,112926
359520,W,DOMESTIC,-84.20973,40.69142,GEOCODE,ALLEN,SHAWNEE,1973-01-15,123.0,856.2000122070312,LIMESTONE,,15.0,34.0,65.0,61,451855
359522,W,,-84.138221,40.708275,,ALLEN,SHAWNEE,1970-08-01,393.0,855.7999877929688,LIMESTONE & SHALE,,700.0,180.0,221.0,200,389529
359524,W,DOMESTIC,-84.044859,40.895827,,ALLEN,MONROE,1960-08-09,57.0,780.9000244140625,LIMESTONE,,12.0,14.0,20.0,55,244977
359525,W,DOMESTIC,-84.06258,40.665929999999996,GEOCODE,ALLEN,PERRY,1994-09-26,76.0,918.2999877929688,SAND & GRAVEL,CABLE TOOL,9.0,,77.0,,791783
359526,W,DOMESTIC,-84.087344,40.803336,DIGITIZED,ALLEN,BATH,1961-01-06,45.0,844.5999755859375,GRAVEL,,5.0,25.0,45.0,,208728
359527,W,,-84.209991,40.823521,DIGITIZED,ALLEN,SUGAR CREEK,1955-04-14,58.0,789.7000122070312,LIMESTONE,,,,32.0,32,121434
359528,W,DOMESTIC,-84.18235,40.70272,GEOCODE,ALLEN,SHAWNEE,1987-08-22,85.0,880.0,GRAVEL,CABLE TOOL,20.0,65.0,85.0,,657166
359529,W,DOMESTIC,-84.147562,40.692561,DIGITIZED,ALLEN,SHAWNEE,1954-08-28,88.0,855.5999755859375,GRAVEL,,25.0,29.0,88.0,,139803
359536,W,DOMESTIC,-84.184882,40.723458,DIGITIZED,ALLEN,SHAWNEE,1955-05-07,154.0,838.7999877929688,SAND,,10.0,72.0,,,160004
359542,W,DOMESTIC,-84.066056,40.846252,DIGITIZED,ALLEN,MONROE,1960-07-05,36.0,810.2999877929688,LIMESTONE,,10.0,11.0,22.0,34,246660
359543,W,DOMESTIC,-84.052925,40.861215,,ALLEN,MONROE,1992-12-16,38.0,797.7999877929688,LIMESTONE,CABLE TOOL,10.0,14.0,25.0,25,761026
359544,W,DOMESTIC,-84.135965,40.779027,DIGITIZED,ALLEN,AMERICAN,1958-10-13,103.0,834.0,LIMESTONE,,,65.0,34.0,32,193136
359545,W,DOMESTIC,-83.983961,40.697122,GLOBAL POSITIONING SYSTEM,ALLEN,AUGLAIZE,1989-01-13,40.0,943.5999755859375,LIMESTONE,ROTARY,20.0,12.0,36.0,30,694241
359546,W,DOMESTIC,-83.99376,40.70164,GEOCODE,ALLEN,AUGLAIZE,1989-06-21,150.0,1000.9000244140625,LIMESTONE,ROTARY,6.0,75.0,105.0,102,696715
359547,W,DOMESTIC,-84.16422299999999,40.720574,DIGITIZED,ALLEN,SHAWNEE,1959-09-12,176.0,849.2000122070312,GRAVEL,,5.0,78.0,176.0,171,235023
359548,W,DOMESTIC,-84.16422299999999,40.720574,DIGITIZED,ALLEN,SHAWNEE,1959-07-21,85.0,849.2000122070312,GRAVEL,,,67.0,85.0,,235015
359549,W,DOMESTIC,-84.168607,40.722182,DIGITIZED,ALLEN,SHAWNEE,1963-10-11,99.0,845.4000244140625,CLAY & GRAVEL,,10.0,,99.0,,298560
359551,W,DOMESTIC,-83.93739,40.84299,GEOCODE,ALLEN,RICHLAND,1988-10-07,43.0,873.7999877929688,LIMESTONE,ROTARY,15.0,17.0,34.0,31,690129
359558,W,PUBLIC/SEMI-PUB,-83.89013,40.90638,GEOCODE,ALLEN,RICHLAND,1989-07-26,110.0,824.9000244140625,LIMESTONE,ROTARY,30.0,20.0,27.0,25,700158
359559,W,DOMESTIC,-84.137649,40.690111,DIGITIZED,ALLEN,SHAWNEE,1953-05-26,115.0,867.0999755859375,GRAVEL,,15.0,37.0,115.0,,88293
359563,W,DOMESTIC,-84.04384,40.889869999999995,GEOCODE,ALLEN,MONROE,1992-07-22,84.0,784.2999877929688,LIMESTONE,ROTARY,25.0,5.0,25.0,80,753258
359564,W,DOMESTIC,-84.066197,40.702633999999996,DIGITIZED,ALLEN,PERRY,1963-11-30,113.0,934.7000122070312,LIMESTONE,,14.0,49.0,79.0,68,298566
359565,W,CONSTRUCTION,-84.090154,40.746772,DIGITIZED,ALLEN,BATH,1961-04-20,316.0,854.4000244140625,LIMESTONE,,300.0,108.0,15.0,13,251543
359566,W,DOMESTIC,-84.12585,40.66493,,ALLEN,SHAWNEE,1986-06-24,33.0,875.4000244140625,GRAVEL,,20.0,12.0,33.0,,612536
359567,W,DOMESTIC,-84.24256,40.701031,DIGITIZED,ALLEN,AMANDA,1956-06-26,46.0,843.2000122070312,GRAVEL,,,,46.0,,184654
359572,W,DOMESTIC,-84.104664,40.687287,DIGITIZED,ALLEN,PERRY,1961-01-09,42.0,889.5,SAND & GRAVEL,,15.0,20.0,42.0,,258453
359573,W,DOMESTIC,-84.104086,40.687335999999995,DIGITIZED,ALLEN,PERRY,1964-09-30,40.0,892.0,SAND & GRAVEL,,13.0,20.0,40.0,,308823
359574,W,DOMESTIC,-83.93696,40.747,GEOCODE,ALLEN,JACKSON,1992-08-06,68.0,959.0,LIMESTONE,ROTARY,20.0,34.0,46.0,42,759152
364286,W,,-84.168216,40.771107,DIGITIZED,ALLEN,AMERICAN,1948-06-24,80.0,813.7999877929688,LIMESTONE,,20.0,20.0,32.0,32,26373
364413,W,,-84.06967499999999,40.763206,DIGITIZED,ALLEN,BATH,1950-04-20,86.0,885.4000244140625,LIMESTONE,,,47.0,48.0,48,30688
365755,W,DOMESTIC,-84.23228999999999,40.848279999999995,GEOCODE,ALLEN,MARION,1997-04-01,38.0,769.9000244140625,LIMESTONE,CABLE TOOL,5.0,,28.0,28,846765
366261,W,DOMESTIC,-83.89941,40.72535,GEOCODE,ALLEN,AUGLAIZE,1997-03-28,110.0,1022.9000244140625,LIMESTONE,ROTARY,30.0,56.0,70.0,70,851179
366262,W,DOMESTIC,-83.98885,40.69911,GEOCODE,ALLEN,AUGLAIZE,1996-11-04,70.0,969.4000244140625,SAND & GRAVEL,CABLE TOOL,10.0,45.0,70.0,,839967
366271,W,DOMESTIC,-84.20403,40.69507,GEOCODE,ALLEN,SHAWNEE,1996-07-12,68.0,879.7000122070312,GRAVEL,CABLE TOOL,15.0,52.0,68.0,,839983
366445,W,DOMESTIC,-83.91120000000001,40.87891,GEOCODE,ALLEN,RICHLAND,1998-10-13,170.0,839.0,LIMESTONE,ROTARY,12.0,72.0,,70,884253
366446,W,DOMESTIC,-83.89953,40.87685,GEOCODE,ALLEN,RICHLAND,1998-10-16,180.0,848.7000122070312,LIMESTONE,ROTARY,8.0,89.0,26.0,26,884256
366447,W,DOMESTIC,-83.90702999999999,40.881589999999996,GEOCODE,ALLEN,RICHLAND,1998-10-15,191.0,833.7000122070312,LIMESTONE,ROTARY,12.0,70.0,,81,884255
366465,W,DOMESTIC,-83.88166,40.862700000000004,GEOCODE,ALLEN,RICHLAND,1997-09-18,105.0,869.2000122070312,LIMESTONE,ROTARY,5.0,27.0,32.0,32,851229
366523,W,DOMESTIC,-84.39679,40.7624,GEOCODE,ALLEN,SPENCER,1999-04-12,51.0,800.7000122070312,SAND & GRAVEL,CABLE TOOL,10.0,20.0,,,890228
366589,W,DOMESTIC,-84.05856,40.89739,GEOCODE,ALLEN,MONROE,1998-08-01,26.0,777.7999877929688,SAND & GRAVEL,CABLE TOOL,10.0,,26.0,,846794
366590,W,DOMESTIC,-84.27176,40.81294,GEOCODE,ALLEN,MARION,1998-11-11,50.0,783.2999877929688,,ROTARY,1.0,10.0,20.0,,889160
366655,W,DOMESTIC,-84.23250999999999,40.696439999999996,GEOCODE,ALLEN,AMANDA,2000-03-01,63.0,859.9000244140625,LIMESTONE & SHALE,CABLE TOOL,5.0,50.0,61.0,61,895915
366661,W,DOMESTIC,-83.93767,40.73158,,ALLEN,AUGLAIZE,1997-12-16,123.0,994.9000244140625,LIMESTONE,ROTARY,8.0,50.0,101.0,97,867891
366667,W,DOMESTIC,-84.36529,40.6922,GEOCODE,ALLEN,SPENCER,1999-08-31,80.0,851.5,SAND & GRAVEL,CABLE TOOL,15.0,55.0,78.0,78,895894
366668,W,DOMESTIC,-84.20401,40.80764,GEOCODE,ALLEN,SUGAR CREEK,2000-01-19,150.0,780.7000122070312,LIMESTONE,ROTARY,8.0,8.0,25.0,12,901922
366691,W,DOMESTIC,-84.12839,40.797709999999995,GEOCODE,ALLEN,AMERICAN,1999-09-20,80.0,824.5,GRAVEL,ROTARY,20.0,23.0,80.0,,901857
366701,W,DOMESTIC,-84.17416999999999,40.73582,,ALLEN,AMERICAN,2000-04-07,203.0,830.7000122070312,LIMESTONE,ROTARY,15.0,60.0,80.0,72,910581
366775,W,DOMESTIC,-84.01324,40.78832,GEOCODE,ALLEN,BATH,2000-06-01,42.0,887.7999877929688,LIMESTONE,CABLE TOOL,12.0,19.0,,39,892920
366791,W,DOMESTIC,-83.93696,40.778079999999996,,ALLEN,JACKSON,1999-07-30,120.0,911.5999755859375,LIMESTONE,ROTARY,8.0,20.0,26.0,16,901935
366812,W,DOMESTIC,-84.05100999999999,40.812149999999995,GEOCODE,ALLEN,BATH,2000-07-01,36.0,852.2000122070312,LIMESTONE,CABLE TOOL,12.0,15.0,33.0,33,892902
366813,W,DOMESTIC,-84.31913999999999,40.77956,GEOCODE,ALLEN,MARION,2000-06-12,38.0,795.2999877929688,LIMESTONE,CABLE TOOL,8.0,16.0,25.0,21,890258
367034,W,DOMESTIC,-83.92954,40.8121,GEOCODE,ALLEN,JACKSON,2001-05-15,120.0,910.5999755859375,LIMESTONE,ROTARY,5.0,16.0,45.0,45,929722
367171,W,DOMESTIC,-84.24217999999999,40.70239,GEOCODE,ALLEN,AMANDA,2001-08-17,122.0,845.9000244140625,LIMESTONE,ROTARY,7.0,40.0,52.0,48,935828
367299,W,DOMESTIC,-84.28111,40.784479999999995,GEOCODE,ALLEN,MARION,2001-08-16,40.0,799.5,LIMESTONE,ROTARY,6.0,17.0,32.0,29,936565
367328,W,DOMESTIC,-84.18533,40.84514,,ALLEN,SUGAR CREEK,2001-10-19,58.0,778.2000122070312,LIMESTONE,ROTARY,7.0,20.0,27.0,17,935886
367363,W,DOMESTIC,-84.07092999999999,40.810629999999996,GEOCODE,ALLEN,BATH,2001-08-15,48.0,853.7999877929688,SAND & CLAY,CABLE TOOL,15.0,25.0,46.0,,932581
367364,W,DOMESTIC,-84.08997,40.687059999999995,GEOCODE,ALLEN,PERRY,2001-10-22,117.0,922.4000244140625,SHALE & LIMESTONE,CABLE TOOL,15.0,60.0,115.0,116,932590
367453,W,DOMESTIC,-83.92286,40.77588,GEOCODE,ALLEN,JACKSON,2001-10-30,49.0,929.0999755859375,LIMESTONE,ROTARY,15.0,22.0,26.0,46,936595
367471,W,DOMESTIC,-84.12911,40.79465,GEOCODE,ALLEN,AMERICAN,2002-01-04,65.0,817.9000244140625,GRAVEL,ROTARY,7.0,25.0,65.0,,941154
367764,W,DOMESTIC,-83.97652599999999,40.831208,DIGITIZED,ALLEN,RICHLAND,1949-10-08,64.0,863.5,LIMESTONE,,,11.0,35.0,62,38999
367782,W,DOMESTIC,-84.01884,40.65315,GEOCODE,ALLEN,PERRY,2002-01-29,36.0,930.9000244140625,,CABLE TOOL,20.0,8.0,34.0,,932604
367784,W,DOMESTIC,-84.18713,40.83837,GEOCODE,ALLEN,SUGAR CREEK,2002-07-19,52.0,782.5999755859375,LIMESTONE,ROTARY,20.0,16.0,27.0,21,949935
367792,W,DOMESTIC,-84.09088299999999,40.655152,DIGITIZED,ALLEN,PERRY,1953-11-17,65.0,944.0,GRAVEL,,,,65.0,,121405
367805,W,,-84.13956999999999,40.68466,GEOCODE,ALLEN,SHAWNEE,1976-07-20,60.0,864.0,SAND & GRAVEL,,75.0,38.0,55.0,,501271
367821,W,PUBLIC/SEMI-PUB,-83.99383999999999,40.70635,GEOCODE,ALLEN,AUGLAIZE,1990-07-10,142.0,993.7000122070312,LIMESTONE,ROTARY,12.0,64.0,135.0,130,715027
367911,W,DOMESTIC,-84.09013999999999,40.73596,GEOCODE,ALLEN,JACKSON,1991-11-08,50.0,875.2000122070312,LIMESTONE,ROTARY,20.0,20.0,25.0,22,745226
367912,W,PUBLIC/SEMI-PUB,-83.95196299999999,40.761887,DIGITIZED,ALLEN,JACKSON,1964-12-28,65.0,921.9000244140625,LIMESTONE,,16.0,18.0,22.0,17,319427
367931,W,DOMESTIC,-84.149987,40.684042,DIGITIZED,ALLEN,SHAWNEE,1958-10-07,47.0,861.2999877929688,GRAVEL,,18.0,21.0,47.0,,224059
367945,W,DOMESTIC,-84.28169,40.71836,GEOCODE,ALLEN,SPENCER,2003-03-28,43.0,825.7999877929688,SHALE,CABLE TOOL,7.0,21.0,40.0,40,962727
368002,W,DOMESTIC,-84.17575699999999,40.708183,DIGITIZED,ALLEN,SHAWNEE,1953-06-26,92.0,867.0,GRAVEL,,20.0,46.0,92.0,,88299
368037,W,DOMESTIC,-84.164164,40.723659,DIGITIZED,ALLEN,SHAWNEE,1957-05-19,144.0,858.0,GRAVEL,,7.0,79.0,144.0,,192057
368040,W,DOMESTIC,-84.24234,40.759100000000004,GEOCODE,ALLEN,AMANDA,1992-12-05,40.0,808.4000244140625,LIMESTONE,ROTARY,12.0,9.0,34.0,30,755195
368043,W,DOMESTIC,-84.20425499999999,40.698637999999995,DIGITIZED,ALLEN,SHAWNEE,1959-05-04,134.0,876.2000122070312,LIMESTONE,,,50.0,76.0,77,193148
368047,W,DOMESTIC,-84.20403999999999,40.696000000000005,,ALLEN,SHAWNEE,1993-05-08,96.0,880.7000122070312,LIMESTONE,CABLE TOOL,5.0,60.0,85.0,85,758673
368050,W,DOMESTIC,-84.03254,40.698029999999996,GEOCODE,ALLEN,PERRY,1996-04-10,106.0,976.0,GRAVEL,CABLE TOOL,15.0,75.0,106.0,,820005
368053,W,DOMESTIC,-84.02100999999999,40.665729999999996,GEOCODE,ALLEN,PERRY,2002-11-27,43.0,926.2000122070312,SHALE,CABLE TOOL,6.0,12.0,41.0,42,947292
368101,W,DOMESTIC,-84.085837,40.831719,DIGITIZED,ALLEN,MONROE,1964-03-14,28.0,813.2999877929688,LIMESTONE,,15.0,18.0,18.0,18,279876
368209,W,DOMESTIC,-84.176306,40.738444,DIGITIZED,ALLEN,AMERICAN,1953-11-17,113.0,822.7000122070312,LIMESTONE,,,,20.0,95,72871
368211,W,DOMESTIC,-84.13687999999999,40.673988,DIGITIZED,ALLEN,SHAWNEE,1964-05-06,166.0,877.2999877929688,SAND & GRAVEL,,8.0,34.0,166.0,,308808
368231,W,DOMESTIC,-84.18348999999999,40.680436,DIGITIZED,ALLEN,SHAWNEE,1965-05-13,52.0,841.9000244140625,GRAVEL,,12.0,17.0,53.0,,319436
368252,W,DOMESTIC,-84.179564,40.756401,DIGITIZED,ALLEN,AMERICAN,1963-08-26,41.0,830.0,LIMESTONE,,10.0,25.0,31.0,30,302352
368259,W,DOMESTIC,-84.13475,40.672522,DIGITIZED,ALLEN,SHAWNEE,1955-08-28,76.0,883.7000122070312,GRAVEL,,13.0,34.0,76.0,,141831
368262,W,DOMESTIC,-83.981653,40.833334,DIGITIZED,ALLEN,RICHLAND,1955-12-14,30.0,855.2999877929688,LIMESTONE,,5.0,12.0,,16,144620
368272,W,DOMESTIC,-84.147562,40.692561,DIGITIZED,ALLEN,SHAWNEE,1955-09-19,47.0,855.5999755859375,GRAVEL,,20.0,28.0,47.0,,166758
368304,W,DOMESTIC,-84.137649,40.690111,DIGITIZED,ALLEN,SHAWNEE,1957-06-01,82.0,867.0999755859375,GRAVEL,,14.0,34.0,82.0,,187868
368552,W,DOMESTIC,-84.0276,40.77934,,ALLEN,BATH,2004-04-01,67.0,892.7999877929688,LIMESTONE,CABLE TOOL,14.0,24.0,36.0,66,960926
368641,W,DOMESTIC,-83.94686,40.81158,GLOBAL POSITIONING SYSTEM,ALLEN,JACKSON,2004-10-04,29.0,887.9000244140625,LIMESTONE,CABLE TOOL,12.0,4.0,27.0,27,960948
368760,W,DOMESTIC,-84.1885,40.83883,GLOBAL POSITIONING SYSTEM,ALLEN,SUGAR CREEK,2003-11-26,62.0,782.5,LIMESTONE,ROTARY,2.0,14.0,28.0,57,972007
368791,W,DOMESTIC,-84.36583,40.801500000000004,GLOBAL POSITIONING SYSTEM,ALLEN,MARION,2004-07-13,180.0,789.0999755859375,LIMESTONE,ROTARY,10.0,40.0,28.0,176,980849
368926,W,DOMESTIC,-84.27221999999999,40.700829999999996,GLOBAL POSITIONING SYSTEM,ALLEN,AMANDA,2004-10-08,50.0,821.9000244140625,LIMESTONE,CABLE TOOL,15.0,35.0,30.0,30,978607
369025,W,DOMESTIC,-84.01700000000001,40.81283,GLOBAL POSITIONING SYSTEM,ALLEN,BATH,2004-11-10,62.0,856.7000122070312,,ROTARY,15.0,20.0,34.0,58,987220
369208,W,DOMESTIC,-84.27917,40.695609999999995,GLOBAL POSITIONING SYSTEM,ALLEN,AMANDA,2005-06-18,62.0,842.0,,ROTARY,17.0,37.0,54.0,53,992303
369243,W,DOMESTIC,-84.06291,40.68396,GLOBAL POSITIONING SYSTEM,ALLEN,PERRY,2006-03-03,161.0,962.0,GRAVEL & SAND,ROTARY,35.0,65.0,157.0,,2001559
369324,W,DOMESTIC,-83.91194,40.89639,GLOBAL POSITIONING SYSTEM,ALLEN,RICHLAND,2006-04-25,123.0,829.0999755859375,LIMESTONE,AIR ROTARY,30.0,70.0,38.0,35,2002468
369429,W,DOMESTIC,-84.22397,40.80919,GLOBAL POSITIONING SYSTEM,ALLEN,SUGAR CREEK,2005-08-22,120.0,795.5,,ROTARY,30.0,25.0,26.0,19,990621
369454,W,DOMESTIC,-84.24337,40.788121,DIGITIZED,ALLEN,MARION,1953-01-09,85.0,796.7000122070312,LIMESTONE,,,,30.0,30,85178
369530,W,,-83.976582,40.845057,DIGITIZED,ALLEN,RICHLAND,1950-01-19,71.0,862.7999877929688,LIMESTONE,,20.0,9.0,37.0,37,69621
369539,W,DOMESTIC,-84.09,40.653059999999996,GLOBAL POSITIONING SYSTEM,ALLEN,PERRY,2006-02-10,200.0,942.2000122070312,,ROTARY,20.0,47.0,145.0,198,990652
369556,W,DOMESTIC,-84.117753,40.785895,DIGITIZED,ALLEN,AMERICAN,1966-03-26,100.0,830.7999877929688,LIMESTONE,,8.0,25.0,23.0,22,342021
369557,W,DOMESTIC,-83.94294,40.731451,DIGITIZED,ALLEN,AUGLAIZE,1961-05-01,107.0,976.7000122070312,LIMESTONE,,10.0,33.0,88.0,88,245588
369558,W,DOMESTIC,-84.07021399999999,40.800954999999995,DIGITIZED,ALLEN,BATH,1959-02-07,64.0,829.7000122070312,LIMESTONE,,,,21.0,20,201648
369661,W,DOMESTIC,-84.147562,40.692561,DIGITIZED,ALLEN,SHAWNEE,1962-04-11,93.0,855.5999755859375,GRAVEL,,9.0,33.0,93.0,,264484
369691,W,DOMESTIC,-83.88982,40.91117,GEOCODE,ALLEN,RICHLAND,2006-06-27,63.0,828.5,LIMESTONE,ROTARY,12.0,28.0,34.0,60,990692
369707,W,DOMESTIC,-83.95832999999999,40.797000000000004,GLOBAL POSITIONING SYSTEM,ALLEN,JACKSON,2006-07-05,82.0,920.0,LIMESTONE,ROTARY,8.0,33.0,52.0,52,990681
369757,W,,-84.040745,40.763746999999995,DIGITIZED,ALLEN,BATH,1949-03-25,78.0,890.2999877929688,LIMESTONE,,20.0,33.0,53.0,53,26398
369758,W,,-84.069304,40.829997999999996,DIGITIZED,ALLEN,MONROE,1950-05-20,40.0,826.2999877929688,LIMESTONE,,,,36.0,36,56723
369983,W,DOMESTIC,-84.28148999999999,40.75289,GLOBAL POSITIONING SYSTEM,ALLEN,AMANDA,2006-08-16,96.0,808.0999755859375,LIMESTONE,ROTARY,35.0,12.0,25.0,92,2004575
370059,W,DOMESTIC,-83.98044399999999,40.694618,DIGITIZED,ALLEN,AUGLAIZE,1957-04-12,33.0,940.5,LIMESTONE,,,6.0,27.0,22,169631
370060,W,DOMESTIC,-84.168607,40.722182,DIGITIZED,ALLEN,SHAWNEE,1961-03-10,130.0,845.4000244140625,LIMESTONE,,11.0,58.0,68.0,68,245891
370157,W,DOMESTIC,-84.133523,40.794506,DIGITIZED,ALLEN,AMERICAN,1957-10-29,73.0,814.2999877929688,GRAVEL,,11.0,20.0,73.0,,191595
370158,W,DOMESTIC,-84.161563,40.71535,DIGITIZED,ALLEN,SHAWNEE,1962-09-25,199.0,827.2000122070312,LIMESTONE,,14.0,64.0,173.0,173,284462
370159,W,DOMESTIC,-84.15878599999999,40.694269,DIGITIZED,ALLEN,SHAWNEE,1959-05-06,178.0,841.2000122070312,SAND & GRAVEL,,,22.0,178.0,,161238
371032,W,DOMESTIC,-84.1087,40.8459,GLOBAL POSITIONING SYSTEM,ALLEN,MONROE,2006-05-30,100.0,791.5,LIMESTONE,ROTARY,10.0,16.0,80.0,98,990703
371605,W,DOMESTIC,-84.203333,40.72,GLOBAL POSITIONING SYSTEM,ALLEN,SHAWNEE,2008-10-23,73.0,837.0,LIMESTONE,AIR ROTARY,20.0,37.0,53.0,50,2020036
371677,W,DOMESTIC,-84.26167,40.69278,,ALLEN,AMANDA,2009-06-18,35.0,829.2999877929688,LIMESTONE,CABLE TOOL,12.0,25.0,32.0,32,1011863
371678,W,DOMESTIC,-84.29361,40.7425,,ALLEN,AMANDA,2009-08-26,27.0,809.4000244140625,SHALE,CABLE TOOL,20.0,22.0,26.0,26,1011868
371765,W,MONITOR,-84.15617,40.73714,GEOCODE,ALLEN,BATH,2008-05-27,16.0,846.4000244140625,GRAVEL,GEOPROBE,,1.5,1.0,,2016810
371782,W,DOMESTIC,-84.253067,40.696816999999996,,ALLEN,AMANDA,2008-09-04,142.0,846.5,,ROTARY,20.0,50.0,50.0,50,1007240
372112,W,DOMESTIC,-84.01328,40.7505,GEOCODE,ALLEN,BATH,1998-05-27,222.0,921.0,CREVICE,ROTARY,20.0,29.0,29.0,24,871350
372169,W,DOMESTIC,-84.14,40.662777999999996,,ALLEN,SHAWNEE,2011-02-23,35.0,880.9000244140625,SHALE,CABLE TOOL,20.0,28.0,34.0,34,1013491
372213,W,,-83.894117,40.82045,,ALLEN,RICHLAND,2012-03-16,40.0,899.5999755859375,LIMESTONE,ROTARY,20.0,9.0,38.0,38,1014560
372316,W,DOMESTIC,-83.96065,40.759482999999996,,ALLEN,JACKSON,2011-08-08,80.0,931.0,LIMESTONE,ROTARY,12.0,18.0,26.0,23,1014587
372341,W,DOMESTIC,-83.976389,40.763611,GLOBAL POSITIONING SYSTEM,ALLEN,JACKSON,2012-11-06,55.0,925.7000122070312,LIMESTONE,CABLE TOOL,9.0,40.0,34.0,34,1016359
372412,W,DOMESTIC,-84.36833299999999,40.704333,GLOBAL POSITIONING SYSTEM,ALLEN,SPENCER,2012-11-08,38.0,829.5,GRAVEL,AIR ROTARY,25.0,24.0,37.0,,2041352
372439,W,DOMESTIC,-84.305667,40.759167,GLOBAL POSITIONING SYSTEM,ALLEN,AMANDA,2011-10-07,103.0,781.7999877929688,LIMESTONE,AIR ROTARY,5.0,20.0,29.0,31,2034870
372620,W,AGRIC/IRRIG,-83.95004999999999,40.865733,GLOBAL POSITIONING SYSTEM,ALLEN,RICHLAND,2013-08-31,63.0,850.4000244140625,LIMESTONE,ROTARY,20.0,32.0,48.0,46,2044722
372627,W,,-84.087233,40.817133,,ALLEN,BATH,2013-03-01,37.0,832.5999755859375,LIMESTONE,CABLE TOOL,12.0,26.0,35.0,35,1013071
372694,W,,-84.378833,40.805983,,ALLEN,MARION,2013-10-25,40.0,792.2999877929688,LIMESTONE,ROTARY,10.0,11.0,72.0,32,1016908
372704,W,DOMESTIC,-83.88550000000001,40.757166999999995,GLOBAL POSITIONING SYSTEM,ALLEN,JACKSON,2013-11-29,63.0,966.5999755859375,LIMESTONE,AIR ROTARY,40.0,15.0,32.0,27,2046214
372755,W,DOMESTIC,-84.269667,40.800000000000004,GLOBAL POSITIONING SYSTEM,ALLEN,MARION,2013-11-14,151.0,788.2000122070312,LIMESTONE,AIR ROTARY,10.0,30.0,28.0,25,2046205
372869,W,DOMESTIC,-84.12190000000001,40.67152,GLOBAL POSITIONING SYSTEM,ALLEN,SHAWNEE,2014-09-02,203.0,903.7999877929688,LIMESTONE,ROTARY,15.0,45.0,70.0,68,2048937
372878,W,ABANDONED,-83.976,40.781732999999996,GLOBAL POSITIONING SYSTEM,ALLEN,JACKSON,2014-07-01,35.0,910.2999877929688,LIMESTONE & SHALE,CABLE TOOL,8.0,28.0,33.0,33,1015576
372883,W,DOMESTIC,-83.98482,40.746916999999996,GLOBAL POSITIONING SYSTEM,ALLEN,JACKSON,2015-12-01,40.0,,LIMESTONE,CABLE TOOL,12.0,27.0,36.0,35,1015562
372897,W,DOMESTIC,-83.916033,40.700433,GLOBAL POSITIONING SYSTEM,ALLEN,AUGLAIZE,2015-09-12,70.0,,LIMESTONE,ROTARY,10.0,14.0,26.0,24,1018697
372940,W,DOMESTIC,-84.28222199999999,40.821388999999996,GLOBAL POSITIONING SYSTEM,ALLEN,MARION,2014-09-23,76.0,776.7999877929688,LIMESTONE,AIR ROTARY,12.0,14.0,26.0,20,2049920
373095,W,OTHER,-84.1076,40.679832999999995,GLOBAL POSITIONING SYSTEM,ALLEN,PERRY,2015-05-28,50.0,,GRAVEL,ROTARY,20.0,31.0,50.0,,1019047
373118,W,DOMESTIC,-83.89935,40.820049999999995,GLOBAL POSITIONING SYSTEM,ALLEN,RICHLAND,2014-02-12,40.0,904.0999755859375,LIMESTONE,ROTARY,30.0,5.0,30.0,30,1017837
373200,W,MONITOR,-84.04028,40.788579999999996,GLOBAL POSITIONING SYSTEM,ALLEN,BATH,2017-08-21,14.0,,CLAY,GEOPROBE,,8.0,4.0,,2064398
373354,W,DOMESTIC,-84.25236699999999,40.692482999999996,GLOBAL POSITIONING SYSTEM,ALLEN,AMANDA,2016-10-28,100.0,,LIMESTONE,ROTARY,7.0,34.0,48.0,48,2060211
373407,W,DOMESTIC,-84.09136199999999,40.805507,DIGITIZED,ALLEN,BATH,1956-07-09,57.0,830.2999877929688,LIMESTONE,,20.0,23.0,36.0,36,173421
373434,W,DOMESTIC,-84.147562,40.692561,DIGITIZED,ALLEN,SHAWNEE,1961-11-27,202.0,855.5999755859375,LIMESTONE,,14.0,33.0,146.0,146,264475
373782,W,DOMESTIC,-84.070217,40.692333,GLOBAL POSITIONING SYSTEM,ALLEN,PERRY,2019-07-03,170.0,,LIMESTONE,MUD/AIR ROTARY,15.0,56.0,135.0,,2074363
373873,W,DOMESTIC,-83.99452699999999,40.734057,DIGITIZED,ALLEN,BATH,1958-07-28,57.0,927.2000122070312,LIMESTONE,,20.0,17.0,25.0,25,192898
373896,W,DOMESTIC,-84.24717,40.688179999999996,GEOCODE,ALLEN,AMANDA,1997-04-07,63.0,851.5,LIMESTONE,ROTARY,15.0,38.0,56.0,54,852566
373920,W,DOMESTIC,-84.240692,40.689684,DIGITAL MAP,ALLEN,AMANDA,2018-10-23,117.0,,LIMESTONE,ROTARY,30.0,33.0,60.0,,1021056
374008,W,DOMESTIC,-83.97505,40.645333,GLOBAL POSITIONING SYSTEM,ALLEN,AUGLAIZE,2019-02-22,75.0,,LIMESTONE,MUD/AIR ROTARY,12.0,40.0,57.0,,2072796
374038,W,DOMESTIC,-83.89291999999999,40.65444,GEOCODE,ALLEN,AUGLAIZE,1998-06-24,122.0,1041.300048828125,LIMESTONE,ROTARY,18.0,40.0,59.0,54,871394
374190,W,DOMESTIC,-84.108367,40.663335,DIGITIZED,ALLEN,SHAWNEE,1954-11-25,165.0,920.7000122070312,LIMESTONE,,,,155.0,162,66459
374191,W,MONITOR,-84.09700000000001,40.75179,GEOCODE,ALLEN,BATH,1993-03-02,13.0,863.7999877929688,GRAVEL,AUGER,,,,,9931034
374192,W,DOMESTIC,-84.16496,40.706469999999996,GEOCODE,ALLEN,SHAWNEE,1975-04-02,78.0,853.0999755859375,GRAVEL,,15.0,60.0,78.0,,511837
374193,W,DOMESTIC,-84.18480000000001,40.71177,GEOCODE,ALLEN,SHAWNEE,1966-10-20,67.0,867.4000244140625,GRAVEL,,14.0,54.0,67.0,,338168
374197,W,DOMESTIC,-84.00228,40.65268,GEOCODE,ALLEN,AUGLAIZE,1996-01-26,80.0,959.4000244140625,LIMESTONE,ROTARY,10.0,27.0,41.0,41,828351
374198,W,DOMESTIC,-84.169788,40.708855,DIGITIZED,ALLEN,SHAWNEE,1953-10-14,165.0,869.5,LIMESTONE,,,,60.0,160,72868
374199,W,DOMESTIC,-84.158104,40.710522,DIGITIZED,ALLEN,SHAWNEE,1956-05-04,53.0,843.0,GRAVEL,,8.0,36.0,53.0,,142846
374202,W,DOMESTIC,-84.28613,40.7292,GEOCODE,ALLEN,AMANDA,1995-02-10,68.0,817.5,LIMESTONE,ROTARY,20.0,19.0,40.0,35,809107
374206,W,DOMESTIC,-83.97742,40.71696,GEOCODE,ALLEN,AUGLAIZE,1991-09-27,95.0,986.0,GRAVEL,CABLE TOOL,20.0,60.0,95.0,,728567
374207,W,DOMESTIC,-84.01324,40.79434,GEOCODE,ALLEN,BATH,1989-07-10,75.0,884.0,LIMESTONE,ROTARY,30.0,20.0,43.0,40,696720
374210,W,,-84.137406,40.693601,DIGITIZED,ALLEN,SHAWNEE,1957-04-06,105.0,861.5,GRAVEL,,,31.0,105.0,,161225
374215,W,DOMESTIC,-84.078504,40.687429,DIGITIZED,ALLEN,PERRY,1963-08-23,66.0,940.4000244140625,GRAVEL,,8.0,30.0,66.0,,281626
374216,W,DOMESTIC,-84.04092299999999,40.687433999999996,DIGITIZED,ALLEN,PERRY,1962-09-29,133.0,958.7000122070312,SAND & GRAVEL,,10.0,29.0,133.0,,281606
374217,W,PUBLIC/SEMI-PUB,-84.045369,40.68728,DIGITIZED,ALLEN,PERRY,1961-08-24,123.0,953.2000122070312,GRAVEL,,15.0,43.0,123.0,,266459
374218,W,DOMESTIC,-84.07901199999999,40.740950999999995,DIGITIZED,ALLEN,BATH,1957-09-27,90.0,882.9000244140625,LIMESTONE,,10.0,29.0,42.0,42,197507
374219,W,DOMESTIC,-84.011186,40.764955,DIGITIZED,ALLEN,BATH,1953-10-01,55.0,895.2000122070312,LIMESTONE,,20.0,20.0,25.0,25,123504
374220,W,,-84.13463,40.758559999999996,GEOCODE,ALLEN,AMERICAN,1990-02-20,190.0,838.4000244140625,LIMESTONE,ROTARY,15.0,82.0,167.0,164,707052
374222,W,PUBLIC/SEMI-PUB,-84.18553,40.84341,,ALLEN,SUGAR CREEK,1985-10-08,67.0,785.7000122070312,LIMESTONE,,3.0,15.0,26.0,21,651906
374223,W,DOMESTIC,-84.162258,40.72116,DIGITIZED,ALLEN,SHAWNEE,1962-06-03,167.0,858.4000244140625,LIMESTONE,,,72.0,161.0,142,251580
374224,W,DOMESTIC,-84.160608,40.722328,DIGITIZED,ALLEN,SHAWNEE,1958-05-21,192.0,862.2999877929688,LIMESTONE,,12.0,75.0,172.0,190,181743
374225,W,DOMESTIC,-84.188362,40.707947,DIGITIZED,ALLEN,SHAWNEE,1965-10-09,90.0,866.7000122070312,LIMESTONE,,20.0,60.0,82.0,82,342011
374226,W,DOMESTIC,-84.15718,40.69695,GEOCODE,ALLEN,SHAWNEE,1961-03-04,88.0,829.2000122070312,LIMESTONE,,15.0,20.0,85.0,85,258458
374231,W,DOMESTIC,-84.25116,40.688759999999995,GEOCODE,ALLEN,AMANDA,1996-03-26,63.0,843.7999877929688,LIMESTONE,CABLE TOOL,15.0,44.0,52.0,47,812357
374232,W,DOMESTIC,-84.089533,40.696577,DIGITIZED,ALLEN,PERRY,1963-07-16,66.0,909.0999755859375,SAND & GRAVEL,,10.0,30.0,66.0,,291117
374233,W,DOMESTIC,-83.899237,40.802718,DIGITIZED,ALLEN,JACKSON,1955-06-11,51.0,931.2000122070312,LIMESTONE,,,18.0,30.0,49,120482
374234,W,DOMESTIC,-84.09443,40.79994,GEOCODE,ALLEN,BATH,1989-03-15,45.0,838.0999755859375,GRAVEL,CABLE TOOL,8.0,39.0,45.0,,677685
374236,W,MUNICIPAL,-83.89415699999999,40.888942,DIGITIZED,ALLEN,RICHLAND,1962-10-18,100.0,825.2000122070312,LIMESTONE,,,28.0,15.0,10,286056
374240,W,DOMESTIC,-83.97869,40.74599,GEOCODE,ALLEN,JACKSON,1993-07-14,50.0,932.7999877929688,LIMESTONE,ROTARY,30.0,14.0,41.0,38,767896
374241,W,DOMESTIC,-84.047186,40.660238,DIGITIZED,ALLEN,PERRY,1956-12-21,64.0,919.5999755859375,,,20.0,12.0,64.0,,159586
374242,W,DOMESTIC,-83.97577,40.80161,GEOCODE,ALLEN,JACKSON,1988-02-18,71.0,899.9000244140625,LIMESTONE,ROTARY,10.0,28.0,56.0,56,676180
374243,W,DOMESTIC,-84.165292,40.700536,DIGITIZED,ALLEN,SHAWNEE,1962-10-07,42.0,848.5999755859375,GRAVEL,,10.0,18.0,42.0,,281607
374244,W,MONITOR,-84.11341,40.72199,GEOCODE,ALLEN,SHAWNEE,1994-10-22,11.0,864.0999755859375,SAND & GRAVEL,AUGER,,,9.0,,827587
374253,W,DOMESTIC,-83.881,40.74678,GEOCODE,ALLEN,JACKSON,1995-11-30,62.0,991.7000122070312,LIMESTONE,ROTARY,20.0,30.0,37.0,34,828326
374254,W,DOMESTIC,-83.97583,40.78256,GEOCODE,ALLEN,JACKSON,1989-09-13,50.0,909.2999877929688,LIMESTONE,ROTARY,12.0,26.0,37.0,34,700139
374255,W,DOMESTIC,-84.16759499999999,40.728477999999996,DIGITIZED,ALLEN,SHAWNEE,1964-05-29,122.0,841.4000244140625,GRAVEL,,10.0,61.0,122.0,,298574
374256,W,DOMESTIC,-84.169455,40.729824,DIGITIZED,ALLEN,SHAWNEE,1957-08-03,77.0,844.5999755859375,GRAVEL,,8.0,,77.0,,201613
374257,W,DOMESTIC,-84.187231,40.727478999999995,DIGITIZED,ALLEN,SHAWNEE,1960-09-03,42.0,830.2999877929688,SAND & GRAVEL,,10.0,18.0,42.0,,250907
374258,W,DOMESTIC,-84.135346,40.699596,DIGITIZED,ALLEN,SHAWNEE,1963-10-12,167.0,872.7999877929688,LIMESTONE,,15.0,60.0,138.0,137,291133
374259,W,DOMESTIC,-84.24537,40.83048,GEOCODE,ALLEN,MARION,1992-10-29,63.0,782.2000122070312,LIMESTONE,ROTARY,10.0,14.0,25.0,21,755186
374260,W,DOMESTIC,-84.03236,40.81035,GEOCODE,ALLEN,BATH,1996-09-04,50.0,849.7000122070312,LIMESTONE,ROTARY,12.0,8.0,27.0,24,843045
374261,W,DOMESTIC,-84.07012,40.802807,DIGITIZED,ALLEN,BATH,1958-05-20,31.0,836.7999877929688,GRAVEL,,8.0,15.0,31.0,,201627
374262,W,DOMESTIC,-84.13947,40.83209,,ALLEN,SUGAR CREEK,1993-07-07,42.0,789.7000122070312,LIMESTONE,ROTARY,12.0,6.0,25.0,25,769286
374263,W,,-84.15184099999999,40.709475999999995,DIGITIZED,ALLEN,SHAWNEE,1961-05-25,57.0,846.0999755859375,GRAVEL,,7.0,25.0,57.0,,245900
374264,W,DOMESTIC,-84.18365,40.67173,GEOCODE,ALLEN,SHAWNEE,1989-05-30,36.0,845.2999877929688,GRAVEL,CABLE TOOL,20.0,8.0,36.0,,677691
374266,W,DOMESTIC,-84.03913,40.70212,GEOCODE,ALLEN,PERRY,1993-10-02,82.0,958.2000122070312,SAND & GRAVEL,CABLE TOOL,5.0,,,,761046
374267,W,DOMESTIC,-84.13902999999999,40.69368,GEOCODE,ALLEN,SHAWNEE,1972-10-21,156.0,858.5,LIMESTONE,,10.0,67.0,127.0,125,451083
374269,W,DOMESTIC,-84.08022,40.79513,GEOCODE,ALLEN,BATH,1988-09-06,175.0,855.7000122070312,LIMESTONE,ROTARY,7.0,75.0,49.0,49,688031
374270,W,DOMESTIC,-84.09020199999999,40.657548999999996,DIGITIZED,ALLEN,PERRY,1952-06-23,133.0,951.2999877929688,GRAVEL & SAND,,,,,,54993
374271,W,DOMESTIC,-84.310259,40.84041,DIGITAL MAP,ALLEN,MARION,1995-09-12,60.0,,LIMESTONE,CABLE TOOL,5.0,20.0,26.0,26,819984
374277,W,DOMESTIC,-84.08643,40.71071,GEOCODE,ALLEN,PERRY,1972-01-12,225.0,894.0,LIMESTONE,,30.0,46.0,141.0,140,449514
374278,W,DOMESTIC,-84.062602,40.788762,DIGITIZED,ALLEN,BATH,1965-08-06,77.0,868.7000122070312,LIMESTONE,,20.0,25.0,44.0,42,342001
374279,W,DOMESTIC,-84.048901,40.789471999999996,DIGITIZED,ALLEN,BATH,1955-08-16,60.0,867.9000244140625,LIMESTONE,,15.0,21.0,42.0,42,156838
374280,W,DOMESTIC,-84.16924,40.68855,GEOCODE,ALLEN,SHAWNEE,1987-11-18,33.0,839.5,GRAVEL,CABLE TOOL,20.0,15.0,33.0,,657183
374281,W,DOMESTIC,-84.16626,40.69566,GEOCODE,ALLEN,SHAWNEE,1991-09-26,149.0,844.7000122070312,LIMESTONE,ROTARY,15.0,22.0,137.0,137,741781
374282,W,DOMESTIC,-84.20958,40.69096,GEOCODE,ALLEN,SHAWNEE,1991-11-21,58.0,860.0,GRAVEL,CABLE TOOL,15.0,30.0,58.0,,728574
374284,W,DOMESTIC,-84.20994999999999,40.693169999999995,GEOCODE,ALLEN,SHAWNEE,1976-10-01,85.0,866.7000122070312,LIMESTONE,,15.0,40.0,75.0,75,511802
374285,W,DOMESTIC,-83.89948,40.887809999999995,,ALLEN,RICHLAND,1981-06-26,78.0,836.0999755859375,LIMESTONE,,30.0,14.0,25.0,13,606916
374291,W,DOMESTIC,-84.02465,40.69511,GEOCODE,ALLEN,PERRY,1994-07-14,132.0,989.2000122070312,GRAVEL,CABLE TOOL,15.0,70.0,132.0,108,786346
374292,W,DOMESTIC,-84.10182999999999,40.80688,GEOCODE,ALLEN,BATH,1987-08-13,149.0,818.0,LIMESTONE,,10.0,46.0,147.0,147,672659
374293,W,DOMESTIC,-84.09114,40.80553,GEOCODE,ALLEN,BATH,1984-12-10,120.0,830.7000122070312,LIMESTONE,,1.0,30.0,38.0,38,651479
374294,W,DOMESTIC,-84.07029,40.79685,GEOCODE,ALLEN,BATH,1990-07-03,87.0,843.7999877929688,LIMESTONE,CABLE TOOL,24.0,32.0,34.0,85,723761
374295,W,DOMESTIC,-84.05712,40.78913,GEOCODE,ALLEN,BATH,1990-04-10,132.0,868.7999877929688,LIMESTONE,,24.0,38.0,48.0,130,723759
374296,W,DOMESTIC,-84.18055,40.765589999999996,,ALLEN,AMERICAN,1989-04-13,102.0,826.9000244140625,LIMESTONE,ROTARY,7.0,40.0,102.0,58,692388
374297,W,DOMESTIC,-84.070117,40.803340999999996,DIGITIZED,ALLEN,BATH,1961-08-29,55.0,835.7999877929688,GRAVEL,,25.0,11.0,55.0,,266460
374298,W,DOMESTIC,-84.089066,40.817161,DIGITIZED,ALLEN,BATH,1951-05-16,65.0,826.2999877929688,LIMESTONE,,,17.0,39.0,36,40824
374299,W,,-84.1584,40.837889,DIGITIZED,ALLEN,SUGAR CREEK,1953-11-03,50.0,789.2999877929688,SAND & GRAVEL,,,25.0,50.0,,40828
374300,W,,-84.18818999999999,40.840263,DIGITIZED,ALLEN,SUGAR CREEK,1957-06-06,51.0,781.5,LIMESTONE,,6.0,10.0,23.0,49,154729
374301,W,,-84.172106,40.706908999999996,DIGITIZED,ALLEN,SHAWNEE,1969-09-15,224.0,876.5999755859375,LIMESTONE,,4.0,60.0,115.0,100,392169
374302,W,DOMESTIC,-84.134439,40.690667999999995,DIGITIZED,ALLEN,SHAWNEE,1961-06-02,52.0,868.4000244140625,GRAVEL,,9.0,34.0,52.0,,264451
374303,W,DOMESTIC,-84.134439,40.690667999999995,DIGITIZED,ALLEN,SHAWNEE,1958-07-11,48.0,868.4000244140625,GRAVEL,,12.0,32.0,48.0,,187893
374307,W,DOMESTIC,-84.117753,40.785895,DIGITIZED,ALLEN,AMERICAN,1963-04-12,82.0,830.7999877929688,LIMESTONE,,16.0,27.0,29.0,29,286072
374308,W,DOMESTIC,-84.135965,40.779027,DIGITIZED,ALLEN,AMERICAN,1957-07-08,66.0,834.0,LIMESTONE,,,,31.0,31,193114
374309,W,DOMESTIC,-83.99875999999999,40.77588,GEOCODE,ALLEN,BATH,1992-04-09,84.0,907.9000244140625,LIMESTONE,CABLE TOOL,8.0,38.0,45.0,82,723777
374311,W,MONITOR,-84.10701,40.73741,,ALLEN,AMERICAN,1996-04-17,15.0,857.0999755859375,CLAY,AUGER,,,,,836774
374315,W,DOMESTIC,-84.21983999999999,40.787389999999995,GEOCODE,ALLEN,MARION,1985-08-02,142.0,792.0,LIMESTONE,,4.0,8.0,26.0,26,629996
374316,W,DOMESTIC,-84.15878599999999,40.694269,DIGITIZED,ALLEN,SHAWNEE,1954-03-20,92.0,841.2000122070312,GRAVEL,,20.0,25.0,92.0,,115279
374317,W,DOMESTIC,-84.16190999999999,40.723228999999996,DIGITIZED,ALLEN,SHAWNEE,1954-08-29,204.0,864.0,LIMESTONE,,10.0,70.0,170.0,172,131735
374326,W,DOMESTIC,-84.07104,40.81362,GEOCODE,ALLEN,BATH,1979-10-19,62.0,847.0,LIMESTONE,,30.0,20.0,48.0,61,502362
374327,W,DOMESTIC,-84.047821,40.73144,DIGITIZED,ALLEN,BATH,1960-08-26,42.0,904.7000122070312,LIMESTONE,,15.0,14.0,20.0,20,250904
374329,W,DOMESTIC,-84.15574699999999,40.702090999999996,DIGITIZED,ALLEN,SHAWNEE,1953-11-06,27.0,838.0,GRAVEL,,,14.0,27.0,,121402
374331,W,DOMESTIC,-84.079571,40.701991,DIGITIZED,ALLEN,PERRY,1961-03-27,58.0,914.7999877929688,GRAVEL,,10.0,28.0,58.0,,208734
374332,W,DOMESTIC,-84.101929,40.807336,DIGITIZED,ALLEN,BATH,1967-06-01,57.0,819.9000244140625,LIMESTONE,,14.0,20.0,36.0,34,357522
374334,W,DOMESTIC,-84.05991,40.665659999999995,GEOCODE,ALLEN,SHAWNEE,1986-05-07,45.0,919.0,GRAVEL,CABLE TOOL,20.0,35.0,45.0,,654559
374336,W,DOMESTIC,-84.242848,40.704536,DIGITIZED,ALLEN,AMANDA,1963-08-09,68.0,839.5,LIMESTONE,,4.0,16.0,44.0,44,284497
374337,W,PUBLIC/SEMI-PUB,-84.278542,40.690484,DIGITIZED,ALLEN,AMANDA,1960-06-15,57.0,844.5999755859375,LIMESTONE & SHALE,,,40.0,57.0,54,184692
374340,W,DOMESTIC,-83.994,40.79679,GEOCODE,ALLEN,JACKSON,1990-06-25,53.0,890.0999755859375,GRAVEL,,4.0,,53.0,,723763
374341,W,DOMESTIC,-83.95564,40.74601,GEOCODE,ALLEN,JACKSON,1992-11-05,61.0,950.5,LIMESTONE,ROTARY,25.0,23.0,37.0,33,763492
379143,W,,-84.270572,40.707969999999996,DIGITIZED,ALLEN,AMANDA,1950-07-08,60.0,805.2999877929688,LIMESTONE,,,,,30,56455
379260,W,,-84.10428399999999,40.756676,DIGITIZED,ALLEN,BATH,1938-02-14,235.0,877.5999755859375,LIMESTONE,,,62.5,,27,9902013
379262,W,,-84.09137899999999,40.832558999999996,DIGITIZED,ALLEN,MONROE,1949-07-26,56.0,807.0999755859375,LIMESTONE,,14.0,12.0,23.0,53,40809
379272,W,,-84.095244,40.702974,DIGITIZED,ALLEN,PERRY,1950-06-06,43.0,887.7999877929688,GRAVEL,,24.0,20.0,43.0,,60151
381126,W,DOMESTIC,-84.12835,40.79626,,ALLEN,AMERICAN,1996-08-02,71.0,820.5999755859375,GRAVEL,CABLE TOOL,15.0,18.0,71.0,,839953
381127,W,DOMESTIC,-83.95894,40.67619,GEOCODE,ALLEN,AUGLAIZE,1996-12-06,75.0,999.2999877929688,LIMESTONE,ROTARY,30.0,28.0,68.0,68,851162
381128,W,DOMESTIC,-83.99412,40.80797,GEOCODE,ALLEN,JACKSON,1996-12-27,103.0,883.2000122070312,LIMESTONE,ROTARY,4.0,25.0,39.0,39,841972
381134,W,DOMESTIC,-84.02971,40.83209,,ALLEN,MONROE,1996-11-06,42.0,838.0,GRAVEL,CABLE TOOL,10.0,,,,826129
381290,W,DOMESTIC,-84.07048999999999,40.69309,GEOCODE,ALLEN,PERRY,1998-07-31,98.0,937.2999877929688,GRAVEL,ROTARY,8.0,50.0,98.0,,866892
381295,W,DOMESTIC,-84.32808,40.707209999999996,GEOCODE,ALLEN,SPENCER,1998-08-04,61.0,838.7999877929688,SAND & GRAVEL,CABLE TOOL,10.0,12.0,,,855220
381367,W,DOMESTIC,-84.16544999999999,40.671949999999995,GEOCODE,ALLEN,SHAWNEE,1999-06-22,123.0,852.4000244140625,LIMESTONE,ROTARY,15.0,28.0,98.0,98,884314
381439,W,DOMESTIC,-84.26353,40.70057,GEOCODE,ALLEN,AMANDA,1999-06-01,82.0,836.4000244140625,LIMESTONE,ROTARY,25.0,43.0,54.0,50,897137
381443,W,DOMESTIC,-83.91024999999999,40.87923,GEOCODE,ALLEN,RICHLAND,1998-10-19,188.0,842.5999755859375,LIMESTONE,ROTARY,10.0,50.0,33.0,30,881968
381444,W,DOMESTIC,-84.30158,40.757600000000004,GEOCODE,ALLEN,AMANDA,1998-10-13,182.0,804.4000244140625,LIMESTONE,ROTARY,20.0,15.0,33.0,28,883694
381493,W,DOMESTIC,-84.23263,40.70933,GEOCODE,ALLEN,AMANDA,2000-02-26,53.0,839.4000244140625,LIMESTONE,CABLE TOOL,6.0,38.0,45.0,45,895914
381511,W,DOMESTIC,-83.88891,40.83437,GEOCODE,ALLEN,RICHLAND,2000-11-04,36.0,894.2000122070312,LIMESTONE,CABLE TOOL,10.0,24.0,32.0,30,867997
381514,W,DOMESTIC,-84.0443,40.890139999999995,GEOCODE,ALLEN,MONROE,2000-07-31,105.0,784.2999877929688,LIMESTONE,ROTARY,8.0,15.0,25.0,100,910138
381528,W,DOMESTIC,-83.93489,40.86114,GEOCODE,ALLEN,RICHLAND,1999-10-18,80.0,856.2000122070312,LIMESTONE,ROTARY,20.0,32.0,37.0,37,901879
381651,W,DOMESTIC,-84.03542999999999,40.817569999999996,,ALLEN,BATH,1999-07-28,38.0,858.0,LIMESTONE & SHALE,CABLE TOOL,20.0,23.0,32.0,32,895888
381913,W,DOMESTIC,-83.9567,40.81014,GEOCODE,ALLEN,JACKSON,2001-01-30,50.0,902.7999877929688,,CABLE TOOL,15.0,35.0,48.0,,916228
381914,W,DOMESTIC,-84.12836,40.79662,GEOCODE,ALLEN,AMERICAN,2001-05-22,75.0,821.0,GRAVEL,ROTARY,8.0,20.0,75.0,,929720
381954,W,DOMESTIC,-84.090549,40.853418999999995,,ALLEN,MONROE,2001-01-04,76.0,797.9000244140625,LIMESTONE,AIR ROTARY,20.0,20.0,32.0,28,926943
381972,W,DOMESTIC,-84.27216,40.8142,GEOCODE,ALLEN,MARION,2000-10-16,132.0,780.5999755859375,LIMESTONE,ROTARY,7.0,30.0,26.0,20,926967
382139,W,PUBLIC/SEMI-PUB,-84.0896,40.68571,GEOCODE,ALLEN,PERRY,2000-09-15,80.0,924.7000122070312,LIMESTONE,CABLE TOOL,15.0,45.0,78.0,78,916213
382140,W,DOMESTIC,-83.9644,40.838319999999996,GEOCODE,ALLEN,RICHLAND,2000-11-01,53.0,859.0999755859375,LIMESTONE,ROTARY,30.0,20.0,39.0,39,922093
382255,W,DOMESTIC,-84.02861999999999,40.725269999999995,GEOCODE,ALLEN,PERRY,2001-04-07,80.0,936.0,LIMESTONE,CABLE TOOL,16.0,55.0,49.0,49,932588
382618,W,DOMESTIC,-83.92783899999999,40.898875,DIGITIZED,ALLEN,RICHLAND,1961-07-29,58.0,824.0999755859375,LIMESTONE,,4.0,20.0,23.0,23,244997
382669,W,DOMESTIC,-84.18952399999999,40.69319,DIGITIZED,ALLEN,SHAWNEE,1953-02-07,101.0,864.5,GRAVEL,,,,,,72856
382726,W,DOMESTIC,-83.90227,40.73245,GEOCODE,ALLEN,JACKSON,2002-08-13,83.0,1002.9000244140625,LIMESTONE,ROTARY,12.0,46.0,57.0,80,947764
382765,W,DOMESTIC,-84.04388999999999,40.890139999999995,GEOCODE,ALLEN,MONROE,1991-01-08,43.0,783.9000244140625,LIMESTONE,ROTARY,20.0,5.0,27.0,19,724464
382820,W,DOMESTIC,-84.194397,40.757711,DIGITIZED,ALLEN,AMERICAN,1955-09-01,139.0,804.0999755859375,LIMESTONE,,,,30.0,30,62142
382840,W,DOMESTIC,-84.163264,40.753116999999996,DIGITIZED,ALLEN,AMERICAN,1953-05-13,202.0,823.9000244140625,LIMESTONE,,9.0,35.0,197.0,197,85193
382859,W,DOMESTIC,-84.095022,40.760642,DIGITIZED,ALLEN,BATH,1964-09-04,45.0,871.9000244140625,SAND & GRAVEL,,13.0,30.0,,,308819
382862,W,MONITOR,-84.07916999999999,40.730779999999996,,ALLEN,PERRY,2002-12-09,20.0,887.2999877929688,SAND & GRAVEL,AUGER,,0.0,10.0,,947544
382863,W,MONITOR,-84.07916999999999,40.730779999999996,,ALLEN,PERRY,2002-12-09,34.0,887.2999877929688,CLAY,AUGER,,0.0,24.0,,947545
382869,W,DOMESTIC,-84.147804,40.767842,DIGITIZED,ALLEN,AMERICAN,1954-01-29,45.0,844.2999877929688,LIMESTONE,,,22.0,19.0,17,127362
382876,W,DOMESTIC,-84.084471,40.830444,DIGITIZED,ALLEN,MONROE,1955-05-08,40.0,814.4000244140625,LIMESTONE,,10.0,,23.0,23,153264
382879,W,DOMESTIC,-84.177302,40.703914999999995,DIGITIZED,ALLEN,SHAWNEE,1955-04-12,74.0,872.5,GRAVEL,,15.0,31.0,74.0,,156811
382881,W,DOMESTIC,-83.96927,40.783539999999995,,ALLEN,JACKSON,1988-09-12,52.0,917.5,LIMESTONE,ROTARY,7.0,30.0,42.0,39,690116
382891,W,DOMESTIC,-83.92846,40.72168,GEOCODE,ALLEN,AUGLAIZE,2002-11-11,96.0,1021.5999755859375,SHALE,CABLE TOOL,15.0,60.0,94.0,95,947290
382930,W,DOMESTIC,-84.03595,40.788309999999996,GEOCODE,ALLEN,BATH,1989-10-05,220.0,884.4000244140625,LIMESTONE,ROTARY,40.0,55.0,50.0,47,700140
382931,W,DOMESTIC,-84.05148,40.77804,GEOCODE,ALLEN,BATH,1990-11-26,62.0,874.5,LIMESTONE,ROTARY,12.0,38.0,44.0,44,726671
382969,W,DOMESTIC,-83.91878,40.905989999999996,GEOCODE,ALLEN,RICHLAND,1988-05-10,38.0,802.2999877929688,LIMESTONE,CABLE TOOL,12.0,20.0,30.0,28,656971
382991,W,DOMESTIC,-84.20844,40.68593,GEOCODE,ALLEN,SHAWNEE,2003-05-01,55.0,847.4000244140625,SHALE,CABLE TOOL,15.0,45.0,53.0,53,947310
383032,W,,-84.15239299999999,40.704827,DIGITIZED,ALLEN,SHAWNEE,1950-01-31,74.0,836.7000122070312,GRAVEL,,15.0,38.0,74.0,,69623
383040,W,DOMESTIC,-84.190973,40.705621,DIGITIZED,ALLEN,SHAWNEE,1963-09-26,88.0,865.7000122070312,LIMESTONE,,15.0,65.0,75.0,75,286639
383067,W,DOMESTIC,-84.07015,40.702694,DIGITIZED,ALLEN,PERRY,1963-08-28,88.0,918.7000122070312,LIMESTONE,,15.0,39.0,71.0,71,298554
383072,W,DOMESTIC,-83.89896499999999,40.652620999999996,DIGITIZED,ALLEN,AUGLAIZE,1952-10-24,116.0,1054.699951171875,LIMESTONE,,15.0,55.0,62.0,62,100616
383271,W,DOMESTIC,-83.92078,40.71525,GLOBAL POSITIONING SYSTEM,ALLEN,AUGLAIZE,2003-08-15,105.0,1025.4000244140625,LIMESTONE,ROTARY,20.0,60.0,80.0,102,963243
383315,W,COMMERCIAL,-84.16307499999999,40.738329,DIGITIZED,ALLEN,AMERICAN,1965-02-01,396.0,837.2999877929688,LIMESTONE,,250.0,100.0,282.0,282,295344
383522,W,DOMESTIC,-84.26635999999999,40.7693,GEOCODE,ALLEN,AMANDA,2003-12-15,26.0,804.0,SHALE,,20.0,10.0,25.0,25,967463
383622,W,DOMESTIC,-83.98066999999999,40.651,GLOBAL POSITIONING SYSTEM,ALLEN,AUGLAIZE,2004-08-19,83.0,1020.5,LIMESTONE,ROTARY,15.0,22.0,47.0,76,980858
383706,W,DOMESTIC,-83.97972,40.79611,GLOBAL POSITIONING SYSTEM,ALLEN,JACKSON,2004-08-30,55.0,911.7999877929688,SHALE,CABLE TOOL,20.0,30.0,53.0,53,978601
384027,W,MONITOR,-84.11801,40.74254,GLOBAL POSITIONING SYSTEM,ALLEN,AMERICAN,2005-11-28,14.0,879.5,SAND & GRAVEL,AUGER,,0.0,4.0,,2000716
384070,W,DOMESTIC,-83.94944,40.81639,GLOBAL POSITIONING SYSTEM,ALLEN,JACKSON,2006-04-25,42.0,884.5,LIMESTONE,AIR ROTARY,20.0,6.0,38.0,41,2002470
384136,W,DOMESTIC,-84.32634,40.70749,GEOCODE,ALLEN,SPENCER,2005-08-12,58.0,835.0,SAND & GRAVEL,CABLE TOOL,10.0,35.0,56.0,56,962758
384173,W,DOMESTIC,-83.92581,40.77511,GLOBAL POSITIONING SYSTEM,ALLEN,JACKSON,2005-08-27,50.0,920.2000122070312,,ROTARY,30.0,12.0,26.0,13,990625
384182,W,DOMESTIC,-84.186,40.84033,GLOBAL POSITIONING SYSTEM,ALLEN,SUGAR CREEK,2005-08-02,243.0,783.2000122070312,LIMESTONE,ROTARY,10.0,35.0,,117,994966
384195,W,,-84.12814999999999,40.694555,DIGITIZED,ALLEN,SHAWNEE,1949-03-30,53.0,885.0,GRAVEL,,8.0,43.0,53.0,,49543
384196,W,,-84.073836,40.831295999999995,DIGITIZED,ALLEN,MONROE,1950-01-01,40.0,818.7999877929688,LIMESTONE,,,,21.0,20,56704
384314,W,,-84.251521,40.764801,DIGITIZED,ALLEN,AMANDA,1951-04-19,70.0,799.0999755859375,LIMESTONE,,20.0,3.0,30.0,30,83411
384317,W,PUBLIC/SEMI-PUB,-83.97623899999999,40.656802,DIGITIZED,ALLEN,AUGLAIZE,1961-10-18,63.0,999.5999755859375,LIMESTONE,,20.0,30.0,39.0,39,266467
384318,W,PUBLIC/SEMI-PUB,-84.095455,40.786823,DIGITIZED,ALLEN,BATH,1956-01-13,150.0,833.5999755859375,LIMESTONE,,,,29.0,20,173107
384319,W,DOMESTIC,-83.992592,40.777725,DIGITIZED,ALLEN,JACKSON,1953-04-30,56.0,907.7000122070312,LIMESTONE,,33.0,24.0,36.0,54,94335
384371,W,DOMESTIC,-83.9092,40.77142,GLOBAL POSITIONING SYSTEM,ALLEN,JACKSON,2006-03-17,70.0,951.2000122070312,,ROTARY,20.0,33.0,40.0,68,990663
384387,W,DOMESTIC,-84.09306,40.682500000000005,GLOBAL POSITIONING SYSTEM,ALLEN,PERRY,2006-03-27,65.0,923.5999755859375,SHALE,CABLE TOOL,20.0,45.0,62.0,64,997875
384445,W,DOMESTIC,-84.135965,40.779027,DIGITIZED,ALLEN,AMERICAN,1960-10-13,71.0,834.0,LIMESTONE,,,40.0,32.0,30,251519
384621,W,,-84.109946,40.780972,DIGITIZED,ALLEN,AMERICAN,1949-06-18,90.0,843.0999755859375,LIMESTONE,,20.0,50.0,55.0,55,69603
384629,W,DOMESTIC,-84.137649,40.690111,DIGITIZED,ALLEN,SHAWNEE,1953-04-27,68.0,867.0999755859375,GRAVEL,,14.0,33.0,68.0,,88289
384846,W,DOMESTIC,-83.984888,40.833588999999996,DIGITIZED,ALLEN,RICHLAND,1964-11-06,66.0,867.9000244140625,LIMESTONE,,,20.0,43.0,64,310011
384847,W,DOMESTIC,-84.09406299999999,40.801846,DIGITIZED,ALLEN,BATH,1961-04-08,74.0,827.4000244140625,LIMESTONE,,5.0,42.0,52.0,72,208735
384862,W,PUBLIC/SEMI-PUB,-84.02789899999999,40.715477,DIGITIZED,ALLEN,PERRY,1955-05-12,78.0,944.4000244140625,LIMESTONE,,,,,60,66466
384863,W,,-84.18249899999999,40.844417,DIGITIZED,ALLEN,SUGAR CREEK,1966-05-10,60.0,782.0999755859375,LIMESTONE,,1.0,18.0,33.0,33,347043
384896,W,DOMESTIC,-84.377994,40.699323,DIGITIZED,ALLEN,SPENCER,1956-11-20,96.0,843.7000122070312,LIMESTONE,,,35.0,65.0,40,141591
384897,W,,-84.17557699999999,40.841561999999996,DIGITIZED,ALLEN,SUGAR CREEK,1965-08-26,70.0,775.5999755859375,LIMESTONE,,2.0,8.0,21.0,18,317299
384912,W,DOMESTIC,-84.104098,40.703579999999995,DIGITIZED,ALLEN,PERRY,1953-05-11,42.0,884.2999877929688,GRAVEL,,18.0,23.0,42.0,,120053
384941,W,DOMESTIC,-84.16486499999999,40.753972,DIGITIZED,ALLEN,AMERICAN,1954-11-05,196.0,819.9000244140625,LIMESTONE,,,,175.0,194,72878
384942,W,DOMESTIC,-83.917633,40.745204,DIGITIZED,ALLEN,JACKSON,1961-02-24,63.0,974.2000122070312,LIMESTONE,,,28.0,42.0,37,260659
384943,W,DOMESTIC,-84.164428,40.712756,DIGITIZED,ALLEN,SHAWNEE,1961-05-15,79.0,851.2000122070312,GRAVEL,,14.0,59.0,79.0,,245899
385318,W,DOMESTIC,-84.22398299999999,40.772517,,ALLEN,MARION,2007-09-27,50.0,804.2000122070312,LIMESTONE,ROTARY,20.0,11.0,26.0,26,1007181
385363,W,DOMESTIC,-83.95285,40.813,GLOBAL POSITIONING SYSTEM,ALLEN,JACKSON,2007-06-26,78.0,897.0,LIMESTONE,AIR ROTARY,20.0,25.0,43.0,39,2010573
385490,W,MONITOR,-84.097133,40.752033,GLOBAL POSITIONING SYSTEM,ALLEN,BATH,2007-03-11,20.0,863.0,CLAY,AUGER,,8.0,3.0,,2008529
385503,W,DOMESTIC,-83.93596699999999,40.733067,,ALLEN,JACKSON,2007-08-25,90.0,983.2999877929688,LIMESTONE,ROTARY,25.0,40.0,82.0,82,1007160
385566,W,DOMESTIC,-84.068933,40.705583,,ALLEN,PERRY,2007-04-23,82.0,920.7999877929688,LIMESTONE,ROTARY,20.0,43.0,72.0,70,1006389
385579,W,MONITOR,-84.33916699999999,40.846833,MAP-OTHERS,ALLEN,MARION,2007-05-01,16.0,769.5999755859375,SHALE,AUGER,,0.0,8.0,13,2010304
385636,W,MONITOR,-83.96849,40.83323,GLOBAL POSITIONING SYSTEM,ALLEN,MONROE,2007-05-08,14.0,861.2000122070312,SILT,AUGER,,14.0,4.0,,2009779
385717,W,DOMESTIC,-83.958933,40.76025,,ALLEN,JACKSON,2007-01-11,120.0,926.5,LIMESTONE,ROTARY,12.0,22.0,26.0,20,1004654
386211,W,DOMESTIC,-84.259444,40.713611,GLOBAL POSITIONING SYSTEM,ALLEN,AMANDA,2008-09-19,44.0,829.5,GRAVEL,AIR ROTARY,10.0,34.0,44.0,,2018853
386258,W,DOMESTIC,-83.99444,40.77583,,ALLEN,BATH,2009-05-26,55.0,908.2999877929688,LIMESTONE,CABLE TOOL,25.0,18.0,42.0,54,1011862
386362,W,DOMESTIC,-84.255833,40.831944,GLOBAL POSITIONING SYSTEM,ALLEN,MARION,2009-11-06,83.0,776.2000122070312,LIMESTONE,AIR ROTARY,20.0,18.0,26.0,12,2024859
386450,W,DOMESTIC,-84.0831,40.801916999999996,,ALLEN,BATH,2008-07-11,45.0,844.4000244140625,GRAVEL,ROTARY,30.0,0.0,,42,1007225
386721,W,DOMESTIC,-84.231667,40.700556,,ALLEN,AMANDA,2008-04-26,55.0,856.2999877929688,SHALE,CABLE TOOL,20.0,35.0,53.0,54,1005871
386873,W,DOMESTIC,-84.23861099999999,40.687778,,ALLEN,AMANDA,2012-10-08,60.0,869.0,SHALE,CABLE TOOL,18.0,48.0,58.0,58,1016356
386877,W,DOMESTIC,-84.16488,40.68337,GEOCODE,ALLEN,SHAWNEE,1985-09-16,86.0,848.9000244140625,GRAVEL,,20.0,35.0,86.0,,649697
386878,W,DOMESTIC,-83.96754,40.717,GEOCODE,ALLEN,AUGLAIZE,1993-08-10,108.0,995.0999755859375,GRAVEL,ROTARY,12.0,58.0,108.0,,767899
386908,W,DOMESTIC,-84.07130000000001,40.840133,,ALLEN,MONROE,2010-06-07,90.0,815.9000244140625,LIMESTONE,ROTARY,12.0,33.0,26.0,87,1013418
386952,W,DOMESTIC,-83.915317,40.877179999999996,GLOBAL POSITIONING SYSTEM,ALLEN,RICHLAND,2011-06-27,145.0,844.9000244140625,LIMESTONE,ROTARY,15.0,35.0,25.0,92,2033574
387185,W,DOMESTIC,-83.948633,40.742117,,ALLEN,JACKSON,2012-08-31,80.0,955.5,LIMESTONE,ROTARY,20.0,32.0,40.0,40,1016868
387405,W,DOMESTIC,-84.24058,40.68963,GEOCODE,ALLEN,AMANDA,1998-04-30,62.0,860.0,SAND & CLAY,CABLE TOOL,15.0,35.0,62.0,,859490
387426,W,DOMESTIC,-84.02723,40.7742,GEOCODE,ALLEN,BATH,1993-11-26,130.0,897.2000122070312,LIMESTONE,ROTARY,10.0,45.0,52.0,49,776174
387446,W,,-84.1858,40.839633,GLOBAL POSITIONING SYSTEM,ALLEN,SUGAR CREEK,2013-07-26,79.0,783.2999877929688,,,,12.0,,,199734
387679,W,DOMESTIC,-84.280278,40.688055999999996,GLOBAL POSITIONING SYSTEM,ALLEN,AMANDA,2014-11-03,123.0,853.5999755859375,LIMESTONE,AIR ROTARY,15.0,60.0,58.0,51,2049931
387695,W,MONITOR,-84.040167,40.788833,GLOBAL POSITIONING SYSTEM,ALLEN,BATH,2015-10-20,13.0,,CLAY,GEOPROBE,,4.0,3.0,,2054580
387823,W,DOMESTIC,-84.07638899999999,40.6911,GLOBAL POSITIONING SYSTEM,ALLEN,PERRY,2014-05-19,70.0,936.2000122070312,SHALE,CABLE TOOL,20.0,50.0,68.0,68,1018032
387959,W,DOMESTIC,-83.941417,40.658232999999996,GLOBAL POSITIONING SYSTEM,ALLEN,AUGLAIZE,2016-10-13,78.0,,LIMESTONE,ROTARY,2.5,35.0,70.0,69,1019655
388216,W,DOMESTIC,-84.1836,40.830667,GLOBAL POSITIONING SYSTEM,ALLEN,SUGAR CREEK,2019-08-30,70.0,,LIMESTONE,MUD/AIR ROTARY,10.0,8.0,27.0,,2075678
388305,W,DOMESTIC,-83.935,40.868611,GLOBAL POSITIONING SYSTEM,ALLEN,RICHLAND,2020-03-06,108.0,,LIMESTONE,ROTARY/AIRHAMR,50.0,25.0,33.0,,2078555
388311,W,DOMESTIC,-84.27745,40.699783,GLOBAL POSITIONING SYSTEM,ALLEN,AMANDA,2018-06-07,48.0,,LIMESTONE,ROTARY,20.0,31.0,48.0,46,1020681
388403,W,DOMESTIC,-84.24430000000001,40.750916,GLOBAL POSITIONING SYSTEM,ALLEN,AMANDA,2017-10-26,46.0,,LIMESTONE,ROTARY,20.0,25.0,44.0,44,1020295
388615,W,DOMESTIC,-84.187131,40.707388,DIGITIZED,ALLEN,SHAWNEE,1959-10-07,132.0,863.7000122070312,LIMESTONE,,10.0,58.0,98.0,98,222275
388865,W,DOMESTIC,-84.111881,40.686949999999996,DIGITAL MAP,ALLEN,SHAWNEE,2018-07-23,82.0,,GRAVEL,AIR ROTARY,30.0,11.0,82.0,,1020686
388903,W,DOMESTIC,-83.98741799999999,40.832411,DIGITIZED,ALLEN,RICHLAND,1952-06-17,74.0,860.7999877929688,LIMESTONE,,,9.0,,70,94321
388904,W,DOMESTIC,-84.18059,40.687639999999995,GEOCODE,ALLEN,SHAWNEE,1972-03-08,79.0,845.2000122070312,LIMESTONE,,15.0,15.0,47.0,45,438399
388905,W,DOMESTIC,-84.24663199999999,40.710245,DIGITIZED,ALLEN,AMANDA,1963-09-09,29.0,827.0999755859375,SAND & GRAVEL,,5.0,14.0,29.0,,291128
388909,W,DOMESTIC,-84.11022,40.773939999999996,GEOCODE,ALLEN,AMERICAN,1972-09-21,135.0,851.2999877929688,LIMESTONE,,20.0,80.0,107.0,107,444169
388910,W,DOMESTIC,-84.16002999999999,40.69374,GEOCODE,ALLEN,SHAWNEE,1985-06-06,142.0,830.2999877929688,LIMESTONE,,20.0,30.0,132.0,132,649685
388912,W,DOMESTIC,-84.11097,40.775549999999996,GEOCODE,ALLEN,AMERICAN,1969-12-30,136.0,852.7000122070312,LIMESTONE,,12.0,73.0,95.0,93,404164
388913,W,DOMESTIC,-83.98510999999999,40.784819999999996,GEOCODE,ALLEN,JACKSON,1996-01-26,80.0,934.0,LIMESTONE,ROTARY,30.0,37.0,50.0,46,828337
388914,W,DOMESTIC,-84.11252999999999,40.686769999999996,,ALLEN,SHAWNEE,1989-12-27,35.0,876.2999877929688,GRAVEL,CABLE TOOL,20.0,8.0,35.0,,700572
388915,W,DOMESTIC,-83.93715,40.862469999999995,GEOCODE,ALLEN,RICHLAND,1988-07-21,55.0,848.0,LIMESTONE,,12.0,32.0,37.0,34,685080
388916,W,DOMESTIC,-84.188981,40.706281,DIGITIZED,ALLEN,SHAWNEE,1955-11-27,72.0,869.7999877929688,GRAVEL,,9.0,34.0,72.0,,141841
388917,W,DOMESTIC,-84.155965,40.710058,DIGITIZED,ALLEN,SHAWNEE,1955-07-30,43.0,816.7000122070312,GRAVEL,,10.0,32.0,43.0,,142826
388918,W,DOMESTIC,-84.29065,40.69285,,ALLEN,AMANDA,1989-04-12,114.0,844.5,LIMESTONE,ROTARY,6.0,32.0,54.0,54,692386
388920,W,DOMESTIC,-84.0129,40.71903,GEOCODE,ALLEN,BATH,1994-01-10,98.0,948.5999755859375,LIMESTONE,CABLE TOOL,5.0,42.0,44.0,44,761052
388921,W,DOMESTIC,-84.18916999999999,40.79935,GEOCODE,ALLEN,AMERICAN,1992-09-24,110.0,801.0999755859375,SAND & GRAVEL,ROTARY,60.0,15.0,102.0,34,760231
388924,W,DOMESTIC,-84.17914999999999,40.69681,GEOCODE,ALLEN,SHAWNEE,1989-05-19,80.0,871.0999755859375,GRAVEL,CABLE TOOL,20.0,55.0,80.0,,677689
388925,W,DOMESTIC,-84.19305,40.72247,GEOCODE,ALLEN,SHAWNEE,1989-07-20,60.0,837.5999755859375,LIMESTONE,ROTARY,12.0,30.0,54.0,50,700157
388926,W,DOMESTIC,-84.28047,40.732479999999995,,ALLEN,AMANDA,1991-01-08,162.0,819.2999877929688,LIMESTONE,ROTARY,14.0,37.0,51.0,48,724309
388928,W,DOMESTIC,-84.089411,40.709753,DIGITIZED,ALLEN,PERRY,1957-08-30,35.0,887.5,GRAVEL,,8.0,12.0,35.0,,201618
388929,W,DOMESTIC,-84.09009499999999,40.648843,DIGITIZED,ALLEN,PERRY,1957-07-16,109.0,938.0999755859375,GRAVEL,,,50.0,109.0,,170284
388930,W,DOMESTIC,-84.304327,40.833664999999996,DIGITIZED,ALLEN,MARION,1963-10-07,161.0,779.2000122070312,LIMESTONE,,7.0,37.0,29.0,26,301057
388931,W,DOMESTIC,-83.898808,40.804232999999996,DIGITIZED,ALLEN,JACKSON,1955-06-15,41.0,932.0999755859375,LIMESTONE,,,18.0,32.0,37,120483
388936,W,DOMESTIC,-84.35244999999999,40.736129999999996,GEOCODE,ALLEN,AMANDA,1996-03-29,34.0,816.0999755859375,SAND & GRAVEL,CABLE TOOL,10.0,14.0,,,813008
388937,W,DOMESTIC,-84.20316299999999,40.780698,DIGITIZED,ALLEN,AMERICAN,1959-04-17,54.0,799.9000244140625,LIMESTONE,,20.0,14.0,33.0,33,224069
388940,W,DOMESTIC,-84.04155999999999,40.76363,GEOCODE,ALLEN,BATH,1989-08-10,218.0,899.0,LIMESTONE,ROTARY,8.0,63.0,50.0,50,700259
388941,W,DOMESTIC,-83.88019,40.72817,,ALLEN,AUGLAIZE,1990-04-18,96.0,1023.9000244140625,LIMESTONE,ROTARY,12.0,56.0,59.0,59,707273
388942,W,DOMESTIC,-84.165292,40.700536,DIGITIZED,ALLEN,SHAWNEE,1962-10-13,54.0,848.5999755859375,SAND & GRAVEL,,10.0,19.0,54.0,,281608
388949,W,DOMESTIC,-84.01192999999999,40.65314,GEOCODE,ALLEN,PERRY,1993-03-05,90.0,937.0,LIMESTONE,ROTARY,25.0,12.0,68.0,65,776157
388950,W,DOMESTIC,-84.05171,40.71358,GEOCODE,ALLEN,PERRY,1987-10-20,80.0,936.4000244140625,LIMESTONE,,10.0,55.0,60.0,60,657177
388951,W,DOMESTIC,-83.92157,40.709309999999995,GEOCODE,ALLEN,AUGLAIZE,1982-02-18,62.0,987.2000122070312,LIMESTONE,,15.0,14.0,57.0,54,515475
388952,W,DOMESTIC,-84.078621,40.789099,DIGITIZED,ALLEN,BATH,1961-10-10,160.0,850.5999755859375,LIMESTONE,,10.0,30.0,40.0,40,250935
388953,W,DOMESTIC,-84.17835,40.742419999999996,,ALLEN,AMERICAN,1953-09-04,126.0,819.5,LIMESTONE,,9.0,25.0,34.0,34,112917
388954,W,DOMESTIC,-84.13687999999999,40.673988,DIGITIZED,ALLEN,SHAWNEE,1956-05-06,99.0,877.2999877929688,GRAVEL,,7.0,35.0,99.0,,174056
388955,W,DOMESTIC,-84.13687999999999,40.673988,DIGITIZED,ALLEN,SHAWNEE,1956-06-03,73.0,877.2999877929688,GRAVEL,,7.0,34.0,73.0,,174061
388956,W,DOMESTIC,-84.13564699999999,40.675973,DIGITIZED,ALLEN,SHAWNEE,1952-08-27,52.0,878.7000122070312,GRAVEL,,8.0,30.0,52.0,,35431
388959,W,DOMESTIC,-84.0733,40.68748,,ALLEN,PERRY,1992-06-30,74.0,950.7999877929688,GRAVEL,CABLE TOOL,15.0,50.0,74.0,,746147
388960,W,DOMESTIC,-84.07003,40.71667,GEOCODE,ALLEN,PERRY,1989-03-11,76.0,910.4000244140625,LIMESTONE,ROTARY,12.0,40.0,76.0,70,696678
388961,W,DOMESTIC,-84.25739,40.78778,GEOCODE,ALLEN,MARION,1987-11-02,50.0,805.7999877929688,LIMESTONE,,5.0,18.0,34.0,34,673356
388962,W,DOMESTIC,-84.12988,40.68342,,ALLEN,SHAWNEE,1970-09-30,275.0,883.9000244140625,LIMESTONE,,9.0,98.0,267.0,266,409659
388963,W,DOMESTIC,-84.193964,40.723633,DIGITIZED,ALLEN,SHAWNEE,1963-08-24,42.0,838.5,SAND & GRAVEL,,10.0,21.0,42.0,,291126
388965,W,DOMESTIC,-84.176266,40.736616999999995,DIGITIZED,ALLEN,AMERICAN,1953-11-27,44.0,822.7999877929688,LIMESTONE,,,,18.0,38,72872
388967,W,DOMESTIC,-83.937215,40.651367,DIGITIZED,ALLEN,AUGLAIZE,1954-12-08,111.0,1040.199951171875,LIMESTONE,,15.0,32.0,75.0,74,141806
388968,W,DOMESTIC,-83.984014,40.716594,DIGITIZED,ALLEN,AUGLAIZE,1960-07-25,90.0,980.2999877929688,GRAVEL,,20.0,47.0,90.0,,245568
388969,W,DOMESTIC,-84.32916399999999,40.852506,DIGITIZED,ALLEN,MARION,1959-08-23,34.0,765.5,LIMESTONE,,18.0,12.0,16.0,16,220178
388970,W,DOMESTIC,-84.335313,40.80264,DIGITIZED,ALLEN,MARION,1953-03-17,182.0,789.4000244140625,LIMESTONE,,5.0,18.0,27.0,27,85185
388971,W,DOMESTIC,-84.375121,40.815695999999996,DIGITIZED,ALLEN,MARION,1960-10-29,91.0,782.4000244140625,LIMESTONE,,8.0,15.0,23.0,22,217125
388972,W,DOMESTIC,-83.949676,40.746535,DIGITIZED,ALLEN,JACKSON,1957-05-14,65.0,952.7000122070312,LIMESTONE,,20.0,22.0,36.0,36,192856
388974,W,DOMESTIC,-84.1674,40.69462,GEOCODE,ALLEN,SHAWNEE,1990-06-29,86.0,846.7000122070312,GRAVEL,CABLE TOOL,7.0,45.0,86.0,,704889
388975,W,DOMESTIC,-84.16772999999999,40.693239999999996,GEOCODE,ALLEN,SHAWNEE,1984-07-17,41.0,845.4000244140625,GRAVEL,,20.0,20.0,41.0,,649659
388976,W,DOMESTIC,-84.15665,40.684909999999995,GEOCODE,ALLEN,SHAWNEE,1988-05-27,43.0,857.0999755859375,GRAVEL,CABLE TOOL,20.0,20.0,43.0,,677655
388979,W,DOMESTIC,-84.199343,40.764981,DIGITIZED,ALLEN,AMERICAN,1956-11-11,83.0,815.0,LIMESTONE,,5.0,22.0,56.0,56,174082
388983,W,COMMERCIAL,-84.15729,40.766459999999995,,ALLEN,AMERICAN,1990-12-19,178.0,823.5,LIMESTONE,ROTARY,7.0,58.0,173.0,173,726672
388986,W,DOMESTIC,-83.96800999999999,40.83556,GEOCODE,ALLEN,RICHLAND,1993-06-04,50.0,855.2999877929688,LIMESTONE,ROTARY,12.0,17.0,33.0,30,767871
388987,W,DOMESTIC,-83.91883,40.895700000000005,GEOCODE,ALLEN,RICHLAND,1993-12-15,125.0,825.2999877929688,LIMESTONE,ROTARY,4.0,33.0,29.0,26,755196
388988,W,MONITOR,-84.12906,40.7085,GEOCODE,ALLEN,SHAWNEE,1990-09-17,49.0,865.5,GRAVEL,AUGER,,,39.0,,716810
388989,W,,-84.109493,40.805178999999995,DIGITIZED,ALLEN,SUGAR CREEK,1954-04-08,74.0,821.7999877929688,LIMESTONE,,15.0,23.0,72.0,72,123516
388990,W,,-84.112673,40.807038999999996,DIGITIZED,ALLEN,SUGAR CREEK,1956-04-26,39.0,821.2999877929688,GRAVEL,,20.0,20.0,39.0,,173413
388992,W,DOMESTIC,-84.147804,40.767842,DIGITIZED,ALLEN,AMERICAN,1955-11-27,82.0,844.2999877929688,LIMESTONE,,9.0,18.0,50.0,50,141843
388995,W,DOMESTIC,-83.88933999999999,40.812619999999995,GEOCODE,ALLEN,JACKSON,1981-04-02,56.0,912.0,LIMESTONE,,30.0,15.0,29.0,24,606911
388996,W,DOMESTIC,-84.04892699999999,40.788799,DIGITIZED,ALLEN,BATH,1964-02-12,54.0,864.2000122070312,LIMESTONE,,7.0,30.0,45.0,44,302372
388997,W,DOMESTIC,-84.11437,40.782219999999995,GEOCODE,ALLEN,AMERICAN,1981-06-19,75.0,843.2000122070312,LIMESTONE,,8.0,41.0,42.0,40,515480
388998,W,DOMESTIC,-84.21054,40.690129999999996,GEOCODE,ALLEN,SHAWNEE,1992-04-08,93.0,853.5999755859375,LIMESTONE,ROTARY,12.0,30.0,66.0,60,745256
388999,W,DOMESTIC,-84.13687999999999,40.673988,DIGITIZED,ALLEN,SHAWNEE,1953-07-27,72.0,877.2999877929688,GRAVEL,,20.0,34.0,72.0,,115253
389000,W,DOMESTIC,-84.137649,40.690111,DIGITIZED,ALLEN,SHAWNEE,1954-02-27,271.0,867.0999755859375,LIMESTONE,,20.0,36.0,235.0,220,115275
389001,W,DOMESTIC,-84.137649,40.690111,DIGITIZED,ALLEN,SHAWNEE,1956-10-11,177.0,867.0999755859375,GRAVEL,,20.0,27.0,177.0,,187853
389002,W,DOMESTIC,-84.147562,40.692561,DIGITIZED,ALLEN,SHAWNEE,1958-06-16,105.0,855.5999755859375,GRAVEL,,14.0,25.0,105.0,,192895
389006,W,DOMESTIC,-84.085568,40.842275,DIGITIZED,ALLEN,MONROE,1963-04-18,60.0,807.2000122070312,LIMESTONE,,4.0,19.0,28.0,58,284178
389007,W,DOMESTIC,-84.01290999999999,40.720909999999996,GEOCODE,ALLEN,PERRY,1992-10-06,55.0,947.0999755859375,GRAVEL,CABLE TOOL,15.0,40.0,55.0,,758657
389008,W,DOMESTIC,-84.04741399999999,40.73139,DIGITIZED,ALLEN,BATH,1955-04-19,56.0,907.9000244140625,LIMESTONE,,5.0,29.0,30.0,30,127372
389009,W,DOMESTIC,-84.05111,40.79203,GEOCODE,ALLEN,BATH,1983-08-25,170.0,860.7000122070312,LIMESTONE,,15.0,43.0,44.0,41,622655
389010,W,DOMESTIC,-84.07932199999999,40.803782,DIGITIZED,ALLEN,BATH,1961-07-20,46.0,846.7000122070312,GRAVEL,,,32.0,46.0,23,251551
389011,W,DOMESTIC,-84.102006,40.800548,DIGITIZED,ALLEN,BATH,1958-06-06,48.0,831.5999755859375,LIMESTONE,,4.0,22.0,40.0,38,213754
389012,W,,-84.172629,40.840044999999996,DIGITIZED,ALLEN,SUGAR CREEK,1952-09-19,52.0,777.0999755859375,LIMESTONE,,,11.0,21.0,20,85159
389013,W,DOMESTIC,-84.21105999999999,40.69584,GEOCODE,ALLEN,SHAWNEE,1994-02-08,156.0,874.4000244140625,LIMESTONE,ROTARY,30.0,57.0,80.0,77,786565
389014,W,DOMESTIC,-84.16275,40.704288999999996,DIGITIZED,ALLEN,SHAWNEE,1953-02-03,132.0,848.9000244140625,GRAVEL,,,,,,72855
389015,W,DOMESTIC,-84.2188,40.6941,GEOCODE,ALLEN,SHAWNEE,1988-10-17,80.0,871.2999877929688,GRAVEL,CABLE TOOL,15.0,55.0,80.0,,677668
389016,W,DOMESTIC,-84.121702,40.702419,DIGITIZED,ALLEN,SHAWNEE,1955-10-15,169.0,883.0999755859375,LIMESTONE,,,,,150,66478
389017,W,DOMESTIC,-84.22263,40.729124999999996,DIGITIZED,ALLEN,SHAWNEE,1962-07-24,44.0,830.5,LIMESTONE,,12.0,24.0,33.0,33,284452
389022,W,DOMESTIC,-84.118034,40.788168999999996,DIGITIZED,ALLEN,AMERICAN,1961-07-24,74.0,829.7999877929688,LIMESTONE,,6.0,24.0,27.0,27,266453
389023,W,DOMESTIC,-84.135965,40.779027,DIGITIZED,ALLEN,AMERICAN,1957-02-06,51.0,834.0,LIMESTONE,,,19.0,29.0,28,170267
389024,W,DOMESTIC,-83.90042,40.732459999999996,GEOCODE,ALLEN,JACKSON,1991-06-05,56.0,1005.0999755859375,GRAVEL,,20.0,40.0,56.0,,728554
389032,W,DOMESTIC,-84.23337,40.77914,GEOCODE,ALLEN,MARION,1988-10-20,75.0,797.0,LIMESTONE,,10.0,18.0,29.0,26,690135
389033,W,DOMESTIC,-84.24578,40.79185,,ALLEN,MARION,1994-07-19,50.0,795.7000122070312,LIMESTONE,ROTARY,3.0,22.0,43.0,43,786616
389034,W,DOMESTIC,-84.10983999999999,40.693754999999996,DIGITIZED,ALLEN,SHAWNEE,1963-08-21,33.0,888.0999755859375,,,10.0,18.0,33.0,,291124
389041,W,DOMESTIC,-83.98115,40.67302,GEOCODE,ALLEN,AUGLAIZE,1989-06-16,36.0,959.2000122070312,GRAVEL,ROTARY,8.0,9.0,36.0,,696713
389042,W,DOMESTIC,-84.078087,40.731302,DIGITIZED,ALLEN,BATH,1955-12-27,100.0,885.5999755859375,LIMESTONE,,5.0,61.0,40.0,40,173403
389043,W,DOMESTIC,-84.21399,40.771989999999995,,ALLEN,AMERICAN,1990-02-20,35.0,807.0,LIMESTONE,ROTARY,10.0,15.0,33.0,29,707053
389044,W,,-84.214,40.72936,GEOCODE,ALLEN,SHAWNEE,1995-12-01,33.0,831.2000122070312,SAND & GRAVEL,CABLE TOOL,12.0,,34.0,,818004
389046,W,DOMESTIC,-84.137649,40.690111,DIGITIZED,ALLEN,SHAWNEE,1953-05-28,52.0,867.0999755859375,GRAVEL,,20.0,27.0,52.0,,88294
389047,W,DOMESTIC,-84.161649,40.699518,DIGITIZED,ALLEN,SHAWNEE,1954-09-02,68.0,839.2000122070312,GRAVEL,,,30.0,68.0,,139053
389048,W,DOMESTIC,-84.15831,40.700114,DIGITIZED,ALLEN,SHAWNEE,1961-11-14,124.0,844.7000122070312,SAND & GRAVEL,,15.0,18.0,124.0,,266471
389053,W,DOMESTIC,-84.02946999999999,40.695352,DIGITIZED,ALLEN,PERRY,1961-05-15,94.0,980.4000244140625,GRAVEL,,10.0,35.0,94.0,,250927
389054,W,DOMESTIC,-83.98980999999999,40.818439999999995,GEOCODE,ALLEN,JACKSON,1990-09-08,30.0,852.5,LIMESTONE,ROTARY,15.0,14.0,25.0,18,715055
389055,W,DOMESTIC,-84.00071899999999,40.775887,DIGITIZED,ALLEN,BATH,1953-10-20,81.0,908.0,LIMESTONE,,15.0,40.0,45.0,45,123506
389056,W,DOMESTIC,-84.05169,40.803911,DIGITIZED,ALLEN,BATH,1955-08-18,56.0,845.5999755859375,LIMESTONE,,20.0,10.0,39.0,39,156839
389057,W,DOMESTIC,-84.09300999999999,40.8027,GEOCODE,ALLEN,BATH,1992-11-29,75.0,831.0,LIMESTONE,CABLE TOOL,4.0,28.0,38.0,70,723800
389058,W,DOMESTIC,-84.012609,40.772338999999995,DIGITIZED,ALLEN,BATH,1971-03-24,102.0,912.4000244140625,LIMESTONE,,4.0,61.0,73.0,73,414640
389060,W,DOMESTIC,-84.11898,40.71039,,ALLEN,SHAWNEE,1969-12-30,250.0,875.9000244140625,LIMESTONE,,15.0,170.0,64.0,60,404163
389061,W,DOMESTIC,-84.26343899999999,40.709588,DIGITIZED,ALLEN,AMANDA,1960-09-22,35.0,825.2000122070312,SAND & GRAVEL,,,22.0,35.0,,227431
389062,W,DOMESTIC,-84.258318,40.728932,DIGITIZED,ALLEN,AMANDA,1963-10-04,65.0,824.0999755859375,LIMESTONE,,10.0,27.0,35.0,35,298559
389063,W,DOMESTIC,-84.279853,40.698637,DIGITIZED,ALLEN,AMANDA,1960-06-01,44.0,838.7000122070312,GRAVEL,,,,44.0,,227412
389069,W,PUBLIC/SEMI-PUB,-84.076448,40.719149,DIGITIZED,ALLEN,PERRY,1960-04-29,96.0,898.0,LIMESTONE,,5.0,25.0,66.0,63,245556
389070,W,DOMESTIC,-84.03103,40.83208,,ALLEN,MONROE,1995-12-16,47.0,839.4000244140625,SAND & GRAVEL,CABLE TOOL,15.0,15.0,47.0,,812356
389071,W,DOMESTIC,-83.99419,40.7491,,ALLEN,JACKSON,1992-04-09,48.0,939.7999877929688,LIMESTONE,CABLE TOOL,8.0,,21.0,46,723782
389072,W,DOMESTIC,-84.05963,40.78328,GEOCODE,ALLEN,BATH,1995-10-13,72.0,872.4000244140625,LIMESTONE,ROTARY,12.0,27.0,49.0,46,828313
389073,W,DOMESTIC,-84.05028999999999,40.79846,GEOCODE,ALLEN,BATH,1996-04-01,44.0,843.7999877929688,GRAVEL & SAND,CABLE TOOL,15.0,,44.0,,818016
389074,W,DOMESTIC,-83.883196,40.812895,DIGITIZED,ALLEN,JACKSON,1954-11-17,69.0,921.2000122070312,LIMESTONE,,,16.0,34.0,66,120472
389075,W,DOMESTIC,-83.956493,40.812062999999995,DIGITIZED,ALLEN,JACKSON,1952-08-13,54.0,882.0,LIMESTONE,,,15.0,33.0,52,94323
393803,W,,-84.182996,40.76181,DIGITIZED,ALLEN,AMERICAN,1948-07-08,51.0,825.7999877929688,GRAVEL,,10.0,28.0,51.0,,26374
393902,W,,-84.004893,40.773669,DIGITIZED,ALLEN,BATH,1949-04-19,93.0,894.9000244140625,LIMESTONE,,,30.0,50.0,90,38987
393903,W,,-84.010223,40.77283,DIGITIZED,ALLEN,BATH,1949-03-01,81.0,898.7999877929688,LIMESTONE,,,26.0,37.0,79,38981
393913,W,,-84.166893,40.723459999999996,DIGITIZED,ALLEN,SHAWNEE,,75.0,847.4000244140625,GRAVEL,,,63.0,74.0,,66457
395279,W,DOMESTIC,-83.97555,40.82465,GEOCODE,ALLEN,RICHLAND,1997-04-22,43.0,870.0,LIMESTONE,ROTARY,12.0,19.0,38.0,38,851191
395803,W,DOMESTIC,-84.24211,40.71487,,ALLEN,AMANDA,1996-10-01,58.0,826.5,LIMESTONE,ROTARY,10.0,13.0,40.0,40,841994
395972,W,MONITOR,-84.11341,40.72199,GEOCODE,ALLEN,AMERICAN,1998-06-03,30.0,864.0999755859375,COBBLES,AUGER,,,20.0,,865581
395993,W,DOMESTIC,-84.38797,40.80188,GEOCODE,ALLEN,MARION,1998-08-14,45.0,794.4000244140625,LIMESTONE,ROTARY,10.0,25.0,41.0,40,875462
396012,W,DOMESTIC,-83.91058,40.68116,GEOCODE,ALLEN,AUGLAIZE,1997-05-28,55.0,1009.2000122070312,LIMESTONE,ROTARY,20.0,26.0,40.0,38,852588
396016,W,DOMESTIC,-84.24235999999999,40.75955,GEOCODE,ALLEN,AMANDA,1997-10-06,36.0,810.9000244140625,LIMESTONE,ROTARY,10.0,12.0,35.0,34,867866
396061,W,DOMESTIC,-84.27823,40.70019,GEOCODE,ALLEN,AMANDA,1998-09-02,138.0,826.9000244140625,LIMESTONE,ROTARY,10.0,40.0,51.0,47,881993
396083,W,DOMESTIC,-84.07727,40.7976,GEOCODE,ALLEN,BATH,1997-10-10,75.0,853.2000122070312,LIMESTONE,CABLE TOOL,7.0,,32.0,31,846812
396092,W,DOMESTIC,-84.09781,40.655049999999996,GEOCODE,ALLEN,PERRY,1997-07-28,198.0,961.4000244140625,LIMESTONE,CABLE TOOL,9.0,75.0,122.0,122,859455
396093,W,DOMESTIC,-83.99972,40.70435,GEOCODE,ALLEN,PERRY,1997-11-18,240.0,990.0,LIMESTONE,ROTARY,10.0,80.0,170.0,170,866828
396153,W,DOMESTIC,-84.24202,40.71413,GEOCODE,ALLEN,AMANDA,1998-05-11,58.0,825.2000122070312,LIMESTONE,ROTARY,1.0,20.0,38.0,35,867924
396164,W,DOMESTIC,-83.91011999999999,40.879709999999996,GEOCODE,ALLEN,RICHLAND,1998-10-22,193.0,843.4000244140625,LIMESTONE,,10.0,80.0,,77,881966
396190,W,DOMESTIC,-84.24229,40.70762,GEOCODE,ALLEN,AMANDA,1999-09-28,35.0,830.0,GRAVEL,CABLE TOOL,15.0,20.0,35.0,,895898
396201,W,DOMESTIC,-84.03813,40.80668,GEOCODE,ALLEN,BATH,1998-12-21,60.0,856.0,LIMESTONE,ROTARY,40.0,18.0,50.0,50,884287
396214,W,DOMESTIC,-84.09067999999999,40.88697,GEOCODE,ALLEN,MONROE,2000-01-18,93.0,777.2000122070312,LIMESTONE,ROTARY,7.0,6.0,26.0,25,897788
396215,W,DOMESTIC,-84.03914999999999,40.702400000000004,GEOCODE,ALLEN,PERRY,1999-09-23,73.0,958.7000122070312,SAND,CABLE TOOL,15.0,65.0,73.0,,895896
396218,W,DOMESTIC,-84.10958,40.85422,GEOCODE,ALLEN,MONROE,1999-09-13,62.0,783.9000244140625,LIMESTONE,ROTARY,6.0,20.0,25.0,25,901861
396219,W,DOMESTIC,-83.99437999999999,40.84241,GEOCODE,ALLEN,MONROE,1999-09-16,54.0,859.0,LIMESTONE,ROTARY,30.0,24.0,45.0,45,901853
396232,W,DOMESTIC,-84.07030999999999,40.78433,GEOCODE,ALLEN,BATH,1999-09-29,75.0,873.2000122070312,LIMESTONE,CABLE TOOL,,,44.0,44,892944
396233,W,DEWATERING WELL,-84.33485,40.826879999999996,GEOCODE,ALLEN,MARION,1999-09-03,66.0,780.0,LIMESTONE,CABLE TOOL,4.0,18.0,29.0,25,890242
396241,W,DOMESTIC,-83.98304,40.70742,GEOCODE,ALLEN,AUGLAIZE,1999-10-20,260.0,1006.0,LIMESTONE,ROTARY,4.0,75.0,135.0,135,901877
396322,W,DOMESTIC,-84.28101,40.74884,GEOCODE,ALLEN,AMANDA,2000-04-25,45.0,811.5999755859375,LIMESTONE,CABLE TOOL,10.0,14.0,,28,890252
396361,W,DOMESTIC,-84.31555,40.70757,GEOCODE,ALLEN,AMANDA,2000-07-31,54.0,835.5,LIMESTONE,CABLE TOOL,10.0,34.0,,52,890255
396828,W,DOMESTIC,-84.0899,40.67902,GEOCODE,ALLEN,PERRY,2001-04-03,102.0,931.4000244140625,LIMESTONE,CABLE TOOL,13.0,70.0,96.0,96,916235
396837,W,DOMESTIC,-84.08993,40.68217,GEOCODE,ALLEN,PERRY,2000-05-10,91.0,920.2000122070312,SHALE,CABLE TOOL,15.0,75.0,90.0,90,895923
397313,W,DOMESTIC,-84.04466,40.86842,GEOCODE,ALLEN,MONROE,2002-02-01,29.0,800.7000122070312,LIMESTONE,CABLE TOOL,12.0,12.0,29.0,27,940821
397340,W,DOMESTIC,-84.2236,40.78911,GEOCODE,ALLEN,AMERICAN,2002-11-25,63.0,794.7999877929688,LIMESTONE,ROTARY,12.0,16.0,27.0,60,947816
397350,W,DOMESTIC,-84.25231,40.79374,GEOCODE,ALLEN,MARION,1986-12-01,37.0,799.0999755859375,LIMESTONE,,12.0,14.0,35.0,31,661908
397357,W,DOMESTIC,-83.934711,40.869181,,ALLEN,RICHLAND,1970-06-10,48.0,850.7999877929688,LIMESTONE,,20.0,22.0,34.0,33,404181
397382,W,DOMESTIC,-84.28421,40.693149999999996,GEOCODE,ALLEN,AMANDA,2002-01-22,62.0,853.2000122070312,SHALE & LIMESTONE,CABLE TOOL,15.0,50.0,60.0,61,932606
397400,W,DOMESTIC,-84.23415,40.78771,GEOCODE,ALLEN,MARION,1987-09-11,43.0,798.2000122070312,LIMESTONE,,7.0,12.0,28.0,25,665281
397436,W,DOMESTIC,-84.14108999999999,40.69365,GEOCODE,ALLEN,SHAWNEE,1985-09-05,70.0,859.0999755859375,GRAVEL,,20.0,50.0,70.0,,649696
397445,W,DOMESTIC,-83.92119,40.70598,GEOCODE,ALLEN,AUGLAIZE,1991-10-15,65.0,983.5,LIMESTONE,ROTARY,15.0,28.0,62.0,55,737514
397454,W,DOMESTIC,-84.16503,40.789829999999995,GEOCODE,ALLEN,AMERICAN,1996-05-14,37.0,810.5,SAND & GRAVEL,ROTARY,12.0,11.0,37.0,,828368
397504,W,DOMESTIC,-83.98652,40.67326,GEOCODE,ALLEN,AUGLAIZE,1981-12-30,125.0,947.5,SAND & GRAVEL,ROTARY,5.0,20.0,71.0,90,705144
397524,W,DOMESTIC,-83.92421,40.761289999999995,GEOCODE,ALLEN,JACKSON,1995-07-26,55.0,938.0,LIMESTONE,ROTARY,20.0,26.0,27.0,24,821966
397534,W,DOMESTIC,-84.08134,40.72063,GEOCODE,ALLEN,PERRY,2002-03-15,150.0,883.2999877929688,LIMESTONE,ROTARY,6.0,63.0,37.0,148,940556
397540,W,DOMESTIC,-84.137649,40.690111,DIGITIZED,ALLEN,SHAWNEE,1950-07-09,46.0,867.0999755859375,SAND & GRAVEL,,,28.0,46.0,,40818
397598,W,,-84.132289,40.828441999999995,DIGITIZED,ALLEN,SUGAR CREEK,1956-06-27,21.0,793.0,SAND & GRAVEL,,10.0,18.0,21.0,,120090
397600,W,DOMESTIC,-84.076915,40.691069,DIGITIZED,ALLEN,PERRY,1952-12-01,324.0,938.4000244140625,LIMESTONE,,12.0,71.0,260.0,260,88280
397604,W,DOMESTIC,-84.001538,40.788951,DIGITIZED,ALLEN,BATH,1965-08-19,73.0,898.9000244140625,LIMESTONE,,20.0,38.0,51.0,50,342003
397609,W,DOMESTIC,-84.16743,40.78019,GEOCODE,ALLEN,AMERICAN,1995-01-14,56.0,815.0,GRAVEL,CABLE TOOL,20.0,18.0,56.0,,800626
397619,W,DOMESTIC,-83.99436,40.79623,GEOCODE,ALLEN,BATH,1993-05-20,86.0,894.7999877929688,LIMESTONE,CABLE TOOL,12.0,,,85,761051
397631,W,DOMESTIC,-84.177302,40.703914999999995,DIGITIZED,ALLEN,SHAWNEE,1954-04-12,48.0,872.5,GRAVEL,,10.0,31.0,48.0,,123517
397637,W,DOMESTIC,-84.13687999999999,40.673988,DIGITIZED,ALLEN,SHAWNEE,1955-07-02,88.0,877.2999877929688,SAND & GRAVEL,,6.0,37.0,88.0,,130248
397640,W,DOMESTIC,-84.26648,40.77877,GEOCODE,ALLEN,MARION,1991-10-03,30.0,807.5,SAND & GRAVEL,CABLE TOOL,8.0,11.0,30.0,,677298
397669,W,DOMESTIC,-84.165724,40.762768,DIGITIZED,ALLEN,AMERICAN,1961-04-29,46.0,817.0,SAND & GRAVEL,,6.0,22.0,46.0,,208736
397686,W,MONITOR,-84.11032999999999,40.72595,GEOCODE,ALLEN,SHAWNEE,1994-03-15,15.0,879.5999755859375,SAND,AUGER,,3.0,15.0,,786275
397696,W,DOMESTIC,-84.131389,40.693249,DIGITIZED,ALLEN,SHAWNEE,1957-05-28,46.0,877.2000122070312,GRAVEL,,8.0,35.0,46.0,,176987
397712,W,PUBLIC/SEMI-PUB,-83.954174,40.763078,DIGITIZED,ALLEN,JACKSON,1963-05-09,58.0,908.2999877929688,LIMESTONE,,20.0,11.0,14.0,13,286076
397729,W,DOMESTIC,-84.13687999999999,40.673988,DIGITIZED,ALLEN,SHAWNEE,1953-09-13,77.0,877.2999877929688,GRAVEL,,9.0,36.0,77.0,,112910
397731,W,DOMESTIC,-84.137649,40.690111,DIGITIZED,ALLEN,SHAWNEE,1953-02-26,71.0,867.0999755859375,GRAVEL,,20.0,37.0,71.0,,88282
397771,W,DOMESTIC,-83.925944,40.751472,,ALLEN,JACKSON,2003-08-15,80.0,964.0999755859375,LIMESTONE,ROTARY,25.0,35.0,57.0,78,963237
397793,W,DOMESTIC,-84.108437,40.675112,DIGITIZED,ALLEN,SHAWNEE,1963-04-11,114.0,910.9000244140625,SAND & GRAVEL,,12.0,62.0,24.0,,286709
397828,W,DOMESTIC,-84.187131,40.707388,DIGITIZED,ALLEN,SHAWNEE,1964-09-11,90.0,863.7000122070312,LIMESTONE,,12.0,62.0,85.0,84,319409
397836,W,DOMESTIC,-84.087777,40.831182999999996,DIGITIZED,ALLEN,MONROE,1953-04-13,46.0,812.0,LIMESTONE,,,,,24,101262
397845,W,DOMESTIC,-84.10915,40.774386,DIGITIZED,ALLEN,AMERICAN,1963-09-14,97.0,849.2999877929688,LIMESTONE,,16.0,57.0,68.0,67,302356
397869,W,DOMESTIC,-84.004053,40.675968,DIGITIZED,ALLEN,PERRY,1956-12-20,103.0,933.0,LIMESTONE,,,10.0,45.0,45,169615
397911,W,DOMESTIC,-84.187449,40.737893,DIGITIZED,ALLEN,AMERICAN,1962-08-10,39.0,826.7000122070312,GRAVEL,,6.0,24.0,38.0,36,258486
397913,W,DOMESTIC,-83.94017,40.74867,GLOBAL POSITIONING SYSTEM,ALLEN,JACKSON,2003-05-19,82.0,954.7000122070312,LIMESTONE,ROTARY,10.0,38.0,47.0,80,956695
398043,W,DOMESTIC,-83.93669,40.746669999999995,GLOBAL POSITIONING SYSTEM,ALLEN,JACKSON,2003-08-01,80.0,963.0,LIMESTONE,ROTARY,40.0,40.0,53.0,53,963245
398049,W,,-83.94266999999999,40.87433,GLOBAL POSITIONING SYSTEM,ALLEN,RICHLAND,2003-11-10,38.0,833.7000122070312,LIMESTONE,ROTARY,20.0,10.0,27.0,23,966219
398216,W,DOMESTIC,-84.25081999999999,40.712779999999995,GLOBAL POSITIONING SYSTEM,ALLEN,AMANDA,2004-10-04,39.0,830.7000122070312,SHALE & LIMESTONE,CABLE TOOL,12.0,18.0,38.0,38,960937
398394,W,DOMESTIC,-83.98490000000001,40.74912,,ALLEN,JACKSON,2003-11-01,42.0,922.2000122070312,SAND & CLAY,CABLE TOOL,15.0,23.0,40.0,40,960959
398432,W,,-83.9385,40.80661,GLOBAL POSITIONING SYSTEM,ALLEN,JACKSON,2004-07-26,60.0,906.5,LIMESTONE,ROTARY,30.0,21.0,40.0,58,981393
398494,W,DOMESTIC,-83.915,40.909169999999996,GLOBAL POSITIONING SYSTEM,ALLEN,RICHLAND,2004-09-03,82.0,816.4000244140625,LIMESTONE,ROTARY,3.0,20.0,32.0,76,980867
398522,W,DOMESTIC,-84.22316,40.78116,GLOBAL POSITIONING SYSTEM,ALLEN,AMERICAN,2004-11-01,73.0,802.0999755859375,LIMESTONE,ROTARY,7.0,20.0,27.0,66,987238
398650,W,MONITOR,-84.17778,40.72361,GLOBAL POSITIONING SYSTEM,ALLEN,SHAWNEE,2005-09-20,203.0,831.2999877929688,SHALE,ROTARY,27.200000762939453,42.9,36.0,32,2000898
398710,W,DOMESTIC,-84.185,40.684666,GLOBAL POSITIONING SYSTEM,ALLEN,SHAWNEE,2004-10-27,70.0,841.2000122070312,,CABLE TOOL,6.0,12.0,62.0,62,978609
398900,W,MONITOR,-84.11357,40.73986,,ALLEN,PERRY,2006-01-16,22.0,874.7000122070312,,,,,12.0,,997985
399081,W,DOMESTIC,-84.27938999999999,40.74597,GLOBAL POSITIONING SYSTEM,ALLEN,AMANDA,2005-08-29,42.0,811.4000244140625,,ROTARY,30.0,26.0,34.0,34,990624
399105,W,DOMESTIC,-84.183279,40.712413,DIGITIZED,ALLEN,SHAWNEE,1961-11-20,75.0,862.9000244140625,GRAVEL,,10.0,30.0,75.0,,250940
399106,W,DOMESTIC,-84.12822899999999,40.776879,DIGITIZED,ALLEN,AMERICAN,1963-05-07,71.0,836.2000122070312,LIMESTONE,,15.0,43.0,33.0,27,286611
399108,W,,-83.91895699999999,40.708312,DIGITIZED,ALLEN,AUGLAIZE,1948-12-01,54.0,982.5,LIMESTONE,,,13.0,39.0,52,30664
399109,W,,-83.988813,40.699619,DIGITIZED,ALLEN,AUGLAIZE,1950-04-29,75.0,969.5,LIMESTONE,,20.0,25.0,56.0,56,69633
399166,W,DOMESTIC,-84.21847,40.729243,DIGITIZED,ALLEN,SHAWNEE,1965-05-13,55.0,831.2999877929688,LIMESTONE,,7.0,28.0,37.0,36,317283
399224,W,DOMESTIC,-84.030484,40.786738,DIGITIZED,ALLEN,BATH,1964-10-01,64.0,880.0999755859375,LIMESTONE,,8.0,20.0,40.0,40,319417
399234,W,MONITOR,-84.10472,40.73265,GLOBAL POSITIONING SYSTEM,ALLEN,BATH,2006-03-28,16.0,852.4000244140625,CLAY,AUGER,,0.0,6.0,15,2002145
399364,W,DOMESTIC,-84.090181,40.700914,DIGITIZED,ALLEN,PERRY,1965-07-15,61.0,897.4000244140625,SAND & GRAVEL,,10.0,30.0,60.0,,328929
399365,W,DOMESTIC,-84.179564,40.756401,DIGITIZED,ALLEN,AMERICAN,1955-10-18,102.0,830.0,LIMESTONE,,,,,38,66479
399449,W,,-84.078172,40.693757999999995,DIGITIZED,ALLEN,PERRY,1950-03-14,100.0,919.2000122070312,GRAVEL,,20.0,29.0,100.0,,69629
399466,W,DOMESTIC,-84.10942399999999,40.800652,DIGITIZED,ALLEN,AMERICAN,1958-01-12,85.0,821.7999877929688,GRAVEL,,5.0,24.0,85.0,,192079
399485,W,DOMESTIC,-84.135965,40.779027,DIGITIZED,ALLEN,AMERICAN,1963-05-16,74.0,834.0,LIMESTONE,,15.0,47.0,31.0,28,286612
399571,W,DOMESTIC,-84.168607,40.722182,DIGITIZED,ALLEN,SHAWNEE,1965-05-10,134.0,845.4000244140625,LIMESTONE,,12.0,56.0,86.0,85,319435
399669,W,DOMESTIC,-83.93167,40.75111,GLOBAL POSITIONING SYSTEM,ALLEN,JACKSON,2006-06-27,83.0,958.0,LIMESTONE,AIR ROTARY,20.0,40.0,63.0,79,2003628
399777,W,DOMESTIC,-84.32987399999999,40.765273,DIGITIZED,ALLEN,AMANDA,1954-06-07,67.0,803.7999877929688,LIMESTONE,,,21.0,39.0,40,121419
399824,W,DOMESTIC,-84.310255,40.856328999999995,DIGITIZED,ALLEN,MARION,1963-04-25,59.0,763.5,LIMESTONE,,15.0,9.0,23.0,23,284484
399873,W,DOMESTIC,-84.174774,40.714503,DIGITIZED,ALLEN,SHAWNEE,1955-09-14,167.0,849.0999755859375,LIMESTONE,,,,,87,66476
400292,W,DOMESTIC,-84.178433,40.81105,,ALLEN,SUGAR CREEK,2007-07-03,60.0,794.7000122070312,SAND & GRAVEL,ROTARY,20.0,17.0,60.0,,1007145
400405,W,DOMESTIC,-83.9975,40.777221999999995,,ALLEN,BATH,2006-11-27,60.0,919.4000244140625,LIMESTONE,CABLE TOOL,20.0,45.0,58.0,52,997901
400452,W,MONITOR,-84.105711,40.724086,GLOBAL POSITIONING SYSTEM,ALLEN,PERRY,2007-05-09,35.0,880.2999877929688,CLAY,AUGER,,35.0,25.0,,2010006
400628,W,DOMESTIC,-83.98563299999999,40.746666999999995,,ALLEN,JACKSON,2007-01-20,62.0,928.7999877929688,LIMESTONE,ROTARY,20.0,18.0,48.0,48,1004657
400761,W,PUBLIC/SEMI-PUB,-83.95078099999999,40.759844,GLOBAL POSITIONING SYSTEM,ALLEN,JACKSON,1990-05-29,80.0,939.5999755859375,LIMESTONE,ROTARY,8.0,33.0,37.0,34,707074
400888,W,DOMESTIC,-84.171111,40.672222,,ALLEN,SHAWNEE,2006-08-09,42.0,859.0999755859375,,CABLE TOOL,20.0,25.0,40.0,41,997891
401370,W,MONITOR,-84.108283,40.81465,GLOBAL POSITIONING SYSTEM,ALLEN,BATH,2010-03-05,12.0,823.0,SILT,AUGER,,5.0,2.0,,2026603
401378,W,DOMESTIC,-83.95790000000001,40.6728,,ALLEN,AUGLAIZE,2009-08-10,140.0,1012.2000122070312,LIME & CLAY,ROTARY,25.0,36.0,95.0,138,1007287
401379,W,DOMESTIC,-84.077367,40.758900000000004,,ALLEN,BATH,2009-08-26,108.0,886.7000122070312,LIMESTONE,ROTARY,12.0,30.0,40.0,40,1007288
401380,W,DOMESTIC,-83.916867,40.79635,,ALLEN,JACKSON,2009-08-04,90.0,948.0999755859375,LIMESTONE,ROTARY,20.0,40.0,57.0,57,1007285
401402,W,DOMESTIC,-84.04950000000001,40.817,GLOBAL POSITIONING SYSTEM,ALLEN,BATH,2009-11-28,53.0,849.7000122070312,GRAVEL & LIMESTONE,AIR ROTARY,10.0,25.0,36.0,37,2025255
401477,W,DOMESTIC,-84.093333,40.676944,GLOBAL POSITIONING SYSTEM,ALLEN,PERRY,2009-10-20,117.0,922.5999755859375,GRAVEL,AIR ROTARY,20.0,70.0,111.0,,2024735
401731,W,DOMESTIC,-83.95450000000001,40.811082999999996,,ALLEN,JACKSON,2008-03-31,62.0,889.0999755859375,LIMESTONE,ROTARY,20.0,15.0,40.0,40,1007200
401847,W,MONITOR,-84.353233,40.708982999999996,GLOBAL POSITIONING SYSTEM,ALLEN,SPENCER,2011-04-28,75.0,829.2999877929688,SAND,AUGER,,26.0,62.0,51,2032349
402050,W,DOMESTIC,-84.28093299999999,40.714532999999996,,ALLEN,AMANDA,2010-12-27,50.0,825.2999877929688,LIMESTONE,ROTARY,20.0,30.0,41.0,41,1014605
402084,W,MONITOR,-84.07681699999999,40.730667,GLOBAL POSITIONING SYSTEM,ALLEN,PERRY,2010-05-28,16.0,881.7000122070312,CLAY,DIRECT PUSH,,8.0,6.0,,2027334
402120,W,DOMESTIC,-84.07050000000001,40.818667,GLOBAL POSITIONING SYSTEM,ALLEN,MONROE,2012-09-06,64.0,839.9000244140625,LIMESTONE,AIR ROTARY,25.0,20.0,36.0,36,2039896
402223,W,DOMESTIC,-84.274667,40.718333,GLOBAL POSITIONING SYSTEM,ALLEN,AMANDA,2012-09-18,53.0,821.7999877929688,LIMESTONE,AIR ROTARY,15.0,31.0,41.0,39,2039897
402294,W,DOMESTIC,-83.92134999999999,40.711617,,ALLEN,AUGLAIZE,2010-06-18,70.0,997.7999877929688,LIMESTONE,ROTARY,30.0,21.0,63.0,68,1013424
402381,W,DOMESTIC,-84.22372999999999,40.794509999999995,GEOCODE,ALLEN,AMERICAN,2000-03-07,42.0,792.2000122070312,LIMESTONE,ROTARY,20.0,12.0,31.0,31,901930
402480,W,DOMESTIC,-83.91801699999999,40.878067,,ALLEN,RICHLAND,2013-11-08,240.0,831.7000122070312,LIMESTONE,ROTARY,10.0,55.0,27.0,27,1016905
402483,W,DOMESTIC,-83.921933,40.7042,,ALLEN,AUGLAIZE,2013-08-27,100.0,982.7000122070312,LIMESTONE,ROTARY,10.0,19.0,30.0,30,1016902
402578,W,MONITOR,-84.07750999999999,40.73036,GLOBAL POSITIONING SYSTEM,ALLEN,PERRY,2016-02-26,14.0,,CLAY,GEOPROBE,,4.0,4.0,,2056357
402589,W,DOMESTIC,-83.8895,40.742166999999995,GLOBAL POSITIONING SYSTEM,ALLEN,JACKSON,2014-08-01,73.0,989.7000122070312,LIMESTONE,AIR ROTARY,20.0,30.0,31.0,26,2048523
402688,W,AGRIC/IRRIG,-83.926633,40.810900000000004,GLOBAL POSITIONING SYSTEM,ALLEN,JACKSON,2015-09-04,100.0,,LIMESTONE,ROTARY,40.0,26.0,41.0,41,1018700
402692,W,DOMESTIC,-84.274333,40.722500000000004,GLOBAL POSITIONING SYSTEM,ALLEN,AMANDA,2014-09-08,83.0,824.5,LIMESTONE,AIR ROTARY,15.0,30.0,51.0,82,2049106
402776,W,DOMESTIC,-84.238717,40.763349999999996,GLOBAL POSITIONING SYSTEM,ALLEN,AMANDA,2015-08-10,65.0,803.7000122070312,LIMESTONE,ROTARY,15.0,8.0,32.0,62,1018679
402819,W,DOMESTIC,-84.27600000000001,40.689333,GLOBAL POSITIONING SYSTEM,ALLEN,AMANDA,2015-01-31,143.0,841.4000244140625,LIMESTONE,AIR ROTARY,30.0,45.0,60.0,56,2051250
402897,W,DOMESTIC,-84.305667,40.768333,GLOBAL POSITIONING SYSTEM,ALLEN,AMANDA,2015-05-07,114.0,789.0,LIMESTONE,AIR ROTARY,30.0,25.0,28.0,25,2052397
402913,W,DOMESTIC,-83.90933299999999,40.742683,GLOBAL POSITIONING SYSTEM,ALLEN,JACKSON,2016-10-25,58.0,,LIMESTONE,ROTARY,10.0,39.0,46.5,44,2059639
403006,W,DOMESTIC,-83.93811699999999,40.732333,GLOBAL POSITIONING SYSTEM,ALLEN,JACKSON,2016-05-02,82.0,,GRAVEL,ROTARY,20.0,41.0,82.0,,1019035
403463,W,DOMESTIC,-84.319593,40.733607,DIGITAL MAP,ALLEN,AMANDA,2018-10-05,48.0,,LIMESTONE,ROTARY,20.0,19.0,40.0,,1021046
403489,W,DOMESTIC,-84.224035,40.749299,GLOBAL POSITIONING SYSTEM,ALLEN,AMANDA,2018-05-16,53.0,,LIMESTONE,ROTARY,25.0,15.0,36.0,31,2068202
403690,W,DOMESTIC,-84.11022,40.77674,GEOCODE,ALLEN,AMERICAN,1969-01-10,73.0,851.0,LIMESTONE,,16.0,53.0,53.0,50,392109
403698,W,DOMESTIC,-84.32149,40.81625,GEOCODE,ALLEN,MARION,1992-02-13,63.0,783.0999755859375,LIMESTONE,ROTARY,2.0,16.0,25.0,25,747588
403834,W,DOMESTIC,-84.22336,40.783229999999996,GLOBAL POSITIONING SYSTEM,ALLEN,AMERICAN,2017-10-30,80.0,,LIMESTONE,AIR ROTARY,30.0,20.0,32.0,27,2065376
403892,W,DOMESTIC,-83.939183,40.654333,GLOBAL POSITIONING SYSTEM,ALLEN,AUGLAIZE,2019-11-24,105.0,,LIMESTONE,MUD/AIR ROTARY,20.0,40.0,82.0,,2077194
403894,W,DOMESTIC,-84.171043,40.792556,DIGITAL MAP,ALLEN,AMERICAN,2018-09-05,217.0,,LIMESTONE,ROTARY,12.0,24.0,200.0,,1021035
403895,W,DOMESTIC,-84.35316,40.77673,GLOBAL POSITIONING SYSTEM,ALLEN,SPENCER,2018-09-06,41.0,,LIMESTONE,ROTARY,20.0,17.0,30.0,,2069823
403992,W,DOMESTIC,-83.91475,40.69771,GLOBAL POSITIONING SYSTEM,ALLEN,AUGLAIZE,2017-11-21,123.0,,LIMESTONE,ROTARY,20.0,7.5,25.0,12,2065626
403998,W,MONITOR,-84.08970000000001,40.702079999999995,,ALLEN,PERRY,1994-07-11,8.0,900.2999877929688,GRAVEL,AUGER,,,3.0,,787407
403999,W,PUBLIC/SEMI-PUB,-84.186148,40.712095999999995,,ALLEN,SHAWNEE,1970-06-15,180.0,866.0999755859375,LIMESTONE & ROCK,,130.0,73.0,72.0,72,379281
404000,W,DOMESTIC,-84.29796999999999,40.743789,DIGITIZED,ALLEN,AMANDA,1963-11-22,33.0,809.0,SAND & GRAVEL,,10.0,20.0,33.0,,291144
404001,W,DOMESTIC,-83.93733,40.702349999999996,,ALLEN,AUGLAIZE,1995-06-14,55.0,969.7999877929688,LIMESTONE,ROTARY,20.0,19.0,42.0,38,804500
404002,W,DOMESTIC,-84.30420000000001,40.78433,GEOCODE,ALLEN,MARION,1994-05-21,129.0,795.7000122070312,LIMESTONE,ROTARY,15.0,20.0,27.0,27,784914
404003,W,,-84.078012,40.740930999999996,DIGITIZED,ALLEN,BATH,1967-06-16,91.0,886.7999877929688,LIMESTONE,,16.0,60.0,43.0,42,357523
404004,W,DOMESTIC,-83.99001,40.76405,GEOCODE,ALLEN,JACKSON,1995-09-15,75.0,908.7999877929688,LIMESTONE,ROTARY,8.0,27.0,30.0,27,821996
404005,W,DOMESTIC,-83.98460999999999,40.74564,,ALLEN,JACKSON,1986-12-31,60.0,924.0,LIMESTONE,,30.0,15.0,51.0,48,661912
404006,W,DOMESTIC,-83.98461999999999,40.737719999999996,,ALLEN,JACKSON,1994-03-31,83.0,939.5,LIMESTONE,ROTARY,12.0,20.0,51.0,51,784885
404007,W,DOMESTIC,-84.177302,40.703914999999995,DIGITIZED,ALLEN,SHAWNEE,1956-09-25,72.0,872.5,GRAVEL,,18.0,41.0,72.0,,173440
404008,W,MUNICIPAL,-83.89402799999999,40.889998,DIGITIZED,ALLEN,RICHLAND,1952-12-23,112.0,825.0999755859375,LIMESTONE,,140.0,31.0,20.0,20,100621
404009,W,MONITOR,-83.96139,40.82389,GEOCODE,ALLEN,RICHLAND,1993-06-16,20.0,886.0,SAND,AUGER,,11.0,10.0,,754739
404010,W,DOMESTIC,-83.94485999999999,40.86264,GEOCODE,ALLEN,RICHLAND,1988-07-20,62.0,841.7999877929688,LIMESTONE,,15.0,30.0,38.0,35,685079
404012,W,DOMESTIC,-84.09172,40.90106,GEOCODE,ALLEN,MONROE,1974-06-11,81.0,774.0999755859375,LIMESTONE,,2.0,15.0,27.0,27,475414
404013,W,DOMESTIC,-83.98843,40.71662,GEOCODE,ALLEN,AUGLAIZE,1990-10-17,68.0,976.9000244140625,GRAVEL,CABLE TOOL,15.0,53.0,68.0,,721359
404014,W,DOMESTIC,-83.93733,40.71248,,ALLEN,AUGLAIZE,1990-11-23,79.0,1012.9000244140625,GRAVEL,ROTARY,20.0,52.0,79.0,,725280
404016,W,DOMESTIC,-84.21203899999999,40.698771,DIGITIZED,ALLEN,SHAWNEE,1957-05-29,63.0,869.4000244140625,GRAVEL,,20.0,34.0,63.0,,187867
404018,W,DOMESTIC,-84.008906,40.709617,DIGITIZED,ALLEN,PERRY,1955-05-17,90.0,975.9000244140625,GRAVEL,,15.0,47.0,90.0,,156820
404019,W,DOMESTIC,-84.065265,40.746081,DIGITIZED,ALLEN,BATH,1954-09-23,60.0,878.4000244140625,LIMESTONE,,,30.0,31.0,58,120469
404020,W,DOMESTIC,-84.077986,40.740502,DIGITIZED,ALLEN,BATH,1955-10-17,109.0,886.5999755859375,LIMESTONE,,,35.0,42.0,40,154707
404021,W,DOMESTIC,-84.20482,40.77529,GEOCODE,ALLEN,AMERICAN,1991-09-24,90.0,799.7000122070312,LIMESTONE,ROTARY,15.0,18.0,32.0,80,735495
404022,W,DOMESTIC,-84.20192999999999,40.662400000000005,GEOCODE,ALLEN,SHAWNEE,1988-11-10,95.0,848.9000244140625,LIMESTONE,ROTARY,12.0,15.0,52.0,49,690143
404026,W,DOMESTIC,-84.29262,40.69318,,ALLEN,AMANDA,1994-07-18,85.0,851.2000122070312,LIMESTONE,ROTARY,10.0,52.0,58.0,58,790394
404027,W,DOMESTIC,-84.28076,40.73708,GEOCODE,ALLEN,AMANDA,1996-04-22,33.0,810.9000244140625,SAND & GRAVEL,CABLE TOOL,,,,,826174
404030,W,DOMESTIC,-83.92246,40.702749999999995,GEOCODE,ALLEN,AUGLAIZE,1970-12-01,61.0,984.2000122070312,LIMESTONE,,12.0,12.0,28.0,26,419667
404031,W,DOMESTIC,-84.20855999999999,40.75132,,ALLEN,AMERICAN,1991-03-11,33.0,816.4000244140625,SAND & GRAVEL,CABLE TOOL,5.0,17.0,33.0,,677276
404032,W,DOMESTIC,-83.96840999999999,40.77824,DIGITIZED,ALLEN,JACKSON,1954-05-20,56.0,907.5,LIMESTONE,,60.0,30.0,30.0,28,82988
404033,W,DOMESTIC,-84.16852,40.68799,GEOCODE,ALLEN,SHAWNEE,1989-10-04,40.0,836.2999877929688,GRAVEL,CABLE TOOL,20.0,8.0,40.0,,700560
404034,W,DOMESTIC,-84.17943,40.69337,GEOCODE,ALLEN,SHAWNEE,1991-01-10,68.0,866.0999755859375,GRAVEL,CABLE TOOL,15.0,40.0,68.0,,721367
404035,W,DOMESTIC,-84.35828699999999,40.723625999999996,DIGITIZED,ALLEN,SPENCER,1954-02-18,75.0,821.5,LIMESTONE,,,,40.0,,121414
404041,W,DOMESTIC,-84.014101,40.67791,DIGITIZED,ALLEN,PERRY,1961-10-17,71.0,928.7999877929688,MUD,,8.0,5.0,71.0,10,244936
404042,W,DOMESTIC,-84.087785,40.71541,DIGITIZED,ALLEN,PERRY,1956-12-20,62.0,886.5,SAND & GRAVEL,,,16.0,62.0,,62150
404043,W,DOMESTIC,-83.92084,40.70626,GEOCODE,ALLEN,AUGLAIZE,1991-07-02,60.0,982.5999755859375,LIMESTONE,ROTARY,15.0,19.0,40.0,37,725320
404044,W,DOMESTIC,-84.24309,40.78033,GEOCODE,ALLEN,MARION,1987-10-22,43.0,799.0999755859375,LIMESTONE,,30.0,12.0,33.0,33,665300
404045,W,DOMESTIC,-84.22395,40.78879,GEOCODE,ALLEN,MARION,1984-07-12,26.0,795.2999877929688,LIMESTONE,,7.0,13.0,25.0,22,604441
404049,W,DOMESTIC,-84.106269,40.705307,DIGITIZED,ALLEN,PERRY,1956-10-09,75.0,890.5,LIMESTONE,,5.0,20.0,42.0,42,160015
404050,W,DOMESTIC,-83.91893999999999,40.680789999999995,GEOCODE,ALLEN,AUGLAIZE,1992-07-05,60.0,1012.2999877929688,LIMESTONE,ROTARY,15.0,23.0,31.0,28,755137
404051,W,DOMESTIC,-84.13687999999999,40.673988,DIGITIZED,ALLEN,SHAWNEE,1953-09-21,102.0,877.2999877929688,GRAVEL,,20.0,31.0,102.0,,115261
404053,W,DOMESTIC,-84.30887,40.84254,GEOCODE,ALLEN,MARION,1992-07-22,63.0,773.7999877929688,LIMESTONE,ROTARY,15.0,15.0,26.0,26,757970
404054,W,DOMESTIC,-84.26277,40.841049999999996,GEOCODE,ALLEN,MARION,1992-08-12,32.0,773.0999755859375,LIMESTONE,ROTARY,20.0,4.0,25.0,25,754880
404055,W,DOMESTIC,-84.24315,40.783539999999995,GEOCODE,ALLEN,MARION,1995-02-25,30.0,798.5,SAND & GRAVEL,CABLE TOOL,6.0,15.0,28.0,,800632
404056,W,DOMESTIC,-84.07844999999999,40.68747,GEOCODE,ALLEN,PERRY,1973-02-20,78.0,939.4000244140625,SAND & GRAVEL,,30.0,50.0,78.0,,438821
404057,W,DOMESTIC,-84.07050000000001,40.70417,GEOCODE,ALLEN,PERRY,1993-05-28,76.0,923.0,GRAVEL,CABLE TOOL,15.0,45.0,76.0,,773726
404058,W,DOMESTIC,-84.2484,40.81661,GEOCODE,ALLEN,MARION,1989-09-27,42.0,783.7000122070312,LIMESTONE,ROTARY,7.0,7.0,25.0,25,700279
404059,W,DOMESTIC,-84.04973,40.83198,GEOCODE,ALLEN,SUGAR CREEK,1993-04-14,27.0,832.2000122070312,SAND & GRAVEL,CABLE TOOL,8.0,4.0,27.0,,763583
404060,W,DOMESTIC,-84.1409,40.832209999999996,,ALLEN,SUGAR CREEK,1993-11-01,108.0,788.2000122070312,LIMESTONE,CABLE TOOL,5.0,10.0,49.0,49,773742
404061,W,DOMESTIC,-84.18030399999999,40.724041,DIGITIZED,ALLEN,SHAWNEE,1959-05-19,50.0,831.0999755859375,LIMESTONE,,12.0,34.0,49.0,49,224073
404062,W,DOMESTIC,-84.17994399999999,40.723579,DIGITIZED,ALLEN,SHAWNEE,1957-09-16,52.0,833.2999877929688,GRAVEL,,10.0,36.0,52.0,,187878
404063,W,DOMESTIC,-84.10813,40.682500000000005,GEOCODE,ALLEN,SHAWNEE,1986-10-30,55.0,898.0,GRAVEL,CABLE TOOL,20.0,45.0,55.0,,654581
404064,W,DOMESTIC,-84.172952,40.75477,DIGITIZED,ALLEN,AMERICAN,1953-09-04,104.0,827.2999877929688,LIMESTONE,,9.0,25.0,39.0,39,112916
404065,W,DOMESTIC,-84.19559799999999,40.735124,DIGITIZED,ALLEN,AMERICAN,1956-11-25,81.0,817.0,LIMESTONE,,2.0,16.0,34.0,34,174086
404068,W,DOMESTIC,-83.986915,40.694827,DIGITIZED,ALLEN,AUGLAIZE,1956-10-15,71.0,952.5,LIMESTONE,,20.0,22.0,52.0,52,173442
404069,W,DOMESTIC,-84.335196,40.784189999999995,DIGITIZED,ALLEN,MARION,1956-08-08,28.0,796.5999755859375,GRAVEL,,,,28.0,,184660
404070,W,DOMESTIC,-83.920678,40.703989,DIGITIZED,ALLEN,AUGLAIZE,1960-07-18,47.0,984.4000244140625,LIMESTONE,,18.0,8.0,36.0,35,244908
404071,W,DOMESTIC,-83.919102,40.697292,DIGITIZED,ALLEN,AUGLAIZE,1963-04-18,22.0,992.7000122070312,LIMESTONE,,18.0,15.0,22.0,10,286710
404075,W,COMMERCIAL,-84.21016499999999,40.740563,DIGITIZED,ALLEN,AMERICAN,1960-09-03,30.0,820.7000122070312,SAND & GRAVEL,,15.0,17.0,30.0,,227439
404076,W,DOMESTIC,-84.199343,40.764981,DIGITIZED,ALLEN,AMERICAN,1960-04-06,76.0,815.0,LIMESTONE,,6.0,18.0,64.0,64,245857
404078,W,DOMESTIC,-84.08962,40.68786,GEOCODE,ALLEN,PERRY,1969-07-15,95.0,921.2999877929688,GRAVEL,,15.0,65.0,93.0,,379268
404079,W,COMMERCIAL,-84.09004999999999,40.7045,GEOCODE,ALLEN,PERRY,1973-07-07,176.0,892.9000244140625,LIMESTONE,,40.0,38.0,81.0,81,451897
404080,W,DOMESTIC,-84.26077,40.81621,GEOCODE,ALLEN,MARION,1993-11-07,38.0,787.0999755859375,LIMESTONE,ROTARY,12.0,9.0,25.0,25,783641
404081,W,DOMESTIC,-84.149987,40.684042,DIGITIZED,ALLEN,SHAWNEE,1961-08-01,37.0,861.2999877929688,SAND & GRAVEL,,8.0,17.0,37.0,,266454
404084,W,DOMESTIC,-83.97762999999999,40.82454,GEOCODE,ALLEN,RICHLAND,1973-08-23,125.0,868.2000122070312,LIMESTONE,,7.0,16.0,41.0,41,512475
404085,W,DOMESTIC,-84.13687999999999,40.673988,DIGITIZED,ALLEN,SHAWNEE,1958-08-27,93.0,877.2999877929688,GRAVEL,,13.0,35.0,93.0,,199797
404086,W,,-84.117189,40.810269999999996,DIGITIZED,ALLEN,SUGAR CREEK,1959-04-21,60.0,815.7999877929688,LIMESTONE,,15.0,18.0,26.0,59,240503
404090,W,DOMESTIC,-84.17913899999999,40.757661,DIGITIZED,ALLEN,AMERICAN,1952-10-06,102.0,827.5,LIMESTONE,,5.0,25.0,41.0,40,85163
404094,W,DOMESTIC,-84.01953,40.695119999999996,GEOCODE,ALLEN,PERRY,1991-11-15,157.0,974.7999877929688,GRAVEL,ROTARY,12.0,75.0,157.0,,745233
404095,W,DOMESTIC,-84.028756,40.788865,DIGITIZED,ALLEN,BATH,1964-06-05,76.0,879.0,LIMESTONE,,12.0,13.0,42.0,41,302388
404096,W,DOMESTIC,-84.020488,40.789367999999996,DIGITIZED,ALLEN,BATH,1963-03-16,48.0,878.0999755859375,LIMESTONE,,15.0,14.0,42.0,40,274633
404097,W,DOMESTIC,-84.002985,40.741853,DIGITIZED,ALLEN,BATH,1964-01-27,67.0,936.5999755859375,LIMESTONE,,16.0,41.0,45.0,44,302371
404098,W,DOMESTIC,-84.16623,40.69594,GEOCODE,ALLEN,SHAWNEE,1988-04-01,117.0,844.2000122070312,GRAVEL,,20.0,22.0,117.0,,673392
404100,W,DOMESTIC,-84.137649,40.690111,DIGITIZED,ALLEN,SHAWNEE,1955-02-23,47.0,867.0999755859375,GRAVEL,,10.0,33.0,47.0,,139826
404101,W,DOMESTIC,-84.147562,40.692561,DIGITIZED,ALLEN,SHAWNEE,1956-03-11,94.0,855.5999755859375,GRAVEL,,9.0,17.0,94.0,,141850
404103,W,MUNICIPAL,-84.119885,40.72165,DIGITIZED,ALLEN,SHAWNEE,1954-10-05,400.0,869.9000244140625,LIMESTONE,,,121.0,76.0,130,201687
404104,W,DOMESTIC,-83.979869,40.825987,DIGITIZED,ALLEN,RICHLAND,1964-07-28,57.0,870.7000122070312,GRAVEL & SAND,,12.0,15.0,42.0,,278337
404105,W,DOMESTIC,-84.10155999999999,40.80052,GEOCODE,ALLEN,BATH,1987-05-04,95.0,831.9000244140625,LIMESTONE,,20.0,28.0,37.0,35,661935
404106,W,DOMESTIC,-83.99425,40.77805,GEOCODE,ALLEN,BATH,1991-10-15,87.0,907.7000122070312,LIMESTONE,ROTARY,10.0,44.0,48.0,45,737518
404116,W,DOMESTIC,-84.230721,40.833129,DIGITIZED,ALLEN,MARION,1958-07-17,115.0,782.2999877929688,LIMESTONE,,10.0,18.0,100.0,97,217616
404117,W,DOMESTIC,-84.09626,40.765648999999996,DIGITIZED,ALLEN,BATH,1956-07-04,100.0,867.9000244140625,LIMESTONE,,8.0,60.0,48.0,46,159573
404118,W,DOMESTIC,-83.92546999999999,40.73188,GEOCODE,ALLEN,JACKSON,1973-07-30,74.0,991.5,LIMESTONE,,20.0,35.0,52.0,52,512463
404119,W,MONITOR,-84.11354999999999,40.74255,,ALLEN,AMERICAN,1994-05-05,26.0,888.9000244140625,SILT,AUGER,,20.0,,,775218
404120,W,DOMESTIC,-84.15099,40.66665,GEOCODE,ALLEN,SHAWNEE,1988-05-04,125.0,861.0,GRAVEL,CABLE TOOL,20.0,12.0,125.0,,657199
404128,W,DOMESTIC,-83.99432999999999,40.787549999999996,GEOCODE,ALLEN,AUGLAIZE,1993-08-12,94.0,916.5999755859375,SAND & GRAVEL,ROTARY,20.0,60.0,91.0,,777274
404136,W,DOMESTIC,-84.20403999999999,40.69603,GEOCODE,ALLEN,SHAWNEE,1994-09-09,126.0,880.7000122070312,LIMESTONE,CABLE TOOL,7.0,40.0,78.0,78,800606
404137,W,DOMESTIC,-84.16695,40.69566,GEOCODE,ALLEN,SHAWNEE,1995-06-28,118.0,845.2999877929688,GRAVEL,CABLE TOOL,10.0,65.0,118.0,,800647
404139,W,DOMESTIC,-84.11604299999999,40.712095999999995,DIGITIZED,ALLEN,SHAWNEE,1954-10-26,48.0,888.5999755859375,SAND & GRAVEL,,,32.0,48.0,,82636
404140,W,DOMESTIC,-84.137649,40.690111,DIGITIZED,ALLEN,SHAWNEE,1962-05-23,111.0,867.0999755859375,SAND & GRAVEL,,6.0,29.0,111.0,,250948
404141,W,DOMESTIC,-84.204394,40.716929,DIGITIZED,ALLEN,SHAWNEE,1964-10-03,66.0,847.0999755859375,SAND & GRAVEL,,13.0,33.0,66.0,,308824
404144,W,DOMESTIC,-84.223732,40.730641999999996,DIGITIZED,ALLEN,AMANDA,1963-10-24,62.0,832.0999755859375,LIMESTONE,,10.0,26.0,37.0,36,298562
404145,W,DOMESTIC,-84.002816,40.694728999999995,DIGITIZED,ALLEN,PERRY,1955-03-14,60.0,963.5,GRAVEL,,15.0,21.0,60.0,,156806
404146,W,DOMESTIC,-83.9184,40.79691,GEOCODE,ALLEN,JACKSON,1991-12-02,68.0,946.2000122070312,LIMESTONE,,20.0,43.0,58.0,55,737525
404147,W,DOMESTIC,-84.12127,40.72526,GEOCODE,ALLEN,SHAWNEE,1955-08-16,180.0,855.7000122070312,LIMESTONE,,,131.0,58.0,58,82643
404148,W,DOMESTIC,-84.013539,40.787563,DIGITIZED,ALLEN,BATH,1969-01-20,57.0,895.9000244140625,GRAVEL,,16.0,31.0,55.0,,392110
404149,W,DOMESTIC,-84.07417,40.702439999999996,GEOCODE,ALLEN,SHAWNEE,1972-01-09,195.0,915.7999877929688,LIMESTONE,,20.0,64.0,128.0,126,449539
404150,W,DOMESTIC,-84.222614,40.732507,DIGITIZED,ALLEN,SHAWNEE,1955-10-12,37.0,826.9000244140625,GRAVEL,,,,37.0,,121437
404151,W,DOMESTIC,-84.137593,40.664294,DIGITIZED,ALLEN,SHAWNEE,1954-02-05,107.0,889.2000122070312,LIMESTONE,,6.0,138.0,63.0,30,35443
404152,W,DOMESTIC,-84.244738,40.688972,DIGITIZED,ALLEN,AMANDA,1960-07-05,73.0,863.0,LIMESTONE,,,36.0,62.0,62,205624
404154,W,DOMESTIC,-84.166849,40.732431,DIGITIZED,ALLEN,AMERICAN,1956-04-21,130.0,844.5,GRAVEL,,20.0,66.0,130.0,,166779
409106,W,,-84.147429,40.732138,DIGITIZED,ALLEN,AMERICAN,1947-09-29,77.0,866.2999877929688,SAND,,6.0,37.0,77.0,,23410
409107,W,,-84.173558,40.773868,DIGITIZED,ALLEN,AMERICAN,1950-04-20,120.0,815.9000244140625,LIMESTONE,,,,24.0,110,66451
409117,W,,-84.171866,40.736129,DIGITIZED,ALLEN,AMERICAN,1950-10-05,72.0,840.7999877929688,LIMESTONE,,20.0,18.0,67.0,67,83402
409222,W,,-83.97866599999999,40.694502,DIGITIZED,ALLEN,AUGLAIZE,1948-06-03,46.0,947.0,LIMESTONE,,20.0,11.0,25.0,25,26368
409223,W,,-83.92816499999999,40.697269999999996,DIGITIZED,ALLEN,AUGLAIZE,1949-07-08,88.0,982.0,LIMESTONE,,20.0,10.0,21.0,21,69606
409225,W,,-83.899945,40.770748999999995,DIGITIZED,ALLEN,JACKSON,1949-08-22,40.0,939.0,LIMESTONE,,,8.5,26.0,38,38995
409226,W,,-83.952232,40.761548999999995,DIGITIZED,ALLEN,JACKSON,1949-12-06,63.0,928.7999877929688,LIMESTONE,,20.0,26.0,30.0,30,69619
409228,W,,-84.081374,40.830013,DIGITIZED,ALLEN,MONROE,1950-02-01,35.0,815.0999755859375,LIMESTONE,,,,20.0,19,56712
411301,W,DOMESTIC,-84.03200000000001,40.809349999999995,GEOCODE,ALLEN,BATH,1998-08-03,40.0,849.0999755859375,LIMESTONE,ROTARY,30.0,15.0,40.0,17,866894
411302,W,DOMESTIC,-83.90861,40.75571,GEOCODE,ALLEN,JACKSON,1998-07-09,63.0,957.7999877929688,LIMESTONE,ROTARY,15.0,24.0,42.0,39,881933
411334,W,DOMESTIC,-84.01778,40.74417,GEOCODE,ALLEN,BATH,1997-04-30,40.0,906.0999755859375,LIMESTONE,CABLE TOOL,20.0,25.0,30.0,30,839993
411337,W,DOMESTIC,-84.2037,40.698339999999995,GEOCODE,ALLEN,SHAWNEE,1997-03-19,148.0,876.4000244140625,LIMESTONE,CABLE TOOL,15.0,55.0,91.0,90,839989
411399,W,DOMESTIC,-84.24163999999999,40.69041,GEOCODE,ALLEN,AMANDA,1997-09-06,63.0,860.5,GRAVEL,CABLE TOOL,15.0,40.0,63.0,,859459
411428,W,DOMESTIC,-84.34002,40.735859999999995,,ALLEN,AMANDA,1998-10-05,32.0,1034.199951171875,SAND & GRAVEL,CABLE TOOL,10.0,19.0,,,886246
411443,W,DOMESTIC,-83.89914,40.84878,GEOCODE,ALLEN,RICHLAND,1998-11-06,100.0,882.0999755859375,LIMESTONE,ROTARY,15.0,57.0,37.0,37,884263
411446,W,DOMESTIC,-84.29784,40.72911,,ALLEN,AMANDA,1997-10-31,107.0,798.5,LIMESTONE,CABLE TOOL,20.0,18.0,32.0,32,859479
411491,W,DOMESTIC,-84.30174,40.80328,GEOCODE,ALLEN,MARION,1999-02-19,138.0,787.7000122070312,LIMESTONE,ROTARY,10.0,14.0,27.0,23,889236
411498,W,DOMESTIC,-84.06965,40.702329999999996,GEOCODE,ALLEN,PERRY,1999-10-15,75.0,922.5,GRAVEL,CABLE TOOL,15.0,60.0,75.0,,895899
411503,W,DOMESTIC,-84.27646,40.751000000000005,GEOCODE,ALLEN,AMANDA,1999-09-13,40.0,810.7000122070312,LIMESTONE,CABLE TOOL,9.0,11.0,25.0,23,890243
411504,W,DOMESTIC,-84.22353,40.785509999999995,GEOCODE,ALLEN,AMERICAN,1999-08-28,27.0,801.0,SAND & GRAVEL,CABLE TOOL,11.0,,29.0,,890241
411527,W,DOMESTIC,-84.02503999999999,40.81071,GEOCODE,ALLEN,BATH,1999-12-02,42.0,860.5999755859375,LIMESTONE,ROTARY,20.0,16.0,39.0,39,901903
411631,W,DOMESTIC,-83.880467,40.876655,,ALLEN,RICHLAND,1999-09-15,71.0,853.7999877929688,LIMESTONE,ROTARY,5.0,30.0,,69,902293
411642,W,DOMESTIC,-84.30523,40.73318,,ALLEN,AMANDA,2000-07-20,39.0,795.4000244140625,SAND & GRAVEL,CABLE TOOL,15.0,22.0,,,890254
411912,W,DOMESTIC,-84.25771999999999,40.82429,GEOCODE,ALLEN,MARION,2000-10-12,49.0,788.5,LIMESTONE,ROTARY,5.0,20.0,26.0,20,926970
411986,W,DOMESTIC,-84.01745,40.76403,GEOCODE,ALLEN,BATH,2001-05-30,119.0,905.4000244140625,LIMESTONE,ROTARY,15.0,50.0,48.0,43,935920
412035,W,DOMESTIC,-83.89963,40.912639999999996,GEOCODE,ALLEN,RICHLAND,2000-11-30,70.0,819.0,LIMESTONE,ROTARY,8.0,40.0,33.0,33,922103
412456,W,MONITOR,-84.33994,40.84699,,ALLEN,MARION,2002-11-15,23.0,769.7999877929688,LIMESTONE,ROTARY,,,13.0,11,942223
412471,W,DOMESTIC,-83.92145,40.702839999999995,GEOCODE,ALLEN,AUGLAIZE,2002-06-27,63.0,984.7000122070312,LIMESTONE,ROTARY,7.0,25.0,26.0,58,940568
412515,W,MONITOR,-84.07506,40.73083,GEOCODE,ALLEN,BATH,1990-08-07,15.0,886.2000122070312,SILT & CLAY,AUGER,,,3.0,,684143
412577,W,DOMESTIC,-84.018204,40.66635,DIGITIZED,ALLEN,PERRY,1963-04-20,54.0,930.0,SAND & GRAVEL,,10.0,9.0,54.0,,291111
412603,W,DOMESTIC,-84.20922999999999,40.69066,GEOCODE,ALLEN,SHAWNEE,1987-10-31,60.0,863.5999755859375,GRAVEL,CABLE TOOL,20.0,45.0,60.0,,657178
412648,W,DOMESTIC,-83.92445,40.746469999999995,GEOCODE,ALLEN,JACKSON,1992-08-07,75.0,961.7000122070312,LIMESTONE,ROTARY,30.0,27.0,67.0,63,755156
412649,W,DOMESTIC,-84.01809,40.76404,GEOCODE,ALLEN,BATH,1996-09-03,110.0,903.5,LIMESTONE,ROTARY,20.0,32.0,42.0,42,843043
412653,W,DOMESTIC,-84.28057,40.742529999999995,,ALLEN,AMANDA,1994-06-07,72.0,809.7999877929688,LIMESTONE,ROTARY,10.0,20.0,42.0,42,784927
412693,W,MUNICIPAL,-83.902874,40.881676,,ALLEN,RICHLAND,1967-07-24,100.0,830.0999755859375,LIMESTONE,,210.0,29.0,15.0,10,357527
412716,W,DOMESTIC,-84.122642,40.679421999999995,DIGITIZED,ALLEN,SHAWNEE,1954-04-30,75.0,892.7000122070312,LIMESTONE,,8.0,23.0,50.0,50,35445
412810,W,DOMESTIC,-84.135965,40.779027,DIGITIZED,ALLEN,AMERICAN,1959-03-12,73.0,834.0,LIMESTONE,,,50.0,34.0,31,193141
412831,W,DOMESTIC,-84.23422,40.712579999999996,GEOCODE,ALLEN,AMANDA,2002-08-22,42.0,834.7000122070312,SHALE,CABLE TOOL,20.0,26.0,41.0,41,947280
412839,W,DOMESTIC,-84.232883,40.691443,DIGITIZED,ALLEN,AMANDA,1960-08-18,68.0,870.0999755859375,SAND & GRAVEL,,15.0,26.0,68.0,,227435
412840,W,MONITOR,-84.11543999999999,40.71442,GEOCODE,ALLEN,SHAWNEE,1996-01-23,21.0,884.4000244140625,GRAVEL,AUGER,,,15.0,,824016
412844,W,DOMESTIC,-84.09461999999999,40.760994,DIGITIZED,ALLEN,BATH,1961-05-10,96.0,875.0999755859375,LIMESTONE,,8.0,30.0,40.0,40,250926
412874,W,DOMESTIC,-84.27234399999999,40.816088,DIGITIZED,ALLEN,MARION,1962-06-02,42.0,772.5,LIMESTONE,,7.0,8.0,14.0,14,264496
412890,W,DOMESTIC,-83.93328,40.86204,GEOCODE,ALLEN,RICHLAND,1994-04-18,50.0,856.7000122070312,LIMESTONE,ROTARY,10.0,11.0,28.0,25,786584
412917,W,DOMESTIC,-84.28074,40.73576,GEOCODE,ALLEN,AMANDA,2003-03-26,63.0,812.2999877929688,LIMESTONE,ROTARY,8.0,28.0,39.0,39,947836
412937,W,,-84.034131,40.775928,DIGITIZED,ALLEN,BATH,1950-07-14,77.0,883.4000244140625,LIMESTONE,,20.0,43.0,49.0,49,69638
412980,W,DOMESTIC,-84.106022,40.801010999999995,DIGITIZED,ALLEN,BATH,1953-10-30,24.0,811.7000122070312,LIMESTONE,,7.0,,20.0,20,101291
412989,W,DOMESTIC,-84.158104,40.710522,DIGITIZED,ALLEN,SHAWNEE,1955-05-24,50.0,843.0,GRAVEL,,12.0,32.0,50.0,,142817
413052,W,DOMESTIC,-84.28466999999999,40.724329999999995,GLOBAL POSITIONING SYSTEM,ALLEN,AMANDA,2003-08-15,96.0,821.0999755859375,LIMESTONE,ROTARY,20.0,20.0,48.0,94,965498
413271,W,DOMESTIC,-83.94731,40.74612,GEOCODE,ALLEN,JACKSON,2004-03-01,43.0,957.5999755859375,LIMESTONE,CABLE TOOL,12.0,23.0,36.0,42,960933
413331,W,DOMESTIC,-84.31891999999999,40.817229999999995,GLOBAL POSITIONING SYSTEM,ALLEN,MARION,2003-09-12,50.0,783.4000244140625,LIMESTONE,ROTARY,15.0,22.0,26.0,48,963234
413399,W,DOMESTIC,-83.88438,40.82002,GEOCODE,ALLEN,RICHLAND,2003-11-06,38.0,906.4000244140625,LIMESTONE,ROTARY,25.0,14.0,30.0,36,963214
413424,W,DOMESTIC,-84.251,40.688,GLOBAL POSITIONING SYSTEM,ALLEN,AMANDA,2004-05-11,148.0,848.0,LIMESTONE,ROTARY,15.0,60.0,55.0,47,980933
413725,W,DOMESTIC,-84.310232,40.83706,DIGITAL MAP,ALLEN,MARION,2005-06-27,164.0,775.5,LIMESTONE,ROTARY,5.0,80.0,26.0,161,995040
414053,W,DOMESTIC,-84.21132,40.69479,GEOCODE,ALLEN,SHAWNEE,1989-06-09,80.0,878.2999877929688,SAND,CABLE TOOL,20.0,50.0,80.0,,677693
414089,W,MONITOR,-84.15155999999999,40.70552,GEOCODE,ALLEN,SHAWNEE,2005-07-18,17.0,833.2999877929688,,AUGER,,2.5,7.0,,996262
414195,W,DOMESTIC,-84.032799,40.817118,DIGITIZED,ALLEN,BATH,1958-06-22,51.0,859.5,LIMESTONE,,20.0,18.0,33.0,33,181745
414212,W,DOMESTIC,-84.08035,40.8275,GLOBAL POSITIONING SYSTEM,ALLEN,MONROE,2005-12-01,28.0,821.4000244140625,,CABLE TOOL,10.0,16.0,26.0,26,997939
414357,W,DOMESTIC,-83.99167,40.735279999999996,GLOBAL POSITIONING SYSTEM,ALLEN,JACKSON,2005-10-18,45.0,938.7999877929688,SHALE,CABLE TOOL,20.0,25.0,42.0,44,997863
414417,W,DOMESTIC,-84.175355,40.697336,DIGITIZED,ALLEN,SHAWNEE,1962-08-06,113.0,858.4000244140625,LIMESTONE,,10.0,30.0,72.0,72,284455
414521,W,DOMESTIC,-84.165292,40.700536,DIGITIZED,ALLEN,SHAWNEE,1962-04-30,33.0,848.5999755859375,GRAVEL,,10.0,12.0,33.0,,250947
414533,W,,-84.071167,40.897166999999996,,ALLEN,MONROE,2006-09-05,36.0,780.9000244140625,LIMESTONE,,12.0,13.0,25.0,18,978575
414534,W,DOMESTIC,-84.137649,40.690111,DIGITIZED,ALLEN,SHAWNEE,1955-04-18,222.0,867.0999755859375,LIMESTONE,,15.0,16.0,150.0,150,139834
414613,W,DOMESTIC,-84.106269,40.705307,DIGITIZED,ALLEN,PERRY,1955-09-01,99.0,890.5,SAND & CLAY,,,55.0,99.0,,62141
414632,W,,-84.095844,40.797547,DIGITIZED,ALLEN,BATH,1948-08-05,80.0,842.7000122070312,LIMESTONE,,6.0,40.0,42.0,42,26379
414805,W,DOMESTIC,-84.119616,40.710673,DIGITIZED,ALLEN,SHAWNEE,1955-04-15,172.0,873.2000122070312,LIMESTONE & ROCK,,10.0,100.0,128.0,128,160001
414809,W,DOMESTIC,-83.986724,40.832428,DIGITIZED,ALLEN,RICHLAND,1962-06-28,70.0,857.7999877929688,LIMESTONE,,15.0,11.0,29.0,29,266486
414835,W,,-84.118811,40.709959,DIGITIZED,ALLEN,SHAWNEE,1947-12-11,175.0,875.0,LIMESTONE,,20.0,145.0,69.0,69,26354
414861,W,DOMESTIC,-84.041547,40.763217,DIGITIZED,ALLEN,BATH,1962-11-10,62.0,897.0,LIMESTONE,,20.0,28.0,32.0,32,100617
414863,W,DOMESTIC,-84.178195,40.724154,DIGITIZED,ALLEN,SHAWNEE,1960-04-11,46.0,822.7999877929688,GRAVEL,,6.0,30.0,46.0,,217111
414913,W,DOMESTIC,-84.177302,40.703914999999995,DIGITIZED,ALLEN,SHAWNEE,1954-11-09,60.0,872.5,GRAVEL,,15.0,40.0,60.0,,156803
415438,W,DOMESTIC,-84.305917,40.724667,,ALLEN,AMANDA,2007-06-19,47.0,819.7000122070312,LIMESTONE,CABLE TOOL,10.0,28.0,44.0,44,962774
415642,W,MONITOR,-84.104689,40.723828,GLOBAL POSITIONING SYSTEM,ALLEN,PERRY,2007-05-11,10.0,880.2999877929688,CLAY,AUGER,,10.0,5.0,,2010004
416606,W,MONITOR,-83.96855,40.83293,GEOCODE,ALLEN,JACKSON,2008-05-22,13.0,859.7000122070312,FILL MATERIAL,AUGER,,13.0,13.0,,2016640
416637,W,DOMESTIC,-84.389444,40.853333,GLOBAL POSITIONING SYSTEM,ALLEN,MARION,2009-04-14,183.0,767.5999755859375,LIMESTONE,AIR ROTARY,5.0,20.0,26.0,57,2021809
416752,W,,-84.049167,40.667221999999995,,ALLEN,PERRY,2007-05-30,112.0,919.0999755859375,SHALE,CABLE TOOL,20.0,8.0,110.0,111,1005848
416793,W,MONITOR,-84.108783,40.797933,GLOBAL POSITIONING SYSTEM,ALLEN,BATH,2007-10-11,25.0,829.4000244140625,CLAY,AUGER,,4.0,2.0,,2013787
416797,W,DOMESTIC,-84.38850000000001,40.808167,GLOBAL POSITIONING SYSTEM,ALLEN,MARION,2008-05-21,33.0,789.2000122070312,SHALE,ROTARY/AIRHAMR,20.0,14.0,33.0,29,2016519
416924,W,DOMESTIC,-84.02723,40.77393,GEOCODE,ALLEN,BATH,1992-09-01,78.0,898.4000244140625,LIMESTONE,CABLE TOOL,10.0,29.0,48.0,77,723788
416961,W,DOMESTIC,-84.003333,40.701667,GLOBAL POSITIONING SYSTEM,ALLEN,PERRY,2011-04-22,103.0,1003.5,SHALE,CABLE TOOL,20.0,75.0,101.0,101,1015408
416985,W,DOMESTIC,-84.241333,40.803833,GLOBAL POSITIONING SYSTEM,ALLEN,MARION,2011-03-30,70.0,789.2999877929688,LIMESTONE,AIR HAMMER,9.0,15.0,26.0,67,2032175
416991,W,DOMESTIC,-84.23305599999999,40.771667,,ALLEN,AMANDA,2010-11-17,33.0,806.5999755859375,SHALE,CABLE TOOL,20.0,18.0,32.0,32,1013487
416997,W,DOMESTIC,-84.23662999999999,40.748948999999996,GLOBAL POSITIONING SYSTEM,ALLEN,AMANDA,2010-08-05,50.0,847.9000244140625,LIMESTONE,AIR ROTARY,10.0,22.0,36.0,36,2028472
417201,W,DOMESTIC,-83.888517,40.64975,,ALLEN,AUGLAIZE,2012-09-25,140.0,1042.800048828125,LIMESTONE,ROTARY,20.0,45.0,50.0,50,1016876
417295,W,DOMESTIC,-84.00500000000001,40.772166999999996,GLOBAL POSITIONING SYSTEM,ALLEN,BATH,2011-10-29,96.0,897.4000244140625,LIMESTONE,AIR ROTARY,25.0,35.0,48.0,94,2035316
417416,W,DOMESTIC,-84.22287999999999,40.72602,GEOCODE,ALLEN,SHAWNEE,1993-11-24,70.0,831.7000122070312,GRAVEL,CABLE TOOL,15.0,45.0,70.0,,773744
417444,W,DOMESTIC,-83.965,40.857167,GLOBAL POSITIONING SYSTEM,ALLEN,RICHLAND,2013-08-27,83.0,852.5999755859375,LIMESTONE,AIR ROTARY,15.0,40.0,48.0,80,2044275
417472,W,PUBLIC/SEMI-PUB,-83.937821,40.731491999999996,DIGITIZED,ALLEN,AUGLAIZE,1962-02-23,98.0,996.0,LIMESTONE,,18.0,41.0,88.0,88,244939
417571,W,DOMESTIC,-84.1765,40.759,GLOBAL POSITIONING SYSTEM,ALLEN,AMERICAN,2013-09-23,61.0,826.7999877929688,SAND & GRAVEL,AIR ROTARY,10.0,30.0,58.0,,2045370
417640,W,DOMESTIC,-84.22433,40.792117,GLOBAL POSITIONING SYSTEM,ALLEN,MARION,2015-06-04,120.0,793.0,LIMESTONE,ROTARY,20.0,8.0,,40,1018662
417683,W,DOMESTIC,-83.9179,40.804849999999995,GLOBAL POSITIONING SYSTEM,ALLEN,JACKSON,2015-06-11,50.0,921.7000122070312,LIMESTONE,ROTARY,10.0,16.0,42.0,42,2052588
417769,W,DOMESTIC,-84.35011,40.77644,GLOBAL POSITIONING SYSTEM,ALLEN,SPENCER,2016-07-21,38.0,,LIMESTONE,ROTARY,12.0,21.0,34.0,31,2057927
417794,W,DOMESTIC,-84.177467,40.806053,GLOBAL POSITIONING SYSTEM,ALLEN,SUGAR CREEK,2015-10-15,238.0,795.5999755859375,LIMESTONE,AIR ROTARY,20.0,30.0,209.0,204,2054350
417860,W,DOMESTIC,-84.032383,40.816067,GLOBAL POSITIONING SYSTEM,ALLEN,BATH,2015-06-19,55.0,859.7999877929688,LIMESTONE,ROTARY,20.0,12.0,36.0,52,1018668
418011,W,MONITOR,-84.04037,40.78888,GLOBAL POSITIONING SYSTEM,ALLEN,BATH,2016-03-18,12.0,,CLAY,GEOPROBE,,8.0,2.0,,2056891
418065,W,DOMESTIC,-84.0745,40.802983,GLOBAL POSITIONING SYSTEM,ALLEN,BATH,2016-08-05,65.0,,LIMESTONE,ROTARY,25.0,36.0,57.0,54,1019439
418088,W,PUBLIC/SEMI-PUB,-84.323517,40.749378,MAP-OTHERS,ALLEN,AMANDA,1986-08-15,122.0,,LIMESTONE,OTHER,20.0,33.0,,36,625549
418269,W,DOMESTIC,-84.10819,40.69054,GEOCODE,ALLEN,SHAWNEE,1992-10-07,188.0,881.5,LIMESTONE,ROTARY,15.0,70.0,98.0,98,758000
418285,W,DOMESTIC,-84.1649,40.75137,,ALLEN,AMERICAN,1973-01-22,214.0,821.7999877929688,LIMESTONE,,12.0,88.0,202.0,202,451856
418543,W,DOMESTIC,-83.883166,40.812633,GLOBAL POSITIONING SYSTEM,ALLEN,JACKSON,2017-12-01,68.0,,LIMESTONE,CABLE TOOL,15.0,16.0,36.0,34,1015566
418581,W,DOMESTIC,-84.21111599999999,40.837700000000005,GLOBAL POSITIONING SYSTEM,ALLEN,SUGAR CREEK,2018-05-18,75.0,,LIMESTONE,ROTARY,10.0,9.0,28.0,28,1020675
418593,W,DOMESTIC,-84.26549899999999,40.710291999999995,DIGITAL MAP,ALLEN,AMANDA,2018-08-02,37.0,,LIMESTONE,AIR ROTARY,20.0,19.0,37.0,,1020682
418767,W,DOMESTIC,-84.019363,40.789366,DIGITIZED,ALLEN,BATH,1957-09-05,60.0,881.2000122070312,LIMESTONE,,15.0,6.0,39.0,39,192871
418770,W,PUBLIC/SEMI-PUB,-84.14385,40.655429999999996,,ALLEN,JACKSON,1984-12-08,44.0,885.5999755859375,LIMESTONE,,40.0,7.0,20.0,15,650788
418771,W,DOMESTIC,-84.01438999999999,40.67841,GEOCODE,ALLEN,PERRY,1987-08-13,80.0,925.7000122070312,LIMESTONE,,9.0,7.0,60.0,63,665270
418774,W,DOMESTIC,-84.06778,40.8464,GEOCODE,ALLEN,MONROE,1995-12-01,37.0,804.0,LIMESTONE,CABLE TOOL,12.0,,32.0,30,818008
418996,W,PUBLIC/SEMI-PUB,-84.12329199999999,40.684503,GLOBAL POSITIONING SYSTEM,ALLEN,SHAWNEE,1990-03-13,375.0,872.7000122070312,LIMESTONE,ROTARY,100.0,59.0,202.0,190,707059
419014,W,DOMESTIC,-84.3502,40.7763,GLOBAL POSITIONING SYSTEM,ALLEN,SPENCER,2020-04-03,50.0,,LIMESTONE,MUD/AIR ROTARY,15.0,17.0,42.0,,2079186
419090,W,DOMESTIC,-83.936341,40.868401,DIGITIZED,ALLEN,RICHLAND,1963-11-22,30.0,850.0999755859375,LIMESTONE,,7.0,22.0,27.0,27,278330
419091,W,MONITOR,-83.8803,40.82557,GEOCODE,ALLEN,RICHLAND,1993-06-18,20.0,903.9000244140625,SAND & GRAVEL,AUGER,,4.6000000000000005,5.0,,9931036
419092,W,DOMESTIC,-84.18524,40.71694,GEOCODE,ALLEN,SHAWNEE,1989-10-09,142.0,862.0999755859375,LIMESTONE,ROTARY,5.0,40.0,55.0,55,700284
419097,W,DOMESTIC,-84.16610999999999,40.72256,GEOCODE,ALLEN,SHAWNEE,1972-09-25,185.0,858.2999877929688,LIMESTONE,,14.0,110.0,158.0,158,433529
419100,W,DOMESTIC,-84.09212,40.82808,GEOCODE,ALLEN,MONROE,1995-12-06,37.0,811.2999877929688,LIMESTONE,CABLE TOOL,10.0,12.0,27.0,25,826175
419101,W,DOMESTIC,-84.31783999999999,40.841519999999996,GEOCODE,ALLEN,MARION,1995-09-18,143.0,774.7000122070312,LIMESTONE,ROTARY,20.0,90.0,,63,822271
419102,W,DOMESTIC,-83.98498,40.74089,,ALLEN,JACKSON,1993-06-10,182.0,927.2999877929688,LIMESTONE,ROTARY,7.0,25.0,62.0,60,772368
419103,W,DOMESTIC,-84.22169099999999,40.695730999999995,DIGITIZED,ALLEN,SHAWNEE,1955-07-21,93.0,871.7999877929688,LIMESTONE,,,58.0,79.0,76,139072
419104,W,MONITOR,-84.13655,40.71895,GEOCODE,ALLEN,SHAWNEE,1992-09-22,16.0,833.7000122070312,SAND,AUGER,,14.3,8.0,,749720
419105,W,DOMESTIC,-83.96369,40.862339999999996,GEOCODE,ALLEN,RICHLAND,1990-07-27,80.0,838.2000122070312,LIMESTONE,ROTARY,5.0,28.0,38.0,38,707296
419107,W,DOMESTIC,-84.30977,40.76741,GEOCODE,ALLEN,AMANDA,1994-10-05,26.0,798.7000122070312,GRAVEL,CABLE TOOL,6.0,8.0,26.0,,800610
419109,W,DOMESTIC,-83.98537,40.71665,GEOCODE,ALLEN,AUGLAIZE,1993-05-01,95.0,977.4000244140625,GRAVEL,ROTARY,20.0,48.0,95.0,,767852
419110,W,DOMESTIC,-84.03905999999999,40.80654,GEOCODE,ALLEN,BATH,1995-12-01,40.0,855.7000122070312,GRAVEL & SAND,CABLE TOOL,20.0,,41.0,,818009
419111,W,DOMESTIC,-84.21256,40.75987,GEOCODE,ALLEN,AMERICAN,1987-07-30,44.0,808.5999755859375,LIMESTONE,,10.0,13.0,25.0,22,665255
419113,W,DOMESTIC,-84.13891,40.6867,,ALLEN,SHAWNEE,1971-05-03,181.0,865.2999877929688,GRAVEL,,20.0,45.0,180.0,,419686
419114,W,DOMESTIC,-84.15796999999999,40.68652,,ALLEN,SHAWNEE,1986-08-20,284.0,853.5999755859375,GRAVEL,,10.0,31.0,284.0,,634902
419116,W,DOMESTIC,-84.27319,40.7002,,ALLEN,AMANDA,1986-07-05,37.0,819.0999755859375,GRAVEL,CABLE TOOL,20.0,27.0,37.0,,654568
419117,W,DOMESTIC,-84.24614,40.71046,,ALLEN,AMANDA,1984-10-20,35.0,826.5,GRAVEL,,10.0,18.0,34.0,,649668
419119,W,DOMESTIC,-84.17727,40.80363,GEOCODE,ALLEN,SUGAR CREEK,1988-11-10,46.0,800.7999877929688,GRAVEL,,15.0,17.0,46.0,,690145
419120,W,DOMESTIC,-84.17831,40.68869,GEOCODE,ALLEN,SHAWNEE,1977-02-14,36.0,843.7999877929688,SAND/GRAVEL/CLAY,,15.0,30.0,36.0,,511875
419121,W,DOMESTIC,-84.167414,40.709328,DIGITIZED,ALLEN,SHAWNEE,1954-07-12,65.0,864.2999877929688,GRAVEL,,15.0,45.0,65.0,,123529
419123,W,DOMESTIC,-84.28108999999999,40.76759,GEOCODE,ALLEN,AMANDA,1996-02-13,145.0,798.9000244140625,LIMESTONE,ROTARY,6.0,30.0,26.0,26,828343
419126,W,DOMESTIC,-84.091707,40.713727999999996,DIGITIZED,ALLEN,PERRY,1957-09-14,65.0,885.0,GRAVEL,,8.0,28.0,65.0,,201619
419127,W,DOMESTIC,-84.229568,40.818504,DIGITIZED,ALLEN,MARION,1961-09-02,34.0,784.9000244140625,LIMESTONE,,20.0,9.0,16.0,16,222290
419128,W,DOMESTIC,-84.305577,40.833788999999996,DIGITIZED,ALLEN,MARION,1963-08-13,65.0,780.7999877929688,LIMESTONE,,2.0,18.0,29.0,29,284499
419129,W,DOMESTIC,-83.971137,40.786071,DIGITIZED,ALLEN,JACKSON,1961-03-20,71.0,923.4000244140625,LIMESTONE,,,37.0,50.0,47,260660
419130,W,DOMESTIC,-84.02435899999999,40.791339,DIGITIZED,ALLEN,BATH,1959-09-05,65.0,880.0,LIMESTONE,,12.0,12.0,46.0,46,224089
419131,W,DOMESTIC,-83.952293,40.862066999999996,DIGITIZED,ALLEN,RICHLAND,1958-09-22,59.0,852.9000244140625,LIMESTONE,,4.0,,43.0,43,185735
419132,W,AGRIC/IRRIG,-84.389528,40.713609999999996,,ALLEN,SPENCER,1968-04-05,309.0,823.5,LIMESTONE,,750.0,22.0,58.0,56,366770
419135,W,DOMESTIC,-84.19290000000001,40.773849,DIGITIZED,ALLEN,AMERICAN,1962-11-02,59.0,812.2999877929688,LIMESTONE,,15.0,36.0,39.0,39,274627
419137,W,DOMESTIC,-84.04196999999999,40.76871,GEOCODE,ALLEN,BATH,1995-10-02,102.0,898.2999877929688,LIMESTONE,ROTARY,12.0,35.0,62.0,59,821998
419138,W,DOMESTIC,-84.12874,40.79492,GEOCODE,ALLEN,AMERICAN,1996-05-13,70.0,820.5999755859375,SAND & GRAVEL,ROTARY,5.0,25.0,70.0,,828369
419139,W,DOMESTIC,-83.97946,40.712,GEOCODE,ALLEN,AUGLAIZE,1991-09-28,122.0,1003.7999877929688,LIMESTONE,ROTARY,8.0,79.0,119.0,115,737509
419140,W,DOMESTIC,-84.32021999999999,40.817,GEOCODE,ALLEN,MARION,1992-06-29,27.0,783.0,LIMESTONE,CABLE TOOL,6.0,11.0,25.0,25,745796
419141,W,DOMESTIC,-83.90789,40.8923,GEOCODE,ALLEN,RICHLAND,1985-02-27,32.0,835.5,LIMESTONE,,5.0,,35.0,12,613809
419142,W,DOMESTIC,-84.164428,40.712756,DIGITIZED,ALLEN,SHAWNEE,1958-10-10,83.0,851.2000122070312,GRAVEL,,8.0,63.0,83.0,,160032
419144,W,DOMESTIC,-84.2628,40.83893,GEOCODE,ALLEN,MARION,1992-01-15,33.0,774.2999877929688,LIMESTONE,CABLE TOOL,15.0,6.0,25.0,15,745777
419145,W,DOMESTIC,-84.093137,40.711072,DIGITIZED,ALLEN,PERRY,1955-09-30,36.0,889.4000244140625,GRAVEL,,20.0,17.0,35.0,,170855
419146,W,DOMESTIC,-84.104098,40.703579999999995,DIGITIZED,ALLEN,PERRY,1955-01-15,112.0,884.2999877929688,LIMESTONE,,,20.0,70.0,70,62126
419147,W,DOMESTIC,-84.10463999999999,40.654849999999996,GEOCODE,ALLEN,PERRY,1990-02-28,200.0,945.4000244140625,LIMESTONE,ROTARY,12.0,65.0,66.0,63,707055
419148,W,DOMESTIC,-83.95535,40.68244,GEOCODE,ALLEN,AUGLAIZE,1992-05-01,55.0,973.2000122070312,LIMESTONE,,20.0,27.0,47.0,5,745254
419149,W,DOMESTIC,-84.17911,40.75421,GEOCODE,ALLEN,AMERICAN,1969-09-28,104.0,828.5999755859375,LIMESTONE,,8.0,30.0,40.0,38,404152
419150,W,DOMESTIC,-84.24528,40.85265,GEOCODE,ALLEN,MARION,1985-06-07,28.0,762.9000244140625,LIMESTONE,,10.0,4.0,26.0,27,604450
419151,W,,-84.121619,40.705919,DIGITIZED,ALLEN,SHAWNEE,1965-06-05,190.0,875.0,LIMESTONE,,8.0,140.0,136.0,120,311375
419152,W,DOMESTIC,-84.13253399999999,40.688123999999995,DIGITIZED,ALLEN,SHAWNEE,1960-05-10,189.0,875.7000122070312,LIMESTONE,,10.0,35.0,109.0,109,197543
419153,W,DOMESTIC,-84.03236,40.81349,GEOCODE,ALLEN,BATH,1993-08-20,26.0,839.9000244140625,GRAVEL,CABLE TOOL,15.0,12.0,26.0,,786326
419155,W,DOMESTIC,-83.96144,40.741018,DIGITIZED,ALLEN,JACKSON,1955-08-19,63.0,952.2999877929688,LIMESTONE,,,25.0,42.0,61,120488
419156,W,DOMESTIC,-83.92263299999999,40.707414,DIGITIZED,ALLEN,AUGLAIZE,1955-01-15,63.0,981.2999877929688,LIMESTONE,,,12.0,30.0,30,62127
419157,W,DOMESTIC,-83.92948299999999,40.705484999999996,DIGITIZED,ALLEN,AUGLAIZE,1961-05-12,72.0,997.0,LIMESTONE,,18.0,31.0,47.0,48,244926
419158,W,DOMESTIC,-83.992391,40.701096,DIGITIZED,ALLEN,AUGLAIZE,1960-09-05,126.0,993.0,LIMESTONE,,,61.0,94.0,81,210099
419159,W,DOMESTIC,-83.98279699999999,40.702529,DIGITIZED,ALLEN,AUGLAIZE,1955-06-12,122.0,979.0,LIMESTONE,,,45.0,81.0,81,62132
419160,W,DOMESTIC,-84.15917999999999,40.837849999999996,GEOCODE,ALLEN,SUGAR CREEK,1996-07-01,62.0,787.9000244140625,LIMESTONE,ROTARY,2.0,10.0,26.0,26,835512
419161,W,DOMESTIC,-84.16775,40.69405,GEOCODE,ALLEN,SHAWNEE,1992-12-10,120.0,845.7999877929688,LIMESTONE,ROTARY,12.0,30.0,116.0,113,755194
419164,W,DOMESTIC,-84.165032,40.753476,DIGITIZED,ALLEN,AMERICAN,1953-02-09,162.0,820.2999877929688,GRAVEL,,9.0,63.0,162.0,,85180
419165,W,DOMESTIC,-84.1541,40.73509,DIGITIZED,ALLEN,AMERICAN,1963-05-18,118.0,857.2999877929688,SAND & GRAVEL,,10.0,101.0,118.0,,274640
419166,W,DOMESTIC,-84.184494,40.737336,DIGITIZED,ALLEN,AMERICAN,1958-05-28,33.0,829.7999877929688,SAND & GRAVEL,,8.0,29.0,33.0,,201628
419167,W,DOMESTIC,-84.186359,40.773215,DIGITIZED,ALLEN,AMERICAN,1961-10-20,87.0,814.0,LIMESTONE,,14.0,22.0,31.0,31,264470
419168,W,DOMESTIC,-84.07773999999999,40.79694,GEOCODE,ALLEN,BATH,1993-10-02,39.0,850.2999877929688,GRAVEL & SAND,CABLE TOOL,8.0,,39.0,,761040
419169,W,DOMESTIC,-84.08626,40.803149999999995,GEOCODE,ALLEN,BATH,1989-04-01,55.0,844.9000244140625,LIMESTONE,ROTARY,8.0,37.0,51.0,50,696680
419170,W,DOMESTIC,-84.08631,40.711639999999996,GEOCODE,ALLEN,PERRY,1956-11-04,55.0,896.0999755859375,GRAVEL,,20.0,22.0,55.0,,159584
419171,W,DOMESTIC,-84.31067,40.8369,GEOCODE,ALLEN,MARION,1993-09-28,164.0,776.0,LIMESTONE,ROTARY,15.0,70.0,25.0,25,769295
419172,W,DOMESTIC,-84.31031,40.83282,GEOCODE,ALLEN,MARION,1994-11-23,185.0,783.0,LIMESTONE,ROTARY,4.0,,28.0,25,804465
419173,W,DOMESTIC,-84.27104,40.81664,,ALLEN,MARION,1996-05-07,50.0,781.0999755859375,LIMESTONE,ROTARY,10.0,10.0,26.0,15,828366
419174,W,DOMESTIC,-84.187131,40.707388,DIGITIZED,ALLEN,SHAWNEE,1961-05-24,85.0,863.7000122070312,GRAVEL,,12.0,59.0,85.0,,222281
419181,W,DOMESTIC,-84.17913899999999,40.757661,DIGITIZED,ALLEN,AMERICAN,1956-07-28,42.0,827.5,LIMESTONE,,8.0,27.0,39.0,38,166792
419182,W,DOMESTIC,-84.22346,40.77903,GEOCODE,ALLEN,AMERICAN,1990-11-01,30.0,801.2999877929688,LIMESTONE,ROTARY,10.0,9.0,25.0,24,715068
419183,W,DOMESTIC,-84.03184499999999,40.788869,DIGITIZED,ALLEN,BATH,1966-06-01,71.0,876.7999877929688,LIMESTONE,,16.0,15.0,41.0,40,342028
419184,W,DOMESTIC,-84.21203,40.78791,,ALLEN,AMERICAN,1984-05-10,29.0,792.2999877929688,SAND & GRAVEL,,10.0,10.0,29.0,,604436
419185,W,DOMESTIC,-84.16405999999999,40.68506,GEOCODE,ALLEN,SHAWNEE,1987-07-30,152.0,848.5,LIMESTONE,,12.0,12.0,137.0,134,665253
419186,W,,-84.14656,40.68477,GEOCODE,ALLEN,SHAWNEE,1988-11-25,195.0,863.5999755859375,LIMESTONE,ROTARY,15.0,38.0,163.0,160,694226
419187,W,DOMESTIC,-84.13777999999999,40.65971,GEOCODE,ALLEN,SHAWNEE,1992-05-04,50.0,894.7000122070312,GRAVEL,CABLE TOOL,15.0,42.0,50.0,,746139
419188,W,DOMESTIC,-83.90975,40.84861,GEOCODE,ALLEN,RICHLAND,1992-12-04,34.0,878.2999877929688,GRAVEL,CABLE TOOL,15.0,24.0,33.0,,760217
419189,W,DOMESTIC,-83.994506,40.821871,,ALLEN,RICHLAND,1984-09-17,140.0,856.0,LIMESTONE,,8.0,12.0,34.0,31,636291
419190,W,DOMESTIC,-84.147562,40.692561,DIGITIZED,ALLEN,SHAWNEE,1957-06-25,124.0,855.5999755859375,GRAVEL,,15.0,24.0,23.0,,199766
419201,W,DOMESTIC,-84.032376,40.731455,DIGITIZED,ALLEN,BATH,1961-05-03,61.0,908.7999877929688,LIMESTONE,,20.0,27.0,21.0,21,245589
419202,W,DOMESTIC,-84.01844,40.731269999999995,GEOCODE,ALLEN,BATH,1985-09-17,83.0,945.5999755859375,LIMESTONE,,10.0,55.0,46.0,46,629977
419203,W,DOMESTIC,-84.18907999999999,40.79475,,ALLEN,AMERICAN,1991-05-12,175.0,788.0999755859375,LIMESTONE,,40.0,13.0,88.0,85,725306
419204,W,DOMESTIC,-84.100729,40.801083,DIGITIZED,ALLEN,BATH,1962-11-20,62.0,829.0,LIMESTONE,,20.0,26.0,36.0,36,286062
419205,W,,-84.161996,40.83741,DIGITIZED,ALLEN,SUGAR CREEK,1949-02-15,53.0,788.0,LIMESTONE,,5.0,12.0,23.0,49,40806
419206,W,DOMESTIC,-84.21730000000001,40.69444,GEOCODE,ALLEN,SHAWNEE,1991-07-02,82.0,873.5999755859375,GRAVEL,ROTARY,20.0,48.0,82.0,,725318
419207,W,DOMESTIC,-84.134439,40.690667999999995,DIGITIZED,ALLEN,SHAWNEE,1963-01-02,202.0,868.4000244140625,LIMESTONE,,8.0,65.0,195.0,195,284475
419210,W,DOMESTIC,-84.070826,40.831644,DIGITIZED,ALLEN,MONROE,1954-06-30,46.0,826.0999755859375,LIMESTONE,,10.0,,30.0,30,129735
419211,W,DOMESTIC,-84.117753,40.785895,DIGITIZED,ALLEN,AMERICAN,1958-11-14,63.0,830.7999877929688,LIMESTONE,,8.0,20.0,25.0,25,224064
419212,W,DOMESTIC,-84.135965,40.779027,DIGITIZED,ALLEN,AMERICAN,1956-03-01,71.0,834.0,LIMESTONE,,,40.0,33.0,32,139093
419213,W,DOMESTIC,-84.27341799999999,40.821239999999996,DIGITIZED,ALLEN,MARION,1953-01-09,57.0,777.5999755859375,LIMESTONE,,2.0,16.0,27.0,27,85179
419214,W,DOMESTIC,-83.994,40.79681,GEOCODE,ALLEN,JACKSON,1973-12-19,110.0,890.0,LIMESTONE,,12.0,45.0,57.0,57,514359
419215,W,DOMESTIC,-83.99413,40.80862,GEOCODE,ALLEN,JACKSON,1994-08-24,59.0,880.5999755859375,LIMESTONE,ROTARY,7.0,30.0,41.0,41,790507
419216,W,DOMESTIC,-84.151412,40.683588,DIGITIZED,ALLEN,SHAWNEE,1955-05-17,50.0,862.5,GRAVEL,,12.0,28.0,50.0,,141819
419217,W,DOMESTIC,-84.15158,40.70717,GEOCODE,ALLEN,SHAWNEE,1979-03-01,83.0,829.5,GRAVEL,,15.0,43.0,83.0,,526353
419225,W,DOMESTIC,-84.24564,40.792269999999995,GEOCODE,ALLEN,MARION,1995-07-12,50.0,796.0,LIMESTONE,ROTARY,15.0,16.0,43.0,43,821958
419226,W,DOMESTIC,-84.10983999999999,40.693754999999996,DIGITIZED,ALLEN,SHAWNEE,1963-04-16,29.0,888.0999755859375,SAND & GRAVEL,,1.0,10.0,29.0,,291110
419227,W,DOMESTIC,-84.16190999999999,40.723228999999996,DIGITIZED,ALLEN,SHAWNEE,1954-03-25,107.0,864.0,SAND & GRAVEL,,10.0,68.0,104.0,,131707
419235,W,DOMESTIC,-84.10594999999999,40.8006,GEOCODE,ALLEN,BATH,1994-09-15,54.0,812.0999755859375,LIMESTONE,,8.0,16.0,,28,791778
419242,W,DOMESTIC,-84.24210099999999,40.739765999999996,DIGITIZED,ALLEN,AMANDA,1957-10-09,105.0,842.7999877929688,LIMESTONE,,,12.0,31.0,29,205607
419245,W,DOMESTIC,-84.04110299999999,40.702096,DIGITIZED,ALLEN,PERRY,1957-06-03,136.0,952.2000122070312,LIMESTONE,,5.0,64.0,75.0,69,170866
419246,W,DOMESTIC,-84.020837,40.769281,DIGITIZED,ALLEN,BATH,1957-03-14,55.0,902.0999755859375,LIMESTONE,,10.0,25.0,32.0,26,159593
419247,W,DOMESTIC,-84.01957999999999,40.81153,GEOCODE,ALLEN,BATH,1993-03-01,62.0,863.7000122070312,LIMESTONE,ROTARY,5.0,19.0,38.0,36,765837
419248,W,DOMESTIC,-84.08456199999999,40.804552,DIGITIZED,ALLEN,BATH,1967-07-31,80.0,837.4000244140625,LIMESTONE,,5.0,30.0,42.0,40,357530
419249,W,DOMESTIC,-84.18918,40.686029999999995,GEOCODE,ALLEN,SHAWNEE,1988-05-24,40.0,843.9000244140625,GRAVEL,CABLE TOOL,20.0,20.0,40.0,,677652
419250,W,DOMESTIC,-84.134439,40.690667999999995,DIGITIZED,ALLEN,SHAWNEE,1958-01-11,86.0,868.4000244140625,GRAVEL,,7.0,32.0,86.0,,192081
419251,W,DOMESTIC,-84.261015,40.727872999999995,DIGITIZED,ALLEN,AMANDA,1964-11-24,35.0,821.0,SAND & GRAVEL,,12.0,22.0,35.0,,308833
419252,W,PUBLIC/SEMI-PUB,-84.242291,40.6888,DIGITIZED,ALLEN,AMANDA,1956-12-08,60.0,864.7000122070312,GRAVEL,,,,,,184665
419255,W,DOMESTIC,-84.135965,40.779027,DIGITIZED,ALLEN,AMERICAN,1958-04-25,75.0,834.0,LIMESTONE,,,40.0,31.0,29,193119
419256,W,DOMESTIC,-84.174706,40.774881,DIGITIZED,ALLEN,AMERICAN,1953-12-03,138.0,816.9000244140625,LIMESTONE,,15.0,25.0,28.0,28,112929
419257,W,DOMESTIC,-84.174706,40.774881,DIGITIZED,ALLEN,AMERICAN,1963-05-11,85.0,816.9000244140625,LIMESTONE,,10.0,20.0,26.0,23,274639
422142,W,DOMESTIC,-84.22366,40.79179,GEOCODE,ALLEN,AMERICAN,1997-01-27,63.0,793.0999755859375,LIMESTONE,ROTARY,4.0,20.0,25.0,23,841978
423900,W,,-84.169315,40.736343999999995,DIGITIZED,ALLEN,AMERICAN,1925-04-25,74.0,839.4000244140625,LIMESTONE,,115.0,35.0,68.0,68,83412
424002,W,,-84.07118799999999,40.764993,DIGITIZED,ALLEN,BATH,1950-10-19,77.0,882.0999755859375,LIMESTONE,,20.0,52.0,50.0,50,83403
424003,W,,-84.06297599999999,40.761088,DIGITIZED,ALLEN,BATH,1951-05-09,91.0,910.2999877929688,LIMESTONE,,20.0,50.0,48.0,48,83414
424004,W,,-83.96923199999999,40.763501999999995,DIGITIZED,ALLEN,JACKSON,1949-09-20,86.0,924.2000122070312,LIMESTONE,,20.0,35.0,34.0,34,69613
424005,W,,-83.947127,40.745802999999995,DIGITIZED,ALLEN,JACKSON,1949-09-06,75.0,960.5,LIMESTONE,,20.0,30.0,42.0,42,69612
424016,W,,-83.952011,40.756558999999996,DIGITIZED,ALLEN,JACKSON,1951-03-27,70.0,938.0999755859375,LIMESTONE,,20.0,27.0,25.0,25,83408
424017,W,,-83.977527,40.877721,DIGITIZED,ALLEN,RICHLAND,1948-05-25,54.0,819.5999755859375,LIMESTONE,,,,23.0,47,33102
424018,W,,-84.214383,40.717237999999995,DIGITIZED,ALLEN,SHAWNEE,1947-12-09,107.0,845.0,MUD & SAND,,,57.0,107.0,,35404
424019,W,,-84.185,40.843983,DIGITIZED,ALLEN,SUGAR CREEK,1948-12-18,133.0,782.9000244140625,LIMESTONE,,,133.0,53.0,48,5871
424032,W,,-84.18521899999999,40.843205,DIGITIZED,ALLEN,SUGAR CREEK,1949-09-09,73.0,783.0,STONE,,,73.0,31.0,28,5881
425773,W,DOMESTIC,-83.88467,40.7762,GEOCODE,ALLEN,JACKSON,1996-11-11,100.0,948.0,LIMESTONE,ROTARY,50.0,12.0,31.0,31,851151
425779,W,DOMESTIC,-83.99444,40.853179999999995,GEOCODE,ALLEN,RICHLAND,1996-11-01,31.0,838.7999877929688,GRAVEL & CLAY,CABLE TOOL,9.0,14.0,31.0,,846754
425891,W,DOMESTIC,-83.93842,40.73169,GEOCODE,ALLEN,AUGLAIZE,1998-06-02,110.0,994.0999755859375,LIMESTONE,ROTARY,10.0,48.0,97.0,97,866872
425930,W,DOMESTIC,-84.16373,40.77836,GEOCODE,ALLEN,AMERICAN,1998-07-28,163.0,822.2000122070312,LIMESTONE,ROTARY,30.0,30.0,107.0,104,881926
425942,W,DOMESTIC,-84.02693,40.76746,GEOCODE,ALLEN,BATH,1998-09-28,54.0,894.2000122070312,LIMESTONE,ROTARY,,33.0,33.0,33,866917
425967,W,DOMESTIC,-84.19937,40.663709999999995,GEOCODE,ALLEN,SHAWNEE,1997-02-05,50.0,849.9000244140625,GRAVEL,CABLE TOOL,15.0,8.0,50.0,,839986
425968,W,DOMESTIC,-84.31803,40.68703,GEOCODE,ALLEN,SPENCER,1997-07-23,95.0,863.7000122070312,LIMESTONE,ROTARY,15.0,55.0,73.0,73,851214
425969,W,DOMESTIC,-84.2115,40.69078,GEOCODE,ALLEN,SHAWNEE,1999-03-17,65.0,857.5,GRAVEL,CABLE TOOL,20.0,40.0,65.0,,879765
425984,W,DOMESTIC,-84.01286999999999,40.78107,GEOCODE,ALLEN,BATH,2000-08-08,82.0,919.5,LIMESTONE,ROTARY,20.0,47.0,67.0,67,914519
426024,W,DOMESTIC,-83.90046,40.74671,GEOCODE,ALLEN,JACKSON,1997-12-08,75.0,961.2000122070312,LIMESTONE,ROTARY,20.0,30.0,40.0,40,866829
426037,W,DOMESTIC,-84.06513,40.71667,GEOCODE,ALLEN,PERRY,1997-10-31,65.0,911.5999755859375,SAND & GRAVEL,CABLE TOOL,15.0,40.0,64.0,,859466
426038,W,DOMESTIC,-84.07048999999999,40.69329,GEOCODE,ALLEN,PERRY,1997-10-06,100.0,938.2000122070312,GRAVEL,CABLE TOOL,12.0,65.0,100.0,,859464
426087,W,DOMESTIC,-84.08993,40.68156,GEOCODE,ALLEN,PERRY,1998-11-25,203.0,921.2000122070312,GRAVEL,CABLE TOOL,15.0,70.0,203.0,,879753
426088,W,DOMESTIC,-84.09132,40.665639999999996,GEOCODE,ALLEN,PERRY,1998-11-23,100.0,962.0999755859375,GRAVEL,CABLE TOOL,15.0,70.0,100.0,,879752
426089,W,DOMESTIC,-84.21692999999999,40.80634,GEOCODE,ALLEN,SUGAR CREEK,1998-01-15,26.0,789.5,GRAVEL,CABLE TOOL,20.0,8.0,26.0,,859477
426151,W,DOMESTIC,-84.05676,40.7021,GEOCODE,ALLEN,PERRY,2000-01-12,100.0,,LIMESTONE,ROTARY,10.0,62.0,73.0,,901921
426189,W,DOMESTIC,-84.38068,40.80133,GEOCODE,ALLEN,MARION,2000-04-05,34.0,789.7000122070312,LIMESTONE,CABLE TOOL,6.0,23.0,,33,890251
426347,W,DOMESTIC,-84.08138,40.6554,GEOCODE,ALLEN,PERRY,2000-05-04,161.0,934.0999755859375,LIMESTONE,ROTARY,15.0,50.0,132.0,121,910609
426541,W,DOMESTIC,-84.13525,40.80177,GEOCODE,ALLEN,AMERICAN,2001-04-16,55.0,817.9000244140625,SAND,CABLE TOOL,20.0,25.0,53.0,,916236
426609,W,PUBLIC/SEMI-PUB,-83.936328,40.891867,GEOCODE,ALLEN,MONROE,2000-10-01,52.0,829.0,LIMESTONE,CABLE TOOL,60.0,31.0,34.0,32,921341
426770,W,DOMESTIC,-84.06962,40.702329999999996,GEOCODE,ALLEN,PERRY,2000-07-29,65.0,922.5,LIMESTONE & SHALE,CABLE TOOL,15.0,40.0,60.0,60,916207
426781,W,DOMESTIC,-84.15061999999999,40.66588,GEOCODE,ALLEN,SHAWNEE,2000-09-06,46.0,867.7000122070312,SHALE,CABLE TOOL,20.0,25.0,44.0,44,916210
427151,W,MONITOR,-84.33994,40.84699,,ALLEN,MARION,2002-03-15,11.0,769.7999877929688,BEDROCK,AUGER,,,1.0,11,942227
427250,W,DOMESTIC,-83.901108,40.893823,DIGITIZED,ALLEN,RICHLAND,1954-08-02,60.0,828.0,LIMESTONE,,,30.0,23.0,58,120465
427337,W,MONITOR,-84.11341,40.72199,GEOCODE,ALLEN,SHAWNEE,2002-11-01,30.0,864.0999755859375,GRAVEL & CLAY,OTHER,,,20.0,,951296
427338,W,DOMESTIC,-84.02635,40.788906999999995,DIGITIZED,ALLEN,BATH,1964-07-27,44.0,877.5,GRAVEL,,16.0,9.0,45.0,,319401
427348,W,DOMESTIC,-83.938118,40.658926,DIGITIZED,ALLEN,AUGLAIZE,1956-12-20,70.0,1033.199951171875,LIMESTONE,,,30.0,57.0,57,169611
427406,W,,-83.976636,40.843992,DIGITIZED,ALLEN,RICHLAND,1948-05-07,86.0,864.4000244140625,LIMESTONE,,,13.0,47.0,80,38959
427407,W,DOMESTIC,-84.137649,40.690111,DIGITIZED,ALLEN,SHAWNEE,1950-07-07,40.0,867.0999755859375,SAND & GRAVEL,,,26.0,40.0,,40817
427464,W,DOMESTIC,-84.093137,40.711072,DIGITIZED,ALLEN,PERRY,1956-05-22,36.0,889.4000244140625,GRAVEL,,15.0,18.0,36.0,,170861
427479,W,DOMESTIC,-84.134439,40.690667999999995,DIGITIZED,ALLEN,SHAWNEE,1956-09-30,114.0,868.4000244140625,GRAVEL,,14.0,27.0,114.0,,174080
427482,W,DOMESTIC,-84.09901599999999,40.802616,DIGITIZED,ALLEN,BATH,1956-07-18,38.0,828.2999877929688,LIMESTONE,,6.0,19.0,36.0,34,176888
427495,W,DOMESTIC,-84.17027,40.73327,GEOCODE,ALLEN,SHAWNEE,1956-11-07,72.0,839.5,GRAVEL,,,35.0,72.0,,193106
427497,W,DOMESTIC,-84.19009,40.67142,GEOCODE,ALLEN,SHAWNEE,1992-05-01,60.0,846.7000122070312,GRAVEL,ROTARY,12.0,8.0,60.0,,745262
427572,W,DOMESTIC,-84.107537,40.817529,DIGITIZED,ALLEN,MONROE,1962-10-24,68.0,818.7000122070312,LIMESTONE,,20.0,24.0,31.0,31,286058
427590,W,DOMESTIC,-84.169788,40.708855,DIGITIZED,ALLEN,SHAWNEE,1954-09-02,155.0,869.5,LIMESTONE,,6.0,49.0,130.0,130,9902043
427625,W,DOMESTIC,-84.25694999999999,40.7815,GEOCODE,ALLEN,MARION,2003-05-29,28.0,801.7999877929688,SHALE,CABLE TOOL,20.0,12.0,26.0,26,947312
427637,W,DOMESTIC,-84.23333,40.70833,GLOBAL POSITIONING SYSTEM,ALLEN,AMANDA,2003-05-27,124.0,839.7000122070312,LIMESTONE,ROTARY,10.0,24.0,48.0,123,956696
427675,W,COMMERCIAL,-84.072367,40.872706,GLOBAL POSITIONING SYSTEM,ALLEN,MONROE,1961-11-16,26.0,786.7000122070312,LIMESTONE,,15.0,16.0,18.0,25,208738
427689,W,DOMESTIC,-84.151699,40.677265999999996,DIGITIZED,ALLEN,SHAWNEE,1952-07-24,122.0,862.9000244140625,GRAVEL,,,,,,97308
427692,W,DOMESTIC,-84.108283,40.672385999999996,DIGITIZED,ALLEN,SHAWNEE,1954-12-10,150.0,911.5999755859375,LIMESTONE,,5.0,55.0,95.0,95,82997
427697,W,DOMESTIC,-84.292022,40.779368999999996,DIGITIZED,ALLEN,MARION,1964-04-23,92.0,800.5,LIMESTONE,,9.0,16.0,30.0,26,301083
427698,W,DOMESTIC,-84.15086699999999,40.691818999999995,DIGITIZED,ALLEN,SHAWNEE,1964-06-11,131.0,854.9000244140625,GRAVEL,,14.0,28.0,131.0,,301090
427763,W,PUBLIC/SEMI-PUB,-83.973411,40.829482999999996,DIGITIZED,ALLEN,RICHLAND,1962-08-25,305.0,867.0,LIMESTONE,,193.0,12.0,36.0,270,258622
427772,W,DOMESTIC,-83.93767,40.74867,GLOBAL POSITIONING SYSTEM,ALLEN,JACKSON,2003-05-19,79.0,953.7000122070312,LIMESTONE,ROTARY,10.0,32.0,43.0,77,956694
427840,W,DOMESTIC,-84.23353,40.7762,GLOBAL POSITIONING SYSTEM,ALLEN,MARION,2003-10-07,65.0,800.4000244140625,LIMESTONE,CABLE TOOL,5.0,10.0,29.0,27,962737
428119,W,DOMESTIC,-83.98069,40.73039,GLOBAL POSITIONING SYSTEM,ALLEN,AUGLAIZE,2004-01-20,77.0,957.2999877929688,GRAVEL,ROTARY,30.0,0.0,77.0,,963182
428176,W,MONITOR,-84.33487,40.83143,GEOCODE,ALLEN,MARION,2003-03-11,35.0,777.2000122070312,LIMESTONE,ROTARY,,,25.0,15,951346
428248,W,DOMESTIC,-83.948638,40.756944,GLOBAL POSITIONING SYSTEM,ALLEN,JACKSON,2005-03-07,60.0,927.4000244140625,,ROTARY,10.0,20.0,26.0,26,981370
428275,W,DOMESTIC,-84.23835,40.831333,GLOBAL POSITIONING SYSTEM,ALLEN,MARION,2005-04-12,58.0,779.5999755859375,,ROTARY,30.0,14.0,26.0,16,987184
428276,W,DOMESTIC,-83.91616599999999,40.877,GLOBAL POSITIONING SYSTEM,ALLEN,RICHLAND,2005-05-02,252.0,841.5,,ROTARY,12.0,70.0,31.0,26,987185
428422,W,DOMESTIC,-84.18139,40.83083,GLOBAL POSITIONING SYSTEM,ALLEN,SUGAR CREEK,2005-06-09,28.0,786.7999877929688,SHALE,CABLE TOOL,15.0,8.0,26.0,27,978632
428476,W,DOMESTIC,-84.2595,40.767832999999996,GLOBAL POSITIONING SYSTEM,ALLEN,AMANDA,2004-11-27,26.0,803.2999877929688,,CABLE TOOL,20.0,8.0,25.0,25,978611
428616,W,DOMESTIC,-83.93306,40.651669999999996,GLOBAL POSITIONING SYSTEM,ALLEN,AUGLAIZE,2005-12-22,123.0,1042.5999755859375,LIMESTONE,AIR ROTARY,9.0,60.0,93.0,118,2000674
428745,W,DOMESTIC,-84.01335999999999,40.859700000000004,GEOCODE,ALLEN,MONROE,1996-12-01,32.0,811.5999755859375,SAND & GRAVEL,CABLE TOOL,10.0,,32.0,,846755
428872,W,DOMESTIC,-83.986915,40.694827,DIGITIZED,ALLEN,AUGLAIZE,1954-10-14,71.0,952.5,LIMESTONE,,20.0,18.0,45.0,45,123550
428927,W,DOMESTIC,-83.936289,40.651261,DIGITIZED,ALLEN,AUGLAIZE,1961-01-27,94.0,1046.0999755859375,LIMESTONE,,15.0,38.0,83.0,83,258454
429041,W,DOMESTIC,-84.01472,40.72444,GLOBAL POSITIONING SYSTEM,ALLEN,PERRY,2005-08-18,65.0,940.9000244140625,LIMESTONE,CABLE TOOL,15.0,40.0,60.0,64,978640
429042,W,DOMESTIC,-84.04666999999999,40.656389999999995,GLOBAL POSITIONING SYSTEM,ALLEN,PERRY,2005-11-08,150.0,924.0999755859375,LIMESTONE,CABLE TOOL,10.0,0.0,146.0,146,997860
429108,W,DOMESTIC,-84.019363,40.789366,DIGITIZED,ALLEN,BATH,1964-05-06,53.0,881.2000122070312,GRAVEL,,18.0,12.0,53.0,,302379
429144,W,DOMESTIC,-84.0203,40.655249999999995,GLOBAL POSITIONING SYSTEM,ALLEN,PERRY,2006-06-28,144.0,930.0,LIMESTONE,ROTARY,6.0,6.0,37.0,25,990695
429228,W,DOMESTIC,-84.017298,40.746247,DIGITIZED,ALLEN,BATH,1955-09-28,72.0,916.7999877929688,LIMESTONE,,20.0,34.0,19.0,19,156848
429239,W,DOMESTIC,-84.093137,40.711072,DIGITIZED,ALLEN,PERRY,1955-09-27,35.0,889.4000244140625,GRAVEL,,15.0,19.0,34.0,,170853
429250,W,DOMESTIC,-84.134238,40.670649999999995,DIGITIZED,ALLEN,SHAWNEE,1957-08-04,77.0,867.2999877929688,GRAVEL,,7.0,34.0,77.0,,192070
429388,W,DOMESTIC,-83.9748,40.75848,GLOBAL POSITIONING SYSTEM,ALLEN,JACKSON,2006-05-04,80.0,937.2999877929688,,ROTARY,8.0,33.0,40.0,40,990677
429523,W,DOMESTIC,-84.155965,40.710058,DIGITIZED,ALLEN,SHAWNEE,1960-05-23,61.0,816.7000122070312,SAND & GRAVEL,,15.0,32.0,61.0,,223459
429537,W,DOMESTIC,-84.106685,40.704606,DIGITIZED,ALLEN,PERRY,1958-09-12,100.0,888.2000122070312,LIMESTONE,,7.0,28.0,41.0,35,160031
429572,W,DOMESTIC,-84.164616,40.777764999999995,DIGITIZED,ALLEN,AMERICAN,1965-11-09,130.0,816.0,LIMESTONE,,8.0,37.0,117.0,113,342014
429606,W,DOMESTIC,-84.13059299999999,40.69172,DIGITIZED,ALLEN,SHAWNEE,1961-01-06,60.0,879.4000244140625,SAND & GRAVEL,,10.0,29.0,60.0,,250918
429607,W,DOMESTIC,-84.223154,40.724261999999996,DIGITIZED,ALLEN,SHAWNEE,1953-12-07,53.0,832.5999755859375,LIMESTONE,,,,40.0,40,121407
429608,W,DOMESTIC,-84.206936,40.69705,DIGITIZED,ALLEN,SHAWNEE,1954-06-22,133.0,876.0999755859375,SAND & GRAVEL,,,30.0,133.0,,123394
429647,W,DOMESTIC,-84.31842999999999,40.736000000000004,GLOBAL POSITIONING SYSTEM,ALLEN,AMANDA,2006-05-29,39.0,808.9000244140625,LIMESTONE,CABLE TOOL,6.0,17.0,35.0,35,962763
430110,W,DOMESTIC,-83.92184999999999,40.76855,,ALLEN,JACKSON,2006-12-11,70.0,941.0,LIMESTONE,ROTARY,25.0,27.0,50.0,68,1004663
430119,W,DOMESTIC,-84.022667,40.778549999999996,,ALLEN,BATH,2007-06-19,130.0,905.7999877929688,LIMESTONE,ROTARY,30.0,35.0,35.0,35,1007138
430171,W,DOMESTIC,-84.217317,40.793417,,ALLEN,AMERICAN,2007-08-15,70.0,796.4000244140625,LIMESTONE,ROTARY,30.0,14.0,30.0,30,1007161
430221,W,DOMESTIC,-84.02850000000001,40.895,,ALLEN,MONROE,2007-04-23,52.0,787.2999877929688,LIMESTONE,ROTARY,20.0,18.0,25.0,22,978581
430442,W,DOMESTIC,-84.08035,40.8275,,ALLEN,MONROE,2006-04-01,37.0,821.4000244140625,LIMESTONE,CABLE TOOL,10.0,16.0,30.0,,997912
430835,W,DOMESTIC,-83.95472199999999,40.816666999999995,GLOBAL POSITIONING SYSTEM,ALLEN,JACKSON,2006-10-02,54.0,890.0999755859375,GRAVEL & LIMESTONE,AIR ROTARY,10.0,30.0,42.0,52,2005757
431095,W,DOMESTIC,-84.2365,40.6877,GLOBAL POSITIONING SYSTEM,ALLEN,AMANDA,2010-02-02,89.0,867.2999877929688,LIMESTONE,AIR ROTARY,10.0,48.0,67.0,87,2026008
431140,W,DOMESTIC,-84.20900999999999,40.66456,GLOBAL POSITIONING SYSTEM,ALLEN,SHAWNEE,2008-10-27,102.0,846.2000122070312,LIMESTONE,ROTARY,25.0,11.6,59.0,81,2019610
431342,W,DOMESTIC,-83.98861099999999,40.716111,,ALLEN,AUGLAIZE,2010-04-05,81.0,974.7999877929688,SHALE,CABLE TOOL,20.0,50.0,79.0,,1013467
431522,W,DOMESTIC,-83.97744999999999,40.7825,,ALLEN,JACKSON,2011-09-12,68.0,918.2999877929688,LIMESTONE,ROTARY,20.0,35.0,44.0,44,1014577
431569,W,DOMESTIC,-84.04305599999999,40.659167,GLOBAL POSITIONING SYSTEM,ALLEN,PERRY,2011-07-12,102.0,922.0,SHALE,CABLE TOOL,20.0,12.0,100.0,46,1015412
431588,W,DOMESTIC,-84.151111,40.665,,ALLEN,SHAWNEE,2010-08-07,138.0,873.0999755859375,SHALE,CABLE TOOL,20.0,30.0,136.0,136,1013476
431589,W,DOMESTIC,-84.38804999999999,40.80545,MAP-USGS 1:24000,ALLEN,MARION,2010-08-26,44.0,790.4000244140625,LIMESTONE,CABLE TOOL,8.0,23.0,40.0,40,2029085
431641,W,MONITOR,-84.15695,40.7374,GLOBAL POSITIONING SYSTEM,ALLEN,AMERICAN,2010-04-19,12.0,840.7000122070312,SILT,GEOPROBE,,6.0,2.0,,2027639
431671,W,DOMESTIC,-83.99900000000001,40.78515,,ALLEN,BATH,2012-09-08,95.0,919.4000244140625,LIMESTONE,ROTARY,20.0,57.0,66.0,66,1016865
431700,W,DOMESTIC,-84.1785,40.844066999999995,,ALLEN,SUGAR CREEK,2011-07-27,130.0,776.4000244140625,LIMESTONE,ROTARY,20.0,9.0,26.0,18,1014581
431740,W,DOMESTIC,-83.921944,40.710833,GLOBAL POSITIONING SYSTEM,ALLEN,AUGLAIZE,2012-11-09,55.0,990.5999755859375,SHALE,CABLE TOOL,20.0,40.0,53.0,53,1016358
431908,W,,-83.90966,40.71751,,ALLEN,AUGLAIZE,2010-10-22,120.0,1029.5999755859375,,ROTARY,20.0,69.0,,84,1014619
431924,W,DOMESTIC,-84.3705,40.693166999999995,GLOBAL POSITIONING SYSTEM,ALLEN,SPENCER,2011-06-21,143.0,856.9000244140625,LIMESTONE,AIR ROTARY,20.0,40.0,80.0,74,2034991
431925,W,DOMESTIC,-84.2405,40.788167,GLOBAL POSITIONING SYSTEM,ALLEN,MARION,2011-10-11,163.0,797.7999877929688,LIMESTONE,AIR ROTARY,8.0,20.0,32.0,21,2034995
431951,W,OTHER,-83.987335,40.694947,GLOBAL POSITIONING SYSTEM,ALLEN,AUGLAIZE,2010-11-11,80.0,955.5999755859375,LIMESTONE,ROTARY,10.0,17.0,50.0,44,2029976
431958,W,DOMESTIC,-83.93208299999999,40.8552,GLOBAL POSITIONING SYSTEM,ALLEN,RICHLAND,2009-03-11,140.0,859.4000244140625,LIMESTONE,ROTARY,25.0,26.0,27.0,138,1014574
431994,W,DOMESTIC,-84.15964,40.69137,GEOCODE,ALLEN,SHAWNEE,1988-11-25,134.0,843.0999755859375,GRAVEL,CABLE TOOL,10.0,25.0,134.0,,677673
432047,W,DOMESTIC,-84.22381,40.778,GEOCODE,ALLEN,MARION,2002-05-20,63.0,802.0,LIMESTONE,ROTARY,1.0,18.0,,31,949931
432253,W,DOMESTIC,-84.281667,40.824967,GLOBAL POSITIONING SYSTEM,ALLEN,MARION,2016-02-23,163.0,,LIMESTONE,ROTARY,,20.0,20.0,,2056082
432265,W,DOMESTIC,-84.283056,40.823333,GLOBAL POSITIONING SYSTEM,ALLEN,MARION,2014-09-23,92.0,774.0,LIMESTONE,AIR ROTARY,20.0,20.0,26.0,16,2049918
432289,W,DOMESTIC,-84.27416699999999,40.686167,GLOBAL POSITIONING SYSTEM,ALLEN,AMANDA,2014-09-08,183.0,837.7999877929688,LIMESTONE,AIR ROTARY,15.0,60.0,58.0,53,2049107
432388,W,DOMESTIC,-83.982517,40.702883,GLOBAL POSITIONING SYSTEM,ALLEN,AUGLAIZE,2014-12-23,97.0,981.5,LIMESTONE,ROTARY,12.0,46.0,80.0,95,1017861
432522,W,MONITOR,-84.0775,40.696833,GLOBAL POSITIONING SYSTEM,ALLEN,PERRY,2015-10-19,16.0,,CLAY,GEOPROBE,,13.0,6.0,,2055237
432541,W,DOMESTIC,-84.243331,40.728801999999995,GLOBAL POSITIONING SYSTEM,ALLEN,AMANDA,2016-12-21,200.0,,LIMESTONE,AIR ROTARY,8.0,30.0,45.0,32,2060972
432565,W,MONITOR,-84.04038,40.78872,GLOBAL POSITIONING SYSTEM,ALLEN,BATH,2016-11-09,12.0,,SILT,GEOPROBE,,5.0,2.0,,2060271
432596,W,MONITOR,-84.04030999999999,40.788779999999996,GLOBAL POSITIONING SYSTEM,ALLEN,BATH,2016-03-18,12.0,,CLAY,GEOPROBE,,8.0,2.0,,2056889
432614,W,DOMESTIC,-83.92314999999999,40.7047,GLOBAL POSITIONING SYSTEM,ALLEN,AUGLAIZE,2016-06-17,85.0,,LIMESTONE,ROTARY,5.0,11.0,28.0,28,1019449
432621,W,DOMESTIC,-84.09960000000001,40.832316999999996,GLOBAL POSITIONING SYSTEM,ALLEN,MONROE,2016-10-21,75.0,,LIMESTONE,ROTARY,15.0,12.0,27.0,27,1019654
432631,W,MONITOR,-84.04038,40.78855,GLOBAL POSITIONING SYSTEM,ALLEN,BATH,2017-08-21,13.0,,CLAY,GEOPROBE,,8.0,3.0,,2064407
432665,W,DOMESTIC,-83.994383,40.709717,GLOBAL POSITIONING SYSTEM,ALLEN,PERRY,2016-10-19,137.0,,LIMESTONE,ROTARY,12.0,56.0,130.0,130,1019653
432673,W,AGRIC/IRRIG,-83.94666699999999,40.912222,GLOBAL POSITIONING SYSTEM,ALLEN,RICHLAND,2017-08-08,101.9000015258789,,LIMESTONE,ROTARY/AIRHAMR,50.0,15.0,26.5,23,2063988
432757,W,DOMESTIC,-84.1225,40.662583,GLOBAL POSITIONING SYSTEM,ALLEN,SHAWNEE,2016-10-01,28.0,,SHALE & LIMESTONE,CABLE TOOL,8.0,21.0,27.0,26,1015571
433292,W,DOMESTIC,-84.13381,40.82194,GEOCODE,ALLEN,SUGAR CREEK,1994-06-21,83.0,797.7000122070312,LIMESTONE,ROTARY,2.0,16.0,25.0,25,790376
433299,W,DOMESTIC,-84.122627,40.676299,DIGITIZED,ALLEN,SHAWNEE,1956-06-17,70.0,885.5,LIMESTONE,,30.0,17.0,37.0,37,160007
433462,W,DOMESTIC,-84.01343299999999,40.780049999999996,GLOBAL POSITIONING SYSTEM,ALLEN,BATH,2020-01-03,70.0,,LIMESTONE,MUD/AIR ROTARY,12.0,42.0,68.0,,2077877
433610,W,DOMESTIC,-83.919275,40.869354,DIGITIZED,ALLEN,RICHLAND,1957-10-01,114.0,852.2000122070312,LIMESTONE,,,48.0,33.0,112,161696
433611,W,DOMESTIC,-83.915482,40.892497,DIGITIZED,ALLEN,RICHLAND,1960-06-08,83.0,841.4000244140625,LIMESTONE,,,34.0,40.0,81,210091
433612,W,DOMESTIC,-84.16143,40.697849999999995,GEOCODE,ALLEN,SHAWNEE,1977-01-27,56.0,845.0999755859375,GRAVEL,,15.0,35.0,56.0,,511886
433613,W,DOMESTIC,-84.18500999999999,40.70411,GEOCODE,ALLEN,SHAWNEE,1986-01-14,80.0,878.7999877929688,GRAVEL,,15.0,68.0,80.0,,526376
433615,W,DOMESTIC,-84.312587,40.765414,DIGITIZED,ALLEN,AMANDA,1959-08-23,45.0,803.9000244140625,LIMESTONE,,,12.0,29.0,24,205619
433616,W,DOMESTIC,-84.31804,40.841249999999995,GEOCODE,ALLEN,MARION,1995-12-08,120.0,774.2999877929688,LIMESTONE,ROTARY,20.0,85.0,26.0,22,828332
433618,W,DOMESTIC,-84.177302,40.703914999999995,DIGITIZED,ALLEN,SHAWNEE,1956-09-10,52.0,872.5,GRAVEL,,12.0,36.0,52.0,,173434
433619,W,DOMESTIC,-84.169788,40.708855,DIGITIZED,ALLEN,SHAWNEE,1954-11-10,163.0,869.5,LIMESTONE,,,,139.0,155,72879
433620,W,DOMESTIC,-84.164428,40.712756,DIGITIZED,ALLEN,SHAWNEE,1962-10-03,75.0,851.2000122070312,GRAVEL,,10.0,62.0,75.0,,274621
433621,W,DOMESTIC,-84.20054999999999,40.69327,GEOCODE,ALLEN,SHAWNEE,1989-02-10,76.0,865.7000122070312,GRAVEL,,6.0,55.0,76.0,,677683
433623,W,DOMESTIC,-84.26146,40.72935,GEOCODE,ALLEN,AMANDA,1995-02-15,105.0,821.5999755859375,LIMESTONE,ROTARY,15.0,28.0,45.0,45,811877
433625,W,DOMESTIC,-84.01378,40.887769999999996,GEOCODE,ALLEN,MONROE,1996-09-20,30.0,791.0,LIMESTONE,ROTARY,20.0,10.0,25.0,27,838078
433626,W,DOMESTIC,-83.96502,40.77066,GEOCODE,ALLEN,JACKSON,1989-08-25,60.0,921.0,LIMESTONE,ROTARY,30.0,30.0,32.0,29,700175
433629,W,DOMESTIC,-84.13156599999999,40.694542999999996,DIGITIZED,ALLEN,SHAWNEE,1954-11-01,80.0,873.2000122070312,GRAVEL,,20.0,40.0,80.0,,139813
433630,W,DOMESTIC,-84.174505,40.713114999999995,DIGITIZED,ALLEN,SHAWNEE,1956-06-08,84.0,836.4000244140625,LIMESTONE,,10.0,45.0,79.0,79,181702
433633,W,DOMESTIC,-84.01285,40.76216,GEOCODE,ALLEN,BATH,1986-07-26,118.0,898.5999755859375,LIMESTONE,,50.0,37.0,30.0,27,661934
433634,W,DOMESTIC,-84.078051,40.732608,DIGITIZED,ALLEN,BATH,1956-11-30,86.0,888.9000244140625,LIMESTONE,,10.0,64.0,40.0,75,199756
433635,W,DOMESTIC,-84.005811,40.765101,DIGITIZED,ALLEN,BATH,1960-04-12,63.0,903.9000244140625,LIMESTONE,,,28.0,29.0,61,210085
433637,W,DOMESTIC,-84.17506,40.80329,GEOCODE,ALLEN,SUGAR CREEK,1987-02-02,132.0,800.7000122070312,GRAVEL,CABLE TOOL,20.0,20.0,132.0,,654587
433638,W,DOMESTIC,-84.18606,40.84256,GEOCODE,ALLEN,SUGAR CREEK,1988-03-22,90.0,783.0,LIMESTONE,,1.0,14.0,80.0,77,673391
433639,W,DOMESTIC,-84.16918799999999,40.726408,DIGITIZED,ALLEN,SHAWNEE,1963-11-20,75.0,819.9000244140625,SAND & GRAVEL,,10.0,35.0,75.0,,291143
433640,W,DOMESTIC,-84.14054,40.68215,GEOCODE,ALLEN,SHAWNEE,1989-03-10,190.0,866.5,LIMESTONE,ROTARY,20.0,33.0,165.0,160,705139
433641,W,DOMESTIC,-84.16370599999999,40.713856,DIGITIZED,ALLEN,SHAWNEE,1962-06-08,84.0,838.2000122070312,GRAVEL,,10.0,63.0,84.0,,274610
433645,W,DOMESTIC,-84.08922299999999,40.714037999999995,DIGITIZED,ALLEN,PERRY,1956-09-12,48.0,885.5,GRAVEL,,20.0,17.0,,,159576
433646,W,PUBLIC/SEMI-PUB,-84.18413,40.764359999999996,,ALLEN,AMERICAN,1981-11-05,250.0,827.7999877929688,LIMESTONE,,150.0,48.0,93.0,93,597286
433647,W,DOMESTIC,-84.18692999999999,40.83837,GEOCODE,ALLEN,SUGAR CREEK,1990-05-08,232.0,782.5,LIMESTONE,ROTARY,5.0,20.0,48.0,48,707318
433651,W,DOMESTIC,-84.15669,40.79848,,ALLEN,AMERICAN,1988-09-21,90.0,799.2999877929688,LIMESTONE,ROTARY,20.0,23.0,33.0,29,690119
433652,W,DOMESTIC,-83.9212,40.7061,GEOCODE,ALLEN,AUGLAIZE,1990-06-20,45.0,984.2999877929688,LIMESTONE,ROTARY,15.0,12.0,42.0,38,715020
433653,W,DOMESTIC,-84.24337,40.798339999999996,GEOCODE,ALLEN,MARION,1996-08-08,42.0,796.7000122070312,LIMESTONE,ROTARY,50.0,16.0,38.0,38,828399
433654,W,DOMESTIC,-84.2241,40.794689999999996,GEOCODE,ALLEN,MARION,1995-01-17,42.0,792.7999877929688,LIMESTONE,ROTARY,10.0,14.0,29.0,26,804481
433659,W,DOMESTIC,-84.155844,40.779899,DIGITIZED,ALLEN,AMERICAN,1956-08-18,110.0,819.9000244140625,SAND,,,30.0,110.0,,170251
433660,W,DOMESTIC,-83.92085999999999,40.70803,,ALLEN,AUGLAIZE,1989-02-14,97.0,983.7000122070312,LIMESTONE,CABLE TOOL,20.0,15.0,61.0,61,672644
433661,W,DOMESTIC,-84.12822,40.68685,GEOCODE,ALLEN,SHAWNEE,1975-10-09,72.0,889.5,GRAVEL,,20.0,65.0,72.0,,511833
433662,W,DOMESTIC,-84.168943,40.729091,DIGITIZED,ALLEN,SHAWNEE,1955-08-27,115.0,834.7999877929688,LIMESTONE,,6.0,35.0,95.0,95,145254
433664,W,DOMESTIC,-84.177162,40.757556,DIGITIZED,ALLEN,AMERICAN,1962-05-26,120.0,831.0,LIMESTONE,,7.0,45.0,42.0,42,264493
433665,W,DOMESTIC,-84.32021999999999,40.83462,GEOCODE,ALLEN,MARION,1994-03-15,145.0,776.7999877929688,LIMESTONE,ROTARY,8.0,20.0,25.0,140,779720
433666,W,DOMESTIC,-83.955435,40.682899,DIGITIZED,ALLEN,AUGLAIZE,1957-09-20,43.0,970.2000122070312,LIMESTONE,,,4.0,15.0,15,169633
433667,W,DOMESTIC,-84.10011,40.801089999999995,GEOCODE,ALLEN,BATH,1990-12-05,70.0,824.7999877929688,LIMESTONE,ROTARY,10.0,27.0,40.0,35,725278
433668,W,DOMESTIC,-84.06682699999999,40.811278,DIGITIZED,ALLEN,BATH,1961-07-17,71.0,847.2999877929688,LIMESTONE,,,20.0,42.0,39,260669
433669,W,DOMESTIC,-84.013718,40.791714,DIGITIZED,ALLEN,BATH,1961-06-10,58.0,881.0999755859375,LIMESTONE,,10.0,30.0,46.0,56,208741
433670,W,,-84.12498,40.689609999999995,GLOBAL POSITIONING SYSTEM,ALLEN,SHAWNEE,1972-09-20,280.0,893.7999877929688,LIMESTONE,,20.0,160.0,242.0,240,379283
433671,W,,-84.13315899999999,40.712823,DIGITIZED,ALLEN,SHAWNEE,1954-01-15,383.0,861.5999755859375,SHALE,,,106.0,99.0,85,9902004
433672,W,DOMESTIC,-84.16508,40.67117,GEOCODE,ALLEN,SHAWNEE,1987-05-11,64.0,848.2000122070312,GRAVEL,ROTARY,9.0,21.0,64.0,,665417
433673,W,DOMESTIC,-84.133746,40.760151,DIGITIZED,ALLEN,AMERICAN,1953-02-09,114.0,844.5,GRAVEL,,12.0,55.0,114.0,,85184
433674,W,DOMESTIC,-83.986915,40.694827,DIGITIZED,ALLEN,AUGLAIZE,1956-07-16,85.0,952.5,LIMESTONE,,20.0,27.0,57.0,57,173422
433675,W,DOMESTIC,-84.05695,40.7021,GEOCODE,ALLEN,PERRY,1970-03-21,68.0,940.0999755859375,GRAVEL,,20.0,40.0,68.0,,404169
433676,W,PUBLIC/SEMI-PUB,-84.08735999999999,40.70204,GEOCODE,ALLEN,PERRY,1995-06-01,170.0,902.4000244140625,LIMESTONE,ROTARY,10.0,43.0,139.0,135,804496
433677,W,DOMESTIC,-84.307557,40.842633,DIGITIZED,ALLEN,MARION,1962-08-10,59.0,773.2000122070312,LIMESTONE,,7.0,12.0,,,284458
433678,W,DOMESTIC,-84.16776,40.69455,GEOCODE,ALLEN,SHAWNEE,1993-04-06,145.0,846.2999877929688,LIMESTONE,ROTARY,15.0,20.0,128.0,128,769277
433679,W,DOMESTIC,-84.16696,40.70972,GEOCODE,ALLEN,SHAWNEE,1985-05-16,127.0,863.0999755859375,GRAVEL,,8.0,85.0,127.0,,649683
433680,W,DOMESTIC,-84.15092,40.660039999999995,GEOCODE,ALLEN,SHAWNEE,1989-10-30,67.0,877.9000244140625,GRAVEL,CABLE TOOL,32.0,45.0,67.0,,700567
433681,W,DOMESTIC,-84.21118,40.69281,GEOCODE,ALLEN,SHAWNEE,1981-08-06,103.0,865.2999877929688,LIMESTONE,,12.0,56.0,78.0,78,600992
433682,W,DOMESTIC,-84.17799,40.69654,GEOCODE,ALLEN,SHAWNEE,1987-09-03,72.0,867.9000244140625,GRAVEL,CABLE TOOL,10.0,55.0,72.0,,657170
433683,W,DOMESTIC,-84.16515,40.743252,DIGITIZED,ALLEN,AMERICAN,1954-05-25,160.0,828.7999877929688,GRAVEL,,12.0,38.0,160.0,,112942
433684,W,DOMESTIC,-84.111271,40.775238,DIGITIZED,ALLEN,AMERICAN,1964-04-11,128.0,852.0,LIMESTONE,,8.0,64.0,97.0,96,302376
433686,W,DOMESTIC,-84.13687999999999,40.673988,DIGITIZED,ALLEN,SHAWNEE,1960-02-27,123.0,877.2999877929688,GRAVEL,,8.0,33.0,123.0,,220198
433687,W,,-84.109219,40.804427,DIGITIZED,ALLEN,SUGAR CREEK,1953-06-22,33.0,821.0,SAND,,,,33.0,,101273
433688,W,,-84.11788299999999,40.810744,DIGITIZED,ALLEN,SUGAR CREEK,1959-07-31,56.0,816.5,LIMESTONE,,1.0,22.0,27.0,28,240524
433689,W,DOMESTIC,-84.179564,40.756401,DIGITIZED,ALLEN,AMERICAN,1956-05-06,95.0,830.0,LIMESTONE,,8.0,27.0,35.0,35,174055
433690,W,DOMESTIC,-84.16924999999999,40.779775,DIGITIZED,ALLEN,AMERICAN,1955-04-20,47.0,822.0999755859375,GRAVEL,,,,,,66464
433692,W,DOMESTIC,-83.95129,40.7785,GEOCODE,ALLEN,JACKSON,1991-07-25,70.0,915.7000122070312,LIMESTONE,ROTARY,5.0,22.0,38.0,38,736609
433693,W,DOMESTIC,-84.00537,40.71712,GEOCODE,ALLEN,PERRY,1980-01-10,140.0,958.0999755859375,LIMESTONE,ROTARY,15.0,38.0,95.0,92,705148
433694,W,DOMESTIC,-84.16454999999999,40.77686,,ALLEN,AMERICAN,1986-12-01,55.0,818.0999755859375,GRAVEL,CABLE TOOL,15.0,35.0,55.0,42,654583
433695,W,DOMESTIC,-84.137649,40.690111,DIGITIZED,ALLEN,SHAWNEE,1954-11-19,48.0,867.0999755859375,GRAVEL,,20.0,34.0,48.0,,139818
433696,W,DOMESTIC,-84.137649,40.690111,DIGITIZED,ALLEN,SHAWNEE,1952-05-15,43.0,867.0999755859375,GRAVEL,,15.0,28.0,43.0,,88265
433697,W,DOMESTIC,-84.21168,40.694739999999996,GEOCODE,ALLEN,SHAWNEE,1976-01-15,102.0,878.0999755859375,LIMESTONE,,10.0,58.0,81.0,81,486560
433698,W,DOMESTIC,-83.91094,40.89225,GEOCODE,ALLEN,RICHLAND,1987-12-10,60.0,836.0999755859375,LIMESTONE,,10.0,30.0,32.0,29,673366
433702,W,MUNICIPAL,-84.119885,40.72165,DIGITIZED,ALLEN,SHAWNEE,1957-05-03,450.0,869.9000244140625,LIMESTONE,,,128.0,40.0,37,201688
433705,W,DOMESTIC,-84.104716,40.817606999999995,DIGITIZED,ALLEN,MONROE,1958-06-04,62.0,819.4000244140625,LIMESTONE,,16.0,23.0,28.0,28,192894
433706,W,DOMESTIC,-84.01328,40.724779999999996,GEOCODE,ALLEN,PERRY,1994-02-19,66.0,943.2999877929688,GRAVEL & SAND,CABLE TOOL,12.0,35.0,66.0,,761057
433707,W,DOMESTIC,-83.99422,40.72397,GEOCODE,ALLEN,PERRY,1996-03-15,200.0,950.2000122070312,LIMESTONE,ROTARY,3.0,60.0,145.0,145,828352
433708,W,DOMESTIC,-84.10020399999999,40.802579,DIGITIZED,ALLEN,BATH,1956-07-18,53.0,829.0,LIMESTONE,,15.0,18.0,33.0,31,176887
433709,W,DOMESTIC,-84.108505,40.802012999999995,DIGITIZED,ALLEN,BATH,1956-03-10,51.0,815.5,LIMESTONE,,20.0,15.0,26.0,26,173407
433710,W,DOMESTIC,-84.16669,40.70469,GEOCODE,ALLEN,SHAWNEE,1986-05-30,81.0,851.2000122070312,GRAVEL,CABLE TOOL,20.0,68.0,81.0,,654564
433711,W,DOMESTIC,-84.13745999999999,40.681000000000004,GEOCODE,ALLEN,SHAWNEE,1990-09-21,190.0,870.7000122070312,LIMESTONE,ROTARY,15.0,39.0,115.0,112,715061
433712,W,DOMESTIC,-84.20339799999999,40.675315,DIGITIZED,ALLEN,SHAWNEE,1952-09-28,100.0,837.5,LIMESTONE,,,26.0,52.0,50,100307
433713,W,DOMESTIC,-84.134439,40.690667999999995,DIGITIZED,ALLEN,SHAWNEE,1961-06-20,50.0,868.4000244140625,GRAVEL,,7.0,35.0,50.0,,264455
433714,W,DOMESTIC,-84.15878599999999,40.694269,DIGITIZED,ALLEN,SHAWNEE,1956-05-09,169.0,841.2000122070312,ROCK,,,24.0,169.0,,161202
433720,W,DOMESTIC,-84.117753,40.785895,DIGITIZED,ALLEN,AMERICAN,1957-06-06,58.0,830.7999877929688,LIMESTONE,,8.0,20.0,24.0,24,192860
433721,W,DOMESTIC,-84.118034,40.788168999999996,DIGITIZED,ALLEN,AMERICAN,1961-04-27,72.0,829.7999877929688,LIMESTONE,,6.0,24.0,27.0,27,245587
433722,W,MONITOR,-84.11354999999999,40.74255,,ALLEN,AMERICAN,1994-05-05,24.0,888.9000244140625,GRAVEL/SAND/CLAY,AUGER,,,,,775219
433723,W,MONITOR,-84.20361,40.78694,,ALLEN,AMERICAN,1994-03-30,17.0,792.2000122070312,SAND & GRAVEL,AUGER,,4.1,13.0,,716063
433729,W,DOMESTIC,-84.15878599999999,40.694269,DIGITIZED,ALLEN,SHAWNEE,1954-09-16,153.0,841.2000122070312,GRAVEL,,14.0,25.0,153.0,,139808
433731,W,DOMESTIC,-84.04137899999999,40.758095,DIGITIZED,ALLEN,BATH,1962-05-29,60.0,881.7999877929688,LIMESTONE,,20.0,17.0,28.0,17,266480
433732,W,DOMESTIC,-84.20796,40.69495,GEOCODE,ALLEN,SHAWNEE,1994-02-16,97.0,878.2999877929688,SAND & GRAVEL,ROTARY,20.0,56.0,90.0,,784544
433733,W,DOMESTIC,-84.15699,40.68548,GEOCODE,ALLEN,SHAWNEE,1996-04-15,60.0,856.2000122070312,GRAVEL,CABLE TOOL,15.0,35.0,60.0,,820007
433734,W,DOMESTIC,-83.88978,40.90853,GEOCODE,ALLEN,RICHLAND,1990-05-28,53.0,821.2999877929688,LIMESTONE,ROTARY,6.0,22.0,33.0,30,715010
433735,W,DOMESTIC,-84.137649,40.690111,DIGITIZED,ALLEN,SHAWNEE,1954-08-31,42.0,867.0999755859375,GRAVEL,,10.0,30.0,42.0,,139804
433736,W,DOMESTIC,-84.157766,40.69874,DIGITIZED,ALLEN,SHAWNEE,1964-08-13,79.0,835.2000122070312,GRAVEL,,9.0,27.0,79.0,,317251
433737,W,DOMESTIC,-84.166776,40.699829,DIGITIZED,ALLEN,SHAWNEE,1961-04-03,118.0,846.0999755859375,LIMESTONE,,15.0,18.0,111.0,111,258460
433738,W,DOMESTIC,-84.204459,40.716167999999996,DIGITIZED,ALLEN,SHAWNEE,1964-11-23,65.0,846.5999755859375,SAND & GRAVEL,,16.0,38.0,65.0,,308832
433743,W,DOMESTIC,-84.033084,40.699068,DIGITIZED,ALLEN,PERRY,1959-05-05,150.0,974.5,LIMESTONE,,6.0,65.8,104.0,104,229460
433744,W,DOMESTIC,-84.02796,40.809039999999996,GEOCODE,ALLEN,BATH,1988-10-20,62.0,845.0999755859375,LIMESTONE,,40.0,20.0,31.0,58,558670
433745,W,DOMESTIC,-84.01324,40.793929999999996,GEOCODE,ALLEN,BATH,1994-02-18,70.0,883.2000122070312,LIMESTONE,ROTARY,12.0,20.0,47.0,42,786567
433748,W,DOMESTIC,-84.26083299999999,40.697365,DIGITIZED,ALLEN,AMANDA,1960-08-12,43.0,831.0,LIMESTONE,,15.0,28.0,38.0,38,227433
433752,W,DOMESTIC,-84.086339,40.712159,DIGITIZED,ALLEN,PERRY,1955-01-18,145.0,896.0999755859375,LIMESTONE,,,145.0,,95,66460
433753,W,DOMESTIC,-84.166849,40.732431,DIGITIZED,ALLEN,AMERICAN,1957-09-14,193.0,844.5,LIMESTONE,,15.0,63.0,168.0,168,187877
438675,W,,-84.072485,40.742067,DIGITIZED,ALLEN,BATH,1947-10-04,94.0,891.0,LIMESTONE,,,55.0,44.0,44,2418
438676,W,,-84.04766099999999,40.731656,DIGITIZED,ALLEN,BATH,1947-10-15,53.0,906.9000244140625,LIMESTONE,,,31.0,27.0,27,2422
438677,W,,-83.961952,40.752579,DIGITIZED,ALLEN,JACKSON,1950-08-21,69.0,918.7000122070312,LIMESTONE,,20.0,29.0,22.0,22,69645
438683,W,,-84.12679,40.708154,DIGITIZED,ALLEN,SHAWNEE,1942-08-14,393.0,866.2999877929688,SHALE,,,210.0,57.0,56,9902026
438693,W,,-84.18269599999999,40.703875,DIGITIZED,ALLEN,SHAWNEE,1948-01-08,70.0,878.9000244140625,GRAVEL,,10.0,40.0,66.0,55,28604
440489,W,DOMESTIC,-84.03119,40.76332,GEOCODE,ALLEN,BATH,1997-01-31,66.0,888.7999877929688,LIMESTONE,ROTARY,8.0,17.0,26.0,22,851166
440490,W,DOMESTIC,-84.04298,40.889869999999995,GEOCODE,ALLEN,MONROE,1996-11-27,84.0,783.4000244140625,LIMESTONE,ROTARY,20.0,10.0,25.0,80,838087
440640,W,DOMESTIC,-83.972647,40.658915,,ALLEN,AUGLAIZE,1997-06-11,123.0,1012.4000244140625,LIMESTONE,ROTARY,4.0,25.0,60.0,57,852596
440717,W,DOMESTIC,-84.25192,40.79365,GEOCODE,ALLEN,MARION,1997-10-06,35.0,798.0,GRAVEL,ROTARY,10.0,14.0,35.0,,851243
440718,W,DOMESTIC,-83.99413,40.647279999999995,GEOCODE,ALLEN,PERRY,1997-12-19,81.0,994.2999877929688,GRAVEL,ROTARY,50.0,22.0,79.0,,866831
440757,W,DOMESTIC,-84.22326,40.73195,GEOCODE,ALLEN,AMANDA,1998-06-23,125.0,827.7000122070312,LIMESTONE,CABLE TOOL,8.0,40.0,58.0,58,859497
440773,W,DOMESTIC,-84.31817,40.70175,GEOCODE,ALLEN,SPENCER,1998-09-08,61.0,844.2999877929688,SAND & GRAVEL,CABLE TOOL,12.0,37.0,,,886243
440843,W,DOMESTIC,-83.94731999999999,40.86792,GEOCODE,ALLEN,RICHLAND,1999-09-18,90.0,848.0,LIMESTONE,ROTARY,12.0,28.0,,35,901856
440844,W,DOMESTIC,-83.92558,40.86989,GEOCODE,ALLEN,RICHLAND,1999-09-17,240.0,848.0,LIMESTONE,ROTARY,10.0,48.0,25.0,25,901854
440859,W,DOMESTIC,-84.0267,40.76614,GEOCODE,ALLEN,BATH,2000-10-12,63.0,888.4000244140625,,ROTARY,20.0,37.0,37.0,,922080
440872,W,DOMESTIC,-84.05297,40.655229999999996,GEOCODE,ALLEN,PERRY,2000-01-07,36.0,917.0,GRAVEL,ROTARY,20.0,8.0,36.0,,901920
440884,W,DOMESTIC,-83.97547,40.761919999999996,GEOCODE,ALLEN,JACKSON,2000-05-03,60.0,928.5999755859375,LIMESTONE,ROTARY,15.0,,37.0,37,914480
440919,W,DOMESTIC,-83.99888,40.70258,GEOCODE,ALLEN,PERRY,1999-08-31,140.0,1000.7999877929688,SAND & GRAVEL,ROTARY,30.0,70.0,140.0,,901942
440940,W,DOMESTIC,-84.28076999999999,40.76383,,ALLEN,AMANDA,2000-05-19,29.0,804.9000244140625,SAND & GRAVEL,CABLE TOOL,20.0,14.0,,27,890250
441022,W,DOMESTIC,-84.0129,40.80232,GEOCODE,ALLEN,BATH,2000-06-20,102.0,879.0,LIMESTONE,ROTARY,4.0,26.0,52.0,48,910605
441036,W,DOMESTIC,-84.268791,40.809487,,ALLEN,MARION,2000-05-22,182.0,793.0999755859375,LIMESTONE,ROTARY,10.0,40.0,27.0,23,910610
441299,W,DOMESTIC,-84.29764999999999,40.77239,GEOCODE,ALLEN,MARION,2001-07-11,182.0,801.0,LIMESTONE,ROTARY,15.0,23.0,36.0,27,931709
441300,W,MONITOR,-84.11354999999999,40.74255,,ALLEN,AMERICAN,2000-06-21,20.0,888.9000244140625,,AUGER,,,3.0,,929388
441356,W,DOMESTIC,-84.37816,40.79455,GEOCODE,ALLEN,MARION,2001-10-06,33.0,790.9000244140625,SAND & GRAVEL,CABLE TOOL,10.0,24.0,29.0,,921671
441421,W,DOMESTIC,-83.95146,40.80683,GEOCODE,ALLEN,JACKSON,2001-09-26,70.0,903.9000244140625,LIMESTONE,ROTARY,10.0,32.0,42.0,68,936588
441498,W,DOMESTIC,-84.03217,40.69546,GEOCODE,ALLEN,PERRY,2001-08-09,148.0,976.9000244140625,GRAVEL,ROTARY,20.0,60.0,148.0,,936559
441575,W,DOMESTIC,-84.20836,40.69587,GEOCODE,ALLEN,SHAWNEE,2001-10-22,86.0,876.5,SHALE,CABLE TOOL,15.0,60.0,84.0,85,932591
441858,W,DOMESTIC,-83.96155999999999,40.70458,GEOCODE,ALLEN,AUGLAIZE,2001-11-08,100.0,973.4000244140625,LIMESTONE,ROTARY,15.0,43.0,80.0,97,940589
441903,W,DOMESTIC,-83.937,40.74998,,ALLEN,JACKSON,2001-12-20,68.0,954.5,LIMESTONE,ROTARY,10.0,40.0,43.0,65,941156
441917,W,DOMESTIC,-84.03197999999999,40.81653,GEOCODE,ALLEN,BATH,2001-10-01,52.0,862.2999877929688,LIMESTONE,CABLE TOOL,10.0,24.0,32.0,32,940820
441918,W,DOMESTIC,-84.01454,40.65325,GEOCODE,ALLEN,PERRY,2002-07-01,50.0,934.2000122070312,GRAVEL,ROTARY,50.0,22.0,48.0,,948451
441978,W,DOMESTIC,-84.229564,40.81987,DIGITIZED,ALLEN,MARION,1959-09-01,40.0,784.9000244140625,LIMESTONE,,,,14.0,14,205622
441999,W,DOMESTIC,-83.952409,40.779191999999995,DIGITIZED,ALLEN,JACKSON,1955-06-24,62.0,910.7000122070312,LIMESTONE,,20.0,18.0,24.0,24,156830
442010,W,DOMESTIC,-84.086382,40.713029999999996,DIGITIZED,ALLEN,PERRY,1957-01-04,50.0,891.2000122070312,GRAVEL,,10.0,25.0,50.0,,159587
442061,W,DOMESTIC,-84.13144299999999,40.678109,DIGITIZED,ALLEN,SHAWNEE,1953-11-19,85.0,879.4000244140625,LIMESTONE,,18.0,48.0,,65,120068
442063,W,DOMESTIC,-84.20197999999999,40.69274,GEOCODE,ALLEN,SHAWNEE,1996-09-18,75.0,874.9000244140625,GRAVEL,CABLE TOOL,15.0,55.0,75.0,,839960
442123,W,DOMESTIC,-83.96458,40.784600000000005,GEOCODE,ALLEN,JACKSON,1995-05-04,80.0,902.7000122070312,LIMESTONE,ROTARY,18.0,23.0,39.0,34,816276
442134,W,DOMESTIC,-84.134439,40.690667999999995,DIGITIZED,ALLEN,SHAWNEE,1960-02-29,46.0,868.4000244140625,GRAVEL,,10.0,33.0,46.0,,220199
442140,W,DOMESTIC,-83.95651,40.85004,GEOCODE,ALLEN,RICHLAND,2002-11-18,95.0,844.5,LIMESTONE,ROTARY,,30.0,40.0,40,947814
442149,W,DOMESTIC,-84.134439,40.690667999999995,DIGITIZED,ALLEN,SHAWNEE,1959-04-30,106.0,868.4000244140625,GRAVEL,,9.0,33.0,106.0,,220167
442157,W,DOMESTIC,-84.147562,40.692561,DIGITIZED,ALLEN,SHAWNEE,1956-09-16,209.0,855.5999755859375,LIMESTONE,,14.0,26.0,165.0,165,174076
442230,W,DOMESTIC,-84.13687999999999,40.673988,DIGITIZED,ALLEN,SHAWNEE,1956-11-11,60.0,877.2999877929688,GRAVEL,,7.0,34.0,60.0,,174083
442231,W,DOMESTIC,-84.109247,40.799693999999995,DIGITIZED,ALLEN,AMERICAN,1957-03-03,65.0,823.9000244140625,LIMESTONE,,14.0,16.0,39.0,39,174096
442236,W,DOMESTIC,-84.088196,40.817088999999996,DIGITIZED,ALLEN,BATH,1956-09-17,64.0,829.2999877929688,LIMESTONE,,12.0,14.0,40.0,38,154718
442243,W,DOMESTIC,-84.13380000000001,40.68349,GEOCODE,ALLEN,SHAWNEE,1992-02-05,85.0,873.7999877929688,GRAVEL,CABLE TOOL,15.0,45.0,85.0,,746130
442246,W,DOMESTIC,-84.01295999999999,40.8036,,ALLEN,BATH,2002-12-11,55.0,882.7999877929688,SHALE,CABLE TOOL,8.0,35.0,53.0,54,947294
442249,W,DOMESTIC,-83.906516,40.882709,DIGITIZED,ALLEN,RICHLAND,1960-09-23,45.0,827.2999877929688,LIMESTONE,,,18.0,11.0,8,210100
442259,W,DOMESTIC,-84.019363,40.789366,DIGITIZED,ALLEN,BATH,1958-11-01,65.0,881.2000122070312,LIMESTONE,,20.0,22.0,47.0,47,224062
442260,W,DOMESTIC,-83.993877,40.762909,DIGITIZED,ALLEN,JACKSON,1959-08-25,69.0,919.2999877929688,LIMESTONE,,20.0,30.0,38.0,38,224086
442261,W,DOMESTIC,-84.07177399999999,40.766771999999996,DIGITIZED,ALLEN,BATH,1961-11-07,83.0,881.2999877929688,LIMESTONE,,15.0,47.0,47.0,35,224334
442276,W,DOMESTIC,-84.12124399999999,40.703277,DIGITIZED,ALLEN,SHAWNEE,1960-08-24,94.0,879.5,SAND & GRAVEL,,10.0,31.0,94.0,,250903
442310,W,DOMESTIC,-84.050825,40.77886,DIGITIZED,ALLEN,BATH,1962-11-30,66.0,864.5,LIMESTONE,,16.0,20.0,33.0,33,286064
442328,W,MONITOR,-84.10243,40.74715,GLOBAL POSITIONING SYSTEM,ALLEN,BATH,2003-07-14,29.0,879.5,,AUGER,,,19.0,,964045
442360,W,DOMESTIC,-84.16671,40.838429999999995,GEOCODE,ALLEN,SUGAR CREEK,1992-08-06,40.0,783.7999877929688,LIMESTONE,ROTARY,10.0,7.0,26.0,25,755153
442387,W,,-84.09787399999999,40.832609999999995,DIGITIZED,ALLEN,MONROE,,36.0,807.2000122070312,LIMESTONE,,,,21.0,21,56732
442414,W,DOMESTIC,-84.13907999999999,40.72714,GEOCODE,ALLEN,SHAWNEE,1954-08-05,250.0,882.5999755859375,SAND & GRAVEL,,,,250.0,,82991
442431,W,DOMESTIC,-84.005172,40.765054,DIGITIZED,ALLEN,BATH,1963-12-11,59.0,908.9000244140625,LIMESTONE,,16.0,30.0,27.0,25,302369
442447,W,DOMESTIC,-84.228039,40.691845,DIGITIZED,ALLEN,AMANDA,1958-08-15,72.0,875.9000244140625,GRAVEL,,,,72.0,,184697
442627,W,DOMESTIC,-84.204307,40.694821,DIGITIZED,ALLEN,SHAWNEE,1964-11-08,63.0,879.2000122070312,SAND & GRAVEL,,10.0,37.0,63.0,,291140
442680,W,DOMESTIC,-84.27933,40.82967,GLOBAL POSITIONING SYSTEM,ALLEN,MARION,2004-02-16,42.0,772.2999877929688,LIMESTONE,ROTARY,20.0,12.0,26.0,12,972068
442769,W,DOMESTIC,-84.011444,40.800556,,ALLEN,BATH,2004-04-08,62.0,878.4000244140625,LIMESTONE,ROTARY,15.0,14.0,44.0,60,963190
442794,W,DOMESTIC,-84.14242,40.8325,GLOBAL POSITIONING SYSTEM,ALLEN,SUGAR CREEK,2002-09-09,62.0,789.4000244140625,LIMESTONE,ROTARY,15.0,12.0,26.0,20,981330
443013,W,MONITOR,-83.87897,40.892289999999996,,ALLEN,RICHLAND,2004-04-27,20.0,845.5,SAND,AUGER,,,10.0,,976271
443039,W,DOMESTIC,-84.271722,40.700610999999995,GLOBAL POSITIONING SYSTEM,ALLEN,AMANDA,2005-02-24,70.0,814.2000122070312,,ROTARY,30.0,23.0,35.0,35,981373
443154,W,DOMESTIC,-84.13914,40.856429999999996,GLOBAL POSITIONING SYSTEM,ALLEN,SUGAR CREEK,2004-05-08,45.0,776.7000122070312,GRAVEL,ROTARY,25.0,4.0,,,981422
443211,W,DOMESTIC,-84.18833,40.68667,GLOBAL POSITIONING SYSTEM,ALLEN,SHAWNEE,2005-06-16,44.0,843.7999877929688,SHALE,CABLE TOOL,15.0,18.0,41.0,43,978634
443493,W,DOMESTIC,-83.99210000000001,40.714600000000004,GLOBAL POSITIONING SYSTEM,ALLEN,AUGLAIZE,2006-03-06,125.0,983.0999755859375,GRAVEL,ROTARY,30.0,50.0,125.0,,990659
443629,W,,-84.157322,40.802127999999996,DIGITIZED,ALLEN,SUGAR CREEK,1957-07-26,54.0,800.7000122070312,LIMESTONE,,15.0,13.0,14.0,14,192866
443657,W,,-84.166966,40.839724,DIGITIZED,ALLEN,SUGAR CREEK,1955-06-25,60.0,781.9000244140625,LIMESTONE,,9.0,8.0,20.0,20,141821
443658,W,DOMESTIC,-83.961598,40.789483,DIGITIZED,ALLEN,JACKSON,1961-06-17,70.0,920.5,LIMESTONE,,100.0,30.0,50.0,50,145271
443768,W,DOMESTIC,-84.227498,40.787859999999995,DIGITIZED,ALLEN,MARION,1962-04-06,46.0,790.0999755859375,LIMESTONE,,6.0,13.0,24.0,23,258479
443815,W,DOMESTIC,-84.00115,40.74161,DIGITIZED,ALLEN,BATH,1960-12-01,59.0,931.2999877929688,LIMESTONE,,,31.0,42.0,56,260654
443823,W,DOMESTIC,-84.32225,40.707519999999995,GEOCODE,ALLEN,SPENCER,2006-04-27,44.0,825.4000244140625,SHALE,CABLE TOOL,15.0,25.0,42.0,43,997879
443884,W,DOMESTIC,-84.137649,40.690111,DIGITIZED,ALLEN,SHAWNEE,1950-07-05,45.0,867.0999755859375,SAND & GRAVEL,,,25.0,45.0,,40816
444058,W,,-83.94619,40.75878,DIGITIZED,ALLEN,JACKSON,1950-03-18,65.0,929.0,LIMESTONE,,,21.0,18.0,62,71054
444282,W,DOMESTIC,-84.055211,40.731429999999996,DIGITIZED,ALLEN,BATH,1955-07-14,95.0,900.4000244140625,LIMESTONE,,15.0,70.0,70.0,70,139848
444295,W,DOMESTIC,-84.246719,40.790467,DIGITIZED,ALLEN,MARION,1959-07-12,33.0,799.9000244140625,GRAVEL,,,,33.0,,184688
444306,W,,-84.13876599999999,40.832572,DIGITIZED,ALLEN,SUGAR CREEK,1949-12-09,44.0,789.5999755859375,LIMESTONE,,,,24.0,23,56714
444370,W,DOMESTIC,-84.110815,40.776880999999996,DIGITIZED,ALLEN,AMERICAN,1955-06-02,82.0,849.2999877929688,LIMESTONE & ROCK,,5.0,50.0,52.0,51,127376
444965,W,DOMESTIC,-83.93118299999999,40.898317,,ALLEN,RICHLAND,2007-08-17,242.0,806.4000244140625,LIMESTONE,ROTARY,20.0,17.0,,62,1007166
445199,W,,-83.934867,40.732267,,ALLEN,JACKSON,2006-12-11,142.0,987.2999877929688,LIMESTONE,ROTARY,43.0,43.0,90.0,86,1004659
445451,W,DOMESTIC,-84.363333,40.687778,,ALLEN,SPENCER,2006-06-28,83.0,861.9000244140625,,CABLE TOOL,20.0,60.0,76.0,76,997884
445780,W,DOMESTIC,-84.06971999999999,40.691939999999995,,ALLEN,PERRY,1997-10-08,120.0,942.2999877929688,SHALE,CABLE TOOL,15.0,45.0,118.0,118,1011861
445878,W,DOMESTIC,-83.9,40.83,GLOBAL POSITIONING SYSTEM,ALLEN,RICHLAND,2009-08-19,83.0,893.5999755859375,LIMESTONE,AIR ROTARY,20.0,30.0,34.0,30,2025614
446044,W,MONITOR,-83.966742,40.832456,GLOBAL POSITIONING SYSTEM,ALLEN,RICHLAND,2010-01-18,14.0,867.0,SAND,AUGER,,7.5,4.0,,2025889
446121,W,DOMESTIC,-84.052167,40.877,GLOBAL POSITIONING SYSTEM,ALLEN,MONROE,2008-11-03,41.0,788.5999755859375,LIMESTONE,ROTARY/AIRHAMR,25.0,11.0,26.0,23,2019694
446158,W,MONITOR,-84.09004999999999,40.737783,GLOBAL POSITIONING SYSTEM,ALLEN,BATH,2007-11-08,17.0,873.2000122070312,CLAY,AUGER,,,6.5,,2014283
446237,W,DOMESTIC,-84.06777799999999,40.701944,,ALLEN,PERRY,2010-05-24,70.0,931.0,SHALE,CABLE TOOL,20.0,58.0,68.0,68,1013471
446432,W,DOMESTIC,-84.04539,40.805600000000005,GEOCODE,ALLEN,BATH,1996-08-15,72.0,854.0,LIMESTONE,ROTARY,12.0,20.0,44.0,44,843037
446436,W,DOMESTIC,-84.275167,40.722500000000004,GLOBAL POSITIONING SYSTEM,ALLEN,AMANDA,2011-08-16,73.0,826.5,LIMESTONE,AIR ROTARY,8.0,30.0,45.0,70,2034034
446440,W,DOMESTIC,-84.32808,40.707209999999996,GEOCODE,ALLEN,SPENCER,1998-08-04,61.0,838.7999877929688,SAND & GRAVEL,CABLE TOOL,10.0,12.0,,,886242
446466,W,DOMESTIC,-84.175,40.839166999999996,GLOBAL POSITIONING SYSTEM,ALLEN,SUGAR CREEK,2012-04-18,143.0,780.4000244140625,LIMESTONE,AIR ROTARY,15.0,12.0,22.0,54,2037217
446488,W,DOMESTIC,-84.253,40.785333,GLOBAL POSITIONING SYSTEM,ALLEN,MARION,2012-04-20,85.0,802.4000244140625,LIMESTONE,AIR ROTARY,5.0,20.0,39.0,36,2037848
446598,W,DOMESTIC,-83.998983,40.784082999999995,,ALLEN,BATH,2012-09-03,120.0,920.2000122070312,LIMESTONE,ROTARY,50.0,47.0,57.0,57,1016867
446622,W,MONITOR,-84.1568,40.737466999999995,GLOBAL POSITIONING SYSTEM,ALLEN,AMERICAN,2010-05-13,14.0,840.9000244140625,SILT,AUGER,,4.0,2.0,,2027171
446640,W,DOMESTIC,-84.06994999999999,40.708349999999996,,ALLEN,PERRY,2010-08-11,90.0,913.2999877929688,LIMESTONE,ROTARY,25.0,39.0,78.0,78,1014580
446663,W,MONITOR,-84.076617,40.730467,GLOBAL POSITIONING SYSTEM,ALLEN,PERRY,2010-05-28,16.0,881.2000122070312,SAND,DIRECT PUSH,,8.0,6.0,,2027332
446848,W,DOMESTIC,-84.079117,40.829767,,ALLEN,MONROE,2010-10-01,45.0,817.0999755859375,,ROTARY,6.0,20.0,27.0,23,1014620
447149,W,MONITOR,-83.966944,40.832778,GLOBAL POSITIONING SYSTEM,ALLEN,RICHLAND,2014-04-10,15.0,866.2000122070312,SAND,AUGER,,10.5,4.8,,2047167
447295,W,DOMESTIC,-84.224566,40.806895999999995,GLOBAL POSITIONING SYSTEM,ALLEN,MARION,2015-08-04,123.0,796.7999877929688,LIMESTONE,AIR ROTARY,15.0,12.0,26.0,21,2053496
447364,W,DOMESTIC,-84.28309,40.8476,GLOBAL POSITIONING SYSTEM,ALLEN,MARION,2015-06-05,238.0,767.7999877929688,LIMESTONE,ROTARY,18.0,19.0,25.0,20,2052302
447384,W,DOMESTIC,-83.954752,40.876151,GLOBAL POSITIONING SYSTEM,ALLEN,RICHLAND,2015-11-24,63.0,,LIMESTONE,AIR ROTARY,2.5,20.0,30.0,22,2055010
447405,W,DOMESTIC,-84.27855199999999,40.698077,GLOBAL POSITIONING SYSTEM,ALLEN,AMANDA,2015-06-12,125.0,833.5,LIMESTONE,AIR ROTARY,12.0,30.0,47.0,43,2052831
447442,W,DOMESTIC,-84.224583,40.763732999999995,GLOBAL POSITIONING SYSTEM,ALLEN,AMANDA,2015-11-16,57.0,,LIMESTONE,ROTARY,25.0,16.0,31.0,31,1018687
447443,W,DOMESTIC,-83.936283,40.733883,GLOBAL POSITIONING SYSTEM,ALLEN,JACKSON,2016-10-13,117.0,,LIMESTONE,ROTARY,20.0,35.0,83.0,83,1019431
447450,W,DOMESTIC,-84.15126699999999,40.665983,GLOBAL POSITIONING SYSTEM,ALLEN,SHAWNEE,2016-06-25,128.0,,GRAVEL,ROTARY,30.0,13.0,128.0,,1019453
447552,W,MONITOR,-84.04028,40.78897,GLOBAL POSITIONING SYSTEM,ALLEN,BATH,2017-04-11,5.0,,GRAVEL,GEOPROBE,,4.0,3.0,,2061935
447651,W,DOMESTIC,-83.9614,40.765933,GLOBAL POSITIONING SYSTEM,ALLEN,JACKSON,2016-06-29,70.0,,LIMESTONE,ROTARY,6.0,33.0,42.0,42,1019450
447668,W,HTG/COOLING,-84.16055999999999,40.72495,GLOBAL POSITIONING SYSTEM,ALLEN,SHAWNEE,2016-12-09,150.0,,CLAY & GRAVEL,ROTARY,,,,,2060384
447705,W,DOMESTIC,-83.96791999999999,40.74587,GEOCODE,ALLEN,JACKSON,1981-05-13,60.0,928.7000122070312,LIMESTONE,,30.0,10.0,32.0,29,515472
447779,W,DOMESTIC,-84.13763999999999,40.65801,GEOCODE,ALLEN,SHAWNEE,1984-05-30,160.0,894.0999755859375,LIMESTONE,,20.0,47.0,160.0,157,648390
447960,W,AGRIC/IRRIG,-84.290167,40.71825,GLOBAL POSITIONING SYSTEM,ALLEN,AMANDA,2018-04-24,132.0,,LIMESTONE,MUD/AIR ROTARY,50.0,24.0,46.0,40,2067547
447961,W,DOMESTIC,-84.108408,40.66393,GLOBAL POSITIONING SYSTEM,ALLEN,SHAWNEE,2018-10-01,130.0,,GRAVEL,ROTARY,30.0,46.0,130.0,,1021042
447972,W,DOMESTIC,-84.032033,40.645382999999995,GLOBAL POSITIONING SYSTEM,ALLEN,PERRY,2017-08-28,39.0,,GRAVEL & SAND,ROTARY,12.0,8.0,39.0,,1020279
448057,W,DOMESTIC,-84.24588299999999,40.806267,GLOBAL POSITIONING SYSTEM,ALLEN,MARION,2019-08-07,50.0,,LIMESTONE,MUD/AIR ROTARY,15.0,19.0,27.0,,2074962
448210,W,DOMESTIC,-84.12778,40.769059999999996,,ALLEN,AMERICAN,1970-09-04,164.0,839.0,LIMESTONE,,7.0,50.0,131.0,131,405449
448411,W,AGRIC/IRRIG,-84.169617,40.811817,GLOBAL POSITIONING SYSTEM,ALLEN,SUGAR CREEK,2004-06-15,107.0,,GRAVEL,MUD/AIR ROTARY,30.0,18.0,109.0,,2078082
448514,W,DOMESTIC,-84.15718,40.69695,GEOCODE,ALLEN,SHAWNEE,1973-10-25,116.0,829.2000122070312,LIMESTONE,,10.0,53.0,109.0,109,514356
448515,W,DOMESTIC,-84.15541999999999,40.69846,GEOCODE,ALLEN,SHAWNEE,1974-03-14,140.0,833.5,LIMESTONE,,9.0,38.0,94.0,94,514388
448519,W,DOMESTIC,-83.90147999999999,40.681239999999995,GEOCODE,ALLEN,AUGLAIZE,1995-07-27,60.0,1013.5,LIMESTONE,ROTARY,30.0,23.0,43.0,40,821969
448520,W,DOMESTIC,-83.92895999999999,40.70406,GEOCODE,ALLEN,AUGLAIZE,1995-09-15,62.0,979.0999755859375,LIMESTONE,ROTARY,10.0,20.0,27.0,27,822268
448521,W,DOMESTIC,-84.177302,40.703914999999995,DIGITIZED,ALLEN,SHAWNEE,1957-11-01,55.0,872.5,GRAVEL,,10.0,37.0,55.0,,192883
448522,W,DOMESTIC,-84.169788,40.708855,DIGITIZED,ALLEN,SHAWNEE,1955-07-17,152.0,869.5,GRAVEL,,12.0,38.0,152.0,,141829
448523,W,DOMESTIC,-84.158104,40.710522,DIGITIZED,ALLEN,SHAWNEE,1956-06-20,115.0,843.0,GRAVEL,,10.0,45.0,115.0,,181704
448527,W,DOMESTIC,-83.91881,40.71711,GEOCODE,ALLEN,AUGLAIZE,1992-05-13,104.0,1039.9000244140625,LIMESTONE,CABLE TOOL,15.0,75.0,104.0,85,746140
448529,W,DOMESTIC,-84.17983,40.68635,GEOCODE,ALLEN,SHAWNEE,1989-10-20,190.0,840.9000244140625,LIMESTONE,ROTARY,20.0,14.0,70.0,67,705130
448534,W,,-84.029203,40.715997,DIGITIZED,ALLEN,PERRY,1960-08-08,85.0,942.7000122070312,LIMESTONE,,15.0,47.0,54.0,54,245572
448535,W,DOMESTIC,-84.091082,40.665555,DIGITIZED,ALLEN,PERRY,1957-06-17,97.0,962.7999877929688,GRAVEL,,10.0,60.0,97.0,,159599
448536,W,DOMESTIC,-84.01286999999999,40.800489999999996,GEOCODE,ALLEN,BATH,1990-08-28,62.0,876.7000122070312,LIMESTONE,ROTARY,20.0,17.0,45.0,42,715044
448537,W,DOMESTIC,-83.984876,40.789542999999995,DIGITIZED,ALLEN,JACKSON,1957-11-28,81.0,925.4000244140625,LIMESTONE,,14.0,40.0,60.0,60,173446
448538,W,DOMESTIC,-83.95822799999999,40.7969,DIGITIZED,ALLEN,JACKSON,1963-03-28,60.0,920.2000122070312,LIMESTONE,,20.0,31.0,50.0,50,286068
448539,W,DOMESTIC,-84.18606,40.843309999999995,GEOCODE,ALLEN,SUGAR CREEK,1981-09-13,139.0,783.2999877929688,LIMESTONE,,7.0,20.0,31.0,31,618564
448540,W,DOMESTIC,-84.13753,40.6607,GEOCODE,ALLEN,SHAWNEE,1989-06-23,55.0,895.2000122070312,GRAVEL,ROTARY,10.0,35.0,55.0,,696717
448541,W,INDUSTRIAL,-84.137231,40.708317,,ALLEN,SHAWNEE,1970-10-01,390.0,859.5,LIMESTONE,,700.0,200.0,171.0,166,389533
448543,W,,-84.17967999999999,40.75631,,ALLEN,AMERICAN,1982-03-25,191.0,829.2999877929688,LIMESTONE,,20.0,60.0,46.0,42,596382
448544,W,DOMESTIC,-84.17013999999999,40.754259999999995,,ALLEN,AMERICAN,1983-02-08,110.0,823.2999877929688,LIMESTONE,,15.0,47.0,60.0,57,515498
448545,W,DOMESTIC,-84.17240000000001,40.78749,GEOCODE,ALLEN,AMERICAN,1991-04-17,40.0,807.5999755859375,GRAVEL,CABLE TOOL,20.0,25.0,40.0,,721375
448546,W,DOMESTIC,-84.10032199999999,40.79989,DIGITIZED,ALLEN,BATH,1954-06-07,48.0,834.7999877929688,LIMESTONE,,4.0,,37.0,37,129730
448547,W,DOMESTIC,-84.13785,40.801989999999996,GEOCODE,ALLEN,SUGAR CREEK,1991-12-19,38.0,817.9000244140625,GRAVEL,CABLE TOOL,15.0,30.0,38.0,,746129
448548,W,DOMESTIC,-84.1366,40.65944,GEOCODE,ALLEN,SHAWNEE,1985-10-28,108.0,898.7999877929688,GRAVEL,,20.0,45.0,108.0,,526371
448549,W,DOMESTIC,-84.14219,40.76977,GEOCODE,ALLEN,SHAWNEE,1990-04-24,149.0,837.5999755859375,LIMESTONE,ROTARY,25.0,42.0,138.0,138,707314
448554,W,DOMESTIC,-84.056995,40.716609999999996,DIGITIZED,ALLEN,PERRY,1958-07-18,66.0,920.9000244140625,GRAVEL,,10.0,40.0,65.0,,197517
448555,W,DOMESTIC,-84.22408999999999,40.79436,GEOCODE,ALLEN,MARION,1989-09-21,30.0,792.5,LIMESTONE,ROTARY,10.0,12.0,27.0,25,700142
448556,W,PUBLIC/SEMI-PUB,-84.03725999999999,40.788959999999996,GEOCODE,ALLEN,BATH,1979-09-21,80.0,883.2999877929688,LIMESTONE,,50.0,41.0,52.0,50,515458
448557,W,DOMESTIC,-84.165292,40.700536,DIGITIZED,ALLEN,SHAWNEE,1961-12-01,95.0,848.5999755859375,GRAVEL,,6.0,30.0,95.0,,250941
448559,W,DOMESTIC,-84.093137,40.711072,DIGITIZED,ALLEN,PERRY,1956-06-02,34.0,889.4000244140625,GRAVEL,,15.0,18.0,34.0,,170862
448560,W,DOMESTIC,-83.99365,40.69498,GEOCODE,ALLEN,AUGLAIZE,1991-10-08,80.0,954.7000122070312,LIMESTONE,CABLE TOOL,15.0,35.0,55.0,55,728570
448561,W,DOMESTIC,-83.96155999999999,40.67629,,ALLEN,AUGLAIZE,1991-12-06,60.0,996.0,LIMESTONE,ROTARY,12.0,11.0,52.0,49,745231
448562,W,DOMESTIC,-84.12165999999999,40.70099,GEOCODE,ALLEN,SHAWNEE,1992-08-12,274.0,891.5,LIMESTONE,ROTARY,15.0,168.0,147.0,147,757980
448563,W,DOMESTIC,-84.208641,40.762097,DIGITIZED,ALLEN,AMERICAN,1961-09-26,42.0,806.0,GRAVEL,,20.0,27.0,42.0,,266462
448566,W,DOMESTIC,-84.31215999999999,40.8467,GEOCODE,ALLEN,MARION,1994-07-25,216.0,775.7000122070312,LIMESTONE,ROTARY,10.0,86.0,,62,790403
448567,W,MUNICIPAL,-84.028607,40.800401,DIGITIZED,ALLEN,BATH,1962-03-06,110.0,867.5,LIMESTONE,,45.0,20.0,41.0,105,279851
448568,W,,-83.936925,40.759321,DIGITIZED,ALLEN,JACKSON,1953-02-13,85.0,937.5,LIMESTONE,,20.0,28.0,30.0,30,100622
448570,W,DOMESTIC,-84.20403999999999,40.696079999999995,GEOCODE,ALLEN,SHAWNEE,1987-10-31,141.0,880.7000122070312,LIMESTONE,CABLE TOOL,20.0,60.0,82.0,82,657180
448571,W,DOMESTIC,-84.223681,40.794509,DIGITIZED,ALLEN,AMERICAN,1963-11-04,36.0,792.5999755859375,LIMESTONE,,10.0,14.0,30.0,29,291139
448572,W,DOMESTIC,-84.16277199999999,40.737265,DIGITIZED,ALLEN,AMERICAN,1954-08-07,148.0,841.0999755859375,LIMESTONE,,,45.0,88.0,85,123398
448573,W,DOMESTIC,-83.89701699999999,40.654543,DIGITIZED,ALLEN,AUGLAIZE,1954-08-14,90.0,1043.699951171875,LIMESTONE,,,,68.0,68,72876
448574,W,DOMESTIC,-84.24209499999999,40.859339,DIGITIZED,ALLEN,MARION,1963-06-20,89.0,760.5,LIMESTONE,,6.0,8.0,62.0,62,284492
448575,W,DOMESTIC,-83.917789,40.745687,DIGITIZED,ALLEN,JACKSON,1960-06-20,69.0,972.2999877929688,LIMESTONE,,20.0,27.0,44.0,44,245563
448576,W,DOMESTIC,-83.91855799999999,40.747017,DIGITIZED,ALLEN,JACKSON,1957-12-01,62.0,973.4000244140625,LIMESTONE,,,23.0,40.0,60,161700
448582,W,DOMESTIC,-84.165767,40.778425999999996,DIGITIZED,ALLEN,AMERICAN,1959-07-11,118.0,810.0999755859375,LIMESTONE,,10.0,18.0,76.0,17,222269
448586,W,DOMESTIC,-84.00083,40.745529999999995,GEOCODE,ALLEN,BATH,1996-08-23,40.0,914.9000244140625,LIMESTONE,ROTARY,15.0,16.0,26.0,26,843039
448587,W,DOMESTIC,-84.12957,40.80187,,ALLEN,AMERICAN,1995-06-28,130.0,818.4000244140625,LIMESTONE,ROTARY,12.0,36.0,56.0,56,811942
448588,W,DOMESTIC,-84.25853,40.816500000000005,GEOCODE,ALLEN,MARION,1989-12-04,42.0,785.2000122070312,LIMESTONE,ROTARY,10.0,8.0,26.0,26,707302
448590,W,DOMESTIC,-84.13687999999999,40.673988,DIGITIZED,ALLEN,SHAWNEE,1960-02-02,55.0,877.2999877929688,GRAVEL,,6.0,40.0,55.0,,197542
448594,W,DOMESTIC,-84.1577,40.67962,GEOCODE,ALLEN,SHAWNEE,1994-03-21,52.0,861.0999755859375,GRAVEL,CABLE TOOL,20.0,30.0,52.0,,786333
448597,W,MUNICIPAL,-83.90292,40.88169,GLOBAL POSITIONING SYSTEM,ALLEN,RICHLAND,1984-03-04,397.0,830.0999755859375,LIMESTONE,,,45.0,26.0,14,650751
448598,W,DOMESTIC,-84.147562,40.692561,DIGITIZED,ALLEN,SHAWNEE,1963-11-12,46.0,855.5999755859375,GRAVEL,,9.0,30.0,46.0,,301063
448604,W,DOMESTIC,-84.05512999999999,40.788869999999996,GEOCODE,ALLEN,BATH,1991-08-19,102.0,867.4000244140625,LIMESTONE,ROTARY,30.0,37.0,53.0,53,741753
448605,W,DOMESTIC,-84.02095,40.73147,GEOCODE,ALLEN,BATH,1990-07-18,66.0,943.2000122070312,LIMESTONE,CABLE TOOL,18.0,52.0,34.0,64,723755
448606,W,DOMESTIC,-84.009383,40.802821,DIGITIZED,ALLEN,BATH,1955-02-25,62.0,877.7000122070312,LIMESTONE,,,13.0,45.0,61,120475
448607,W,DOMESTIC,-84.080978,40.802946999999996,DIGITIZED,ALLEN,BATH,1956-07-19,70.0,846.2000122070312,LIMESTONE,,20.0,27.0,44.0,44,173423
448608,W,,-84.223546,40.805986999999995,DIGITIZED,ALLEN,SUGAR CREEK,1961-03-25,86.0,798.0,LIMESTONE,,10.0,30.0,45.0,45,250922
448612,W,MONITOR,-84.11354999999999,40.74255,,ALLEN,AMERICAN,1994-04-28,26.0,888.9000244140625,SAND & SILT,AUGER,,,,,791659
448613,W,DOMESTIC,-84.15120999999999,40.703779999999995,GEOCODE,ALLEN,SHAWNEE,1974-11-25,202.0,842.0999755859375,LIMESTONE,,10.0,74.0,181.0,181,474626
448621,W,DOMESTIC,-83.89905,40.728449999999995,GEOCODE,ALLEN,AUGLAIZE,1987-10-30,70.0,1009.5999755859375,LIMESTONE,,12.0,39.0,57.0,54,673355
448622,W,DOMESTIC,-84.028744,40.895055,DIGITIZED,ALLEN,MONROE,1964-02-21,40.0,787.5,LIMESTONE,,7.0,12.0,22.0,22,278331
448623,W,DOMESTIC,-83.93415999999999,40.65164,GEOCODE,ALLEN,AUGLAIZE,1994-08-25,172.0,1041.4000244140625,LIMESTONE,ROTARY,7.0,80.0,94.0,94,790505
448624,W,DOMESTIC,-83.92004,40.70953,GEOCODE,ALLEN,AUGLAIZE,1994-12-10,63.0,984.0,LIMESTONE,ROTARY,20.0,22.0,63.0,60,804472
448625,W,DOMESTIC,-84.24417,40.79153,GEOCODE,ALLEN,MARION,1990-08-27,70.0,797.2999877929688,LIMESTONE,ROTARY,1.0,25.0,28.0,28,718484
448626,W,DOMESTIC,-84.16462,40.78019,,ALLEN,AMERICAN,1995-08-10,120.0,808.0,LIMESTONE,ROTARY,12.0,30.0,112.0,109,821972
448627,W,DOMESTIC,-84.16190999999999,40.723228999999996,DIGITIZED,ALLEN,SHAWNEE,1955-03-29,225.0,864.0,LIMESTONE,,10.0,69.0,193.0,195,155806
448628,W,DOMESTIC,-83.91685,40.87731,GEOCODE,ALLEN,RICHLAND,1993-10-02,92.0,840.0999755859375,LIMESTONE,CABLE TOOL,,,,25,761048
448632,W,DOMESTIC,-84.16508999999999,40.77775,GEOCODE,ALLEN,AMERICAN,1980-10-03,63.0,815.0,GRAVEL,CABLE TOOL,20.0,50.0,63.0,,677666
448633,W,DOMESTIC,-84.040071,40.757943999999995,DIGITIZED,ALLEN,BATH,1959-08-06,50.0,878.7000122070312,LIMESTONE,,20.0,15.0,21.0,21,224082
448634,W,DOMESTIC,-84.32034999999999,40.834900000000005,GEOCODE,ALLEN,MARION,1993-07-26,53.0,775.0,LIMESTONE,ROTARY,40.0,11.0,18.0,50,777845
448635,W,DOMESTIC,-84.16783,40.69645,GEOCODE,ALLEN,SHAWNEE,1993-03-10,169.0,847.0,LIMESTONE,ROTARY,5.0,20.0,138.0,138,758024
448639,W,DOMESTIC,-84.13984099999999,40.673901,,ALLEN,SHAWNEE,1955-06-18,39.0,878.2999877929688,SAND & GRAVEL,,50.0,23.0,39.0,,159552
448641,W,DOMESTIC,-84.242854,40.737581999999996,DIGITIZED,ALLEN,AMANDA,1964-05-28,130.0,825.2999877929688,LIMESTONE,,13.0,19.0,30.0,72,308810
448643,W,DOMESTIC,-84.03143,40.762969999999996,GEOCODE,ALLEN,BATH,1994-01-10,36.0,889.5,LIMESTONE,CABLE TOOL,12.0,,28.0,28,761050
448644,W,DOMESTIC,-84.11909,40.68681,,ALLEN,SHAWNEE,1986-10-06,140.0,872.4000244140625,GRAVEL,CABLE TOOL,20.0,70.0,140.0,,654576
448645,W,DOMESTIC,-84.13004,40.66462,,ALLEN,SHAWNEE,1987-06-19,142.0,892.7999877929688,LIMESTONE,,6.0,42.0,113.0,110,665254
448649,W,DOMESTIC,-84.166849,40.732431,DIGITIZED,ALLEN,AMERICAN,1956-11-01,127.0,844.5,GRAVEL,,18.0,64.0,127.0,,187856
453436,W,,-84.126768,40.763787,DIGITIZED,ALLEN,AMERICAN,1948-03-29,97.0,844.5999755859375,LIMESTONE,,,51.0,65.0,20,28609
453540,W,,-84.081412,40.830041,DIGITIZED,ALLEN,MONROE,1949-10-26,35.0,815.2000122070312,LIMESTONE,,,,21.0,20,56710
453546,W,,-84.04515599999999,40.857648,DIGITIZED,ALLEN,MONROE,1950-06-01,40.0,807.5,LIMESTONE,,,,21.0,21,56725
453547,W,,-84.132002,40.687464,DIGITIZED,ALLEN,SHAWNEE,1950-08-07,79.0,877.7000122070312,GRAVEL,,10.0,45.0,79.0,,69642
453548,W,,-84.185009,40.844332,DIGITIZED,ALLEN,SUGAR CREEK,1948-08-23,45.0,781.4000244140625,STONE,,,45.0,26.0,24,5865
453555,W,,-84.12897,40.690109,DIGITIZED,ALLEN,SHAWNEE,1950-05-16,251.0,884.2000122070312,LIMESTONE,,20.0,81.0,205.0,208,66595
453557,W,,-84.186059,40.839386,DIGITIZED,ALLEN,SUGAR CREEK,1950-11-30,85.0,783.7999877929688,LIMESTONE,,,,23.0,23,56747
455410,W,DOMESTIC,-83.99436999999999,40.79777,GEOCODE,ALLEN,BATH,1996-11-01,72.0,884.7999877929688,LIMESTONE,CABLE TOOL,9.0,34.0,50.0,48,846753
455570,W,DOMESTIC,-83.9979,40.658429999999996,GEOCODE,ALLEN,AUGLAIZE,1997-08-18,83.0,952.5,LIMESTONE,ROTARY,20.0,32.0,34.0,31,852640
455576,W,DOMESTIC,-83.88094,40.74678,GEOCODE,ALLEN,JACKSON,1998-08-17,77.0,991.7999877929688,LIMESTONE,ROTARY,20.0,33.0,47.0,47,866900
455606,W,DOMESTIC,-84.0789,40.79642,GEOCODE,ALLEN,BATH,1997-09-10,78.0,854.0999755859375,LIMESTONE,CABLE TOOL,7.0,20.0,57.0,57,826160
455609,W,DOMESTIC,-84.27259,40.81869,GEOCODE,ALLEN,MARION,1999-04-07,65.0,780.0,LIMESTONE,CABLE TOOL,4.0,20.0,26.0,26,879768
455668,W,DOMESTIC,-83.90675999999999,40.89232,GEOCODE,ALLEN,RICHLAND,1999-02-18,86.0,837.2999877929688,LIMESTONE,CABLE TOOL,5.0,56.0,86.0,48,867962
455739,W,DOMESTIC,-84.24163999999999,40.68663,GEOCODE,ALLEN,AMANDA,1998-08-26,66.0,865.5,SAND,CABLE TOOL,15.0,40.0,66.0,,879735
455756,W,DOMESTIC,-84.24164999999999,40.69284,GEOCODE,ALLEN,AMANDA,1998-02-09,60.0,855.9000244140625,SAND,CABLE TOOL,15.0,40.0,58.0,,859480
455775,W,DOMESTIC,-83.93433,40.706379999999996,GEOCODE,ALLEN,AUGLAIZE,1999-04-22,60.0,1004.7999877929688,GRAVEL,ROTARY,10.0,30.0,60.0,,889220
455807,W,DOMESTIC,-84.24307,40.778949999999995,GEOCODE,ALLEN,MARION,1999-02-17,102.0,798.7999877929688,LIMESTONE,ROTARY,8.0,20.0,32.0,29,889239
455824,W,DOMESTIC,-83.98004999999999,40.78779,GEOCODE,ALLEN,JACKSON,1999-08-03,60.0,925.0,LIMESTONE,CABLE TOOL,8.0,35.0,42.0,42,895889
455852,W,DOMESTIC,-84.09039,40.89935,GEOCODE,ALLEN,MONROE,1999-05-01,26.0,770.7999877929688,SAND & GRAVEL,CABLE TOOL,6.0,,26.0,,892939
455906,W,DOMESTIC,-83.88136999999999,40.7177,GEOCODE,ALLEN,AUGLAIZE,1999-08-19,78.0,1028.699951171875,LIMESTONE,ROTARY,20.0,52.0,65.0,65,901948
456267,W,DOMESTIC,-84.0137,40.85252,GEOCODE,ALLEN,MONROE,2001-05-16,36.0,816.2000122070312,LIMESTONE,CABLE TOOL,10.0,14.0,30.0,28,921328
456450,W,DOMESTIC,-83.98729,40.69799,GEOCODE,ALLEN,AUGLAIZE,2000-06-29,65.0,960.0999755859375,LIMESTONE,CABLE TOOL,15.0,40.0,57.0,57,916203
456556,W,DOMESTIC,-84.20523,40.758269999999996,GEOCODE,ALLEN,SHAWNEE,2001-08-06,60.0,816.7999877929688,LIMESTONE,CABLE TOOL,10.0,35.0,50.0,50,932579
456787,W,DOMESTIC,-83.99909,40.67324,GEOCODE,ALLEN,AUGLAIZE,2002-04-29,168.0,941.7000122070312,LIMESTONE,ROTARY,12.0,9.0,44.0,32,945217
456796,W,MONITOR,-84.10468999999999,40.75047,GEOCODE,ALLEN,BATH,2002-02-06,25.0,890.7000122070312,FILL MATERIAL,AUGER,,,,,942211
456926,W,DOMESTIC,-84.242058,40.788250999999995,DIGITIZED,ALLEN,MARION,1954-01-02,103.0,797.7000122070312,LIMESTONE,,,,28.0,28,121408
456968,W,DOMESTIC,-83.91412,40.87734,GEOCODE,ALLEN,RICHLAND,2002-09-11,278.0,843.9000244140625,LIMESTONE,,25.0,95.0,,110,949923
456972,W,DOMESTIC,-84.21473,40.664300000000004,GEOCODE,ALLEN,SHAWNEE,1996-12-18,35.0,841.0999755859375,GRAVEL,CABLE TOOL,15.0,8.0,35.0,,839977
456991,W,DOMESTIC,-83.91422999999999,40.71714,GEOCODE,ALLEN,AUGLAIZE,1994-10-20,115.0,1039.4000244140625,LIMESTONE,AIR ROTARY,30.0,70.0,79.0,76,804456
456996,W,DOMESTIC,-84.16772999999999,40.69329,GEOCODE,ALLEN,SHAWNEE,1990-05-25,42.0,845.0999755859375,GRAVEL,CABLE TOOL,20.0,20.0,42.0,,704886
456997,W,DOMESTIC,-84.16736999999999,40.69334,GEOCODE,ALLEN,SHAWNEE,1991-09-03,45.0,845.2000122070312,SAND & GRAVEL,ROTARY,20.0,18.0,40.0,,738661
456998,W,DOMESTIC,-84.0702,40.648779999999995,GEOCODE,ALLEN,PERRY,1990-09-06,35.0,911.5999755859375,GRAVEL,ROTARY,15.0,12.0,35.0,,704899
457013,W,DOMESTIC,-84.15626,40.679719999999996,GEOCODE,ALLEN,SHAWNEE,1989-02-11,220.0,856.0999755859375,LIMESTONE,ROTARY,20.0,30.0,189.0,196,692379
457030,W,DOMESTIC,-84.00092,40.65142,GEOCODE,ALLEN,PERRY,2002-10-10,80.0,962.0999755859375,LIMESTONE,ROTARY,15.0,7.0,60.0,60,947800
457073,W,DOMESTIC,-83.93592,40.86277,GEOCODE,ALLEN,RICHLAND,1994-08-01,999.0,851.2000122070312,,,,,,,780345
457089,W,DOMESTIC,-84.16803,40.79119,GEOCODE,ALLEN,AMERICAN,2002-12-12,228.0,805.0,LIMESTONE,ROTARY,10.0,40.0,214.0,225,956756
457094,W,DOMESTIC,-84.134439,40.690667999999995,DIGITIZED,ALLEN,SHAWNEE,1962-10-29,185.0,868.4000244140625,LIMESTONE,,10.0,47.0,183.0,183,284466
457103,W,DOMESTIC,-84.149987,40.684042,DIGITIZED,ALLEN,SHAWNEE,1957-06-27,53.0,861.2999877929688,GRAVEL,,14.0,19.0,53.0,,192862
457130,W,DOMESTIC,-84.083908,40.847066999999996,DIGITIZED,ALLEN,MONROE,1953-07-30,72.0,805.5999755859375,LIMESTONE,,,14.0,28.0,25,40831
457163,W,AGRIC/IRRIG,-84.34355,40.70563,GEOCODE,ALLEN,SPENCER,2002-12-06,222.0,834.9000244140625,LIMESTONE,ROTARY,75.0,36.0,62.0,54,955465
457212,W,DOMESTIC,-84.109098,40.78391,DIGITIZED,ALLEN,AMERICAN,1958-08-25,66.0,840.7000122070312,LIMESTONE,,20.0,34.0,42.0,34,156842
457220,W,DOMESTIC,-84.22327,40.73007,GEOCODE,ALLEN,AMANDA,2002-06-21,75.0,830.2999877929688,SHALE,CABLE TOOL,15.0,60.0,73.0,74,932625
457227,W,DOMESTIC,-84.135965,40.779027,DIGITIZED,ALLEN,AMERICAN,1958-04-18,73.0,834.0,LIMESTONE,,,35.0,32.0,30,193118
457234,W,DOMESTIC,-84.01288,40.71508,GEOCODE,ALLEN,PERRY,2000-01-24,182.0,957.7000122070312,LIMESTONE,ROTARY,15.0,35.0,72.0,62,908446
457235,W,DOMESTIC,-84.053,40.67297,GEOCODE,ALLEN,PERRY,1988-09-21,60.0,920.5,GRAVEL,ROTARY,10.0,11.0,60.0,,690120
457243,W,DOMESTIC,-84.130811,40.689620999999995,DIGITIZED,ALLEN,SHAWNEE,1958-10-31,76.0,880.2000122070312,GRAVEL,,20.0,30.0,76.0,,197522
457246,W,DOMESTIC,-84.11015599999999,40.694209,DIGITIZED,ALLEN,SHAWNEE,1961-08-07,27.0,892.0,GRAVEL,,10.0,7.6000000000000005,27.0,,222286
457259,W,DOMESTIC,-84.20337599999999,40.701834999999996,DIGITIZED,ALLEN,SHAWNEE,1959-09-16,161.0,872.5,LIMESTONE,,10.0,55.0,97.0,97,222274
457277,W,DOMESTIC,-84.09086599999999,40.832164999999996,DIGITIZED,ALLEN,MONROE,1955-05-25,46.0,809.0,LIMESTONE,,5.0,18.0,22.0,23,127375
457278,W,DOMESTIC,-84.12763199999999,40.766497,DIGITIZED,ALLEN,AMERICAN,1962-04-14,123.0,840.7000122070312,LIMESTONE,,10.0,64.0,99.0,60,274603
457292,W,DOMESTIC,-84.164428,40.712756,DIGITIZED,ALLEN,SHAWNEE,1959-09-01,140.0,851.2000122070312,GRAVEL,,10.0,25.0,140.0,,220180
457303,W,,-84.29066999999999,40.8275,GLOBAL POSITIONING SYSTEM,ALLEN,MARION,2003-06-25,77.0,777.0999755859375,SAND & GRAVEL,ROTARY,10.0,15.0,25.0,21,954679
457405,W,DOMESTIC,-84.037949,40.788821999999996,DIGITIZED,ALLEN,BATH,1964-03-16,64.0,884.2999877929688,LIMESTONE,,18.0,25.0,54.0,53,302374
457428,W,DOMESTIC,-84.137649,40.690111,DIGITIZED,ALLEN,SHAWNEE,1958-11-23,83.0,867.0999755859375,GRAVEL,,8.0,40.0,83.0,,201645
457431,W,DOMESTIC,-83.892839,40.653718,DIGITIZED,ALLEN,AUGLAIZE,1956-12-20,106.0,1046.199951171875,LIMESTONE,,,58.0,63.0,62,169614
457451,W,DOMESTIC,-84.068567,40.71666,DIGITIZED,ALLEN,PERRY,1962-06-16,50.0,906.5,GRAVEL,,18.0,32.0,54.0,,244946
457651,W,DOMESTIC,-83.98461999999999,40.736959999999996,,ALLEN,JACKSON,2004-04-01,40.0,944.2999877929688,SAND & CLAY,CABLE TOOL,8.0,22.0,38.0,38,960927
457693,W,DOMESTIC,-83.94989,40.81106,GLOBAL POSITIONING SYSTEM,ALLEN,JACKSON,2004-09-21,60.0,900.2000122070312,LIMESTONE,ROTARY,15.0,18.0,43.0,43,981336
457824,W,DOMESTIC,-83.95335,40.70621,GEOCODE,ALLEN,AUGLAIZE,2003-11-13,52.0,979.7000122070312,SHALE & LIMESTONE,,15.0,35.0,50.0,50,967460
457901,W,DOMESTIC,-84.248,40.703,GLOBAL POSITIONING SYSTEM,ALLEN,AMANDA,2004-07-20,232.0,841.2999877929688,LIMESTONE,ROTARY,20.0,50.0,51.0,228,980846
457947,W,DOMESTIC,-84.28200000000001,40.81617,GLOBAL POSITIONING SYSTEM,ALLEN,MARION,2004-08-25,147.0,781.5999755859375,LIMESTONE,ROTARY,12.0,20.0,27.0,144,980871
458110,W,DOMESTIC,-83.979,40.86167,GLOBAL POSITIONING SYSTEM,ALLEN,RICHLAND,2004-06-08,78.0,838.5,LIMESTONE,ROTARY,10.0,30.0,45.0,74,980918
458554,W,DOMESTIC,-83.98306,40.76639,GLOBAL POSITIONING SYSTEM,ALLEN,JACKSON,2006-02-20,67.0,901.0,LIMESTONE,AIR ROTARY,15.0,30.0,38.0,65,2001281
458561,W,DOMESTIC,-84.11422,40.818529999999996,GLOBAL POSITIONING SYSTEM,ALLEN,SUGAR CREEK,2005-08-05,50.0,813.2999877929688,,ROTARY,25.0,16.0,35.0,48,990613
458634,W,DOMESTIC,-83.987605,40.688626,DIGITIZED,ALLEN,AUGLAIZE,1953-10-07,32.0,934.5,LIMESTONE,,20.0,2.0,19.0,19,123505
458635,W,DOMESTIC,-83.94877,40.767627,DIGITIZED,ALLEN,JACKSON,1965-04-09,58.0,929.7999877929688,LIMESTONE,,20.0,27.0,34.0,33,319432
458682,W,DOMESTIC,-84.109101,40.787338,DIGITIZED,ALLEN,AMERICAN,1955-05-24,72.0,838.9000244140625,LIMESTONE,,15.0,30.0,30.0,30,156823
458794,W,DOMESTIC,-84.220427,40.713060999999996,DIGITIZED,ALLEN,SHAWNEE,1965-06-07,105.0,839.2000122070312,LIMESTONE,,15.0,39.0,50.0,49,317287
458861,W,DOMESTIC,-83.98105,40.729017,,ALLEN,AUGLAIZE,2006-07-28,85.0,960.2999877929688,,ROTARY,15.0,30.0,85.0,,990687
458881,W,,-84.153251,40.688697,DIGITIZED,ALLEN,SHAWNEE,1950-02-03,95.0,856.0,GRAVEL,,18.0,28.0,95.0,,69624
459024,W,,-83.923099,40.70511,DIGITIZED,ALLEN,AUGLAIZE,1947-10-18,62.0,977.5999755859375,LIMESTONE,,,8.0,32.0,30,30655
459198,W,DOMESTIC,-84.27609799999999,40.7511,DIGITIZED,ALLEN,AMANDA,1958-06-19,22.0,810.7999877929688,SAND,,,10.0,,,205613
459199,W,DOMESTIC,-84.050924,40.770343,DIGITIZED,ALLEN,BATH,1968-12-20,63.0,878.4000244140625,LIMESTONE,,16.0,30.0,42.0,40,392108
459261,W,DOMESTIC,-84.177632,40.776036999999995,DIGITIZED,ALLEN,AMERICAN,1954-07-22,74.0,815.7999877929688,LIMESTONE,,20.0,25.0,29.0,29,123533
459262,W,DOMESTIC,-84.13687999999999,40.673988,DIGITIZED,ALLEN,SHAWNEE,1957-04-10,161.0,877.2999877929688,GRAVEL,,,40.0,,,170271
459277,W,DOMESTIC,-83.97387599999999,40.658487,DIGITIZED,ALLEN,AUGLAIZE,1960-10-13,102.0,1013.2999877929688,LIMESTONE,,12.0,37.0,49.0,49,244914
459287,W,PUBLIC/SEMI-PUB,-83.908186,40.775632,DIGITIZED,ALLEN,JACKSON,1953-03-18,61.0,948.7999877929688,LIMESTONE,,20.0,25.0,31.0,31,100623
459662,W,DOMESTIC,-83.92263299999999,40.706866999999995,,ALLEN,AUGLAIZE,2007-10-11,50.0,980.4000244140625,LIMESTONE,ROTARY,20.0,13.0,43.0,43,1007183
459663,W,DOMESTIC,-84.07932,40.6557,GEOCODE,ALLEN,PERRY,2007-09-18,122.0,929.2999877929688,LIMESTONE,ROTARY,20.0,25.0,115.0,120,1007176
460149,W,DOMESTIC,-84.26105,40.7043,,ALLEN,AMANDA,2006-09-26,37.0,829.2999877929688,SAND & GRAVEL,CABLE TOOL,10.0,28.0,36.0,35,962767
460794,W,MONITOR,-84.104793,40.750462,GEOCODE,ALLEN,BATH,2010-01-06,14.0,891.0,CLAY,AUGER,,0.0,4.0,,2026055
460891,W,MONITOR,-84.15617,40.73714,GEOCODE,ALLEN,BATH,2008-05-28,16.5,846.4000244140625,GRAVEL,GEOPROBE,,1.5,1.5,,2016813
460938,W,DOMESTIC,-84.21879,40.72932,GEOCODE,ALLEN,AMANDA,2008-05-15,42.0,829.7999877929688,LIMESTONE,CABLE TOOL,20.0,25.0,33.0,41,1005874
461044,W,DOMESTIC,-83.93503299999999,40.760166999999996,,ALLEN,JACKSON,2008-01-04,62.0,932.9000244140625,LIMESTONE,ROTARY,30.0,25.0,28.0,28,1007190
461064,W,MONITOR,-84.10300000000001,40.73713,GLOBAL POSITIONING SYSTEM,ALLEN,AMANDA,2008-01-22,15.0,851.7999877929688,CLAY,BUCKET AUGER,,0.0,5.0,,2014879
461091,W,DOMESTIC,-84.0154,40.731249999999996,,ALLEN,BATH,2007-06-08,85.0,952.7000122070312,LIMESTONE,CABLE TOOL,30.0,60.0,55.0,55,1005850
461230,W,DOMESTIC,-84.1075,40.6775,,ALLEN,PERRY,2009-12-17,86.0,909.5,SHALE,CABLE TOOL,15.0,55.0,84.0,85,1011879
461278,W,DOMESTIC,-84.29,40.76,GLOBAL POSITIONING SYSTEM,ALLEN,AMANDA,2012-03-28,35.0,803.2999877929688,GRAVEL & LIMESTONE,AIR ROTARY,25.0,15.0,30.0,32,2037212
461279,W,DOMESTIC,-84.072755,40.896781999999995,GEOCODE,ALLEN,MONROE,2012-02-27,160.0,779.7000122070312,LIMESTONE,AIR ROTARY,8.0,9.0,25.0,155,2036767
461296,W,DOMESTIC,-83.993867,40.791112,,ALLEN,JACKSON,2010-05-28,100.0,917.0999755859375,LIMESTONE,ROTARY,20.0,39.0,52.0,97,1013417
461371,W,DOMESTIC,-84.23866699999999,40.788333,GLOBAL POSITIONING SYSTEM,ALLEN,MARION,2011-05-31,56.0,798.5,LIMESTONE,AIR ROTARY,15.0,13.0,28.0,27,2032913
461384,W,DOMESTIC,-84.27533299999999,40.690332999999995,GLOBAL POSITIONING SYSTEM,ALLEN,AMANDA,2010-05-12,176.0,837.2999877929688,LIMESTONE,AIR ROTARY,12.0,42.0,56.0,55,2027940
461563,W,DOMESTIC,-83.991317,40.699017,GLOBAL POSITIONING SYSTEM,ALLEN,AUGLAIZE,2010-07-16,100.0,984.0,LIMESTONE,ROTARY,30.0,57.0,85.0,97,1013430
461687,W,DOMESTIC,-84.306017,40.757000000000005,,ALLEN,AMANDA,2011-06-13,50.0,808.2000122070312,LIMESTONE,ROTARY,12.0,24.0,38.0,47,1014590
461767,W,DOMESTIC,-84.20232999999999,40.704833,GLOBAL POSITIONING SYSTEM,ALLEN,SHAWNEE,2013-07-23,72.0,866.5,SHALE,CABLE TOOL,20.0,45.0,70.0,70,1016371
461995,W,DOMESTIC,-84.2244,40.78026,GLOBAL POSITIONING SYSTEM,ALLEN,MARION,2015-03-05,62.0,801.7999877929688,LIMESTONE,ROTARY,6.5,16.0,26.0,60,2051225
462056,W,DOMESTIC,-83.952783,40.81005,GLOBAL POSITIONING SYSTEM,ALLEN,JACKSON,2015-01-07,58.0,,,ROTARY,12.0,16.0,40.0,40,1019043
462275,W,DOMESTIC,-84.068317,40.832383,GLOBAL POSITIONING SYSTEM,ALLEN,MONROE,2015-11-12,55.0,,LIMESTONE,ROTARY,25.0,12.0,38.0,38,1019046
462607,W,DOMESTIC,-84.05133,40.71018,GEOCODE,ALLEN,PERRY,1993-07-22,75.0,940.0999755859375,LIMESTONE,CABLE TOOL,10.0,60.0,55.0,55,773730
462805,W,DOMESTIC,-83.922232,40.764931999999995,GLOBAL POSITIONING SYSTEM,ALLEN,JACKSON,2018-09-25,77.0,,LIMESTONE,ROTARY,30.0,30.0,27.0,,1021041
462894,W,DOMESTIC,-83.926683,40.76895,GLOBAL POSITIONING SYSTEM,ALLEN,JACKSON,2017-09-07,58.0,,LIMESTONE,ROTARY,30.0,26.0,26.0,19,1020282
463220,W,DOMESTIC,-84.172783,40.772633,GLOBAL POSITIONING SYSTEM,ALLEN,AMERICAN,2020-01-14,57.0,,LIMESTONE,MUD/AIR ROTARY,12.0,13.0,34.0,,2077842
463228,W,DOMESTIC,-84.032983,40.812349999999995,GLOBAL POSITIONING SYSTEM,ALLEN,BATH,2019-07-08,45.0,,LIMESTONE,MUD/AIR ROTARY,15.0,6.0,28.0,,2074362
463313,W,DOMESTIC,-84.28278,40.81446,GEOCODE,ALLEN,MARION,1994-09-22,100.0,782.2000122070312,LIMESTONE,ROTARY,12.0,28.0,25.0,19,786648
463314,W,DOMESTIC,-84.31604,40.841539999999995,GEOCODE,ALLEN,MARION,1989-07-26,145.0,774.0,LIMESTONE,ROTARY,25.0,20.0,27.0,140,695104
463315,W,DOMESTIC,-84.17754,40.804829999999995,,ALLEN,AMERICAN,1991-06-11,220.0,796.2000122070312,LIMESTONE,,15.0,55.0,160.0,157,725312
463316,W,DOMESTIC,-84.175355,40.697336,DIGITIZED,ALLEN,SHAWNEE,1964-08-25,103.0,858.4000244140625,LIMESTONE,,7.0,33.0,72.0,69,317253
463317,W,DOMESTIC,-84.164428,40.712756,DIGITIZED,ALLEN,SHAWNEE,1960-08-29,73.0,851.2000122070312,GRAVEL,,10.0,54.0,73.0,,245868
463318,W,DOMESTIC,-83.95828,40.86239,GEOCODE,ALLEN,RICHLAND,1989-10-05,120.0,853.5999755859375,LIMESTONE,ROTARY,10.0,41.0,48.0,45,700135
463321,W,DOMESTIC,-84.26118,40.69616,GEOCODE,ALLEN,AMANDA,1995-05-15,63.0,823.0,LIMESTONE,ROTARY,8.0,35.0,48.0,48,811917
463325,W,DOMESTIC,-84.21547,40.76095,GEOCODE,ALLEN,AMERICAN,1985-07-18,38.0,813.7999877929688,LIMESTONE,,5.0,22.0,32.0,32,629969
463326,W,DOMESTIC,-84.014136,40.746134,DIGITIZED,ALLEN,BATH,1957-04-03,64.0,924.7999877929688,LIMESTONE,,,42.0,31.0,62,161681
463327,W,,-84.1421,40.68642,,ALLEN,SHAWNEE,1977-08-04,54.0,865.2000122070312,SAND & GRAVEL,,25.0,40.0,49.0,,534113
463328,W,DOMESTIC,-84.135735,40.694192,DIGITIZED,ALLEN,SHAWNEE,1958-12-26,46.0,862.2000122070312,GRAVEL,,5.0,36.0,46.0,,197523
463330,W,DOMESTIC,-84.15602799999999,40.709737,DIGITIZED,ALLEN,SHAWNEE,1962-10-10,128.0,819.2000122070312,SAND,,8.0,60.0,128.0,,284464
463331,W,DOMESTIC,-84.162962,40.717838,DIGITIZED,ALLEN,SHAWNEE,1962-06-26,63.0,822.0,SAND & GRAVEL,,15.0,40.0,63.0,17,274611
463334,W,DOMESTIC,-84.01286999999999,40.75954,GEOCODE,ALLEN,BATH,1995-12-15,98.0,916.7999877929688,LIMESTONE,CABLE TOOL,5.0,,48.0,85,818042
463335,W,DOMESTIC,-84.07718,40.733143,DIGITIZED,ALLEN,BATH,1956-11-17,83.0,886.0,LIMESTONE,,10.0,62.0,44.0,65,199755
463336,W,DOMESTIC,-84.16487,40.75658,GEOCODE,ALLEN,AMERICAN,1992-09-02,210.0,825.4000244140625,LIMESTONE,ROTARY,30.0,60.0,193.0,190,755154
463337,W,DOMESTIC,-84.15675,40.80388,GEOCODE,ALLEN,SUGAR CREEK,1987-09-21,45.0,798.9000244140625,LIMESTONE,CABLE TOOL,10.0,8.0,25.0,25,657172
463338,W,DOMESTIC,-84.20385999999999,40.81865,GEOCODE,ALLEN,SUGAR CREEK,1989-03-04,35.0,783.7999877929688,GRAVEL,CABLE TOOL,20.0,5.0,35.0,,677684
463339,W,DOMESTIC,-84.163513,40.722369,DIGITIZED,ALLEN,SHAWNEE,1957-08-04,60.0,863.2000122070312,GRAVEL,,15.0,18.0,60.0,26,192065
463340,W,DOMESTIC,-84.13947,40.682449999999996,GEOCODE,ALLEN,SHAWNEE,1976-12-27,195.0,867.0999755859375,GRAVEL,,10.0,82.0,195.0,,492025
463341,W,DOMESTIC,-84.15787999999999,40.700787999999996,DIGITIZED,ALLEN,SHAWNEE,1961-02-27,31.0,845.7000122070312,SAND & GRAVEL,,15.0,20.0,31.0,,258457
463344,W,DOMESTIC,-83.99432999999999,40.78797,GEOCODE,ALLEN,BATH,1990-06-20,70.0,917.2999877929688,LIMESTONE,ROTARY,20.0,26.0,34.0,31,715022
463345,W,DOMESTIC,-83.99436999999999,40.797059999999995,GEOCODE,ALLEN,BATH,1994-07-13,90.0,889.2999877929688,LIMESTONE,CABLE TOOL,10.0,,,50,761069
463346,W,DOMESTIC,-84.04078,40.77814,GEOCODE,ALLEN,BATH,1975-06-22,47.0,884.9000244140625,SAND & GRAVEL,,50.0,25.0,47.0,,476013
463347,W,DOMESTIC,-84.089843,40.709779999999995,DIGITIZED,ALLEN,PERRY,1953-06-18,41.0,886.4000244140625,GRAVEL,,18.0,14.0,41.0,,120055
463348,W,DOMESTIC,-84.090327,40.672675999999996,DIGITIZED,ALLEN,PERRY,1963-07-22,206.0,949.5999755859375,SAND & GRAVEL,,10.0,81.0,98.0,,298552
463349,W,DOMESTIC,-84.093334,40.711619999999996,DIGITIZED,ALLEN,PERRY,1958-06-06,33.0,886.2000122070312,GRAVEL,,4.0,12.0,33.0,,201629
463350,W,DOMESTIC,-84.085538,40.712559,DIGITIZED,ALLEN,PERRY,1954-09-14,45.0,895.5999755859375,GRAVEL,,30.0,20.0,44.0,,82994
463351,W,DOMESTIC,-84.282163,40.823812,DIGITIZED,ALLEN,MARION,1965-11-20,207.0,778.0,LIMESTONE,,27.0,14.0,29.0,19,337012
463352,W,DOMESTIC,-84.282163,40.823812,DIGITIZED,ALLEN,MARION,1965-11-21,212.0,778.0,LIMESTONE,,14.0,14.0,207.0,207,337013
463353,W,DOMESTIC,-84.301986,40.834160999999995,DIGITIZED,ALLEN,MARION,1963-09-19,65.0,778.0,LIMESTONE,,1.0,19.0,28.0,28,301053
463354,W,DOMESTIC,-84.245907,40.806205999999996,DIGITIZED,ALLEN,MARION,1963-11-16,37.0,795.5999755859375,LIMESTONE,,7.0,18.0,24.0,22,301064
463355,W,DOMESTIC,-84.27176,40.81294,GEOCODE,ALLEN,MARION,1995-07-26,50.0,783.2999877929688,LIMESTONE,ROTARY,1.0,10.0,26.0,26,811962
463356,W,DOMESTIC,-83.880133,40.724157999999996,DIGITIZED,ALLEN,AUGLAIZE,1957-06-07,92.0,1038.199951171875,LIMESTONE,,,57.0,71.0,66,161687
463362,W,DOMESTIC,-84.087785,40.71541,DIGITIZED,ALLEN,PERRY,1964-04-17,120.0,886.5,LIMESTONE,,10.0,49.0,111.0,111,308806
463363,W,DOMESTIC,-84.3186,40.79791,GEOCODE,ALLEN,MARION,1994-09-05,31.0,786.7000122070312,LIMESTONE,CABLE TOOL,7.0,19.0,,27,763597
463364,W,DOMESTIC,-83.98841,40.78903,GEOCODE,ALLEN,BATH,1986-10-01,250.0,919.7999877929688,LIMESTONE,,12.0,35.0,38.0,35,636273
463365,W,DOMESTIC,-83.97507,40.79963,GEOCODE,ALLEN,JACKSON,1986-01-24,70.0,901.5999755859375,LIMESTONE,,10.0,18.0,51.0,48,651918
463366,W,DOMESTIC,-83.93463,40.73289,GEOCODE,ALLEN,JACKSON,1992-09-28,77.0,986.0,LIMESTONE,ROTARY,30.0,33.0,40.0,37,755172
463367,W,MONITOR,-84.11341,40.72199,GEOCODE,ALLEN,SHAWNEE,1996-03-05,3.0,864.0999755859375,LIMESTONE,AUGER,,,3.0,31,827573
463376,W,DOMESTIC,-84.06671999999999,40.687509999999996,,ALLEN,PERRY,1992-06-04,215.0,962.2999877929688,LIMESTONE,CABLE TOOL,10.0,65.0,210.0,210,746142
463377,W,DOMESTIC,-84.07665999999999,40.68748,GEOCODE,ALLEN,PERRY,1989-11-16,195.0,936.4000244140625,LIMESTONE,CABLE TOOL,20.0,70.0,184.0,180,701331
463378,W,DOMESTIC,-84.05151,40.78749,GEOCODE,ALLEN,BATH,1988-11-10,50.0,859.5999755859375,LIMESTONE,ROTARY,15.0,21.0,40.0,37,690140
463379,W,DOMESTIC,-84.04772,40.73111,GEOCODE,ALLEN,BATH,1984-10-08,55.0,903.7999877929688,LIMESTONE,,6.0,35.0,30.0,30,649666
463380,W,DOMESTIC,-84.070987,40.793762,DIGITIZED,ALLEN,BATH,1952-11-21,107.0,851.7000122070312,LIMESTONE,,,,,28,72851
463381,W,DOMESTIC,-84.07046799999999,40.813598999999996,DIGITIZED,ALLEN,BATH,1951-09-24,61.0,850.2999877929688,LIMESTONE,,,33.0,54.0,60,120490
463382,W,DOMESTIC,-84.35876999999999,40.7982,GEOCODE,ALLEN,MARION,1995-09-21,65.0,787.0,LIMESTONE,CABLE TOOL,3.0,25.0,27.0,27,819985
463383,W,DOMESTIC,-83.951483,40.731355,DIGITIZED,ALLEN,AUGLAIZE,1955-07-15,97.0,983.2999877929688,LIMESTONE,,,45.0,79.0,96,120485
463384,W,DOMESTIC,-84.12132,40.70256,GEOCODE,ALLEN,SHAWNEE,1961-04-27,95.0,885.0,GRAVEL,,10.0,30.0,95.0,,250925
463385,W,DOMESTIC,-83.99953,40.81079,GEOCODE,ALLEN,SHAWNEE,1972-11-21,90.0,859.4000244140625,GRAVEL,,15.0,60.0,90.0,,511861
463386,W,DOMESTIC,-84.15681,40.81297,GEOCODE,ALLEN,SUGAR CREEK,1993-10-05,43.0,800.5999755859375,LIMESTONE,CABLE TOOL,10.0,15.0,25.0,25,773739
463387,W,DOMESTIC,-84.18701999999999,40.840039999999995,GEOCODE,ALLEN,SUGAR CREEK,1993-10-15,100.0,782.0,LIMESTONE,ROTARY,3.0,17.0,26.0,25,776160
463388,W,DOMESTIC,-84.179048,40.724132,DIGITIZED,ALLEN,SHAWNEE,1960-07-28,50.0,827.0999755859375,GRAVEL,,20.0,32.0,50.0,,217117
463389,W,DOMESTIC,-84.13360999999999,40.6835,GEOCODE,ALLEN,SHAWNEE,1977-04-07,90.0,874.0999755859375,GRAVEL,,10.0,45.0,90.0,21,492033
463390,W,DOMESTIC,-84.12504899999999,40.698995,DIGITIZED,ALLEN,SHAWNEE,1963-04-12,78.0,890.2999877929688,SAND & GRAVEL,,15.0,31.0,,,281621
463391,W,,-84.13860299999999,40.713048,DIGITIZED,ALLEN,SHAWNEE,1965-07-22,390.0,829.5999755859375,SHALE,,700.0,135.0,132.0,96,9902005
463392,W,DOMESTIC,-84.20403999999999,40.696079999999995,GEOCODE,ALLEN,SHAWNEE,1987-11-05,70.0,880.7000122070312,GRAVEL,CABLE TOOL,7.0,58.0,70.0,,657181
463394,W,DOMESTIC,-83.986915,40.694827,DIGITIZED,ALLEN,AUGLAIZE,1956-04-10,70.0,952.5,LIMESTONE,,10.0,16.0,42.0,39,154712
463395,W,DOMESTIC,-84.10001199999999,40.720557,DIGITIZED,ALLEN,PERRY,1954-09-20,176.0,886.5999755859375,LIMESTONE,,,45.0,110.0,110,62124
463396,W,DOMESTIC,-84.373998,40.800798,DIGITIZED,ALLEN,MARION,1965-07-04,64.0,790.0,LIMESTONE,,30.0,12.0,27.0,26,317292
463397,W,,-83.923318,40.760884,DIGITIZED,ALLEN,JACKSON,1958-03-11,82.0,943.9000244140625,LIMESTONE,,24.0,30.0,21.0,21,192884
463398,W,DOMESTIC,-83.951223,40.759447,DIGITIZED,ALLEN,JACKSON,1953-05-02,70.0,936.7999877929688,LIMESTONE,,20.0,32.0,30.0,30,100628
463399,W,DOMESTIC,-84.2098,40.837900000000005,GEOCODE,ALLEN,SUGAR CREEK,1995-07-11,102.0,776.7999877929688,LIMESTONE,ROTARY,3.0,15.0,31.0,29,821957
463400,W,DOMESTIC,-84.18092999999999,40.819900000000004,GEOCODE,ALLEN,SUGAR CREEK,1995-11-09,205.0,788.0,LIMESTONE,ROTARY,50.0,20.0,186.0,183,828321
463401,W,DOMESTIC,-84.16740999999999,40.69504,GEOCODE,ALLEN,SHAWNEE,1993-04-27,120.0,846.5,LIMESTONE,ROTARY,30.0,32.0,115.0,112,768210
463402,W,DOMESTIC,-84.16340000000001,40.711929999999995,GEOCODE,ALLEN,SHAWNEE,1968-10-03,101.0,864.5,GRAVEL,,12.0,74.0,101.0,,366795
463403,W,DOMESTIC,-84.37234,40.70702,GEOCODE,ALLEN,SPENCER,1989-09-15,83.0,829.5,LIMESTONE,ROTARY,15.0,22.0,70.0,70,700270
463408,W,DOMESTIC,-84.07804999999999,40.79709,GEOCODE,ALLEN,BATH,1995-12-15,114.0,855.5,LIMESTONE,CABLE TOOL,12.0,,34.0,32,818045
463409,W,DOMESTIC,-84.2101,40.7594,GEOCODE,ALLEN,AMERICAN,1973-11-03,116.0,805.9000244140625,LIMESTONE,,15.0,40.0,,33,457034
463411,W,,-84.156239,40.81519,DIGITIZED,ALLEN,SUGAR CREEK,1958-08-13,16.0,799.4000244140625,SAND & GRAVEL,,15.0,8.0,16.0,,213759
463415,W,DOMESTIC,-83.91409,40.79316,GEOCODE,ALLEN,JACKSON,1995-10-16,38.0,929.5,LIMESTONE,ROTARY,25.0,15.0,25.0,22,828314
463416,W,DOMESTIC,-84.08905999999999,40.71288,GEOCODE,ALLEN,PERRY,1967-11-03,156.0,885.5,LIMESTONE,,12.0,59.0,100.0,98,310048
463417,W,DOMESTIC,-84.1369,40.77842,,ALLEN,AMERICAN,1973-12-19,125.0,832.2999877929688,LIMESTONE,,20.0,51.0,33.0,33,514377
463418,W,DOMESTIC,-84.18907,40.79298,GEOCODE,ALLEN,AMERICAN,1985-04-06,75.0,795.5,SAND & CLAY,,20.0,15.0,75.0,,649680
463420,W,DOMESTIC,-84.137649,40.690111,DIGITIZED,ALLEN,SHAWNEE,1953-11-10,151.0,867.0999755859375,GRAVEL,,14.0,39.0,151.0,,115267
463421,W,DOMESTIC,-84.147562,40.692561,DIGITIZED,ALLEN,SHAWNEE,1957-07-08,157.0,855.5999755859375,LIMESTONE,,,,150.0,150,193111
463422,W,DOMESTIC,-84.147562,40.692561,DIGITIZED,ALLEN,SHAWNEE,1964-06-02,111.0,855.5999755859375,SAND & GRAVEL,,10.0,30.0,111.0,,308811
463425,W,DOMESTIC,-84.084347,40.817887999999996,DIGITIZED,ALLEN,MONROE,1955-06-29,46.0,828.0999755859375,LIMESTONE,,5.0,23.0,40.0,38,127378
463426,W,DOMESTIC,-84.062863,40.818002,DIGITIZED,ALLEN,MONROE,1955-06-27,63.0,844.2000122070312,LIMESTONE,,6.0,18.0,43.0,43,127377
463427,W,DOMESTIC,-84.089897,40.830756,DIGITIZED,ALLEN,MONROE,1966-06-11,41.0,813.7999877929688,LIMESTONE,,16.0,13.0,24.0,23,342030
463428,W,DOMESTIC,-84.09293799999999,40.827405,DIGITIZED,ALLEN,MONROE,1956-04-23,37.0,815.0999755859375,LIMESTONE,,11.0,18.0,23.0,20,176858
463429,W,DOMESTIC,-84.093268,40.826764,DIGITIZED,ALLEN,MONROE,1965-07-02,48.0,813.4000244140625,LIMESTONE,,8.0,17.0,26.0,45,337305
463430,W,DOMESTIC,-84.08134,40.71989,GEOCODE,ALLEN,PERRY,1993-09-23,43.0,884.2999877929688,LIMESTONE,ROTARY,10.0,15.0,38.0,35,776150
463431,W,DOMESTIC,-84.088731,40.817132,DIGITIZED,ALLEN,BATH,1951-05-12,63.0,828.2000122070312,LIMESTONE,,,14.0,40.0,37,40823
463432,W,,-84.18382,40.844207999999995,DIGITIZED,ALLEN,SUGAR CREEK,1954-04-16,120.0,783.0999755859375,LIMESTONE,,6.0,16.0,60.0,58,77458
463433,W,,-84.176243,40.842537,DIGITIZED,ALLEN,SUGAR CREEK,1952-12-01,46.0,781.5,LIMESTONE,,3.0,12.0,21.0,21,85172
463434,W,DOMESTIC,-84.13141999999999,40.68089,GEOCODE,ALLEN,SHAWNEE,1986-09-08,220.0,881.0999755859375,LIMESTONE,,20.0,43.0,181.0,178,636268
463437,W,DOMESTIC,-84.04651,40.788900000000005,GEOCODE,ALLEN,BATH,1992-02-28,72.0,883.5,LIMESTONE,CABLE TOOL,8.0,30.0,48.0,68,723775
463440,W,DOMESTIC,-83.94539,40.706,GEOCODE,ALLEN,AUGLAIZE,1994-05-18,112.0,987.0999755859375,LIMESTONE,ROTARY,4.0,40.0,53.0,53,784910
463441,W,DOMESTIC,-84.22905,40.787679999999995,GEOCODE,ALLEN,MARION,1992-04-27,36.0,797.4000244140625,SAND,CABLE TOOL,8.0,10.0,,,745791
463443,W,DOMESTIC,-84.15878599999999,40.694269,DIGITIZED,ALLEN,SHAWNEE,1958-06-02,192.0,841.2000122070312,GRAVEL,,15.0,25.0,192.0,,187889
463451,W,DOMESTIC,-83.98418,40.6948,GEOCODE,ALLEN,AUGLAIZE,1992-07-23,32.0,939.0999755859375,SAND & GRAVEL,ROTARY,12.0,16.0,32.0,,739918
463452,W,DOMESTIC,-83.91422999999999,40.65209,GEOCODE,ALLEN,AUGLAIZE,1987-05-14,54.0,1035.0999755859375,GRAVEL,CABLE TOOL,20.0,8.0,54.0,,657155
463453,W,DOMESTIC,-83.99802,40.776129999999995,GEOCODE,ALLEN,BATH,1994-09-26,78.0,908.7000122070312,LIMESTONE,CABLE TOOL,12.0,,,42,791779
463454,W,DOMESTIC,-84.137649,40.690111,DIGITIZED,ALLEN,SHAWNEE,1955-05-13,210.0,867.0999755859375,LIMESTONE,,20.0,33.0,160.0,160,139839
463455,W,DOMESTIC,-84.137649,40.690111,DIGITIZED,ALLEN,SHAWNEE,1953-10-30,92.0,867.0999755859375,GRAVEL,,7.0,27.0,92.0,,115266
463456,W,DOMESTIC,-84.137649,40.690111,DIGITIZED,ALLEN,SHAWNEE,1953-07-03,50.0,867.0999755859375,GRAVEL,,20.0,34.0,50.0,,88300
463457,W,DOMESTIC,-84.13434099999999,40.672394,DIGITIZED,ALLEN,SHAWNEE,1956-06-03,75.0,879.2999877929688,GRAVEL,,7.0,34.0,75.0,,174059
463463,W,DOMESTIC,-84.00195599999999,40.730804,DIGITIZED,ALLEN,PERRY,1962-11-07,52.0,935.2000122070312,SAND & GRAVEL,,10.0,31.0,52.0,,258497
463464,W,DOMESTIC,-84.050646,40.721256,DIGITIZED,ALLEN,PERRY,1961-03-27,72.0,924.2999877929688,LIMESTONE,,20.0,41.0,54.0,54,245584
463465,W,INDUSTRIAL,-84.03028599999999,40.704637,DIGITIZED,ALLEN,PERRY,1964-03-28,113.0,962.7000122070312,LIMESTONE,,18.0,54.0,86.0,84,302375
463466,W,DOMESTIC,-84.032662,40.679773,DIGITIZED,ALLEN,PERRY,1964-07-15,67.0,950.4000244140625,GRAVEL,,12.0,34.0,67.0,,302399
463467,W,DOMESTIC,-84.11513,40.66497,,ALLEN,SHAWNEE,1992-06-09,58.0,892.5999755859375,GRAVEL,CABLE TOOL,10.0,14.0,58.0,,746143
463468,W,DOMESTIC,-84.134439,40.690667999999995,DIGITIZED,ALLEN,SHAWNEE,1958-04-22,80.0,868.4000244140625,GRAVEL,,10.0,33.0,80.0,,192087
463470,W,DOMESTIC,-84.261022,40.726459,DIGITIZED,ALLEN,AMANDA,1964-05-15,81.0,822.5,LIMESTONE,,10.0,22.0,34.0,34,298573
463471,W,DOMESTIC,-84.279862,40.697682,DIGITIZED,ALLEN,AMANDA,1964-12-14,115.0,837.5,LIMESTONE,,10.0,40.0,44.0,44,308834
463477,W,DOMESTIC,-84.05203999999999,40.871739999999996,GEOCODE,ALLEN,MONROE,1994-11-16,52.0,790.4000244140625,LIMESTONE,ROTARY,10.0,20.0,29.0,29,796703
468436,W,,-84.10278699999999,40.716204999999995,DIGITIZED,ALLEN,PERRY,1949-05-20,64.0,891.5,LIMESTONE,,,15.0,42.0,42,30675
468443,W,,-84.13129599999999,40.693387,DIGITIZED,ALLEN,SHAWNEE,1949-11-06,65.0,877.5999755859375,SAND & GRAVEL,,6.0,36.0,65.0,,69617
468444,W,,-84.12115899999999,40.726600999999995,DIGITIZED,ALLEN,SHAWNEE,1949-07-01,300.0,852.7000122070312,LIMESTONE,,460.0,99.0,33.0,30,69601
469784,W,DOMESTIC,-83.93328,40.78879,GEOCODE,ALLEN,JACKSON,1997-04-01,47.0,930.5,LIMESTONE,CABLE TOOL,8.0,,30.0,30,846766
470429,W,DOMESTIC,-83.93784,40.87046,GEOCODE,ALLEN,RICHLAND,1999-07-07,95.0,849.7000122070312,LIMESTONE,ROTARY,12.0,34.0,40.0,40,884297
470491,W,DOMESTIC,-84.10808999999999,40.67652,GEOCODE,ALLEN,SHAWNEE,1998-09-19,193.0,912.2999877929688,LIMESTONE,ROTARY,10.0,40.0,160.0,160,866915
470492,W,DOMESTIC,-84.31857,40.70754,GEOCODE,ALLEN,SPENCER,1998-07-06,43.0,827.2999877929688,SAND & GRAVEL,CABLE TOOL,8.0,20.0,,,886240
470507,W,DOMESTIC,-84.211,40.75834,GEOCODE,ALLEN,AMERICAN,1997-09-15,35.0,807.4000244140625,LIMESTONE,CABLE TOOL,9.0,11.0,33.0,32,855205
470508,W,DOMESTIC,-83.92295,40.754039999999996,GEOCODE,ALLEN,BATH,1997-09-19,62.0,957.5999755859375,LIMESTONE,ROTARY,30.0,26.0,56.0,43,851230
470514,W,DOMESTIC,-84.15674,40.803219999999996,GEOCODE,ALLEN,SUGAR CREEK,1997-06-30,59.0,799.5999755859375,LIMESTONE,ROTARY,10.0,14.0,26.0,18,852606
470575,W,DOMESTIC,-84.00119,40.652229999999996,GEOCODE,ALLEN,PERRY,1999-03-13,42.0,963.7999877929688,LIMESTONE,ROTARY,20.0,10.0,30.0,30,884341
470590,W,DOMESTIC,-84.23214999999999,40.6931,,ALLEN,AMANDA,1997-11-04,90.0,860.2000122070312,LIMESTONE,CABLE TOOL,8.0,60.0,65.0,65,859467
470643,W,DOMESTIC,-83.95138,40.68193,GEOCODE,ALLEN,AUGLAIZE,1998-11-11,53.0,968.2000122070312,LIMESTONE,ROTARY,30.0,10.0,26.0,8,884264
470644,W,DOMESTIC,-83.96795,40.74614,GEOCODE,ALLEN,JACKSON,1998-11-16,62.0,932.5,LIMESTONE,ROTARY,20.0,22.0,33.0,33,884271
470652,W,DOMESTIC,-83.90784,40.881,GEOCODE,ALLEN,RICHLAND,1998-10-30,153.0,837.5999755859375,LIMESTONE,ROTARY,20.0,80.0,,87,889152
470653,W,DOMESTIC,-84.26805,40.74382,GEOCODE,ALLEN,AMANDA,1998-06-15,143.0,815.4000244140625,LIMESTONE,ROTARY,8.0,30.0,47.0,44,867949
470664,W,DOMESTIC,-84.33422999999999,40.75146,GEOCODE,ALLEN,SPENCER,1998-09-17,63.0,807.5999755859375,LIMESTONE,ROTARY,20.0,20.0,57.0,54,881985
470708,W,DOMESTIC,-84.25152,40.68864,GEOCODE,ALLEN,AMANDA,2000-03-06,38.0,847.2999877929688,SAND & GRAVEL,CABLE TOOL,20.0,20.0,37.0,,895918
470735,W,DOMESTIC,-83.96104,40.81302,GEOCODE,ALLEN,JACKSON,1999-10-13,69.0,890.4000244140625,LIMESTONE,ROTARY,7.0,30.0,44.0,41,902364
470744,W,DOMESTIC,-84.01277,40.65202,GEOCODE,ALLEN,PERRY,2000-02-22,35.0,938.5999755859375,GRAVEL,ROTARY,15.0,10.0,35.0,,901928
470788,W,DOMESTIC,-84.01180000000001,40.771249999999995,GEOCODE,ALLEN,BATH,2000-09-07,60.0,906.7999877929688,LIMESTONE,ROTARY,30.0,15.0,35.0,35,914509
470901,W,DOMESTIC,-83.96105999999999,40.81899,GEOCODE,ALLEN,JACKSON,2000-04-28,55.0,884.7999877929688,LIMESTONE,ROTARY,15.0,24.0,42.0,36,910612
471115,W,DOMESTIC,-84.06483,40.71667,GEOCODE,ALLEN,PERRY,2001-05-14,55.0,911.0,SHALE,CABLE TOOL,15.0,48.0,54.0,54,916242
471189,W,DOMESTIC,-84.07809,40.80345,GEOCODE,ALLEN,BATH,2001-03-15,120.0,850.0999755859375,LIMESTONE,ROTARY,20.0,30.0,120.0,56,901887
471247,W,DOMESTIC,-84.22301,40.73381,,ALLEN,SHAWNEE,2001-08-15,82.0,823.7000122070312,LIMESTONE,ROTARY,10.0,40.0,54.0,49,935844
471248,W,DOMESTIC,-84.18533,40.84514,,ALLEN,SUGAR CREEK,2001-08-06,75.0,778.2000122070312,LIMESTONE,,10.0,14.0,,33,935827
471326,W,DOMESTIC,-84.35885999999999,40.69981,GEOCODE,ALLEN,SPENCER,2001-03-01,66.0,833.7000122070312,SAND & GRAVEL,CABLE TOOL,10.0,23.0,60.0,60,921656
471519,W,DOMESTIC,-83.93710999999999,40.79338,GEOCODE,ALLEN,JACKSON,2002-01-03,75.0,942.5,LIMESTONE,ROTARY,15.0,35.0,48.0,73,941157
471645,W,DOMESTIC,-83.90912999999999,40.71718,GEOCODE,ALLEN,AUGLAIZE,2002-04-29,121.0,1023.4000244140625,LIMESTONE,ROTARY,35.0,49.0,65.0,60,945220
471648,W,DOMESTIC,-84.33422999999999,40.76459,GEOCODE,ALLEN,AMANDA,2002-02-22,87.0,804.7999877929688,LIMESTONE,CABLE TOOL,10.0,24.0,48.0,81,936663
471731,W,DOMESTIC,-84.36417999999999,40.75768,GEOCODE,ALLEN,SPENCER,2002-02-26,79.0,812.4000244140625,LIMESTONE,ROTARY,15.0,26.0,55.0,51,941109
471778,W,DOMESTIC,-83.754443,39.255939999999995,,ALLEN,RICHLAND,1952-11-20,39.0,1048.199951171875,LIMESTONE,,,15.0,20.0,19,86232
471854,W,DOMESTIC,-84.1774,40.722500000000004,GEOCODE,ALLEN,SHAWNEE,1988-12-22,53.0,818.9000244140625,GRAVEL,CABLE TOOL,20.0,42.0,53.0,,677678
471857,W,DOMESTIC,-84.19756,40.69327,GEOCODE,ALLEN,SHAWNEE,1984-01-16,60.0,860.7000122070312,GRAVEL,,15.0,45.0,60.0,,622994
471877,W,DOMESTIC,-84.16505,40.77271,GEOCODE,ALLEN,AMERICAN,1993-05-26,75.0,812.7000122070312,GRAVEL,CABLE TOOL,15.0,40.0,75.0,,786327
471884,W,DOMESTIC,-84.28032,40.73218,GEOCODE,ALLEN,AMANDA,2002-09-07,179.0,821.7000122070312,LIMESTONE,ROTARY,25.0,45.0,60.0,55,951740
471895,W,AGRIC/IRRIG,-83.93140000000001,40.86701,GEOCODE,ALLEN,RICHLAND,1995-06-26,315.0,836.9000244140625,LIMESTONE,ROTARY,200.0,35.0,27.0,300,947751
471939,W,DOMESTIC,-84.01415,40.832429999999995,GEOCODE,ALLEN,MONROE,1995-03-27,28.0,845.7999877929688,SAND & GRAVEL,CABLE TOOL,12.0,14.0,28.0,,791796
471940,W,DOMESTIC,-83.94767,40.768209999999996,GEOCODE,ALLEN,JACKSON,1986-07-17,70.0,922.9000244140625,LIMESTONE,,20.0,22.0,31.0,28,651947
471944,W,DOMESTIC,-84.3683,40.801269999999995,GEOCODE,ALLEN,MARION,2002-12-13,142.0,788.0999755859375,LIMESTONE,ROTARY,1.0,22.0,,59,956758
471949,W,DOMESTIC,-84.02230999999999,40.65593,GEOCODE,ALLEN,PERRY,2002-11-13,63.0,926.2999877929688,LIMESTONE,ROTARY,15.0,16.0,52.0,52,947812
471954,W,DOMESTIC,-84.134439,40.690667999999995,DIGITIZED,ALLEN,SHAWNEE,1961-10-23,215.0,868.4000244140625,LIMESTONE,,18.0,40.0,170.0,167,217134
471957,W,DOMESTIC,-84.147562,40.692561,DIGITIZED,ALLEN,SHAWNEE,1954-09-27,177.0,855.5999755859375,GRAVEL,,20.0,28.0,177.0,,139809
472032,W,DOMESTIC,-84.05771,40.86814,GEOCODE,ALLEN,MONROE,2002-11-26,76.0,792.7999877929688,LIMESTONE,ROTARY,15.0,12.0,32.0,74,956746
472037,W,DOMESTIC,-84.094844,40.799620999999995,DIGITIZED,ALLEN,BATH,1955-11-10,91.0,841.0,LIMESTONE,,15.0,52.0,47.0,46,170856
472049,W,DOMESTIC,-84.14677999999999,40.68034,GEOCODE,ALLEN,SHAWNEE,1983-01-21,52.0,865.0999755859375,GRAVEL,,12.0,33.0,47.0,,612154
472059,W,DOMESTIC,-84.18289899999999,40.77274,DIGITIZED,ALLEN,AMERICAN,1961-02-11,45.0,818.7000122070312,LIMESTONE,,,20.0,30.0,30,205627
472069,W,DOMESTIC,-83.88101999999999,40.74678,GEOCODE,ALLEN,JACKSON,1990-10-26,66.0,991.7000122070312,LIMESTONE,ROTARY,12.0,25.0,38.0,35,715071
472092,W,DOMESTIC,-84.04276,40.73088,GEOCODE,ALLEN,PERRY,1960-10-24,35.0,910.2000122070312,LIMESTONE,,15.0,12.0,12.0,12,250914
472093,W,DOMESTIC,-84.165292,40.700536,DIGITIZED,ALLEN,SHAWNEE,1962-06-14,55.0,848.5999755859375,GRAVEL,,5.0,20.0,55.0,,250949
472111,W,DOMESTIC,-84.27896,40.700635,DIGITIZED,ALLEN,AMANDA,1963-06-25,98.0,831.0,LIMESTONE,,10.0,39.0,35.0,35,274644
472117,W,AGRIC/IRRIG,-84.081535,40.847342999999995,DIGITIZED,ALLEN,MONROE,1962-04-07,100.0,806.5999755859375,LIMESTONE,,325.0,21.0,25.0,24,266476
472118,W,,-84.035626,40.731622,DIGITIZED,ALLEN,BATH,1962-05-22,54.0,916.5999755859375,LIMESTONE,,20.0,19.0,19.0,19,266478
472122,W,DOMESTIC,-84.07021999999999,40.86815,GEOCODE,ALLEN,MONROE,1990-05-31,34.0,788.7999877929688,LIMESTONE,ROTARY,18.0,4.0,25.0,25,710043
472137,W,MONITOR,-84.10182999999999,40.74808,GLOBAL POSITIONING SYSTEM,ALLEN,BATH,2003-07-15,38.0,880.9000244140625,,AUGER,,,18.0,,964046
472139,W,DOMESTIC,-84.089444,40.700973,DIGITIZED,ALLEN,PERRY,1962-10-13,51.0,901.5,GRAVEL,,2.0,20.0,51.0,,281611
472217,W,PUBLIC/SEMI-PUB,-83.948256,40.760600000000004,GLOBAL POSITIONING SYSTEM,ALLEN,JACKSON,1967-05-18,51.0,929.5999755859375,LIMESTONE,,20.0,15.0,23.0,22,357520
472235,W,DOMESTIC,-84.137649,40.690111,DIGITIZED,ALLEN,SHAWNEE,1955-02-16,261.0,867.0999755859375,LIMESTONE,,14.0,33.0,202.0,202,139824
472244,W,DOMESTIC,-84.16924999999999,40.779775,DIGITIZED,ALLEN,AMERICAN,1955-11-14,50.0,822.0999755859375,GRAVEL,,,23.0,50.0,,159557
472248,W,DOMESTIC,-83.898029,40.849077,DIGITIZED,ALLEN,RICHLAND,1956-10-29,60.0,888.0999755859375,LIMESTONE,,,30.0,45.0,59,161672
472256,W,DOMESTIC,-84.187131,40.707388,DIGITIZED,ALLEN,SHAWNEE,1955-10-19,100.0,863.7000122070312,LIMESTONE,,15.0,35.0,95.0,68,166762
472262,W,DOMESTIC,-84.20080999999999,40.751053999999996,DIGITIZED,ALLEN,AMERICAN,1957-04-16,38.0,825.5999755859375,GRAVEL,,,24.0,38.0,,199759
472263,W,DOMESTIC,-84.15369,40.74774,,ALLEN,AMERICAN,1957-12-16,102.0,840.9000244140625,LIMESTONE,,10.0,83.0,67.0,61,199782
472266,W,DOMESTIC,-84.134501,40.760661,DIGITIZED,ALLEN,AMERICAN,1959-03-13,152.0,846.7000122070312,LIMESTONE & ROCK,,8.0,70.0,112.0,112,201650
472453,W,DOMESTIC,-84.18701999999999,40.840039999999995,GEOCODE,ALLEN,SUGAR CREEK,2003-06-01,27.0,782.0,LIMESTONE & SHALE,CABLE TOOL,5.0,11.0,26.0,26,960955
472523,W,DOMESTIC,-84.06017,40.78857,GLOBAL POSITIONING SYSTEM,ALLEN,BATH,2004-08-01,51.0,872.9000244140625,LIMESTONE,CABLE TOOL,12.0,28.0,36.0,50,960935
472524,W,DOMESTIC,-84.03473,40.88266,GEOCODE,ALLEN,MONROE,2004-04-01,27.0,789.4000244140625,SHALE,ROTARY,7.0,11.0,26.0,26,960928
472534,W,,-83.88821999999999,40.73206,GLOBAL POSITIONING SYSTEM,ALLEN,AUGLAIZE,2004-07-13,120.0,1008.0,LIMESTONE,ROTARY,20.0,46.0,60.0,118,981399
472624,W,DOMESTIC,-83.95443999999999,40.86297,GLOBAL POSITIONING SYSTEM,ALLEN,RICHLAND,2004-10-30,77.0,852.2000122070312,,ROTARY,20.0,33.0,53.0,75,981342
472650,W,DOMESTIC,-84.27852,40.68628,GLOBAL POSITIONING SYSTEM,ALLEN,AMANDA,2003-09-01,78.0,857.9000244140625,LIMESTONE,CABLE TOOL,7.0,40.0,68.0,68,962736
472887,W,DOMESTIC,-84.3375,40.7075,GLOBAL POSITIONING SYSTEM,ALLEN,AMANDA,2004-09-08,82.0,833.0,LIMESTONE,ROTARY,12.0,34.0,57.0,78,980876
473211,W,DOMESTIC,-84.20558,40.85517,GEOCODE,ALLEN,SPENCER,2005-06-04,32.0,772.2000122070312,GRAVEL,CABLE TOOL,15.0,5.0,31.0,,962754
473438,W,DOMESTIC,-84.134439,40.690667999999995,DIGITIZED,ALLEN,SHAWNEE,1959-06-19,43.0,868.4000244140625,GRAVEL,,7.0,33.0,43.0,,220170
473441,W,MONITOR,-84.0802,40.73081,,ALLEN,SHAWNEE,2005-09-06,17.0,887.2000122070312,SAND,AUGER,,,7.0,,990558
473456,W,DOMESTIC,-84.200806,40.674136,DIGITIZED,ALLEN,SHAWNEE,1961-12-13,50.0,841.7000122070312,SAND & GRAVEL,,12.0,15.0,50.0,,258475
473457,W,,-84.116569,40.78048,DIGITIZED,ALLEN,AMERICAN,1949-09-15,75.0,838.2999877929688,LIMESTONE,,,40.0,45.0,45,30684
473458,W,DOMESTIC,-84.151423,40.733346999999995,DIGITIZED,ALLEN,AMERICAN,1955-09-23,63.0,867.4000244140625,GRAVEL,,,33.0,63.0,,159555
473470,W,DOMESTIC,-84.07893399999999,40.737504,DIGITIZED,ALLEN,BATH,1956-05-05,102.0,887.2000122070312,LIMESTONE,,,62.0,45.0,100,161656
473485,W,DOMESTIC,-83.95168,40.81107,GLOBAL POSITIONING SYSTEM,ALLEN,JACKSON,2005-12-01,42.0,899.4000244140625,,CABLE TOOL,9.0,22.0,40.0,40,997938
473511,W,DOMESTIC,-84.137649,40.690111,DIGITIZED,ALLEN,SHAWNEE,1954-07-18,52.0,867.0999755859375,GRAVEL,,14.0,30.0,52.0,,115297
473527,W,DOMESTIC,-84.019363,40.789366,DIGITIZED,ALLEN,BATH,1965-04-20,72.0,881.2000122070312,LIMESTONE,,16.0,10.0,64.0,64,319433
473573,W,DOMESTIC,-84.18634999999999,40.737136,DIGITIZED,ALLEN,AMERICAN,1958-06-30,52.0,825.9000244140625,LIMESTONE,,10.0,21.0,40.0,40,199795
473690,W,DOMESTIC,-84.103831,40.801066,DIGITIZED,ALLEN,BATH,1957-08-28,60.0,821.0999755859375,LIMESTONE,,20.0,10.0,20.0,20,192870
473691,W,DOMESTIC,-83.976098,40.832122999999996,DIGITIZED,ALLEN,RICHLAND,1959-12-09,60.0,865.0999755859375,LIMESTONE,,5.0,20.0,31.0,58,244960
473737,W,DOMESTIC,-84.16190999999999,40.723228999999996,DIGITIZED,ALLEN,SHAWNEE,1953-03-28,192.0,864.0,LIMESTONE,,12.0,67.0,175.0,177,105403
473774,W,DOMESTIC,-84.294444,40.816666999999995,GLOBAL POSITIONING SYSTEM,ALLEN,MARION,2006-09-21,53.0,783.5999755859375,LIMESTONE,AIR ROTARY,15.0,16.0,27.0,47,2005262
473791,W,DOMESTIC,-84.147562,40.692561,DIGITIZED,ALLEN,SHAWNEE,1961-07-05,173.0,855.5999755859375,LIMESTONE,,14.0,33.0,152.0,152,264458
473893,W,,-84.131295,40.693328,DIGITIZED,ALLEN,SHAWNEE,1949-11-02,67.0,877.5999755859375,SAND & GRAVEL,,6.0,37.0,67.0,,69616
474143,W,DOMESTIC,-84.186359,40.773215,DIGITIZED,ALLEN,AMERICAN,1962-10-03,73.0,814.0,LIMESTONE,,5.0,21.0,33.0,33,284463
474176,W,DOMESTIC,-84.181631,40.757565,DIGITIZED,ALLEN,AMERICAN,1961-06-06,112.0,825.0999755859375,LIMESTONE,,15.0,22.0,39.0,39,250928
474177,W,DOMESTIC,-84.135965,40.779027,DIGITIZED,ALLEN,AMERICAN,1957-07-08,36.0,834.0,LIMESTONE,,,,30.0,30,193115
474179,W,DOMESTIC,-84.329957,40.838893,DIGITIZED,ALLEN,MARION,1957-05-19,144.0,774.0,LIMESTONE,,7.0,14.0,24.0,24,192053
474180,W,DOMESTIC,-84.203346,40.683651,DIGITIZED,ALLEN,SHAWNEE,1954-02-05,104.0,850.2999877929688,GRAVEL,,,44.0,104.0,,121413
474539,W,DOMESTIC,-84.099722,40.666667,GLOBAL POSITIONING SYSTEM,ALLEN,PERRY,2006-11-20,215.0,945.0999755859375,LIMESTONE,AIR ROTARY,60.0,70.0,184.0,214,2006895
474741,W,DOMESTIC,-84.2249,40.805733,,ALLEN,MARION,2007-04-02,42.0,797.2999877929688,LIMESTONE,CABLE TOOL,9.0,14.0,27.0,22,962771
474816,W,DOMESTIC,-83.918611,40.916667,GLOBAL POSITIONING SYSTEM,ALLEN,RICHLAND,2007-06-22,63.0,809.2999877929688,LIMESTONE,AIR ROTARY,15.0,22.0,29.0,59,2010449
474981,W,DOMESTIC,-84.02928299999999,40.890333,GLOBAL POSITIONING SYSTEM,ALLEN,MONROE,2006-08-01,29.0,785.0,LIMESTONE,CABLE TOOL,12.0,8.0,26.0,28,997914
475070,W,DOMESTIC,-83.95224999999999,40.75466,GLOBAL POSITIONING SYSTEM,ALLEN,JACKSON,2003-08-16,239.0,944.0999755859375,LIMESTONE,ROTARY,15.0,30.0,35.0,29,965176
475178,W,DOMESTIC,-84.16833299999999,40.787777999999996,,ALLEN,AMERICAN,2006-07-01,33.0,809.5,,CABLE TOOL,20.0,17.0,31.0,32,997886
475577,W,MONITOR,-84.15690000000001,40.737283,GLOBAL POSITIONING SYSTEM,ALLEN,AMERICAN,2008-11-07,14.600000381469727,841.5999755859375,CLAY,AUGER,,10.0,2.0,,2019941
475618,W,DOMESTIC,-84.02974999999999,40.65405,GLOBAL POSITIONING SYSTEM,ALLEN,PERRY,2010-03-29,162.0,928.9000244140625,LIMESTONE,ROTARY,45.0,5.0,36.0,34,2026493
475629,W,DOMESTIC,-84.154817,40.77925,,ALLEN,AMERICAN,2009-09-07,240.0,818.4000244140625,LIMESTONE,ROTARY,12.0,40.0,230.0,230,1007289
475651,W,DOMESTIC,-84.23666999999999,40.729169999999996,,ALLEN,AMANDA,2009-08-21,33.0,832.0,SHALE,CABLE TOOL,20.0,25.0,32.0,32,1011867
475798,W,DOMESTIC,-84.097222,40.817778,,ALLEN,MONROE,2008-08-01,29.0,815.2000122070312,SHALE,CABLE TOOL,10.0,11.0,27.0,24,1005880
475962,W,DOMESTIC,-83.993056,40.781110999999996,,ALLEN,JACKSON,2007-10-04,77.0,923.5,LIMESTONE,CABLE TOOL,20.0,55.0,,76,1005859
476068,W,DOMESTIC,-84.01455,40.71045,GLOBAL POSITIONING SYSTEM,ALLEN,PERRY,2012-06-12,100.0,966.9000244140625,LIMESTONE,ROTARY,15.0,47.0,83.0,77,1014548
476128,W,DOMESTIC,-83.95698999999999,40.91608,GEOCODE,ALLEN,RICHLAND,1998-07-23,33.0,787.0999755859375,LIMESTONE,CABLE TOOL,10.0,11.0,26.0,19,869646
476197,W,MONITOR,-84.156933,40.737167,GLOBAL POSITIONING SYSTEM,ALLEN,AMERICAN,2010-04-20,12.5,841.5,CLAY,GEOPROBE,,6.0,2.5,,2027636
476243,W,MONITOR,-84.13485999999999,40.723453,GLOBAL POSITIONING SYSTEM,ALLEN,SHAWNEE,2011-09-01,42.0,839.2000122070312,SAND & GRAVEL,ROTOSONIC,,15.0,42.0,,2034304
476485,W,DOMESTIC,-84.1525,40.7725,GLOBAL POSITIONING SYSTEM,ALLEN,AMERICAN,2010-09-30,203.0,825.0999755859375,LIMESTONE,AIR ROTARY,20.0,40.0,165.0,158,2029616
476656,W,DOMESTIC,-84.20406,40.72372,GEOCODE,ALLEN,SHAWNEE,1992-07-28,63.0,833.7999877929688,LIMESTONE,ROTARY,20.0,24.0,45.0,45,757973
476714,W,DOMESTIC,-84.05941,40.7842,GEOCODE,ALLEN,BATH,1989-10-27,49.0,874.2000122070312,MUD,ROTARY,20.0,30.0,49.0,47,705134
476777,W,DOMESTIC,-84.2234,40.703233,,ALLEN,AMANDA,2013-12-20,60.0,855.9000244140625,LIMESTONE,ROTARY,20.0,33.0,57.0,57,1017833
476867,W,DOMESTIC,-84.07158299999999,40.820032999999995,GLOBAL POSITIONING SYSTEM,ALLEN,MONROE,2014-12-01,38.0,833.2000122070312,LIMESTONE,CABLE TOOL,10.0,18.0,35.0,33,1015559
477038,W,DOMESTIC,-84.235833,40.712222,GLOBAL POSITIONING SYSTEM,ALLEN,AMANDA,2014-11-11,43.0,838.9000244140625,SHALE,CABLE TOOL,20.0,25.0,42.0,42,1018039
477078,W,DOMESTIC,-83.98603299999999,40.688983,GLOBAL POSITIONING SYSTEM,ALLEN,AUGLAIZE,2015-03-06,55.0,936.5999755859375,LIMESTONE,ROTARY,30.0,1.0,26.0,20,1017864
477237,W,MONITOR,-84.17975,40.724979999999995,GLOBAL POSITIONING SYSTEM,ALLEN,SHAWNEE,2016-08-02,13.0,,CLAY,AUGER,,6.0,8.0,,2058273
477319,W,MONITOR,-84.04063,40.78865,GLOBAL POSITIONING SYSTEM,ALLEN,BATH,2017-08-22,14.0,,,GEOPROBE,,,4.0,,2064413
477337,W,AGRIC/IRRIG,-83.95595,40.863717,GLOBAL POSITIONING SYSTEM,ALLEN,RICHLAND,2016-09-07,59.0,,LIMESTONE,ROTARY,30.0,32.0,46.0,44,2059166
477350,W,DOMESTIC,-83.91964,40.804429999999996,GLOBAL POSITIONING SYSTEM,ALLEN,JACKSON,2017-09-06,80.0,,LIMESTONE,ROTARY,40.0,24.0,45.0,43,2064181
477455,W,DOMESTIC,-83.89110000000001,40.819669999999995,GEOCODE,ALLEN,JACKSON,1988-11-26,42.0,905.7000122070312,LIMESTONE,ROTARY,15.0,19.0,34.0,34,694227
477554,W,DOMESTIC,-84.266,40.82405,GLOBAL POSITIONING SYSTEM,ALLEN,MARION,2018-04-24,57.0,,LIMESTONE,ROTARY,7.0,7.0,27.0,18,1020712
477623,W,DOMESTIC,-84.027783,40.772549999999995,GLOBAL POSITIONING SYSTEM,ALLEN,BATH,2020-03-10,57.0,,LIMESTONE,MUD/AIR ROTARY,12.0,32.0,49.0,,2078864
477767,W,AGRIC/IRRIG,-83.93055,40.871167,GLOBAL POSITIONING SYSTEM,ALLEN,RICHLAND,2018-07-23,119.0,,LIMESTONE,ROTARY,30.0,24.0,28.0,,2069416
477902,W,DOMESTIC,-84.09277,40.7626,GEOCODE,ALLEN,BATH,1963-05-30,140.0,874.7999877929688,LIMESTONE,,,,42.0,42,281624
477903,W,,-83.93444,40.86139,GEOCODE,ALLEN,RICHLAND,1994-04-14,40.0,856.2999877929688,LIMESTONE,CABLE TOOL,15.0,30.0,27.0,25,786335
