object_id,record_type,well_use,longitude,latitude,coord_source,county,township,completion_date,total_depth_ft,dem_elev_ft,aquifer_type,drill_type,test_rate_gpm,static_water_level_ft,case_length_ft,bedrock_depth_ft,well_no
4945,W,,-84.163265,40.204484,DIGITIZED,SHELBY,ORANGE,1958-01-28,188.0,1042.300048828125,GRAVEL,,10.0,63.0,188.0,,197848
4946,W,,-84.14412399999999,40.214307,DIGITIZED,SHELBY,ORANGE,1963-06-07,145.0,1055.5999755859375,LIMESTONE,,12.0,39.0,135.0,135,297031
4947,W,,-84.155279,40.264010999999996,DIGITIZED,SHELBY,ORANGE,1969-03-10,109.0,799.7000122070312,GRAVEL,,13.0,83.0,109.0,,392901
4948,W,,-84.13563599999999,40.190697,DIGITIZED,SHELBY,ORANGE,1983-02-04,160.0,1052.699951171875,LIMESTONE,,25.0,38.0,142.0,140,640223
4956,W,DOMESTIC,-84.243141,40.267412,,SHELBY,WASHINGTON,1993-05-13,140.0,972.2000122070312,LIMESTONE,ROTARY,15.0,50.0,76.0,72,764059
5046,W,,-84.374005,40.198156,DIGITIZED,SHELBY,LORAMIE,1952-03-27,241.0,984.5,LIMESTONE,,25.0,36.0,236.0,238,86264
5055,W,,-84.33796699999999,40.369763,DIGITIZED,SHELBY,MCLEAN,1949-07-22,84.0,955.5999755859375,GRAVEL,,10.0,14.0,85.0,,36743
5060,W,,-84.35667,40.24773,,SHELBY,LORAMIE,1928-04-01,85.0,948.5999755859375,SAND & GRAVEL,ROTARY,20.0,21.0,87.0,,674769
5061,W,AGRIC/IRRIG,-84.133123,40.342982,,SHELBY,FRANKLIN,1988-10-04,100.0,1130.4000244140625,GRAVEL,ROTARY,350.0,34.0,100.0,,690158
5062,W,MONITOR,-84.18658599999999,40.378052,DIGITAL MAP,SHELBY,FRANKLIN,1990-08-11,157.0,,GRAVEL,ROTARY,20.0,40.0,157.0,,718719
5063,W,MONITOR,-84.19876,40.375707,DIGITAL MAP,SHELBY,FRANKLIN,1990-09-07,147.0,,SAND & GRAVEL,ROTARY,40.0,38.0,143.0,,718715
5070,W,,-84.184955,40.302459,DIGITIZED,SHELBY,CLINTON,1965-06-28,104.0,954.5999755859375,LIMESTONE,,12.0,74.0,100.0,100,334325
5073,W,,-84.15006,40.317447,DIGITIZED,SHELBY,FRANKLIN,1956-03-22,126.0,1051.5999755859375,LIMESTONE,,,72.0,116.0,119,180467
5074,W,,-84.19118499999999,40.328707,DIGITIZED,SHELBY,FRANKLIN,1954-11-27,102.0,565.9000244140625,SAND & GRAVEL,,15.0,43.0,102.0,,131746
5075,W,,-84.344456,40.368639,DIGITIZED,SHELBY,MCLEAN,1960-12-14,70.0,956.4000244140625,GRAVEL,,15.0,15.0,70.0,,237615
5076,W,,-84.298097,40.329895,DIGITIZED,SHELBY,MCLEAN,1969-07-31,140.0,1016.4000244140625,LIMESTONE,,12.0,57.0,128.0,128,398852
5077,W,,-84.394943,40.226144999999995,DIGITIZED,SHELBY,LORAMIE,1956-07-03,96.0,975.7999877929688,LIMESTONE,,20.0,16.0,96.0,18,168622
5078,W,,-84.208079,40.330549,DIGITIZED,SHELBY,FRANKLIN,1968-11-21,70.0,1018.5999755859375,GRAVEL,,14.0,39.0,70.0,,383432
5079,W,,-84.335409,40.242244,DIGITIZED,SHELBY,LORAMIE,1962-05-17,139.0,968.2999877929688,GRAVEL,,12.0,39.0,139.0,,271461
5080,W,,-84.23764,40.330656,DIGITIZED,SHELBY,TURTLE CREEK,1964-04-06,62.0,517.2999877929688,GRAVEL,,12.0,40.0,62.0,,316109
5081,W,,-84.40647899999999,40.232108,DIGITIZED,SHELBY,LORAMIE,1966-01-10,143.0,975.9000244140625,SHALE,,23.0,14.0,59.0,55,313993
5083,W,,-84.233693,40.467178,DIGITIZED,SHELBY,VAN BUREN,1962-09-24,137.0,972.0999755859375,SAND & GRAVEL,,24.0,38.0,137.0,,272719
5084,W,,-84.321049,40.452377,DIGITIZED,SHELBY,VAN BUREN,1956-11-09,141.0,937.9000244140625,LIMESTONE,,,35.0,89.0,82,193102
5085,W,,-84.257693,40.403247,DIGITIZED,SHELBY,VAN BUREN,1963-01-15,98.0,966.7000122070312,GRAVEL,,20.0,15.0,98.0,,286621
5101,W,,-84.237769,40.265881,DIGITIZED,SHELBY,WASHINGTON,1968-12-01,47.0,556.9000244140625,GRAVEL,,15.0,30.0,47.0,,336555
5102,W,,-84.247221,40.257104,DIGITIZED,SHELBY,WASHINGTON,1967-02-04,46.0,700.0,GRAVEL,,15.0,23.0,46.0,,357675
5188,W,,-84.35914199999999,40.279356,DIGITIZED,SHELBY,CYNTHIAN,1961-08-29,61.0,963.2999877929688,GRAVEL,,12.0,36.0,61.0,,246542
5189,W,,-84.188087,40.277206,DIGITIZED,SHELBY,CLINTON,1956-06-16,150.0,1044.699951171875,LIMESTONE,,10.0,65.0,115.0,115,180483
7247,W,DOMESTIC,-84.39782,40.23364,GEOCODE,SHELBY,LORAMIE,1998-01-30,42.0,972.0999755859375,SAND & GRAVEL,ROTARY,20.0,17.0,39.0,,871208
7361,W,DRY/NO WATER,-84.23530000000001,40.20559,,SHELBY,WASHINGTON,1997-12-04,240.0,938.2999877929688,SHALE,REVERSE ROTARY,,,128.0,124,867150
7777,W,DOMESTIC,-84.135,40.391369999999995,GEOCODE,SHELBY,FRANKLIN,2001-07-31,202.0,1035.699951171875,LIMESTONE,ROTARY,20.0,25.0,139.0,134,934614
8064,W,DOMESTIC,-84.412564,40.228825,,SHELBY,LORAMIE,2001-09-12,100.0,977.4000244140625,SAND & GRAVEL,ROTARY,40.0,18.0,99.0,,934678
8199,W,DOMESTIC,-84.014573,40.321771,GEOCODE,SHELBY,SALEM,2001-12-05,93.0,585.9000244140625,GRAVEL,ROTARY,60.0,16.0,91.0,,937923
8283,W,DOMESTIC,-84.231534,40.35921,GEOCODE,SHELBY,TURTLE CREEK,2000-12-12,182.0,577.4000244140625,LIMESTONE,ROTARY,18.0,46.0,105.0,98,924269
8380,W,DOMESTIC,-84.180188,40.319347,GEOCODE,SHELBY,FRANKLIN,2001-07-26,102.0,973.0999755859375,GRAVEL & SAND,ROTARY,20.0,61.0,100.0,,934608
8398,W,DOMESTIC,-84.34131,40.371111,,SHELBY,MCLEAN,2002-04-18,96.0,957.4000244140625,GRAVEL,ROTARY,100.0,20.0,93.0,62,945223
8410,W,DOMESTIC,-84.40986,40.2115,GEOCODE,SHELBY,LORAMIE,2001-05-10,110.0,980.7000122070312,GRAVEL & SAND,ROTARY,60.0,15.0,108.0,,928548
8598,W,DOMESTIC,-84.37111,40.317969999999995,GEOCODE,SHELBY,CYNTHIAN,2002-08-24,189.0,988.5999755859375,LIMESTONE,ROTARY,20.0,53.0,160.0,153,948537
8648,W,DOMESTIC,-84.069954,40.338046,GEOCODE,SHELBY,SALEM,2002-05-23,148.0,1000.5999755859375,LIMESTONE,CABLE TOOL,6.0,6.0,154.0,140,941309
8663,W,AGRIC/IRRIG,-84.105871,40.303805,,SHELBY,PERRY,2002-03-13,181.0,677.7999877929688,LIMESTONE,ROTARY,30.0,63.0,135.0,129,942361
8982,W,,-84.29831999999999,40.436081,DIGITIZED,SHELBY,VAN BUREN,,90.0,976.0999755859375,LIMESTONE,,,15.0,90.0,85,97302
9171,W,DOMESTIC,-84.02629,40.374900000000004,GLOBAL POSITIONING SYSTEM,SHELBY,SALEM,2003-08-11,82.0,1035.300048828125,GRAVEL & SAND,ROTARY,20.0,17.0,81.0,,965169
9242,W,,-84.324992,40.475953,DGS SURFICIAL MAPPING,SHELBY,VAN BUREN,1968-08-20,200.0,914.0,LIMESTONE,,90.0,,50.0,50,325273
9246,W,,-84.20208,40.217237,DIGITIZED,SHELBY,ORANGE,1963-06-12,104.0,982.7000122070312,LIMESTONE,,10.0,62.0,62.0,62,297032
9329,W,DOMESTIC,-84.19185,40.35183,GLOBAL POSITIONING SYSTEM,SHELBY,FRANKLIN,2004-04-24,101.0,1058.9000244140625,GRAVEL & SAND,ROTARY,25.0,72.0,100.0,,979953
9354,W,DOMESTIC,-84.10844999999999,40.36371,GLOBAL POSITIONING SYSTEM,SHELBY,SALEM,2004-09-24,302.0,732.0999755859375,LIMESTONE,ROTARY,50.0,61.0,179.0,249,984774
9445,W,DOMESTIC,-84.0661,40.35252,GLOBAL POSITIONING SYSTEM,SHELBY,SALEM,2003-11-25,57.0,1050.0999755859375,SAND,ROTARY,35.0,30.0,55.0,,970565
9600,W,DOMESTIC,-84.20089,40.38115,GLOBAL POSITIONING SYSTEM,SHELBY,FRANKLIN,2004-08-02,66.0,1018.7000122070312,,,25.0,42.0,64.0,62,982860
9610,W,DOMESTIC,-84.08234,40.48198,GLOBAL POSITIONING SYSTEM,SHELBY,JACKSON,2004-10-11,83.0,1041.9000244140625,,ROTARY,60.0,40.0,80.0,,984817
9613,W,MONITOR,-84.176954,40.287756,GEOCODE,SHELBY,CLINTON,2004-09-27,28.0,853.0,,AUGER,,,23.0,,968335
9721,W,DOMESTIC,-84.14128,40.21253,GLOBAL POSITIONING SYSTEM,SHELBY,ORANGE,2004-07-05,165.0,1053.9000244140625,LIMESTONE,ROTARY,35.0,36.0,148.0,137,982803
9897,W,DOMESTIC,-84.10842,40.36134,GLOBAL POSITIONING SYSTEM,SHELBY,SALEM,2005-04-15,111.0,901.9000244140625,SAND & GRAVEL,ROTARY,90.0,55.0,108.0,,990130
9924,W,DOMESTIC,-84.24283,40.24904,GLOBAL POSITIONING SYSTEM,SHELBY,WASHINGTON,2005-06-13,120.0,940.0,,ROTARY,110.0,17.0,100.0,88,992316
10165,W,AGRIC/IRRIG,-84.33749,40.4288,GLOBAL POSITIONING SYSTEM,SHELBY,VAN BUREN,2005-09-07,321.0,972.7000122070312,LIMESTONE & SHALE,ROTARY,35.0,54.0,100.0,89,999730
10176,W,DOMESTIC,-84.24387999999999,40.39429,GLOBAL POSITIONING SYSTEM,SHELBY,VAN BUREN,2005-08-04,162.0,976.5,LIMESTONE,ROTARY,18.0,20.0,101.0,95,995925
10707,W,DOMESTIC,-84.41852,40.29885,GLOBAL POSITIONING SYSTEM,SHELBY,CYNTHIAN,2006-07-13,140.0,1021.4000244140625,GRAVEL & SAND,ROTARY,60.0,68.0,137.0,,2003948
10769,W,AGRIC/IRRIG,-84.15556,40.39101,GLOBAL POSITIONING SYSTEM,SHELBY,FRANKLIN,2006-08-29,83.0,1053.300048828125,GRAVEL & SAND,ROTARY,60.0,54.0,79.0,,2004814
10783,W,DOMESTIC,-84.40438999999999,40.30784,GLOBAL POSITIONING SYSTEM,SHELBY,CYNTHIAN,2006-08-31,221.0,991.5999755859375,LIMESTONE,ROTARY,50.0,58.0,130.0,116,2004844
10808,W,DOMESTIC,-84.24230999999999,40.25114,GLOBAL POSITIONING SYSTEM,SHELBY,WASHINGTON,2006-09-23,140.0,949.5999755859375,LIMESTONE,ROTARY,100.0,28.0,118.0,113,2005362
11343,W,DOMESTIC,-84.14757999999999,40.33077,GLOBAL POSITIONING SYSTEM,SHELBY,FRANKLIN,2007-06-08,100.0,1027.800048828125,SAND & GRAVEL,ROTARY,40.0,48.4,98.0,,2010245
11597,W,DOMESTIC,-84.41507,40.240449999999996,GLOBAL POSITIONING SYSTEM,SHELBY,LORAMIE,2007-06-15,121.0,972.2000122070312,LIMESTONE,AIR ROTARY,35.0,13.0,64.0,62,2010352
11724,W,DOMESTIC,-84.40668,40.232119999999995,GLOBAL POSITIONING SYSTEM,SHELBY,LORAMIE,2007-03-17,122.0,975.5,LIMESTONE,ROTARY,30.0,14.0,58.0,52,2008590
11773,W,DOMESTIC,-84.11295,40.322567,,SHELBY,SALEM,2006-10-10,209.0,1037.9000244140625,GRAVEL,ROTARY,15.0,60.0,209.0,,1000063
11781,W,AGRIC/IRRIG,-84.0316,40.31543,GLOBAL POSITIONING SYSTEM,SHELBY,PERRY,2007-04-02,51.0,1058.0,SAND & GRAVEL,ROTARY,40.0,19.0,48.0,,2008874
11902,W,,-84.146497,40.264717,DIGITIZED,SHELBY,ORANGE,1950-07-26,78.0,1003.0999755859375,GRAVEL,,24.0,48.0,78.0,,60161
11965,W,,-84.2445,40.258837,DIGITIZED,SHELBY,WASHINGTON,1961-05-22,48.0,619.0999755859375,GRAVEL,,12.0,28.0,48.0,,259544
12006,W,,-84.336044,40.252007,DIGITIZED,SHELBY,LORAMIE,1953-04-01,110.0,950.5,GRAVEL,,30.0,23.0,110.0,,100757
12007,W,,-84.338391,40.256412999999995,DIGITIZED,SHELBY,LORAMIE,1959-09-14,86.0,974.0999755859375,GRAVEL,,20.0,52.0,86.0,,199350
12222,W,,-84.35959,40.377469,DIGITIZED,SHELBY,MCLEAN,1949-05-09,62.0,956.7999877929688,GRAVEL,,20.0,18.0,62.0,,56607
12247,W,DRY/NO WATER,-84.11211999999999,40.34579,GLOBAL POSITIONING SYSTEM,SHELBY,SALEM,2008-07-15,290.0,1066.300048828125,CLAY,ROTARY,,290.0,,,2017518
12327,W,DOMESTIC,-84.22748,40.26509,GLOBAL POSITIONING SYSTEM,SHELBY,WASHINGTON,2009-05-22,127.0,752.4000244140625,LIMESTONE,ROTARY,65.0,42.0,86.5,80,2022260
12348,W,OBSERVATION,-84.25271699999999,40.225500000000004,GLOBAL POSITIONING SYSTEM,SHELBY,WASHINGTON,2008-10-15,55.0,890.7999877929688,SAND & GRAVEL,AUGER,,10.0,45.0,,2020314
12369,W,DOMESTIC,-84.320934,40.437608999999995,DGS SURFICIAL MAPPING,SHELBY,VAN BUREN,2009-10-03,148.0,966.7000122070312,LIMESTONE,AIR ROTARY,20.0,45.0,95.0,86,2024643
12371,W,MONITOR,-84.17166999999999,40.28794,MAP-OTHERS,SHELBY,CLINTON,2008-08-06,102.5,1014.2999877929688,SILT/SAND/GRAVEL,ROTOSONIC,,53.0,107.0,,2020212
12587,W,AGRIC/IRRIG,-84.20443999999999,40.34211,GLOBAL POSITIONING SYSTEM,SHELBY,FRANKLIN,2008-09-11,142.0,1040.800048828125,GRAVEL & SAND,ROTARY,200.0,60.0,137.0,,2018576
12605,W,DOMESTIC,-84.3377,40.38137,GLOBAL POSITIONING SYSTEM,SHELBY,MCLEAN,2008-07-18,136.0,960.5,LIMESTONE,ROTARY,100.0,27.0,95.0,90,2017619
12694,W,DOMESTIC,-84.35687999999999,40.35442,GLOBAL POSITIONING SYSTEM,SHELBY,MCLEAN,2008-02-04,170.0,950.7999877929688,LIMESTONE,ROTARY,60.0,18.900000000000002,102.0,163,2015011
12887,W,DOMESTIC,-84.05677999999999,40.35445,GLOBAL POSITIONING SYSTEM,SHELBY,SALEM,2011-09-27,143.0,1072.0,SAND & GRAVEL,ROTARY,60.0,69.0,140.0,,2034659
12983,W,DOMESTIC,-84.22590000000001,40.28261,GLOBAL POSITIONING SYSTEM,SHELBY,TURTLE CREEK,2010-08-20,106.0,987.5,LIMESTONE,ROTARY,50.0,32.5,67.0,64,2028496
13034,W,DOMESTIC,-84.41726,40.253879999999995,GLOBAL POSITIONING SYSTEM,SHELBY,LORAMIE,2010-11-01,181.0,1022.5999755859375,LIMESTONE,ROTARY,40.0,72.0,125.0,118,2029767
13144,W,DOMESTIC,-84.10333,40.47078,GLOBAL POSITIONING SYSTEM,SHELBY,JACKSON,2011-06-09,97.0,1054.800048828125,SAND & GRAVEL,ROTARY,80.0,47.9,95.0,,2032715
13293,W,DOMESTIC,-84.35629,40.35252,GLOBAL POSITIONING SYSTEM,SHELBY,MCLEAN,2010-09-30,167.0,956.4000244140625,LIMESTONE,ROTARY,90.0,25.400000000000002,103.0,90,2029185
13407,W,AGRIC/IRRIG,-84.26508,40.25637,GLOBAL POSITIONING SYSTEM,SHELBY,WASHINGTON,2013-06-25,179.0,985.0999755859375,LIMESTONE,ROTARY,45.0,57.6,98.0,90,2043426
13480,W,DOMESTIC,-84.12044999999999,40.302883,GLOBAL POSITIONING SYSTEM,SHELBY,PERRY,2013-09-25,250.0,891.0999755859375,LIMESTONE,ROTARY,8.0,118.0,205.0,203,2045109
13489,W,DOMESTIC,-84.00737,40.41824,GLOBAL POSITIONING SYSTEM,SHELBY,JACKSON,2013-04-08,220.0,1025.0999755859375,LIMESTONE,ROTARY,60.0,19.1,200.0,197,2042456
13493,W,DOMESTIC,-84.36729,40.32107,GLOBAL POSITIONING SYSTEM,SHELBY,CYNTHIAN,2014-02-13,219.0,982.2000122070312,LIMESTONE,ROTARY,15.0,48.7,135.0,130,2046406
13508,W,DOMESTIC,-84.01984,40.38288,GLOBAL POSITIONING SYSTEM,SHELBY,SALEM,2013-10-25,122.0,1035.0,SAND & GRAVEL,ROTARY,20.0,26.400000000000002,118.0,,2045217
13541,W,DOMESTIC,-84.07369,40.36998,GLOBAL POSITIONING SYSTEM,SHELBY,SALEM,2014-01-31,59.0,1056.9000244140625,SAND & GRAVEL,ROTARY,15.0,25.0,56.0,,2046322
13574,W,DOMESTIC,-84.14732,40.39416,GLOBAL POSITIONING SYSTEM,SHELBY,FRANKLIN,2013-08-08,221.0,1038.9000244140625,LIMESTONE,ROTARY,45.0,42.2,150.0,145,2043974
13797,W,DOMESTIC,-84.36977999999999,40.296189999999996,GLOBAL POSITIONING SYSTEM,SHELBY,CYNTHIAN,2015-09-29,123.0,978.7999877929688,LIMESTONE,ROTARY,20.0,50.0,100.0,89,2054000
13844,W,DOMESTIC,-84.09626,40.42801,GLOBAL POSITIONING SYSTEM,SHELBY,JACKSON,2015-06-10,82.0,1034.5999755859375,SAND & GRAVEL,ROTARY,20.0,16.0,79.0,,2052383
13889,W,DOMESTIC,-84.35667,40.235679999999995,GLOBAL POSITIONING SYSTEM,SHELBY,LORAMIE,2014-11-20,66.0,954.4000244140625,SAND & GRAVEL,ROTARY,20.0,20.0,63.0,,2050141
13966,W,DOMESTIC,-84.12826,40.42499,GLOBAL POSITIONING SYSTEM,SHELBY,DINSMORE,2016-11-10,141.0,,SAND & GRAVEL,ROTARY,20.0,61.0,138.0,,2059935
13993,W,DOMESTIC,-84.18202,40.40996,GLOBAL POSITIONING SYSTEM,SHELBY,DINSMORE,2016-04-22,86.0,,SAND & GRAVEL,ROTARY,40.0,25.0,83.0,,2056794
14023,W,DOMESTIC,-84.05751699999999,40.336717,GLOBAL POSITIONING SYSTEM,SHELBY,PERRY,2016-09-26,39.0,,SAND & GRAVEL,ROTARY,35.0,12.0,37.0,,2059285
14085,W,DOMESTIC,-84.307069,40.466043,GLOBAL POSITIONING SYSTEM,SHELBY,VAN BUREN,2016-10-31,180.0,,LIMESTONE,AIR ROTARY,40.0,40.0,148.0,140,2060031
14249,W,,-84.367721,40.294742,DIGITIZED,SHELBY,CYNTHIAN,1955-04-24,100.0,977.0,LIMESTONE,,12.0,50.0,93.0,92,132383
14328,W,DOMESTIC,-84.12843,40.347519999999996,GLOBAL POSITIONING SYSTEM,SHELBY,SALEM,2019-12-06,82.0,,SAND & GRAVEL,ROTARY,25.0,43.0,79.0,,2077111
14347,W,DOMESTIC,-84.207405,40.307746,DIGITAL MAP,SHELBY,CLINTON,1998-09-10,84.0,1052.5999755859375,SAND & GRAVEL,ROTARY,25.0,31.0,81.60000000000001,,883634
14433,W,DOMESTIC,-84.34828,40.35324,GLOBAL POSITIONING SYSTEM,SHELBY,MCLEAN,2018-05-09,77.0,,SAND & GRAVEL,ROTARY,20.0,27.0,74.0,,2067773
14444,W,DOMESTIC,-84.224423,40.255915,DIGITAL MAP,SHELBY,WASHINGTON,2000-05-19,162.0,,LIMESTONE,ROTARY,20.0,43.0,81.0,73,915373
14480,W,DOMESTIC,-84.279442,40.263194999999996,DIGITIZED,SHELBY,WASHINGTON,1999-11-01,130.0,,GRAVEL & SAND,ROTARY,20.0,76.0,127.0,,905919
14483,W,DOMESTIC,-84.26043,40.225789999999996,GLOBAL POSITIONING SYSTEM,SHELBY,WASHINGTON,2018-04-30,100.0,,SAND & GRAVEL,ROTARY,20.0,57.0,96.0,,2067658
14484,W,DOMESTIC,-84.33889599999999,40.322123999999995,DIGITAL MAP,SHELBY,CYNTHIAN,1999-10-11,108.0,,GRAVEL & SAND,ROTARY,50.0,52.0,104.5,,902944
14488,W,DOMESTIC,-84.22008,40.37195,GLOBAL POSITIONING SYSTEM,SHELBY,FRANKLIN,2017-12-13,95.0,,SAND & GRAVEL,ROTARY,20.0,57.0,92.0,,2065968
14492,W,DOMESTIC,-84.135076,40.388118,DIGITAL MAP,SHELBY,FRANKLIN,1999-01-28,59.0,,GRAVEL,ROTARY,18.0,14.0,56.5,,889085
14493,W,DOMESTIC,-84.135009,40.394408999999996,DIGITAL MAP,SHELBY,FRANKLIN,1999-06-07,169.0,,LIMESTONE,ROTARY,60.0,32.0,148.5,143,897148
14546,W,DOMESTIC,-84.339345,40.410579999999996,DIGITAL MAP,SHELBY,MCLEAN,2000-02-01,181.0,,LIMESTONE,AIR ROTARY,50.0,57.0,106.0,99,908458
14547,W,DOMESTIC,-84.15055799999999,40.32922,DIGITAL MAP,SHELBY,FRANKLIN,1999-03-19,162.0,902.0999755859375,LIMESTONE,ROTARY,18.0,45.0,89.0,84,889141
14616,W,DOMESTIC,-84.101072,40.284966,DIGITAL MAP,SHELBY,PERRY,1999-05-13,104.0,1029.4000244140625,GRAVEL,AIR ROTARY,25.0,23.0,104.0,,874890
14624,W,DOMESTIC,-84.23175599999999,40.35544,DIGITAL MAP,SHELBY,TURTLE CREEK,1999-05-17,182.0,,LIMESTONE,ROTARY,20.0,47.0,95.0,89,894809
14626,W,DOMESTIC,-84.306823,40.426033,DIGITAL MAP,SHELBY,VAN BUREN,2000-02-11,142.0,,LIMESTONE,ROTARY,20.0,48.0,103.5,98,908474
14630,W,DOMESTIC,-84.23402399999999,40.438511,DIGITAL MAP,SHELBY,VAN BUREN,1998-05-16,78.0,,GRAVEL & SAND,ROTARY,20.0,38.0,75.5,,871333
14631,W,AGRIC/IRRIG,-84.31300999999999,40.450538,DIGITAL MAP,SHELBY,VAN BUREN,2000-06-05,172.0,,LIMESTONE,ROTARY,100.0,19.0,133.0,127,915393
14658,W,,-84.11891,40.288602,DIGITIZED,SHELBY,PERRY,1957-03-21,201.0,1097.4000244140625,LIMESTONE,,10.0,52.0,176.0,176,198818
14772,W,DOMESTIC,-84.175574,40.417972,DIGITAL MAP,SHELBY,DINSMORE,1998-07-13,64.0,,SAND & GRAVEL,ROTARY,20.0,34.0,64.0,,859996
14790,W,DOMESTIC,-84.09895999999999,40.327461,DIGITAL MAP,SHELBY,SALEM,2000-09-05,48.0,1020.9000244140625,SAND & GRAVEL,AIR ROTARY,35.0,26.0,43.0,,920779
14792,W,DOMESTIC,-84.407276,40.234477,DIGITAL MAP,SHELBY,LORAMIE,2000-11-28,122.0,,LIMESTONE,AIR ROTARY,18.0,14.0,55.5,52,924254
14795,W,DOMESTIC,-84.413314,40.231105,DIGITAL MAP,SHELBY,LORAMIE,1998-07-09,73.0,,GRAVEL,AIR ROTARY,20.0,19.0,71.0,,880701
14867,W,DOMESTIC,-84.233862,40.355990999999996,DIGITAL MAP,SHELBY,TURTLE CREEK,1998-09-10,202.0,857.2999877929688,LIMESTONE,ROTARY,25.0,43.0,95.0,86,883635
14908,W,DOMESTIC,-84.16211,40.211811999999995,DIGITAL MAP,SHELBY,ORANGE,1999-07-20,158.0,,GRAVEL & SAND,AIR ROTARY,50.0,66.0,155.0,,899073
14957,W,DOMESTIC,-84.31139,40.39348,GLOBAL POSITIONING SYSTEM,SHELBY,MCLEAN,2018-06-09,123.0,,LIMESTONE,ROTARY,50.0,29.0,74.0,68,2068387
14972,W,DOMESTIC,-84.32774599999999,40.418999,DIGITAL MAP,SHELBY,MCLEAN,2000-10-11,158.0,,LIMESTONE,AIR ROTARY,20.0,50.0,101.5,96,920723
14973,W,DOMESTIC,-84.351148,40.329499,DIGITAL MAP,SHELBY,MCLEAN,2000-08-28,124.0,,GRAVEL & SAND,AIR ROTARY,60.0,35.0,121.0,,920791
14991,W,DOMESTIC,-84.09416999999999,40.37113,GLOBAL POSITIONING SYSTEM,SHELBY,SALEM,2019-11-11,164.0,,SAND & GRAVEL,ROTARY,20.0,36.0,161.0,,2076708
20114,W,,-84.135223,40.204930999999995,DIGITIZED,SHELBY,ORANGE,1954-10-20,22.0,1063.199951171875,GRAVEL,,10.0,11.0,22.0,,131194
20115,W,,-84.071636,40.208704999999995,DIGITIZED,SHELBY,GREEN,1956-08-13,90.0,1100.5999755859375,GRAVEL,,10.0,33.0,90.0,,184854
20116,W,,-84.096485,40.200458999999995,DIGITIZED,SHELBY,GREEN,1960-09-21,125.0,1087.800048828125,GRAVEL,,20.0,30.0,125.0,,237624
20134,W,DOMESTIC,-84.25268799999999,40.237739,,SHELBY,WASHINGTON,1989-08-29,278.0,934.2000122070312,SHALE,ROTARY,10.0,72.0,193.0,175,702652
20148,W,DOMESTIC,-84.236139,40.237645,,SHELBY,WASHINGTON,1992-06-06,135.0,955.7999877929688,LIMESTONE,ROTARY,18.0,56.0,94.0,90,754044
20231,W,,-84.362314,40.289100000000005,DIGITIZED,SHELBY,CYNTHIAN,1951-05-15,60.0,991.2999877929688,GRAVEL,,10.0,20.0,60.0,,7888
20232,W,,-84.17398899999999,40.331894,DIGITIZED,SHELBY,FRANKLIN,,80.0,1013.5999755859375,GRAVEL,,20.0,46.0,80.0,,60191
20260,W,,-84.018075,40.454223999999996,DIGITIZED,SHELBY,JACKSON,1963-08-26,211.0,1023.7000122070312,LIMESTONE,,12.0,28.0,182.0,181,272741
20261,W,,-84.192878,40.364968,DIGITIZED,SHELBY,FRANKLIN,1969-09-13,188.0,1047.699951171875,LIMESTONE,,24.0,75.0,146.0,140,374335
20263,W,,-84.11552999999999,40.2766,DIGITIZED,SHELBY,PERRY,1961-08-22,48.0,743.5,GRAVEL,,12.0,17.0,48.0,,271813
20264,W,,-84.416817,40.234055999999995,DIGITIZED,SHELBY,LORAMIE,1954-05-27,43.0,972.7999877929688,GRAVEL,,20.0,10.0,43.0,,122174
20265,W,,-84.376755,40.234612,DIGITIZED,SHELBY,LORAMIE,1989-06-08,190.0,965.0999755859375,SAND & GRAVEL,,20.0,40.0,190.0,,199342
20267,W,,-84.285153,40.362169,DIGITIZED,SHELBY,TURTLE CREEK,1957-06-20,107.0,976.0,LIMESTONE,,20.0,24.0,86.0,82,161222
20268,W,,-84.327371,40.474779999999996,DIGITIZED,SHELBY,VAN BUREN,1965-11-20,100.0,923.9000244140625,LIMESTONE,,90.0,18.0,60.0,58,325271
20269,W,DOMESTIC,-84.049432,40.269005,,SHELBY,PERRY,1996-09-17,72.0,703.0,SAND & GRAVEL,ROTARY,20.0,13.0,69.0,,843447
20270,W,,-84.26556,40.340579999999996,,SHELBY,TURTLE CREEK,1979-09-24,49.0,1008.2000122070312,GRAVEL,,15.0,24.0,,,561285
20271,W,,-84.233201,40.408232999999996,DIGITIZED,SHELBY,VAN BUREN,1960-06-17,117.0,971.4000244140625,GRAVEL,,5.0,13.0,85.0,,217114
20272,W,,-84.303004,40.447894999999995,DIGITIZED,SHELBY,VAN BUREN,1953-11-23,108.0,960.4000244140625,SAND & GRAVEL,,,38.0,105.0,,105445
20273,W,,-84.325732,40.474242,DIGITIZED,SHELBY,VAN BUREN,1968-09-17,185.0,913.0999755859375,LIMESTONE,,90.0,,47.0,47,325274
20279,W,,-84.277112,40.269383,DIGITIZED,SHELBY,WASHINGTON,1953-12-06,128.0,1002.7999877929688,GRAVEL,,10.0,48.0,128.0,,43288
20280,W,,-84.236265,40.20476,DIGITIZED,SHELBY,WASHINGTON,1956-12-03,108.0,927.4000244140625,GRAVEL,,10.0,65.0,108.0,,151441
20281,W,,-84.235331,40.207989999999995,DIGITIZED,SHELBY,WASHINGTON,1955-04-10,84.0,944.0999755859375,GRAVEL & CLAY,,20.0,40.0,84.0,,122248
20285,W,,-84.224407,40.236325,DIGITIZED,SHELBY,WASHINGTON,1956-09-05,61.0,983.4000244140625,GRAVEL,,15.0,40.0,61.0,,151432
20342,W,,-84.337676,40.391909999999996,DIGITIZED,SHELBY,MCLEAN,1951-08-01,125.0,976.2000122070312,LIMESTONE,,10.0,27.0,106.0,106,82467
20343,W,,-84.34830099999999,40.306882,DIGITIZED,SHELBY,CYNTHIAN,1953-12-28,116.0,972.7999877929688,LIMESTONE,,8.0,34.7,103.0,103,106272
20344,W,,-84.365769,40.328680999999996,DIGITIZED,SHELBY,CYNTHIAN,1967-09-11,78.0,970.7999877929688,GRAVEL,,15.0,28.0,78.0,,359670
20347,W,,-84.335213,40.291819,DIGITIZED,SHELBY,CYNTHIAN,1965-04-05,77.0,984.4000244140625,GRAVEL,,12.0,47.0,77.0,,327299
20348,W,,-84.20764299999999,40.299489,DIGITIZED,SHELBY,CLINTON,1962-04-15,70.0,994.0,LIMESTONE,,21.0,14.0,64.0,62,272666
22279,W,DOMESTIC,-84.338895,40.458178,,SHELBY,VAN BUREN,1997-10-11,115.0,935.5999755859375,LIMESTONE,ROTARY,20.0,35.0,69.0,60,864558
23273,W,DOMESTIC,-84.37113,40.31747,GEOCODE,SHELBY,CYNTHIAN,2001-11-27,202.0,992.7999877929688,LIMESTONE,ROTARY,125.0,58.0,176.0,166,937901
23449,W,DOMESTIC,-84.29959099999999,40.387333,DGS SURFICIAL MAPPING,SHELBY,MCLEAN,2002-07-26,102.0,960.7999877929688,LIMESTONE,ROTARY,35.0,16.0,62.0,51,948494
23627,W,AGRIC/IRRIG,-84.41516999999999,40.33745,GEOCODE,SHELBY,MCLEAN,2002-05-13,124.0,955.0999755859375,SAND & GRAVEL,ROTARY,125.0,16.0,120.0,,945199
23698,W,DOMESTIC,-84.23536,40.20663,,SHELBY,WASHINGTON,2002-10-03,60.0,930.2999877929688,SAND & GRAVEL,ROTARY,17.0,45.0,57.0,4,951784
23743,W,DOMESTIC,-84.26570099999999,40.39306,DGS SURFICIAL MAPPING,SHELBY,VAN BUREN,2002-12-13,70.0,967.0999755859375,GRAVEL & SAND,ROTARY,65.0,19.0,66.0,,955478
23789,W,DOMESTIC,-84.11522699999999,40.329633,GEOCODE,SHELBY,SALEM,2002-10-17,37.0,814.0999755859375,,ROTARY,5.0,17.0,35.0,,951813
23995,W,DOMESTIC,-84.32244,40.31442,GEOCODE,SHELBY,CYNTHIAN,2003-02-18,158.0,997.0,LIMESTONE,ROTARY,15.0,70.0,133.0,121,956739
24046,W,,-84.262177,40.394265,DIGITIZED,SHELBY,VAN BUREN,1962-03-28,177.0,966.9000244140625,LIMESTONE,,15.0,18.0,64.0,60,272705
24124,W,,-84.220024,40.3607,DIGITIZED,SHELBY,TURTLE CREEK,,125.0,1013.7000122070312,LIMESTONE,,20.0,39.0,90.0,65,60192
24215,W,,-84.02758999999999,40.235316999999995,DIGITIZED,SHELBY,GREEN,1960-06-28,108.0,1076.199951171875,GRAVEL,,12.0,32.0,108.0,,246638
24234,W,DOMESTIC,-84.13618,40.42471,GLOBAL POSITIONING SYSTEM,SHELBY,DINSMORE,2003-06-19,88.0,1055.199951171875,SAND & GRAVEL,ROTARY,50.0,50.0,85.0,,961880
24388,W,PUBLIC/SEMI-PUB,-84.19597999999999,40.47588,GLOBAL POSITIONING SYSTEM,SHELBY,DINSMORE,2003-11-19,309.0,1011.5,LIMESTONE,ROTARY,300.0,73.0,120.0,111,969476
24407,W,,-84.067875,40.303338,DIGITIZED,SHELBY,PERRY,1964-01-27,47.0,990.2999877929688,GRAVEL,,15.0,17.0,47.0,,307047
24420,W,,-84.199033,40.21639,DIGITIZED,SHELBY,ORANGE,1966-01-28,87.0,981.0999755859375,LIMESTONE,,10.0,34.0,67.0,66,328524
24555,W,DOMESTIC,-84.27649,40.371759999999995,GLOBAL POSITIONING SYSTEM,SHELBY,TURTLE CREEK,2004-10-25,122.0,985.4000244140625,LIMESTONE,ROTARY,50.0,31.0,107.0,97,987732
24556,W,,-84.27369,40.22824,GLOBAL POSITIONING SYSTEM,SHELBY,WASHINGTON,2004-10-18,282.0,972.7999877929688,,ROTARY,,,,275,984805
24585,W,DOMESTIC,-84.16272,40.38147,GLOBAL POSITIONING SYSTEM,SHELBY,FRANKLIN,2003-11-24,79.0,1044.4000244140625,,ROTARY,30.0,49.0,77.0,,970570
25051,W,DOMESTIC,-84.03278,40.29497,GLOBAL POSITIONING SYSTEM,SHELBY,PERRY,2005-09-16,79.0,1056.0999755859375,GRAVEL & SAND,ROTARY,90.0,9.0,77.0,,999747
25211,W,DOMESTIC,-84.210872,40.265903,GEOCODE,SHELBY,WASHINGTON,2005-07-07,116.0,766.9000244140625,,ROTARY,60.0,45.0,88.0,84,995889
25302,W,DOMESTIC,-84.12926,40.45323,GLOBAL POSITIONING SYSTEM,SHELBY,DINSMORE,2005-11-23,126.0,1033.5,GRAVEL,ROTARY,90.0,41.0,123.0,,2000374
25334,W,DOMESTIC,-84.43099,40.24485,GLOBAL POSITIONING SYSTEM,SHELBY,LORAMIE,2005-08-04,167.0,1008.5999755859375,LIMESTONE,ROTARY,20.0,48.0,102.0,160,995927
25480,W,,-84.06230000000001,40.353584999999995,DIGITIZED,SHELBY,SALEM,1979-08-23,188.0,973.5999755859375,LIMESTONE,,15.0,56.0,183.0,181,537206
25520,W,,-84.069861,40.218142,DIGITIZED,SHELBY,GREEN,1948-10-20,30.0,1091.5,GRAVEL,,20.0,14.0,30.0,,42445
26557,W,DOMESTIC,-84.13865,40.36126,GLOBAL POSITIONING SYSTEM,SHELBY,FRANKLIN,2007-07-02,238.0,1030.0999755859375,GRAVEL & SAND,ROTARY,100.0,42.2,200.0,,2010693
26575,W,MONITOR,-84.149564,40.28335,GLOBAL POSITIONING SYSTEM,SHELBY,CLINTON,2007-08-14,18.0,836.2999877929688,SAND & GRAVEL,AUGER,,17.900000000000002,17.900000000000002,,2011854
26614,W,DOMESTIC,-84.21723,40.33126,GLOBAL POSITIONING SYSTEM,SHELBY,TURTLE CREEK,2007-08-15,179.0,1098.4000244140625,LIMESTONE,ROTARY,35.0,69.8,125.0,121,2011942
26754,W,DOMESTIC,-84.07771,40.33164,GLOBAL POSITIONING SYSTEM,SHELBY,PERRY,2004-06-02,131.0,1037.0,GRAVEL & CLAY,ROTARY,40.0,84.0,130.0,,979913
26773,W,DOMESTIC,-84.30615,40.32893,GLOBAL POSITIONING SYSTEM,SHELBY,CYNTHIAN,2007-01-17,217.0,1014.0,LIMESTONE,ROTARY,30.0,68.0,130.0,125,2007900
26798,W,DOMESTIC,-84.39307,40.377829999999996,GLOBAL POSITIONING SYSTEM,SHELBY,MCLEAN,2007-01-11,93.0,966.0,GRAVEL & SAND,ROTARY,75.0,36.0,90.0,,2007795
26961,W,,-84.16351399999999,40.236118999999995,DIGITIZED,SHELBY,ORANGE,1965-09-25,115.0,1031.5999755859375,GRAVEL,,12.0,58.0,115.0,,342855
27046,W,,-84.371477,40.330239999999996,DIGITIZED,SHELBY,MCLEAN,1963-05-24,66.0,968.0,GRAVEL,,12.0,27.0,66.0,,271498
27344,W,,-84.07986,40.396462,DIGITIZED,SHELBY,JACKSON,1953-11-06,104.0,1054.5,GRAVEL,,20.0,52.0,104.0,,122152
27464,W,DOMESTIC,-84.26792999999999,40.33762,GLOBAL POSITIONING SYSTEM,SHELBY,TURTLE CREEK,2009-08-11,168.0,1000.5,LIMESTONE,ROTARY,30.0,43.5,100.0,94,2023509
27645,W,AGRIC/IRRIG,-84.31178,40.293,GLOBAL POSITIONING SYSTEM,SHELBY,CYNTHIAN,2008-06-05,202.0,994.2999877929688,LIMESTONE,ROTARY,125.0,56.7,107.0,200,2016806
27738,W,DOMESTIC,-84.19109,40.438449999999996,GLOBAL POSITIONING SYSTEM,SHELBY,DINSMORE,2009-07-13,63.0,987.0999755859375,GRAVEL & SAND,ROTARY,30.0,20.8,61.0,,2022968
27792,W,DOMESTIC,-84.13575999999999,40.32751,GLOBAL POSITIONING SYSTEM,SHELBY,FRANKLIN,2008-01-25,227.0,1010.7000122070312,LIMESTONE,ROTARY,45.0,56.0,160.0,152,2014903
27794,W,DOMESTIC,-84.29012,40.21618,GLOBAL POSITIONING SYSTEM,SHELBY,WASHINGTON,2009-07-24,160.0,989.5,GRAVEL & SAND,ROTARY,75.0,85.3,157.0,,2023141
27802,W,AGRIC/IRRIG,-84.2395,40.4364,GLOBAL POSITIONING SYSTEM,SHELBY,VAN BUREN,2010-04-29,81.0,983.2999877929688,GRAVEL & SAND,ROTARY,60.0,39.5,78.0,,2026876
27905,W,DOMESTIC,-84.29928,40.39122,GLOBAL POSITIONING SYSTEM,SHELBY,MCLEAN,2007-10-30,100.0,954.0999755859375,LIMESTONE,ROTARY,150.0,15.700000000000001,75.0,65,2013493
27909,W,DOMESTIC,-84.02162,40.44139,GLOBAL POSITIONING SYSTEM,SHELBY,JACKSON,2008-04-22,70.0,1048.5,GRAVEL & SAND,ROTARY,30.0,24.6,67.0,,2016065
27915,W,DOMESTIC,-84.010634,40.355188999999996,GEOCODE,SHELBY,VAN BUREN,2008-05-16,66.0,686.9000244140625,GRAVEL & SAND,ROTARY,20.0,48.5,63.0,,2016487
27916,W,DOMESTIC,-84.26208,40.392579999999995,GLOBAL POSITIONING SYSTEM,SHELBY,VAN BUREN,2008-05-16,128.0,968.2000122070312,LIMESTONE,ROTARY,50.0,16.8,70.0,64,2016488
27946,W,DOMESTIC,-84.263697,40.454681,DGS SURFICIAL MAPPING,SHELBY,VAN BUREN,2008-04-07,115.0,976.4000244140625,GRAVEL,ROTARY,10.0,50.0,109.0,,2016335
27992,W,DOMESTIC,-84.10132999999999,40.21065,GLOBAL POSITIONING SYSTEM,SHELBY,GREEN,2010-11-16,201.0,1084.800048828125,LIMESTONE,ROTARY,65.0,31.8,152.0,166,2030035
28090,W,DOMESTIC,-84.03441699999999,40.262667,GLOBAL POSITIONING SYSTEM,SHELBY,PERRY,2012-04-23,298.0,1076.9000244140625,LIMESTONE,ROTARY,12.0,44.0,257.0,255,2037672
28320,W,DOMESTIC,-84.3431,40.369479999999996,GLOBAL POSITIONING SYSTEM,SHELBY,MCLEAN,2011-08-09,69.0,960.4000244140625,GRAVEL & SAND,ROTARY,25.0,40.0,67.0,,2033827
28368,W,AGRIC/IRRIG,-84.02275999999999,40.37551,GLOBAL POSITIONING SYSTEM,SHELBY,SALEM,2012-08-03,63.0,1037.699951171875,SAND & GRAVEL,ROTARY,85.0,23.7,58.0,,2038970
28422,W,AGRIC/IRRIG,-84.05982,40.32542,GLOBAL POSITIONING SYSTEM,SHELBY,PERRY,2012-07-17,101.0,1042.300048828125,SAND & GRAVEL,ROTARY,120.0,39.300000000000004,99.0,,2038562
28428,W,DOMESTIC,-84.07692999999999,40.21057,GLOBAL POSITIONING SYSTEM,SHELBY,GREEN,2012-08-31,49.0,1099.9000244140625,SAND & GRAVEL,ROTARY,90.0,15.6,46.0,,2039439
28474,W,AGRIC/IRRIG,-84.25840000000001,40.38319,GLOBAL POSITIONING SYSTEM,SHELBY,VAN BUREN,2011-11-10,138.0,977.7000122070312,LIMESTONE,ROTARY,30.0,24.7,80.0,74,2035414
28477,W,DOMESTIC,-84.2508,40.206179999999996,GLOBAL POSITIONING SYSTEM,SHELBY,WASHINGTON,2011-06-29,118.0,930.4000244140625,GRAVEL & SAND,ROTARY,65.0,41.4,115.0,,2033019
28572,W,DOMESTIC,-84.13266,40.35395,GLOBAL POSITIONING SYSTEM,SHELBY,FRANKLIN,2013-10-18,97.0,1052.300048828125,SAND & GRAVEL,ROTARY,45.0,55.5,93.0,,2045134
28574,W,DOMESTIC,-84.064533,40.269932999999995,,SHELBY,PERRY,2013-06-04,116.0,1068.199951171875,SAND & GRAVEL,ROTARY,60.0,19.0,114.0,,2043473
28613,W,DOMESTIC,-84.25824999999999,40.31986,GLOBAL POSITIONING SYSTEM,SHELBY,TURTLE CREEK,2013-02-08,179.0,997.5999755859375,LIMESTONE,ROTARY,35.0,41.0,70.0,63,2041854
28796,W,DOMESTIC,-84.26464,40.323209999999996,GLOBAL POSITIONING SYSTEM,SHELBY,TURTLE CREEK,2014-12-22,198.0,1022.0,LIMESTONE,ROTARY,12.0,65.0,98.0,93,2050531
28821,W,DOMESTIC,-84.25891299999999,40.256674,MAP-OTHERS,SHELBY,WASHINGTON,2015-06-29,83.0,976.7000122070312,GRAVEL,AIR ROTARY,35.0,60.0,80.0,85,2052708
28823,W,AGRIC/IRRIG,-84.18261,40.47653,GLOBAL POSITIONING SYSTEM,SHELBY,DINSMORE,2015-12-07,116.0,,SAND & GRAVEL,ROTARY,30.0,56.0,113.0,,2055160
28904,W,DOMESTIC,-84.33867,40.229459999999996,GLOBAL POSITIONING SYSTEM,SHELBY,LORAMIE,2016-05-10,163.0,,LIMESTONE,ROTARY,15.0,33.0,88.0,85,2057009
28947,W,DOMESTIC,-84.06002,40.3855,GLOBAL POSITIONING SYSTEM,SHELBY,JACKSON,2016-04-20,86.0,,SAND & GRAVEL,ROTARY,18.0,42.0,81.0,,2056740
29012,W,AGRIC/IRRIG,-84.03712,40.3896,GLOBAL POSITIONING SYSTEM,SHELBY,JACKSON,2015-06-10,71.0,1040.0,SAND & GRAVEL,ROTARY,20.0,23.0,68.0,,2052384
29017,W,DOMESTIC,-84.09333,40.32927,GLOBAL POSITIONING SYSTEM,SHELBY,SALEM,2015-03-04,72.0,972.0999755859375,SAND & GRAVEL,ROTARY,15.0,28.0,69.0,,2051226
29132,W,DOMESTIC,-84.26065,40.3918,GLOBAL POSITIONING SYSTEM,SHELBY,VAN BUREN,2014-10-30,149.0,966.7999877929688,LIMESTONE,ROTARY,25.0,18.0,63.0,58,2049848
29170,W,DOMESTIC,-84.03988,40.33808,GLOBAL POSITIONING SYSTEM,SHELBY,SALEM,2014-08-25,163.0,998.4000244140625,LIMESTONE,ROTARY,25.0,24.0,143.0,138,2048842
29282,W,AGRIC/IRRIG,-84.36404999999999,40.27861,GLOBAL POSITIONING SYSTEM,SHELBY,CYNTHIAN,2017-09-20,72.0,,SAND & GRAVEL,ROTARY,15.0,8.0,69.0,,2064518
29331,W,DOMESTIC,-84.4163,40.34825,GLOBAL POSITIONING SYSTEM,SHELBY,MCLEAN,2016-07-07,104.0,,SAND & GRAVEL,ROTARY,20.0,17.0,100.0,,2057715
29374,W,DOMESTIC,-84.38309,40.33432,GLOBAL POSITIONING SYSTEM,SHELBY,MCLEAN,2017-05-22,138.0,,SAND & GRAVEL,ROTARY,25.0,26.0,135.0,,2062536
29532,W,DOMESTIC,-84.20768,40.305752999999996,DIGITAL MAP,SHELBY,CLINTON,1999-12-24,122.0,,LIMESTONE,ROTARY,20.0,20.0,8.5,76,908416
29578,W,DOMESTIC,-84.186117,40.355069,DIGITAL MAP,SHELBY,FRANKLIN,1998-09-19,125.0,,GRAVEL & SAND,ROTARY,20.0,59.0,124.0,,883655
29676,W,DOMESTIC,-84.40476,40.226009999999995,DIGITAL MAP,SHELBY,LORAMIE,2000-07-19,77.0,,SAND & GRAVEL,AIR ROTARY,20.0,12.0,74.5,,918098
29679,W,DOMESTIC,-84.40387799999999,40.232307999999996,DIGITAL MAP,SHELBY,LORAMIE,2000-03-09,142.0,,LIMESTONE,AIR ROTARY,22.0,15.0,61.0,56,912368
29680,W,DOMESTIC,-84.17979,40.360603999999995,DIGITAL MAP,SHELBY,FRANKLIN,2000-01-19,141.0,872.7999877929688,GRAVEL & SAND,ROTARY,25.0,42.0,138.0,,908450
29729,W,PUBLIC/SEMI-PUB,-84.165228,40.338549,DIGITAL MAP,SHELBY,FRANKLIN,1999-08-27,222.0,,LIMESTONE,ROTARY,20.0,41.0,142.0,137,899150
29731,W,DOMESTIC,-84.41051,40.332612999999995,DIGITAL MAP,SHELBY,MCLEAN,2000-06-14,149.0,,GRAVEL,AIR ROTARY,65.0,29.0,136.0,,914348
29805,W,DOMESTIC,-84.04022599999999,40.341851,DIGITAL MAP,SHELBY,SALEM,2000-01-10,91.0,,GRAVEL,AIR ROTARY,30.0,59.0,88.0,,908435
29807,W,DOMESTIC,-84.21657499999999,40.359277999999996,DIGITAL MAP,SHELBY,TURTLE CREEK,1999-06-22,179.0,947.5,LIMESTONE,ROTARY,50.0,33.0,85.5,79,897184
29808,W,MONITOR,-84.245277,40.210555,GLOBAL POSITIONING SYSTEM,SHELBY,WASHINGTON,2000-05-23,43.0,,SAND & GRAVEL,AUGER,,18.400000000000002,38.0,,901036
29809,W,DOMESTIC,-84.22877199999999,40.467017,DIGITAL MAP,SHELBY,VAN BUREN,1998-09-25,88.0,,GRAVEL,ROTARY,30.0,45.0,86.0,,883664
29813,W,DOMESTIC,-84.27789,40.416903,DIGITAL MAP,SHELBY,VAN BUREN,2000-09-04,139.0,,LIMESTONE,ROTARY,20.0,31.0,98.0,87,920780
29856,W,DOMESTIC,-84.228161,40.36541,DIGITAL MAP,SHELBY,TURTLE CREEK,1999-05-08,101.0,,GRAVEL & SAND,ROTARY,20.0,47.0,98.5,,894797
29947,W,COMMERCIAL,-84.259982,40.439144999999996,DIGITAL MAP,SHELBY,VAN BUREN,1999-01-26,104.0,,GRAVEL,ROTARY,20.0,30.0,100.5,,889082
29966,W,DOMESTIC,-84.412014,40.231102,DIGITAL MAP,SHELBY,LORAMIE,1999-06-15,167.0,,LIMESTONE,AIR ROTARY,11.0,19.0,117.0,112,871379
30004,W,DOMESTIC,-84.07540999999999,40.42552,GLOBAL POSITIONING SYSTEM,SHELBY,JACKSON,2018-06-01,82.0,,SAND & GRAVEL,ROTARY,20.0,22.0,79.0,,2068131
30015,W,DOMESTIC,-84.19309,40.345982,DIGITAL MAP,SHELBY,FRANKLIN,1998-05-06,75.0,,GRAVEL & SAND,ROTARY,20.0,39.0,71.0,,871315
30017,W,DOMESTIC,-84.123133,40.302606,DIGITAL MAP,SHELBY,PERRY,1999-09-08,75.0,,GRAVEL,AIR ROTARY,20.0,30.0,73.0,,902885
30116,W,DOMESTIC,-84.34806999999999,40.29298,GLOBAL POSITIONING SYSTEM,SHELBY,CYNTHIAN,2020-03-09,242.0,,LIMESTONE,ROTARY,15.0,68.0,116.0,,2078459
30117,W,DOMESTIC,-84.19378999999999,40.346297,DIGITAL MAP,SHELBY,FRANKLIN,2000-08-17,75.0,,GRAVEL & SAND,ROTARY,20.0,48.0,72.5,,918036
30148,W,DOMESTIC,-84.376483,40.329341,DIGITAL MAP,SHELBY,MCLEAN,1998-08-27,242.0,,LIMESTONE,AIR ROTARY,18.0,34.0,162.0,157,883603
30188,W,DOMESTIC,-84.32482999999999,40.28997,GLOBAL POSITIONING SYSTEM,SHELBY,CYNTHIAN,2020-04-09,181.0,,LIMESTONE,ROTARY,50.0,42.0,113.0,,2079067
30200,W,,-84.297051,40.454958999999995,,SHELBY,VAN BUREN,1978-08-22,80.0,956.7000122070312,GRAVEL,,25.0,37.0,82.0,,544973
35185,W,,-84.158735,40.252417,DIGITIZED,SHELBY,ORANGE,1956-05-22,146.0,1122.9000244140625,LIMESTONE,,10.0,62.0,14.0,110,153994
35186,W,,-84.161177,40.236489999999996,DIGITIZED,SHELBY,ORANGE,1957-07-31,80.0,1019.5,GRAVEL,,10.0,57.0,80.0,,197825
35187,W,,-84.133918,40.211386999999995,DIGITIZED,SHELBY,ORANGE,1963-10-26,166.0,1062.9000244140625,LIMESTONE,,12.0,53.0,163.0,163,307027
35188,W,DOMESTIC,-84.35495999999999,40.22663,GEOCODE,SHELBY,LORAMIE,1996-12-31,63.0,958.5,SAND & GRAVEL,ROTARY,20.0,21.0,59.0,,849653
35189,W,,-84.11363999999999,40.218759999999996,DIGITIZED,SHELBY,GREEN,1959-10-31,121.0,1077.0,SAND & GRAVEL,,,28.0,121.0,,228570
35190,W,,-84.039598,40.221306999999996,DIGITIZED,SHELBY,GREEN,1954-02-06,68.0,1107.800048828125,GRAVEL,,10.0,36.0,68.0,,43293
35291,W,DOMESTIC,-84.32597,40.212489999999995,GEOCODE,SHELBY,LORAMIE,1995-12-06,153.0,1003.0999755859375,SAND & GRAVEL,ROTARY,20.0,53.0,151.0,,829824
35292,W,,-84.37650000000001,40.262789999999995,,SHELBY,LORAMIE,1987-10-30,108.0,1013.0999755859375,SAND & GRAVEL,ROTARY,18.0,77.0,110.0,,674792
35293,W,,-84.186371,40.372319999999995,,SHELBY,FRANKLIN,1986-02-28,255.0,1017.2000122070312,LIMESTONE,,100.0,29.0,165.0,160,593241
35304,W,,-84.194158,40.452867,DIGITIZED,SHELBY,DINSMORE,1955-05-28,172.0,985.0999755859375,LIMESTONE,,,58.5,120.0,117,139063
35305,W,,-84.13472999999999,40.286246999999996,DIGITIZED,SHELBY,CLINTON,1964-07-11,156.0,1030.0999755859375,LIMESTONE,,10.0,135.0,138.0,138,316140
35309,W,,-84.015472,40.407931999999995,,SHELBY,JACKSON,1974-03-11,239.0,1030.800048828125,LIMESTONE,,15.0,23.0,187.0,187,466142
35310,W,,-84.09308,40.39233,GEOCODE,SHELBY,JACKSON,1986-05-07,139.0,1050.9000244140625,LIMESTONE,,20.0,37.0,124.0,120,636486
35311,W,,-84.19347599999999,40.27551,DIGITAL MAP,SHELBY,CLINTON,1987-05-30,250.0,724.2000122070312,LIMESTONE,,100.0,63.0,106.0,104,668866
35312,W,,-84.37853899999999,40.373413,DIGITIZED,SHELBY,MCLEAN,1962-09-17,61.0,963.9000244140625,GRAVEL,,18.0,24.0,61.0,,271473
35313,W,,-84.297286,40.346371,DIGITIZED,SHELBY,MCLEAN,1965-07-31,134.0,991.4000244140625,LIMESTONE,,25.0,43.0,98.0,98,328374
35314,W,,-84.34441199999999,40.369158999999996,DIGITIZED,SHELBY,MCLEAN,1969-09-20,86.0,959.4000244140625,GRAVEL,,15.0,20.0,86.0,,403102
35315,W,,-84.397465,40.23321,DIGITIZED,SHELBY,LORAMIE,1952-09-17,100.0,973.5999755859375,LIMESTONE,,20.0,12.0,51.0,20,100755
35316,W,,-84.406301,40.234685,DIGITIZED,SHELBY,LORAMIE,1954-07-07,75.0,973.9000244140625,LIMESTONE,,20.0,8.0,50.0,74,100759
35317,W,,-84.407947,40.232533,DIGITIZED,SHELBY,LORAMIE,1957-10-19,189.0,972.7999877929688,LIMESTONE,,80.0,12.0,61.0,60,198119
35318,W,,-84.344212,40.248109,DIGITIZED,SHELBY,LORAMIE,1959-04-18,67.0,943.7999877929688,GRAVEL,,25.0,28.0,67.0,,199338
35319,W,,-84.187286,40.359711999999995,DIGITIZED,SHELBY,FRANKLIN,1964-05-15,157.0,1054.800048828125,GRAVEL,,12.0,60.0,157.0,,313951
35320,W,,-84.22830599999999,40.344721,DIGITIZED,SHELBY,TURTLE CREEK,1964-12-21,115.0,1029.0999755859375,LIMESTONE,,30.0,65.0,77.0,72,305732
35321,W,,-84.27784299999999,40.371763,DIGITIZED,SHELBY,TURTLE CREEK,1969-03-26,100.0,981.5,LIMESTONE,,30.0,24.0,98.0,98,378786
35322,W,,-84.28344,40.393685,DIGITIZED,SHELBY,VAN BUREN,1964-10-13,67.0,957.5,GRAVEL,,18.0,9.0,67.0,,306241
35323,W,,-84.022966,40.375431,DIGITIZED,SHELBY,SALEM,1955-04-09,43.0,869.0,GRAVEL,,20.0,21.0,43.0,,130645
35324,W,,-84.405822,40.232603,DIGITIZED,SHELBY,LORAMIE,1965-06-03,70.0,975.2000122070312,SAND & GRAVEL,,16.0,10.0,70.0,,313982
35326,W,,-84.321446,40.466116,DIGITIZED,SHELBY,VAN BUREN,1965-07-27,126.0,925.9000244140625,LIMESTONE,,18.0,17.0,85.0,85,286741
35336,W,,-84.23050599999999,40.208535,DIGITIZED,SHELBY,WASHINGTON,1954-04-27,59.0,945.7999877929688,GRAVEL,,20.0,33.0,59.0,,122228
35337,W,,-84.231267,40.251013,DIGITIZED,SHELBY,WASHINGTON,1955-09-08,62.0,683.7000122070312,LIMESTONE,,12.0,12.0,50.0,42,160151
35405,W,,-84.19942499999999,40.216859,DIGITIZED,SHELBY,ORANGE,1948-05-05,60.0,982.7999877929688,GRAVEL,,8.0,25.0,60.0,,33360
35406,W,,-84.25869399999999,40.417363,DGS SURFICIAL MAPPING,SHELBY,VAN BUREN,,199.0,973.0,GRAVEL,,20.0,19.0,199.0,,60182
35408,W,,-84.23460399999999,40.200399,DIGITIZED,SHELBY,WASHINGTON,1949-10-19,83.0,923.2999877929688,GRAVEL,,10.0,60.0,83.0,,56624
35409,W,,-84.372301,40.290157,DIGITIZED,SHELBY,CYNTHIAN,1961-08-29,67.0,944.0999755859375,LIMESTONE,,12.0,23.0,44.0,44,246541
35410,W,,-84.17211999999999,40.312166999999995,DIGITIZED,SHELBY,CLINTON,1953-08-27,121.0,1057.800048828125,LIMESTONE,,,,,120,105426
35411,W,,-84.18381,40.288253,DIGITIZED,SHELBY,CLINTON,1956-08-10,172.0,620.5999755859375,LIMESTONE,,10.0,68.0,120.0,120,180491
35412,W,,-84.20759,40.297432,DIGITIZED,SHELBY,CLINTON,1961-12-02,88.0,1004.0,LIMESTONE,,16.0,32.0,77.0,75,226747
35413,W,,-84.20667499999999,40.270097,DIGITIZED,SHELBY,CLINTON,1957-04-21,108.0,1012.5999755859375,LIMESTONE,,8.0,45.0,90.0,88,198653
35414,W,,-84.207571,40.297734999999996,DIGITIZED,SHELBY,CLINTON,1962-05-03,76.0,1001.7999877929688,SAND & GRAVEL,,21.0,24.0,76.0,,272670
37472,W,DOMESTIC,-84.07123,40.33891,GEOCODE,SHELBY,SALEM,1997-10-31,84.0,818.5,SAND & GRAVEL,ROTARY,20.0,37.0,81.0,,867114
37560,W,DOMESTIC,-84.40462,40.232209999999995,GEOCODE,SHELBY,LORAMIE,1998-02-10,55.0,972.2000122070312,SAND & GRAVEL,ROTARY,30.0,15.0,51.0,,871222
37561,W,DOMESTIC,-84.40462,40.23218,GEOCODE,SHELBY,LORAMIE,1998-02-10,57.0,972.2999877929688,SAND & GRAVEL,ROTARY,30.0,15.0,53.0,,871221
38212,W,DOMESTIC,-84.23595,40.23623,GEOCODE,SHELBY,WASHINGTON,2001-10-17,179.0,951.5999755859375,LIMESTONE,ROTARY,20.0,39.0,141.0,132,937848
38385,W,AGRIC/IRRIG,-84.21694,40.40959,GEOCODE,SHELBY,DINSMORE,2001-04-18,165.0,981.9000244140625,SAND & GRAVEL,ROTARY,20.0,20.0,163.0,,928516
38502,W,DOMESTIC,-84.13325999999999,40.394891,DGS SURFICIAL MAPPING,SHELBY,FRANKLIN,2001-12-03,216.0,1033.4000244140625,LIMESTONE,ROTARY,20.0,29.0,148.0,142,937904
38525,W,DOMESTIC,-84.169882,40.346243,GEOCODE,SHELBY,CLINTON,2001-10-02,76.0,986.7000122070312,SAND & GRAVEL,ROTARY,15.0,58.0,72.0,,934695
38543,W,DOMESTIC,-84.091675,40.337151,GEOCODE,SHELBY,SALEM,2001-06-14,120.0,902.4000244140625,CLAY/SAND/GRAVEL,ROTARY,15.0,53.0,104.0,,923820
38559,W,DOMESTIC,-84.33547,40.30704,GEOCODE,SHELBY,CYNTHIAN,2001-06-21,91.0,989.0,GRAVEL & SAND,ROTARY,20.0,50.0,86.0,,931681
38608,W,DOMESTIC,-84.27923,40.40874,GEOCODE,SHELBY,VAN BUREN,2002-05-21,66.0,965.7000122070312,GRAVEL,ROTARY,75.0,15.0,63.0,,945182
38617,W,DOMESTIC,-84.20138899999999,40.437593,DGS SURFICIAL MAPPING,SHELBY,DINSMORE,2001-04-17,70.0,979.2999877929688,GRAVEL & SAND,ROTARY,20.0,16.0,68.0,,928515
38684,W,DOMESTIC,-84.41288,40.232459999999996,GEOCODE,SHELBY,LORAMIE,2001-02-12,84.0,973.5,GRAVEL & SAND,ROTARY,50.0,18.0,81.0,,924323
38708,W,DOMESTIC,-84.274863,40.389508,DGS SURFICIAL MAPPING,SHELBY,VAN BUREN,2002-06-05,116.0,962.2000122070312,GRAVEL,ROTARY,125.0,15.0,112.0,,945155
38779,W,,-84.14672,40.21141,GLOBAL POSITIONING SYSTEM,SHELBY,ORANGE,2003-04-04,219.0,1051.800048828125,LIMESTONE,ROTARY,50.0,49.0,155.0,144,959161
38875,W,DOMESTIC,-84.023169,40.333115,GEOCODE,SHELBY,SALEM,2002-12-30,145.0,1054.9000244140625,GRAVEL & SAND,ROTARY,45.0,86.0,143.0,,955489
38877,W,DOMESTIC,-84.11276,40.323049999999995,GEOCODE,SHELBY,SALEM,2002-12-16,320.0,1036.300048828125,CLAY & SAND,ROTARY,,,,,955475
38956,W,DOMESTIC,-84.30731,40.27113,GEOCODE,SHELBY,LORAMIE,2002-04-02,116.0,985.5,GRAVEL,ROTARY,35.0,72.0,113.0,,942342
39034,W,DOMESTIC,-84.31666,40.36811,GEOCODE,SHELBY,MCLEAN,2003-01-13,136.0,965.7000122070312,LIMESTONE,ROTARY,50.0,28.0,90.0,83,955496
39060,W,DOMESTIC,-84.33727999999999,40.34355,GEOCODE,SHELBY,MCLEAN,2003-01-30,142.0,967.5,LIMESTONE,ROTARY,75.0,38.0,121.0,112,959094
39136,W,DOMESTIC,-84.234038,40.264474,GEOCODE,SHELBY,WASHINGTON,2003-04-17,155.0,1026.0999755859375,LIMESTONE,ROTARY,50.0,46.0,119.0,114,957783
39334,W,DOMESTIC,-84.02559,40.184709999999995,GLOBAL POSITIONING SYSTEM,SHELBY,GREEN,2003-10-23,143.0,1144.199951171875,SAND & GRAVEL,ROTARY,50.0,42.0,140.0,,967338
39405,W,DOMESTIC,-84.27355,40.28644,GLOBAL POSITIONING SYSTEM,SHELBY,TURTLE CREEK,2003-11-14,195.0,995.9000244140625,LIME & CLAY,ROTARY,30.0,51.0,123.0,,970586
39492,W,DOMESTIC,-84.14287999999999,40.359409,GEOCODE,SHELBY,FRANKLIN,2004-04-20,70.0,937.2000122070312,,ROTARY,50.0,23.0,62.0,,976947
39562,W,DOMESTIC,-84.4161,40.26398,GLOBAL POSITIONING SYSTEM,SHELBY,LORAMIE,2003-09-17,66.0,990.5999755859375,SAND & GRAVEL,ROTARY,40.0,32.0,63.0,,967282
39570,W,DOMESTIC,-84.33608,40.30793,GLOBAL POSITIONING SYSTEM,SHELBY,CYNTHIAN,2004-08-28,103.0,995.2999877929688,GRAVEL & SAND,ROTARY,75.0,54.0,100.0,,984735
39578,W,DOMESTIC,-84.01751999999999,40.324709999999996,GLOBAL POSITIONING SYSTEM,SHELBY,SALEM,2004-10-07,81.0,1034.199951171875,GRAVEL & SAND,ROTARY,30.0,52.0,80.0,,984796
39606,W,TEST WELL,-84.41622,40.238800000000005,GLOBAL POSITIONING SYSTEM,SHELBY,LORAMIE,2004-11-11,221.0,968.9000244140625,LIMESTONE & SHALE,ROTARY,100.0,24.0,60.0,27,987706
39638,W,DOMESTIC,-84.26706999999999,40.39098,GLOBAL POSITIONING SYSTEM,SHELBY,VAN BUREN,2004-04-28,97.0,965.7999877929688,LIMESTONE,ROTARY,85.0,14.0,70.0,63,979861
39758,W,DOMESTIC,-84.28474,40.23496,GLOBAL POSITIONING SYSTEM,SHELBY,WASHINGTON,2005-01-25,164.0,984.0,,ROTARY,60.0,78.0,162.0,,990049
40103,W,,-84.16953,40.232,GLOBAL POSITIONING SYSTEM,SHELBY,ORANGE,2005-05-02,129.0,1024.300048828125,,ROTARY,60.0,55.0,126.0,85,989593
40198,W,AGRIC/IRRIG,-84.30788,40.21534,GLOBAL POSITIONING SYSTEM,SHELBY,LORAMIE,2005-12-27,222.0,991.0,SHALE & LIMESTONE,ROTARY,10.0,30.0,138.0,127,2000756
40285,W,PRESSURE RELIEF,-84.2407,40.2141,GLOBAL POSITIONING SYSTEM,SHELBY,WASHINGTON,2006-03-21,36.5,909.0999755859375,SAND & GRAVEL,BUCKET AUGER,,,33.5,,2002256
40318,W,DOMESTIC,-84.38526999999999,40.22699,GLOBAL POSITIONING SYSTEM,SHELBY,LORAMIE,2005-07-15,170.0,968.0999755859375,,ROTARY,6.0,18.0,78.0,72,995902
40391,W,DOMESTIC,-84.12737,40.407779999999995,GLOBAL POSITIONING SYSTEM,SHELBY,DINSMORE,2006-02-02,85.0,1045.0,GRAVEL & SAND,ROTARY,60.0,29.0,82.0,,2001107
40413,W,DOMESTIC,-84.21605699999999,40.264669999999995,GLOBAL POSITIONING SYSTEM,SHELBY,WASHINGTON,2005-08-08,175.0,583.7999877929688,LIMESTONE,ROTARY,30.0,52.0,92.0,83,995931
40455,W,DOMESTIC,-84.26355,40.39163,GLOBAL POSITIONING SYSTEM,SHELBY,VAN BUREN,2006-02-11,107.0,966.5999755859375,LIMESTONE,ROTARY,60.0,15.0,68.0,62,2001222
40473,W,DOMESTIC,-84.05228,40.46949,GLOBAL POSITIONING SYSTEM,SHELBY,JACKSON,2006-02-24,70.0,1024.5999755859375,GRAVEL,ROTARY,200.0,13.0,65.0,,2001330
40618,W,,-84.133636,40.248667999999995,DIGITIZED,SHELBY,ORANGE,1948-06-10,54.0,1039.5999755859375,GRAVEL,,24.0,23.0,54.0,,23446
40619,W,,-84.367798,40.278152,DIGITIZED,SHELBY,CYNTHIAN,1964-02-10,65.0,955.0999755859375,GRAVEL,,12.0,18.0,65.0,,297673
41038,W,DOMESTIC,-84.10522999999999,40.438700000000004,GLOBAL POSITIONING SYSTEM,SHELBY,JACKSON,2006-08-21,104.0,1039.0,GRAVEL & SAND,ROTARY,100.0,21.0,101.0,,2004626
41719,W,DOMESTIC,-84.30107,40.27178,GLOBAL POSITIONING SYSTEM,SHELBY,CYNTHIAN,2007-08-07,182.0,976.7000122070312,LIMESTONE,ROTARY,35.0,43.2,107.0,99,2011603
41878,W,DOMESTIC,-84.32227,40.26115,GLOBAL POSITIONING SYSTEM,SHELBY,LORAMIE,2006-11-28,57.0,947.0,GRAVEL & SAND,ROTARY,20.0,32.0,53.0,,2007027
42003,W,,-84.245662,40.319928,DIGITIZED,SHELBY,TURTLE CREEK,1959-08-08,37.0,613.0,SAND & GRAVEL,,6.0,12.0,37.0,,229473
42106,W,,-84.302662,40.274572,DIGITIZED,SHELBY,CYNTHIAN,1953-12-06,115.0,1000.0,GRAVEL,,10.0,63.0,115.0,,43279
42213,W,,-84.088121,40.395593,DIGITIZED,SHELBY,JACKSON,1954-04-26,80.0,1078.0,GRAVEL,,8.0,15.0,80.0,,120137
42240,W,,-84.160986,40.236007,DIGITIZED,SHELBY,ORANGE,1964-01-20,150.0,1028.4000244140625,LIMESTONE,,12.0,65.0,140.0,140,307045
42254,W,,-84.198877,40.286884,DIGITIZED,SHELBY,CLINTON,1961-10-06,94.0,1129.9000244140625,SAND & GRAVEL,,10.0,53.0,94.0,,226742
42255,W,,-84.161828,40.331657,DIGITIZED,SHELBY,FRANKLIN,1964-06-01,89.0,623.2999877929688,GRAVEL,,12.0,54.0,89.0,,316127
42257,W,,-84.26066,40.329547999999996,DIGITIZED,SHELBY,TURTLE CREEK,1957-03-21,93.0,1016.0,GRAVEL,,,57.0,93.0,,197803
42284,W,,-84.36621,40.297897999999996,DIGITIZED,SHELBY,CYNTHIAN,1962-05-08,98.0,998.2999877929688,GRAVEL,,7.0,64.0,98.0,,271459
42285,W,,-84.16729,40.340835999999996,DIGITIZED,SHELBY,FRANKLIN,1958-04-01,87.0,778.5999755859375,GRAVEL,,12.0,21.0,87.0,,198680
42592,W,DOMESTIC,-84.12047,40.354800000000004,GLOBAL POSITIONING SYSTEM,SHELBY,SALEM,2008-10-01,86.0,1062.9000244140625,GRAVEL & SAND,ROTARY,40.0,50.4,83.0,,2018943
42665,W,DOMESTIC,-84.2333,40.38068,GLOBAL POSITIONING SYSTEM,SHELBY,VAN BUREN,2009-10-20,170.0,993.2999877929688,LIMESTONE,ROTARY,65.0,33.3,113.0,104,2024567
42693,W,OTHER,-84.39793,40.28208,GLOBAL POSITIONING SYSTEM,SHELBY,CYNTHIAN,2008-07-28,301.0,1009.0,LIMESTONE & SHALE,ROTARY,60.0,66.7,86.0,153,2017700
42795,W,DOMESTIC,-84.34885,40.270179999999996,GLOBAL POSITIONING SYSTEM,SHELBY,LORAMIE,2008-10-23,215.0,973.5999755859375,LIMESTONE,ROTARY,35.0,62.7,126.0,121,2019448
42818,W,DOMESTIC,-84.23998,40.47699,GLOBAL POSITIONING SYSTEM,SHELBY,VAN BUREN,2009-07-21,101.0,954.0999755859375,GRAVEL,ROTARY,75.0,25.0,98.0,,2023092
42859,W,DOMESTIC,-84.11335,40.32824,GLOBAL POSITIONING SYSTEM,SHELBY,SALEM,2008-02-28,221.0,1050.9000244140625,GRAVEL & SAND,ROTARY,100.0,74.60000000000001,218.0,,2015299
43125,W,MONITOR,-84.18227999999999,40.46769,GLOBAL POSITIONING SYSTEM,SHELBY,DINSMORE,2007-10-24,16.0,1000.4000244140625,SAND,AUGER,,0.0,6.0,,2013689
43168,W,AGRIC/IRRIG,-84.33838999999999,40.25658,GLOBAL POSITIONING SYSTEM,SHELBY,LORAMIE,2011-02-18,118.0,974.5,SAND & GRAVEL,ROTARY,70.0,52.7,115.0,,2031103
43170,W,DOMESTIC,-84.10132999999999,40.21065,GLOBAL POSITIONING SYSTEM,SHELBY,GREEN,2010-11-16,201.0,1084.800048828125,LIMESTONE,ROTARY,65.0,31.8,152.0,166,2030036
43208,W,AGRIC/IRRIG,-84.27508999999999,40.359179999999995,GLOBAL POSITIONING SYSTEM,SHELBY,TURTLE CREEK,2011-05-26,89.0,985.5,SAND & GRAVEL,ROTARY,100.0,33.8,86.0,,2032535
43314,W,DOMESTIC,-84.31567299999999,40.470921,DGS SURFICIAL MAPPING,SHELBY,VAN BUREN,2011-07-12,123.0,926.5999755859375,LIMESTONE,AIR ROTARY,40.0,25.0,96.0,88,2033291
43370,W,PUBLIC/SEMI-PUB,-84.26563999999999,40.330189999999995,GLOBAL POSITIONING SYSTEM,SHELBY,TURTLE CREEK,2010-04-21,200.0,1018.5,LIMESTONE,ROTARY,14.0,60.300000000000004,104.0,98,2026855
43379,W,DOMESTIC,-84.33494999999999,40.32194,GLOBAL POSITIONING SYSTEM,SHELBY,CYNTHIAN,2012-10-03,123.0,986.9000244140625,SAND & GRAVEL,ROTARY,90.0,49.5,120.0,,2040003
43555,W,MONITOR,-84.17027,40.31033,GLOBAL POSITIONING SYSTEM,SHELBY,CLINTON,2011-03-08,25.0,1054.0,CLAY,AUGER,,0.0,14.5,,2031525
43763,W,DOMESTIC,-84.32261,40.30787,GLOBAL POSITIONING SYSTEM,SHELBY,CYNTHIAN,2013-08-09,130.0,996.2000122070312,SAND & GRAVEL,ROTARY,30.0,63.0,127.0,,2044002
43822,W,AGRIC/IRRIG,-84.04445,40.18613,GLOBAL POSITIONING SYSTEM,SHELBY,GREEN,2013-11-01,242.0,1110.9000244140625,LIMESTONE,ROTARY,65.0,24.7,158.0,146,2045331
43895,W,DOMESTIC,-84.197926,40.410343,DGS SURFICIAL MAPPING,SHELBY,DINSMORE,2014-07-29,221.0,1003.2000122070312,SAND & GRAVEL,ROTARY,25.0,41.0,218.0,,2048372
44073,W,DOMESTIC,-84.01310000000001,40.417,GLOBAL POSITIONING SYSTEM,SHELBY,JACKSON,2015-07-06,65.0,1030.5999755859375,SAND & GRAVEL,ROTARY,20.0,15.0,62.0,,2052682
44085,W,DOMESTIC,-84.26585,40.39422,GLOBAL POSITIONING SYSTEM,SHELBY,VAN BUREN,2016-02-17,129.0,,LIMESTONE,ROTARY,18.0,19.0,72.0,65,2056011
44190,W,DOMESTIC,-84.28504,40.26424,GLOBAL POSITIONING SYSTEM,SHELBY,WASHINGTON,2017-08-22,122.0,,SAND & GRAVEL,ROTARY,25.0,71.0,118.0,,2063913
44363,W,DOMESTIC,-84.353726,40.371648,GLOBAL POSITIONING SYSTEM,SHELBY,MCLEAN,2016-06-02,70.0,,SAND & GRAVEL,CABLE TOOL,30.0,6.0,67.0,,1019101
44400,W,DOMESTIC,-84.23219,40.266909999999996,GLOBAL POSITIONING SYSTEM,SHELBY,WASHINGTON,2016-07-11,123.0,,LIMESTONE,ROTARY,15.0,35.0,100.0,96,2057749
44480,W,DOMESTIC,-84.10777,40.32036,GLOBAL POSITIONING SYSTEM,SHELBY,SALEM,2013-10-21,222.0,952.2999877929688,LIMESTONE,ROTARY,10.0,0.0,125.0,122,2045150
44644,W,DOMESTIC,-84.33762,40.25526,GLOBAL POSITIONING SYSTEM,SHELBY,LORAMIE,2020-04-17,98.0,,SAND & GRAVEL,ROTARY,30.0,43.0,95.0,,2079204
44688,W,DOMESTIC,-84.372007,40.327225,DIGITAL MAP,SHELBY,CYNTHIAN,1999-03-11,68.0,,GRAVEL & SAND,ROTARY,50.0,24.0,66.0,,889129
44695,W,DOMESTIC,-84.02300000000001,40.337900000000005,GLOBAL POSITIONING SYSTEM,SHELBY,SALEM,2017-09-26,108.0,,GRAVEL,ROTARY,30.0,45.0,106.0,,2064706
44723,W,DOMESTIC,-84.322593,40.466995,GLOBAL POSITIONING SYSTEM,SHELBY,VAN BUREN,2018-10-24,159.0,,LIMESTONE,ROTARY,15.0,26.0,78.0,,2070748
44760,W,DOMESTIC,-84.376307,40.259856,DIGITAL MAP,SHELBY,LORAMIE,1999-07-13,144.0,,GRAVEL & SAND,AIR ROTARY,20.0,85.0,142.0,,899055
44769,W,DOMESTIC,-84.186077,40.355011999999995,DIGITAL MAP,SHELBY,FRANKLIN,1999-02-19,143.0,,GRAVEL & SAND,ROTARY,30.0,60.0,140.5,,889109
44779,W,DOMESTIC,-84.138561,40.344792999999996,DIGITAL MAP,SHELBY,FRANKLIN,1998-09-25,63.0,,GRAVEL,ROTARY,40.0,36.0,62.0,,883665
44823,W,DOMESTIC,-84.284926,40.340681,DIGITAL MAP,SHELBY,MCLEAN,1998-02-24,178.0,,LIMESTONE,AIR ROTARY,20.0,57.0,109.0,104,871236
44827,W,DOMESTIC,-84.350833,40.226044,DIGITIZED,SHELBY,LORAMIE,1998-09-21,60.0,,GRAVEL & SAND,AIR ROTARY,20.0,27.0,57.5,,883658
44838,W,DOMESTIC,-84.37830000000001,40.315889999999996,GLOBAL POSITIONING SYSTEM,SHELBY,CYNTHIAN,2019-01-11,85.0,,SAND & GRAVEL,ROTARY,20.0,45.0,81.0,,2071809
44894,W,DOMESTIC,-84.112213,40.325202,DIGITAL MAP,SHELBY,SALEM,2000-01-11,78.0,,SAND & GRAVEL,AIR ROTARY,20.0,48.0,76.0,,908438
44896,W,DOMESTIC,-84.32731799999999,40.211753,DIGITAL MAP,SHELBY,LORAMIE,1999-04-01,65.0,,GRAVEL,AIR ROTARY,10.0,34.0,60.0,,890977
44903,W,DOMESTIC,-84.256091,40.330604,DIGITAL MAP,SHELBY,TURTLE CREEK,1999-04-16,71.0,,GRAVEL,ROTARY,20.0,27.0,65.5,,894768
44904,W,DOMESTIC,-84.274418,40.315757,DIGITAL MAP,SHELBY,TURTLE CREEK,1999-06-16,178.0,,LIMESTONE,ROTARY,18.0,67.0,103.5,98,897168
44905,W,DOMESTIC,-84.247991,40.394407,DIGITAL MAP,SHELBY,VAN BUREN,1998-09-28,162.0,,LIMESTONE,ROTARY,18.0,22.0,105.0,99,883667
44910,W,DOMESTIC,-84.18797699999999,40.356747,DIGITAL MAP,SHELBY,FRANKLIN,2000-03-21,155.0,989.9000244140625,SAND & GRAVEL,ROTARY,25.0,69.0,152.0,,912348
44911,W,DOMESTIC,-84.13564799999999,40.385825,DIGITAL MAP,SHELBY,FRANKLIN,1999-11-10,40.0,,GRAVEL & SAND,ROTARY,20.0,17.0,39.5,,905937
44912,W,DOMESTIC,-84.260012,40.392517999999995,DIGITAL MAP,SHELBY,VAN BUREN,2000-03-14,168.0,,LIMESTONE,ROTARY,20.0,19.0,68.5,60,912360
44913,W,DOMESTIC,-84.22305399999999,40.414142,DIGITAL MAP,SHELBY,VAN BUREN,2000-03-14,53.0,,GRAVEL & SAND,ROTARY,50.0,15.0,51.5,,912359
44977,W,DOMESTIC,-84.209294,40.363751,DIGITAL MAP,SHELBY,TURTLE CREEK,2000-08-08,202.0,972.4000244140625,LIMESTONE,ROTARY,75.0,44.0,100.0,94,918055
44985,W,DOMESTIC,-84.25903,40.370650999999995,DIGITAL MAP,SHELBY,TURTLE CREEK,1999-03-31,227.0,,LIMESTONE,ROTARY,200.0,36.0,100.0,90,894738
45072,W,DOMESTIC,-84.20172699999999,40.438141,DIGITAL MAP,SHELBY,DINSMORE,2000-08-14,73.0,,GRAVEL,ROTARY,30.0,11.0,73.0,,914518
45087,W,DOMESTIC,-84.096266,40.332744999999996,DIGITAL MAP,SHELBY,SALEM,2000-09-21,118.0,1031.0999755859375,GRAVEL,AIR ROTARY,35.0,56.0,102.0,84,921158
45118,W,DOMESTIC,-84.05617,40.43044,GLOBAL POSITIONING SYSTEM,SHELBY,JACKSON,2018-10-17,87.0,,SAND & GRAVEL,ROTARY,20.0,17.0,84.0,,2070614
45133,W,DOMESTIC,-84.33716199999999,40.213201999999995,DIGITAL MAP,SHELBY,LORAMIE,2000-10-09,82.0,,GRAVEL & SAND,AIR ROTARY,20.0,33.0,80.0,,920729
45144,W,DOMESTIC,-84.259016,40.316176999999996,DIGITAL MAP,SHELBY,TURTLE CREEK,1998-08-28,142.0,,LIMESTONE,ROTARY,20.0,36.0,61.0,51,883605
45150,W,DOMESTIC,-84.09204199999999,40.281887,DIGITAL MAP,SHELBY,PERRY,2000-06-20,81.0,,GRAVEL & SAND,AIR ROTARY,20.0,27.0,78.0,,915414
45153,W,AGRIC/IRRIG,-84.20521,40.241879999999995,GLOBAL POSITIONING SYSTEM,SHELBY,WASHINGTON,2018-08-06,155.0,,LIMESTONE,ROTARY,15.0,55.0,87.0,,2069185
45165,W,DOMESTIC,-84.26469,40.33011,GLOBAL POSITIONING SYSTEM,SHELBY,TURTLE CREEK,2020-01-23,182.0,,LIMESTONE,ROTARY,10.0,65.0,120.0,,2077859
45260,W,DOMESTIC,-84.316043,40.416475999999996,DIGITAL MAP,SHELBY,MCLEAN,2000-07-08,165.0,,LIMESTONE,AIR ROTARY,20.0,43.0,92.0,86,915449
50198,W,,-84.207476,40.265892,,SHELBY,WASHINGTON,1978-05-10,56.0,966.4000244140625,GRAVEL,,15.0,35.0,56.0,,540203
50275,W,,-84.179017,40.255651,DIGITIZED,SHELBY,CLINTON,1950-01-16,80.0,819.7000122070312,LIMESTONE,,20.0,20.0,27.0,27,75107
50276,W,,-84.34737,40.293625,DIGITIZED,SHELBY,CYNTHIAN,1951-04-08,119.0,988.2999877929688,LIMESTONE,,20.0,51.0,101.0,101,47943
50277,W,,-84.413539,40.235695,DIGITIZED,SHELBY,LORAMIE,1950-04-18,57.0,970.7000122070312,LIMESTONE,,8.0,3.0,57.0,50,75111
50278,W,,-84.358465,40.246662,DIGITIZED,SHELBY,LORAMIE,1951-05-24,105.0,947.5999755859375,GRAVEL,,12.0,16.0,105.0,,75138
50285,W,,-84.340801,40.365358,DIGITIZED,SHELBY,MCLEAN,1950-10-24,85.0,954.4000244140625,GRAVEL,,6.0,20.0,85.0,,75130
50298,W,DOMESTIC,-84.29673199999999,40.281417999999995,,SHELBY,CYNTHIAN,1991-01-30,141.0,995.4000244140625,LIMESTONE,ROTARY,18.0,57.0,111.0,107,724321
50310,W,PUBLIC/SEMI-PUB,-84.39211999999999,40.233419999999995,GEOCODE,SHELBY,LORAMIE,1994-08-29,162.0,969.5999755859375,LIMESTONE,ROTARY,8.0,15.0,83.0,80,801761
50311,W,,-84.072785,40.424583,DIGITIZED,SHELBY,JACKSON,1965-03-29,999.0,1040.300048828125,LIMESTONE,,12.0,140.0,230.0,227,305736
50312,W,,-84.094685,40.429794,DIGITIZED,SHELBY,JACKSON,1966-06-03,79.0,1047.199951171875,GRAVEL,,20.0,30.0,79.0,,328695
50314,W,,-84.363165,40.366020999999996,DIGITIZED,SHELBY,MCLEAN,1966-10-31,69.0,953.5,GRAVEL,,10.0,18.0,,,318695
50315,W,,-84.297917,40.367031,DIGITIZED,SHELBY,MCLEAN,1969-07-24,80.0,968.9000244140625,GRAVEL,,18.0,21.0,80.0,,398851
50316,W,,-84.33768099999999,40.422553,DIGITIZED,SHELBY,MCLEAN,1962-05-18,155.0,975.4000244140625,LIMESTONE,,,51.0,99.0,92,251578
50317,W,,-84.15767199999999,40.380151999999995,DGS SURFICIAL MAPPING,SHELBY,FRANKLIN,1968-09-19,59.0,1038.300048828125,GRAVEL,,12.0,43.0,59.0,,383408
50319,W,,-84.240138,40.287077,DIGITIZED,SHELBY,TURTLE CREEK,1952-12-18,69.0,989.2000122070312,LIMESTONE,,8.0,35.0,51.0,51,93340
50320,W,,-84.242931,40.351918,,SHELBY,MCLEAN,1978-04-27,65.0,654.9000244140625,GRAVEL,,10.0,44.0,65.0,,459245
50321,W,,-84.41376199999999,40.228904,DIGITIZED,SHELBY,LORAMIE,1965-04-14,108.0,976.7000122070312,GRAVEL,,20.0,12.0,108.0,,318654
50322,W,,-84.291416,40.438708999999996,DIGITIZED,SHELBY,VAN BUREN,1954-05-26,165.0,987.4000244140625,LIMESTONE,,,36.0,100.0,103,131720
50329,W,,-84.24445,40.260552,DIGITIZED,SHELBY,WASHINGTON,1956-10-08,67.0,929.0999755859375,LIMESTONE,,10.0,41.0,65.0,65,184864
50345,W,,-84.271588,40.222586,DIGITIZED,SHELBY,WASHINGTON,1956-11-25,135.0,965.7999877929688,GRAVEL,,30.0,68.0,135.0,,151438
50413,W,,-84.24759499999999,40.417047,DIGITIZED,SHELBY,VAN BUREN,1948-05-24,255.0,965.7999877929688,LIMESTONE,,24.0,25.0,191.0,188,23441
50415,W,,-84.369216,40.321275,DIGITIZED,SHELBY,CYNTHIAN,1955-08-29,87.0,977.9000244140625,GRAVEL,,20.0,34.0,87.0,,153976
50416,W,,-84.33792799999999,40.306866,DIGITIZED,SHELBY,CYNTHIAN,1968-12-13,89.0,985.2999877929688,GRAVEL,,10.0,42.0,89.0,,378779
50417,W,,-84.207628,40.299952999999995,DIGITIZED,SHELBY,CLINTON,1962-03-26,71.0,990.0999755859375,LIMESTONE,,21.0,14.0,63.0,60,272660
50418,W,,-84.19908099999999,40.284884,DIGITIZED,SHELBY,CLINTON,1963-10-10,90.0,1096.5,GRAVEL,,16.0,46.0,90.0,,280028
52287,W,DOMESTIC,-84.19942999999999,40.28423,,SHELBY,CLINTON,1997-03-10,167.0,552.7999877929688,LIMESTONE,ROTARY,20.0,57.0,100.0,90,849719
52424,W,DOMESTIC,-84.056107,40.380507,GEOCODE,SHELBY,SALEM,1998-02-09,81.0,1052.699951171875,SAND & GRAVEL,ROTARY,20.0,32.0,78.0,,871219
52894,W,DOMESTIC,-84.13117799999999,40.395036999999995,DGS SURFICIAL MAPPING,SHELBY,FRANKLIN,2001-07-31,46.0,1034.800048828125,GRAVEL & SAND,ROTARY,20.0,22.0,44.0,,934613
53232,W,DOMESTIC,-84.299742,40.396834999999996,DGS SURFICIAL MAPPING,SHELBY,MCLEAN,2001-01-12,118.0,971.2999877929688,LIMESTONE,ROTARY,25.0,29.0,118.0,75,924293
53313,W,DOMESTIC,-84.41481999999999,40.2306,GEOCODE,SHELBY,LORAMIE,2001-09-26,68.0,974.0,SAND & GRAVEL,ROTARY,25.0,16.0,66.0,,934697
53350,W,DOMESTIC,-84.246434,40.410247999999996,DGS SURFICIAL MAPPING,SHELBY,VAN BUREN,2001-07-10,53.0,963.5,GRAVEL,ROTARY,30.0,12.0,50.0,,931705
53382,W,DOMESTIC,-84.135969,40.426916999999996,DGS SURFICIAL MAPPING,SHELBY,DINSMORE,2002-07-25,97.0,1051.9000244140625,GRAVEL,ROTARY,30.0,48.0,93.0,,948491
53439,W,DOMESTIC,-84.13644099999999,40.381229,DGS SURFICIAL MAPPING,SHELBY,FRANKLIN,2001-05-15,51.0,1035.199951171875,GRAVEL & SAND,ROTARY,30.0,23.0,47.0,,931631
53467,W,DOMESTIC,-84.179609,40.316761,GEOCODE,SHELBY,FRANKLIN,2002-04-18,147.0,734.2999877929688,LIMESTONE,ROTARY,20.0,49.0,100.0,92,945225
53964,W,DOMESTIC,-84.1342,40.21704,GLOBAL POSITIONING SYSTEM,SHELBY,ORANGE,2003-04-14,136.0,1064.5999755859375,SAND,ROTARY,50.0,46.0,134.0,,959167
54130,W,,-84.376936,40.306712,DIGITIZED,SHELBY,CYNTHIAN,1961-07-15,153.0,1006.4000244140625,LIMESTONE,,8.0,65.0,149.0,148,257211
54131,W,,-84.09183,40.271194,DIGITIZED,SHELBY,PERRY,1963-11-23,77.0,1034.800048828125,SAND & GRAVEL,,17.0,9.0,77.0,,269748
54180,W,DOMESTIC,-84.26177,40.45381,GEOCODE,SHELBY,VAN BUREN,2003-05-23,87.0,966.5999755859375,GRAVEL & CLAY,ROTARY,50.0,48.0,84.0,,957810
54196,W,DOMESTIC,-84.08317,40.48232,GLOBAL POSITIONING SYSTEM,SHELBY,JACKSON,2003-05-30,85.0,1041.199951171875,SAND & GRAVEL,ROTARY,50.0,38.0,83.0,,961859
54241,W,DOMESTIC,-84.28242999999999,40.408319999999996,GLOBAL POSITIONING SYSTEM,SHELBY,VAN BUREN,2003-06-30,175.0,973.0999755859375,LIMESTONE,ROTARY,35.0,23.0,120.0,114,961896
54259,W,DOMESTIC,-84.10746,40.39127,GLOBAL POSITIONING SYSTEM,SHELBY,FRANKLIN,2004-02-10,176.0,1037.300048828125,LIMESTONE,ROTARY,18.0,16.0,108.0,174,976778
54396,W,DOMESTIC,-84.20244,40.4042,GLOBAL POSITIONING SYSTEM,SHELBY,DINSMORE,2004-07-30,224.0,1004.0,SAND & GRAVEL,ROTARY,110.0,32.0,201.0,,982859
54631,W,DOMESTIC,-84.11824,40.356609999999996,GLOBAL POSITIONING SYSTEM,SHELBY,SALEM,2004-07-19,105.0,1065.800048828125,SAND & GRAVEL,ROTARY,60.0,52.0,103.0,,982835
54731,W,DOMESTIC,-84.18195,40.345189999999995,GLOBAL POSITIONING SYSTEM,SHELBY,FRANKLIN,2005-05-11,56.0,1014.4000244140625,GRAVEL & SAND,ROTARY,35.0,26.0,54.0,,992363
55197,W,DOMESTIC,-84.0958,40.36768,GLOBAL POSITIONING SYSTEM,SHELBY,SALEM,2005-10-19,282.0,971.2000122070312,LIMESTONE,ROTARY,50.0,43.0,209.0,203,2000075
55405,W,DOMESTIC,-84.29766,40.448100000000004,GLOBAL POSITIONING SYSTEM,SHELBY,VAN BUREN,2006-03-29,157.0,967.9000244140625,LIMESTONE,ROTARY,60.0,45.0,107.0,104,2001968
55427,W,,-84.09433,40.340769,DIGITIZED,SHELBY,SALEM,1963-10-29,68.0,957.4000244140625,GRAVEL,,5.0,10.0,71.0,,207899
55430,W,,-84.017804,40.339757,DIGITIZED,SHELBY,SALEM,1955-03-23,85.0,537.0999755859375,GRAVEL,,5.0,68.0,85.0,,146062
55462,W,,-84.344709,40.369752999999996,DIGITIZED,SHELBY,MCLEAN,1950-05-15,88.0,959.9000244140625,SAND & GRAVEL,,,18.0,88.0,,30771
55464,W,,-84.367274,40.29782,DIGITIZED,SHELBY,CYNTHIAN,1961-05-15,94.0,994.0,GRAVEL,,14.0,55.0,94.0,,246534
55476,W,,-84.233192,40.251016,DIGITIZED,SHELBY,WASHINGTON,1959-01-15,59.0,781.7000122070312,LIMESTONE,,21.0,7.3,50.0,50,198150
55477,W,,-84.199382,40.216409,DIGITIZED,SHELBY,ORANGE,1958-04-21,100.0,981.4000244140625,LIMESTONE,,10.0,40.0,64.0,64,220311
56964,W,,-84.153278,40.266124999999995,DIGITIZED,SHELBY,CLINTON,1963-09-23,33.0,942.5999755859375,LIMESTONE,,12.0,15.0,20.0,20,307015
57025,W,,-84.028813,40.220583999999995,DIGITIZED,SHELBY,GREEN,1954-03-15,108.0,1119.9000244140625,GRAVEL,,10.0,54.0,108.0,,43300
57054,W,,-84.142001,40.410125,DIGITIZED,SHELBY,DINSMORE,1963-02-23,107.0,1070.800048828125,GRAVEL,,36.0,61.0,107.0,,281445
57076,W,,-84.199513,40.33724,DIGITIZED,SHELBY,FRANKLIN,1956-04-11,66.0,823.9000244140625,GRAVEL,,,32.0,66.0,,168611
57171,W,OTHER,-84.3477,40.374849999999995,GLOBAL POSITIONING SYSTEM,SHELBY,MCLEAN,2009-08-21,242.0,958.4000244140625,LIMESTONE,ROTARY,115.0,29.0,162.0,157,2024029
57307,W,,-84.332264,40.240254,DIGITIZED,SHELBY,LORAMIE,1954-06-14,131.0,967.7000122070312,GRAVEL,,20.0,40.0,131.0,,122179
57308,W,,-84.104238,40.305322,DIGITIZED,SHELBY,PERRY,1962-01-27,103.0,666.5999755859375,GRAVEL,,10.0,53.0,103.0,,263123
57320,W,,-84.344194,40.369817999999995,DIGITIZED,SHELBY,MCLEAN,1955-03-05,98.0,962.7000122070312,SANDSTONE,,9.0,16.0,90.0,70,145808
57497,W,DOMESTIC,-84.07941,40.255539999999996,GLOBAL POSITIONING SYSTEM,SHELBY,GREEN,2009-01-08,182.0,1096.300048828125,LIMESTONE,ROTARY,60.0,17.7,98.0,84,2020742
57531,W,TEST BORING,-84.251967,40.222733,GLOBAL POSITIONING SYSTEM,SHELBY,WASHINGTON,2008-07-07,30.0,885.4000244140625,SILT/SAND/GRAVEL,AUGER,,,,,2020422
57658,W,DOMESTIC,-84.16514,40.24051,GLOBAL POSITIONING SYSTEM,SHELBY,ORANGE,2008-06-25,113.0,1021.2000122070312,GRAVEL & SAND,ROTARY,15.0,55.5,111.0,,2017180
57746,W,DOMESTIC,-84.145259,40.322616,GLOBAL POSITIONING SYSTEM,SHELBY,FRANKLIN,2008-09-18,161.0,1047.699951171875,LIMESTONE,ROTARY,40.0,43.4,84.0,80,2018698
57759,W,DOMESTIC,-84.14307,40.323319999999995,GLOBAL POSITIONING SYSTEM,SHELBY,FRANKLIN,2009-03-30,153.0,1000.0,LIMESTONE,ROTARY,60.0,36.7,90.0,79,2021607
57779,W,DOMESTIC,-84.32172,40.316089999999996,GLOBAL POSITIONING SYSTEM,SHELBY,CYNTHIAN,2008-05-30,242.0,1002.9000244140625,LIMESTONE,ROTARY,60.0,62.800000000000004,158.0,241,2016699
57901,W,DOMESTIC,-84.11659,40.34777,GLOBAL POSITIONING SYSTEM,SHELBY,SALEM,2008-05-20,96.0,1058.699951171875,GRAVEL & SAND,ROTARY,70.0,51.5,93.0,,2016503
57924,W,DOMESTIC,-84.31897,40.32892,GLOBAL POSITIONING SYSTEM,SHELBY,CYNTHIAN,2008-05-21,137.0,1007.0,GRAVEL & SAND,ROTARY,40.0,65.3,134.0,,2016532
57956,W,MONITOR,-84.18227,40.46759,GLOBAL POSITIONING SYSTEM,SHELBY,DINSMORE,2007-10-24,20.0,1000.2999877929688,SAND,AUGER,,0.0,10.0,,2013688
58029,W,DOMESTIC,-84.05006,40.252179999999996,GLOBAL POSITIONING SYSTEM,SHELBY,GREEN,2011-08-16,97.0,1075.699951171875,SAND & GRAVEL,ROTARY,70.0,32.3,94.0,,2033967
58036,W,DOMESTIC,-84.36039,40.32165,GLOBAL POSITIONING SYSTEM,SHELBY,CYNTHIAN,2011-08-18,221.0,990.2000122070312,LIMESTONE,ROTARY,30.0,54.2,133.0,129,2034049
58067,W,DOMESTIC,-84.35537,40.352669999999996,GLOBAL POSITIONING SYSTEM,SHELBY,MCLEAN,2012-03-22,160.0,958.5999755859375,LIMESTONE,ROTARY,70.0,23.7,110.0,96,2036916
58123,W,DOMESTIC,-84.35609,40.35367,GLOBAL POSITIONING SYSTEM,SHELBY,MCLEAN,2010-09-03,174.0,952.0,LIMESTONE,ROTARY,35.0,22.7,102.0,97,2028731
58168,W,DOMESTIC,-84.26151,40.393249999999995,GLOBAL POSITIONING SYSTEM,SHELBY,VAN BUREN,2012-01-16,128.0,967.5999755859375,LIMESTONE,ROTARY,50.0,18.8,78.0,61,2036193
58267,W,DOMESTIC,-84.23982,40.38474,GLOBAL POSITIONING SYSTEM,SHELBY,VAN BUREN,2011-11-22,158.0,991.4000244140625,LIMESTONE,ROTARY,40.0,34.4,93.0,85,2035590
58312,W,DOMESTIC,-84.026117,40.234916999999996,GLOBAL POSITIONING SYSTEM,SHELBY,GREEN,2012-10-22,127.0,1085.0999755859375,LIMESTONE,ROTARY,30.0,62.0,123.0,121,2040421
58409,W,MONITOR,-84.16405,40.2978,GLOBAL POSITIONING SYSTEM,SHELBY,CLINTON,2011-03-09,15.0,1025.300048828125,SILT,AUGER,,0.0,4.5,,2031528
58481,W,DOMESTIC,-84.05905,40.39654,GLOBAL POSITIONING SYSTEM,SHELBY,JACKSON,2011-03-23,56.0,1038.699951171875,GRAVEL & SAND,ROTARY,130.0,18.6,52.0,,2031535
58485,W,DOMESTIC,-84.29012,40.21404,GLOBAL POSITIONING SYSTEM,SHELBY,WASHINGTON,2011-08-12,201.0,989.2999877929688,LIMESTONE,ROTARY,20.0,78.0,159.0,157,2033923
58493,W,DOMESTIC,-84.38776,40.29763,GLOBAL POSITIONING SYSTEM,SHELBY,CYNTHIAN,2011-11-07,241.0,998.5999755859375,LIMESTONE,ROTARY,35.0,66.0,111.0,95,2035327
58608,W,DOMESTIC,-84.24947,40.45971,GLOBAL POSITIONING SYSTEM,SHELBY,VAN BUREN,2014-03-05,98.0,971.0999755859375,SAND & GRAVEL,ROTARY,25.0,35.7,94.0,,2046588
58700,W,DOMESTIC,-84.15096,40.37113,GLOBAL POSITIONING SYSTEM,SHELBY,FRANKLIN,2014-02-21,283.0,1024.699951171875,SAND & GRAVEL,ROTARY,20.0,43.0,280.0,,2046485
58867,W,DOMESTIC,-84.27946899999999,40.263253,GLOBAL POSITIONING SYSTEM,SHELBY,WASHINGTON,2016-03-16,113.0,,SAND & GRAVEL,ROTARY,18.0,66.0,110.0,,2056360
58926,W,DEWATERING WELL,-84.24,40.22,MAP-OTHERS,SHELBY,WASHINGTON,2016-06-01,35.0,,SAND & GRAVEL,ROTARY,,7.0,35.0,,2057442
58970,W,DOMESTIC,-84.28496,40.436209999999996,GLOBAL POSITIONING SYSTEM,SHELBY,VAN BUREN,2016-03-21,116.0,,SAND & GRAVEL,ROTARY,20.0,54.0,113.0,,2056478
59077,W,DOMESTIC,-84.19275999999999,40.21664,GLOBAL POSITIONING SYSTEM,SHELBY,ORANGE,2017-01-12,128.0,,LIMESTONE,ROTARY,30.0,41.0,78.0,64,2060826
59112,W,DOMESTIC,-84.23420999999999,40.23252,GLOBAL POSITIONING SYSTEM,SHELBY,WASHINGTON,2015-06-12,202.0,966.4000244140625,LIMESTONE,ROTARY,18.0,54.0,130.0,122,2052403
59117,W,DOMESTIC,-84.32021,40.27496,GLOBAL POSITIONING SYSTEM,SHELBY,CYNTHIAN,2015-03-19,112.0,1013.5,SAND & GRAVEL,ROTARY,20.0,92.0,108.0,,2051354
59169,W,DOMESTIC,-84.31732,40.3721,GLOBAL POSITIONING SYSTEM,SHELBY,MCLEAN,2016-10-05,143.0,,LIMESTONE,ROTARY,30.0,30.0,98.0,90,2059251
59287,W,DOMESTIC,-84.11057,40.34661,GLOBAL POSITIONING SYSTEM,SHELBY,SALEM,2016-10-24,104.0,,SAND & GRAVEL,ROTARY,15.0,71.0,101.0,,2059615
59370,W,,-84.35767,40.331309,DIGITIZED,SHELBY,MCLEAN,1948-05-11,85.0,968.5999755859375,GRAVEL,,25.0,30.0,85.0,,42412
59496,W,MONITOR,-84.155,40.301666,GLOBAL POSITIONING SYSTEM,SHELBY,CLINTON,2000-07-28,9.0,,CLAY,AUGER,,,9.0,,911953
59497,W,DOMESTIC,-84.189555,40.246117,DIGITAL MAP,SHELBY,CLINTON,1999-11-23,202.0,989.0,LIMESTONE,ROTARY,15.0,86.0,92.0,84,905968
59517,W,DOMESTIC,-84.33762,40.305949999999996,GLOBAL POSITIONING SYSTEM,SHELBY,CYNTHIAN,2019-11-26,100.0,,SAND & GRAVEL,ROTARY,30.0,46.0,97.0,,2076982
59540,W,DOMESTIC,-84.047483,40.33952,DIGITAL MAP,SHELBY,SALEM,1999-01-19,70.0,,GRAVEL,AIR HAMMER,50.0,18.0,59.0,,885746
59578,W,DOMESTIC,-84.384186,40.274017,DIGITAL MAP,SHELBY,CYNTHIAN,2000-06-29,182.0,,LIMESTONE,ROTARY,18.0,35.0,85.5,79,915427
59593,W,DOMESTIC,-84.20380999999999,40.37795,GLOBAL POSITIONING SYSTEM,SHELBY,FRANKLIN,2018-05-15,76.0,,SAND & GRAVEL,ROTARY,20.0,46.0,73.0,,2067850
59594,W,COMMERCIAL,-84.245583,40.266486,DIGITAL MAP,SHELBY,WASHINGTON,1999-07-01,182.0,,LIMESTONE,ROTARY,150.0,47.0,81.0,75,897205
59623,W,DOMESTIC,-84.33354,40.2419,GLOBAL POSITIONING SYSTEM,SHELBY,LORAMIE,2019-01-09,124.0,,SAND & GRAVEL,ROTARY,20.0,39.0,121.0,,2071746
59632,W,DOMESTIC,-84.11698299999999,40.290755999999995,DIGITAL MAP,SHELBY,PERRY,2000-02-15,202.0,,LIMESTONE,AIR ROTARY,12.0,65.0,178.0,172,908479
59652,W,DOMESTIC,-84.145984,40.450699,DIGITAL MAP,SHELBY,DINSMORE,1998-11-16,85.0,,GRAVEL,ROTARY,40.0,37.0,80.0,,863888
59706,W,DOMESTIC,-84.4298,40.381121,DIGITAL MAP,SHELBY,MCLEAN,1999-08-06,122.0,,LIMESTONE,AIR ROTARY,20.0,27.0,76.0,71,899102
59715,W,DOMESTIC,-84.14648,40.265609999999995,GLOBAL POSITIONING SYSTEM,SHELBY,ORANGE,2019-06-28,201.0,,LIMESTONE,AIR ROTARY,40.0,69.0,133.0,,2074222
59784,W,DOMESTIC,-84.12187999999999,40.33295,DIGITAL MAP,SHELBY,SALEM,1998-10-01,112.0,622.0,GRAVEL & SAND,AIR ROTARY,20.0,38.0,109.0,,883679
59796,W,DOMESTIC,-84.238244,40.291785999999995,DIGITAL MAP,SHELBY,TURTLE CREEK,2000-07-15,139.0,745.2000122070312,LIMESTONE,ROTARY,20.0,37.0,56.5,49,918020
59799,W,DOMESTIC,-84.135667,40.388563999999995,DIGITAL MAP,SHELBY,FRANKLIN,1999-12-01,40.0,,GRAVEL & SAND,ROTARY,20.0,18.0,37.5,,905981
59800,W,DOMESTIC,-84.118624,40.336732999999995,DIGITAL MAP,SHELBY,SALEM,1999-07-21,80.0,,GRAVEL & SAND,ROTARY,15.0,67.0,78.0,,899076
59973,W,DOMESTIC,-84.07920999999999,40.340489999999996,GLOBAL POSITIONING SYSTEM,SHELBY,SALEM,2018-01-19,98.0,,SAND & GRAVEL,ROTARY,15.0,66.0,95.0,,2066420
60006,W,DOMESTIC,-84.03365,40.269917,GLOBAL POSITIONING SYSTEM,SHELBY,PERRY,2018-07-25,57.0,,SAND & GRAVEL,ROTARY,30.0,16.0,55.0,,2069422
60098,W,DOMESTIC,-84.141965,40.237722,DIGITAL MAP,SHELBY,ORANGE,1998-10-09,113.0,,GRAVEL,AIR ROTARY,65.0,40.0,104.0,,881836
60101,W,DOMESTIC,-84.120018,40.424033,DIGITAL MAP,SHELBY,DINSMORE,2000-09-20,85.0,,SAND & GRAVEL,ROTARY,25.0,39.0,83.0,,920766
60151,W,DOMESTIC,-84.375795,40.306433,DIGITAL MAP,SHELBY,CYNTHIAN,2000-05-02,205.0,,LIMESTONE,ROTARY,20.0,77.0,167.0,159,912304
60152,W,DOMESTIC,-84.38003599999999,40.315396,DIGITAL MAP,SHELBY,CYNTHIAN,2000-03-24,222.0,,LIMESTONE,ROTARY,18.0,60.0,165.0,155,912343
60161,W,DOMESTIC,-84.017659,40.249381,DIGITAL MAP,SHELBY,GREEN,1999-12-13,157.0,,LIMESTONE,ROTARY,15.0,16.0,157.0,150,906381
60162,W,DOMESTIC,-84.048918,40.467998,DIGITAL MAP,SHELBY,JACKSON,1998-12-05,101.0,,GRAVEL & SAND,ROTARY,25.0,11.0,98.0,,889038
60170,W,DOMESTIC,-84.11219,40.3269,DIGITAL MAP,SHELBY,SALEM,1999-06-10,226.0,,GRAVEL & SAND,AIR ROTARY,50.0,73.0,223.0,,897162
60212,W,,-84.207272,40.409918,DGS SURFICIAL MAPPING,SHELBY,DINSMORE,1950-08-09,88.0,987.2000122070312,GRAVEL,,24.0,17.0,88.0,,60165
65272,W,,-84.135432,40.193211,DIGITIZED,SHELBY,ORANGE,1958-07-30,147.0,1054.0999755859375,GRAVEL,,20.0,30.0,,,199327
65273,W,,-84.026478,40.235291,DIGITIZED,SHELBY,GREEN,1953-09-28,108.0,1084.699951171875,GRAVEL,,10.0,34.0,108.0,,43273
65274,W,,-84.077691,40.23115,DIGITIZED,SHELBY,GREEN,1952-10-22,130.0,1089.699951171875,LIMESTONE,,20.0,33.0,128.0,128,100805
65292,W,DOMESTIC,-84.209459,40.229974999999996,,SHELBY,WASHINGTON,1990-09-12,120.0,989.0999755859375,LIMESTONE,ROTARY,20.0,72.0,97.0,93,721301
65375,W,,-84.194923,40.266791999999995,DIGITIZED,SHELBY,CLINTON,1950-06-26,136.0,1015.7000122070312,LIMESTONE,,,60.0,82.0,71,30777
65376,W,,-84.175945,40.381319,DIGITIZED,SHELBY,FRANKLIN,1948-05-08,112.0,1044.9000244140625,GRAVEL,,24.0,58.0,112.0,,23440
65380,W,,-84.35507199999999,40.211543,DIGITIZED,SHELBY,LORAMIE,1948-11-26,76.0,971.0,GRAVEL,,20.0,30.0,76.0,,47907
65381,W,,-84.43346,40.334322,DIGITIZED,SHELBY,MCLEAN,1950-07-26,95.0,954.7000122070312,GRAVEL,,10.0,16.0,95.0,,53434
65382,W,,-84.339919,40.367359,DIGITIZED,SHELBY,MCLEAN,1949-07-14,72.0,956.0,GRAVEL,,6.0,,72.0,,36741
65393,W,DOMESTIC,-84.37651,40.24028,,SHELBY,LORAMIE,1996-08-04,50.0,965.9000244140625,GRAVEL,ROTARY,40.0,25.0,39.0,,838611
65399,W,,-84.055604,40.230802,,SHELBY,GREEN,1970-12-29,114.0,1101.300048828125,SAND & GRAVEL,,15.0,43.0,114.0,,416288
65400,W,,-84.121681,40.445584,DGS SURFICIAL MAPPING,SHELBY,DINSMORE,1964-04-30,114.0,1049.199951171875,SAND & GRAVEL,,20.0,36.0,114.0,,217136
65401,W,,-84.150881,40.316286,DIGITIZED,SHELBY,CLINTON,1967-03-30,154.0,1050.800048828125,LIMESTONE,,25.0,83.0,119.0,118,361055
65404,W,,-84.298378,40.387437,DIGITIZED,SHELBY,MCLEAN,1958-07-01,54.0,961.4000244140625,LIMESTONE,,,,61.0,54,123384
65405,W,,-84.10368299999999,40.305389999999996,DIGITIZED,SHELBY,PERRY,1953-09-28,79.0,832.2999877929688,GRAVEL,,10.0,37.0,79.0,,43274
65406,W,,-84.293173,40.344429,DIGITIZED,SHELBY,MCLEAN,1962-10-01,148.0,996.2999877929688,LIMESTONE,,35.0,42.0,105.0,98,281430
65407,W,,-84.342958,40.259785,DIGITIZED,SHELBY,LORAMIE,1955-03-18,147.0,983.0999755859375,GRAVEL,,10.0,60.0,147.0,,132378
65408,W,,-84.397853,40.233968,DIGITIZED,SHELBY,LORAMIE,1962-04-02,62.0,971.5,LIMESTONE,,18.0,14.0,51.0,51,271465
65411,W,,-84.245449,40.287546999999996,DIGITIZED,SHELBY,TURTLE CREEK,1957-03-21,58.0,639.2999877929688,GRAVEL,,,45.0,58.0,,161223
65412,W,,-84.24542,40.286209,DIGITIZED,SHELBY,TURTLE CREEK,1953-09-28,44.0,562.2000122070312,GRAVEL,,10.0,31.0,44.0,,43261
65413,W,,-84.227171,40.287535999999996,DIGITIZED,SHELBY,TURTLE CREEK,1952-12-12,64.0,606.7000122070312,LIMESTONE,,7.0,29.0,50.0,50,93339
65414,W,,-84.24676,40.352610999999996,DIGITIZED,SHELBY,TURTLE CREEK,1960-09-19,67.0,813.0,GRAVEL,,14.0,36.0,67.0,,246514
65415,W,,-84.412015,40.232543,DIGITIZED,SHELBY,LORAMIE,1965-12-20,140.0,972.0999755859375,LIMESTONE,,,0.0,70.0,10,313991
65417,W,,-84.01904499999999,40.370176,DIGITIZED,SHELBY,SALEM,1955-03-24,81.0,1036.9000244140625,GRAVEL,,10.0,52.0,81.0,,146654
65424,W,,-84.24391399999999,40.26256,DIGITIZED,SHELBY,WASHINGTON,1955-04-10,50.0,834.2999877929688,GRAVEL & CLAY,,20.0,28.0,50.0,,151353
65425,W,,-84.252845,40.257162,DIGITIZED,SHELBY,WASHINGTON,1953-12-06,73.0,939.5,LIMESTONE,,10.0,26.0,71.0,71,43287
65527,W,,-84.369428,40.305242,DIGITIZED,SHELBY,CYNTHIAN,1956-04-10,118.0,994.2999877929688,GRAVEL,,18.0,65.0,118.0,,160165
65528,W,,-84.368134,40.328336,DIGITIZED,SHELBY,CYNTHIAN,1959-02-23,115.0,968.5,GRAVEL,,45.0,47.0,115.0,,206294
65529,W,,-84.37110299999999,40.310562999999995,DIGITIZED,SHELBY,CYNTHIAN,1967-11-24,187.0,1012.2000122070312,LIMESTONE,,12.0,77.0,177.0,177,375166
65530,W,,-84.154585,40.30264,DIGITIZED,SHELBY,CLINTON,1954-07-22,250.0,744.0999755859375,LIMESTONE,,,78.0,140.0,140,131731
67625,W,DOMESTIC,-84.32654,40.24192,GEOCODE,SHELBY,LORAMIE,1997-12-19,182.0,964.7999877929688,LIMESTONE,ROTARY,18.0,40.0,139.0,129,867171
68344,W,DOMESTIC,-84.191778,40.349343999999995,GEOCODE,SHELBY,FRANKLIN,2001-09-01,76.0,831.7999877929688,,ROTARY,50.0,45.0,72.0,,934663
68431,W,DOMESTIC,-84.17297599999999,40.409557,,SHELBY,DINSMORE,2001-01-17,85.0,1018.5999755859375,SAND & GRAVEL,ROTARY,20.0,29.0,83.0,,924296
68489,W,,-84.35495999999999,40.22663,GEOCODE,SHELBY,LORAMIE,2001-05-25,63.0,958.5,GRAVEL & SAND,ROTARY,20.0,22.0,60.0,,931644
68490,W,DOMESTIC,-84.412329,40.228826,,SHELBY,LORAMIE,2001-07-21,98.0,978.2999877929688,GRAVEL & SAND,ROTARY,20.0,17.0,95.0,,934601
68559,W,DOMESTIC,-84.121236,40.333323,GEOCODE,SHELBY,SALEM,2001-10-09,100.0,1054.9000244140625,GRAVEL,ROTARY,60.0,36.0,97.0,,937836
68599,W,DOMESTIC,-84.29047,40.30768,GEOCODE,SHELBY,CYNTHIAN,2001-06-27,182.0,1014.5999755859375,LIMESTONE,ROTARY,20.0,72.0,129.0,123,931686
68615,W,DOMESTIC,-84.27617,40.21454,GEOCODE,SHELBY,WASHINGTON,2002-07-30,181.0,977.7999877929688,GRAVEL,ROTARY,75.0,73.0,179.0,,948495
68642,W,DOMESTIC,-84.18476,40.48211,GEOCODE,SHELBY,DINSMORE,2001-07-06,100.0,1015.2000122070312,GRAVEL/SAND/ROCK,ROTARY,20.0,43.0,98.0,,931700
68688,W,DOMESTIC,-84.06875,40.38874,GEOCODE,SHELBY,JACKSON,2001-07-06,63.0,1043.0,GRAVEL & SAND,ROTARY,20.0,23.0,60.0,,931701
68740,W,DOMESTIC,-84.10459,40.46853,GEOCODE,SHELBY,DINSMORE,2001-01-14,97.0,1047.199951171875,GRAVEL,ROTARY,25.0,40.0,94.0,,942288
69051,W,,-84.339807,40.259156,DIGITIZED,SHELBY,LORAMIE,1951-04-24,122.0,977.5,GRAVEL,,20.0,46.0,122.0,,47945
69061,W,DOMESTIC,-84.108578,40.374027,GEOCODE,SHELBY,SALEM,2002-12-23,51.0,601.9000244140625,GRAVEL & SAND,ROTARY,40.0,28.0,48.0,,955486
69193,W,DOMESTIC,-84.26705,40.39232,GLOBAL POSITIONING SYSTEM,SHELBY,VAN BUREN,2003-08-06,137.0,963.7999877929688,LIMESTONE,ROTARY,40.0,9.0,74.0,64,965159
69215,W,DOMESTIC,-84.13606999999999,40.43449,GLOBAL POSITIONING SYSTEM,SHELBY,DINSMORE,2003-09-03,102.0,1045.5999755859375,SAND & GRAVEL,ROTARY,60.0,40.0,100.0,,967252
69218,W,,-84.352375,40.378434999999996,DGS SURFICIAL MAPPING,SHELBY,MCLEAN,1950-09-05,89.0,965.5,GRAVEL,,10.0,24.0,89.0,,53440
69371,W,DOMESTIC,-84.41269,40.23359,GLOBAL POSITIONING SYSTEM,SHELBY,LORAMIE,2003-09-05,73.0,973.0,SAND & GRAVEL,ROTARY,100.0,13.0,70.0,,967258
69466,W,DOMESTIC,-84.3297,40.24118,GLOBAL POSITIONING SYSTEM,SHELBY,LORAMIE,2004-02-09,78.0,966.2000122070312,SAND & GRAVEL,ROTARY,60.0,34.0,77.0,,976776
69738,W,DOMESTIC,-84.41574,40.28132,GLOBAL POSITIONING SYSTEM,SHELBY,CYNTHIAN,2003-11-21,114.0,1019.4000244140625,SAND & GRAVEL,ROTARY,50.0,64.0,111.0,,970575
69821,W,DOMESTIC,-84.25215,40.20892,GLOBAL POSITIONING SYSTEM,SHELBY,WASHINGTON,2005-01-14,67.0,920.9000244140625,SAND & GRAVEL,ROTARY,30.0,35.0,66.0,,987647
69824,W,DOMESTIC,-84.07630999999999,40.23211,GLOBAL POSITIONING SYSTEM,SHELBY,GREEN,2004-08-23,161.0,1079.699951171875,LIMESTONE,ROTARY,35.0,20.0,124.0,160,984726
69841,W,DOMESTIC,-84.17394,40.40829,GLOBAL POSITIONING SYSTEM,SHELBY,DINSMORE,2005-02-04,202.0,1015.7999877929688,,ROTARY,45.0,31.0,152.0,145,990067
69902,W,DOMESTIC,-84.22519,40.2079,GEOCODE,SHELBY,TURTLE CREEK,2005-04-10,103.0,957.4000244140625,LIMESTONE,CABLE TOOL,20.0,19.0,61.0,61,987365
69907,W,DOMESTIC,-84.31582,40.46599,GLOBAL POSITIONING SYSTEM,SHELBY,VAN BUREN,2004-10-13,167.0,929.5,,ROTARY,125.0,27.0,108.0,102,984811
69909,W,DOMESTIC,-84.41582,40.31286,GLOBAL POSITIONING SYSTEM,SHELBY,CYNTHIAN,2004-08-03,118.0,988.2999877929688,,ROTARY,20.0,44.0,117.0,,982863
70172,W,DOMESTIC,-84.0637,40.32494,GLOBAL POSITIONING SYSTEM,SHELBY,PERRY,2005-05-02,120.0,1049.4000244140625,,ROTARY,75.0,47.0,119.0,,992381
70223,W,DOMESTIC,-84.37787999999999,40.2684,GLOBAL POSITIONING SYSTEM,SHELBY,LORAMIE,2005-12-16,135.0,1005.0999755859375,GRAVEL & SAND,ROTARY,40.0,66.0,133.0,,2000627
70361,W,DOMESTIC,-84.26463,40.39195,GLOBAL POSITIONING SYSTEM,SHELBY,VAN BUREN,2006-01-23,138.0,965.0,LIMESTONE,ROTARY,40.0,13.0,71.0,66,2000990
70389,W,MONITOR,-84.177295,40.287752,GEOCODE,SHELBY,CLINTON,2005-06-14,18.0,933.9000244140625,SILT,AUGER,,,10.0,,976653
70470,W,DOMESTIC,-84.01764,40.36114,GLOBAL POSITIONING SYSTEM,SHELBY,SALEM,2005-11-17,64.0,1039.199951171875,GRAVEL & SAND,ROTARY,75.0,23.0,60.0,,2000370
70658,W,,-84.09334199999999,40.341711,DIGITIZED,SHELBY,SALEM,1958-07-30,71.0,600.4000244140625,GRAVEL,,8.0,54.0,71.0,,201633
70660,W,,-84.13176899999999,40.371092999999995,DIGITIZED,SHELBY,SALEM,1965-06-22,41.0,1018.2000122070312,GRAVEL,,15.0,12.0,42.0,,331768
70703,W,,-84.351916,40.371038999999996,DIGITIZED,SHELBY,MCLEAN,1963-08-18,64.0,956.9000244140625,GRAVEL,,12.0,15.0,64.0,,271487
70704,W,,-84.124589,40.302575999999995,DIGITIZED,SHELBY,PERRY,1964-07-08,38.0,927.2000122070312,GRAVEL,,5.0,34.0,40.0,,275849
70725,W,AGRIC/IRRIG,-84.17032999999999,40.36423,GLOBAL POSITIONING SYSTEM,SHELBY,FRANKLIN,2006-05-08,59.0,1009.9000244140625,GRAVEL & SAND,ROTARY,60.0,18.0,55.0,,2003050
70727,W,,-84.1333,40.314986999999995,DIGITIZED,SHELBY,CLINTON,1952-11-28,58.0,634.7999877929688,GRAVEL,,30.0,32.0,58.0,,100811
70847,W,DOMESTIC,-84.33545,40.24402,GLOBAL POSITIONING SYSTEM,SHELBY,LORAMIE,2006-08-15,146.0,948.0999755859375,GRAVEL & SAND,ROTARY,100.0,24.0,146.0,,2004571
71586,W,DOMESTIC,-84.23062999999999,40.26507,GEOCODE,SHELBY,WASHINGTON,2000-05-05,145.0,981.2000122070312,LIMESTONE,ROTARY,35.0,35.0,99.0,135,906133
71706,W,AGRIC/IRRIG,-84.37523999999999,40.226839999999996,GLOBAL POSITIONING SYSTEM,SHELBY,LORAMIE,2007-06-12,132.0,968.7000122070312,GRAVEL,ROTARY,18.0,30.2,128.0,,2010249
71820,W,DOMESTIC,-84.26344999999999,40.3926,GLOBAL POSITIONING SYSTEM,SHELBY,VAN BUREN,2007-08-13,162.0,966.0999755859375,LIMESTONE,ROTARY,30.0,21.6,70.0,66,2011706
71911,W,PUBLIC/SEMI-PUB,-84.29912999999999,40.38867,GLOBAL POSITIONING SYSTEM,SHELBY,MCLEAN,2007-08-20,151.0,956.4000244140625,LIMESTONE,ROTARY,10.0,15.8,61.0,48,2012869
71931,W,DOMESTIC,-84.091882,40.331919,,SHELBY,SALEM,2007-07-10,198.0,806.9000244140625,GRAVEL,ROTARY,35.0,32.0,198.0,,1006734
72088,W,,-84.225602,40.273288,DIGITIZED,SHELBY,TURTLE CREEK,1955-09-10,97.0,1074.0999755859375,LIMESTONE,,,40.0,62.0,62,155840
72198,W,,-84.189886,40.394757999999996,DIGITIZED,SHELBY,FRANKLIN,1957-05-13,71.0,1017.7000122070312,GRAVEL,,,40.0,71.0,,170279
72313,W,,-84.113466,40.330439,DIGITIZED,SHELBY,SALEM,,278.0,566.7000122070312,SAND & GRAVEL,,5.0,80.0,278.0,,272749
72345,W,,-84.13809499999999,40.381105999999996,DIGITIZED,SHELBY,FRANKLIN,1968-05-02,183.0,1038.0,LIMESTONE,,8.0,40.0,136.0,136,381654
72409,W,HTG/COOLING,-84.13835999999999,40.32201,GLOBAL POSITIONING SYSTEM,SHELBY,FRANKLIN,2009-07-21,217.0,873.7000122070312,LIMESTONE,ROTARY,65.0,65.1,134.0,130,2023093
72586,W,DOMESTIC,-84.39638,40.313289999999995,GLOBAL POSITIONING SYSTEM,SHELBY,CYNTHIAN,2008-07-07,92.0,989.2999877929688,GRAVEL,AIR ROTARY,60.0,52.0,89.0,,2017365
72605,W,,-84.158305,40.264741,DIGITIZED,SHELBY,ORANGE,1953-07-10,35.0,957.9000244140625,GRAVEL,,20.0,,35.0,,100836
72669,W,OBSERVATION,-84.2565,40.235817,GLOBAL POSITIONING SYSTEM,SHELBY,WASHINGTON,2008-08-19,35.0,894.0999755859375,SILT/SAND/GRAVEL,AUGER,,8.0,25.0,,2020299
72734,W,DOMESTIC,-84.31965,40.28836,GLOBAL POSITIONING SYSTEM,SHELBY,CYNTHIAN,2009-05-15,186.0,983.4000244140625,LIMESTONE,ROTARY,90.0,52.2,124.0,183,2022200
72798,W,DOMESTIC,-84.27194999999999,40.19876,GLOBAL POSITIONING SYSTEM,SHELBY,WASHINGTON,2008-07-04,130.0,968.7999877929688,GRAVEL & SAND,ROTARY,35.0,77.0,127.0,,2017333
72929,W,DOMESTIC,-84.14876,40.32199,GLOBAL POSITIONING SYSTEM,SHELBY,FRANKLIN,2010-01-27,139.0,1026.0999755859375,LIMESTONE,ROTARY,30.0,48.800000000000004,96.0,84,2025915
73193,W,DOMESTIC,-84.37673,40.29304,GLOBAL POSITIONING SYSTEM,SHELBY,CYNTHIAN,2008-05-05,169.0,986.5,LIMESTONE,ROTARY,40.0,54.800000000000004,100.0,94,2016362
73280,W,DOMESTIC,-84.33067,40.2916,GLOBAL POSITIONING SYSTEM,SHELBY,CYNTHIAN,2010-08-17,191.0,986.5999755859375,SAND & GRAVEL,ROTARY,85.0,57.800000000000004,188.0,,2028394
73383,W,DOMESTIC,-84.35641,40.32886,GLOBAL POSITIONING SYSTEM,SHELBY,CYNTHIAN,2010-06-30,150.0,974.7999877929688,GRAVEL & SAND,ROTARY,150.0,39.5,147.0,,2027683
73407,W,DOMESTIC,-84.2844,40.35854,GLOBAL POSITIONING SYSTEM,SHELBY,TURTLE CREEK,2011-06-21,143.0,982.5999755859375,LIMESTONE,ROTARY,35.0,28.6,95.0,89,2032837
73462,W,AGRIC/IRRIG,-84.10781,40.47441,GLOBAL POSITIONING SYSTEM,SHELBY,DINSMORE,2012-08-17,100.0,1033.0,SAND & GRAVEL,ROTARY,60.0,36.800000000000004,97.0,,2039145
73545,W,DOMESTIC,-84.0483,40.3397,GLOBAL POSITIONING SYSTEM,SHELBY,SALEM,2012-11-05,161.0,727.7999877929688,LIMESTONE,ROTARY,40.0,0.0,125.0,121,2040585
74025,W,DOMESTIC,-84.28864,40.35841,GLOBAL POSITIONING SYSTEM,SHELBY,MCLEAN,2014-09-22,139.0,984.2999877929688,LIMESTONE,ROTARY,20.0,33.0,94.0,83,2049315
74078,W,AGRIC/IRRIG,-84.28211999999999,40.322700000000005,GLOBAL POSITIONING SYSTEM,SHELBY,TURTLE CREEK,2014-09-18,183.0,1020.9000244140625,LIMESTONE,ROTARY,25.0,68.0,118.0,111,2049230
74106,W,DOMESTIC,-84.40271,40.19894,GLOBAL POSITIONING SYSTEM,SHELBY,LORAMIE,2016-03-02,58.0,,SAND & GRAVEL,ROTARY,20.0,20.0,55.0,,2056216
74190,W,DOMESTIC,-84.31667,40.46582,GLOBAL POSITIONING SYSTEM,SHELBY,VAN BUREN,2014-07-23,86.0,931.5,SAND & GRAVEL,ROTARY,30.0,27.0,83.0,,2048272
74207,W,DOMESTIC,-84.43162,40.226566999999996,MAP-OTHERS,SHELBY,LORAMIE,2015-10-27,103.0,,GRAVEL,AIR ROTARY,65.0,16.0,100.0,,2054741
74273,W,DOMESTIC,-84.37474999999999,40.23435,GLOBAL POSITIONING SYSTEM,SHELBY,LORAMIE,2014-08-18,226.0,950.9000244140625,CLAY,ROTARY,,,,,2048702
74393,W,DOMESTIC,-84.2403,40.25178,GLOBAL POSITIONING SYSTEM,SHELBY,WASHINGTON,2017-01-04,143.0,,LIMESTONE,ROTARY,18.0,36.0,123.0,103,2060749
74472,W,DOMESTIC,-84.42509,40.255179999999996,GLOBAL POSITIONING SYSTEM,SHELBY,LORAMIE,2017-09-21,243.0,,LIMESTONE,ROTARY,20.0,65.0,138.0,135,2064519
74566,W,DOMESTIC,-84.15849,40.482119999999995,GLOBAL POSITIONING SYSTEM,SHELBY,DINSMORE,2017-08-02,91.0,,SAND & GRAVEL,ROTARY,20.0,33.0,88.0,,2063581
74717,W,PUBLIC/SEMI-PUB,-84.159037,40.394926,DIGITAL MAP,SHELBY,FRANKLIN,1987-02-06,105.0,,GRAVEL,ROTARY,50.0,64.0,106.0,,662959
74726,W,AGRIC/IRRIG,-84.40628,40.289809999999996,GLOBAL POSITIONING SYSTEM,SHELBY,CYNTHIAN,2018-10-26,159.0,,LIMESTONE,ROTARY,30.0,66.0,107.0,,2070785
74778,W,DOMESTIC,-84.205041,40.229431999999996,DIGITAL MAP,SHELBY,WASHINGTON,1998-12-07,198.0,,LIMESTONE,ROTARY,20.0,81.0,92.7,85,889039
74786,W,DOMESTIC,-84.054817,40.219249999999995,GLOBAL POSITIONING SYSTEM,SHELBY,GREEN,2017-09-20,132.0,,SAND & GRAVEL,ROTARY,40.0,40.0,130.0,,2064754
74824,W,DOMESTIC,-84.301614,40.300751999999996,DIGITAL MAP,SHELBY,CYNTHIAN,1999-09-27,182.0,,LIMESTONE,ROTARY,20.0,71.0,128.0,117,902926
74825,W,DOMESTIC,-84.36856,40.303017,DIGITAL MAP,SHELBY,CYNTHIAN,1998-06-23,83.0,,GRAVEL & SAND,ROTARY,20.0,41.0,78.5,,871392
74829,W,DOMESTIC,-84.38199,40.314808,DIGITAL MAP,SHELBY,CYNTHIAN,2000-07-26,120.0,,GRAVEL & SAND,ROTARY,20.0,49.0,117.0,,918077
74835,W,DOMESTIC,-84.20772099999999,40.42241,DIGITAL MAP,SHELBY,DINSMORE,1998-12-29,77.0,,GRAVEL & SAND,ROTARY,20.0,31.0,74.5,,889069
74895,W,DOMESTIC,-84.350158,40.35302,DIGITAL MAP,SHELBY,MCLEAN,1999-07-15,66.0,,GRAVEL & SAND,AIR ROTARY,50.0,24.0,63.5,,899062
74903,W,DOMESTIC,-84.24076,40.380919999999996,GLOBAL POSITIONING SYSTEM,SHELBY,VAN BUREN,2018-08-31,75.0,,SAND & GRAVEL,ROTARY,20.0,29.0,72.0,,2069742
74983,W,DOMESTIC,-84.298239,40.4697,DIGITAL MAP,SHELBY,VAN BUREN,2000-04-13,158.0,,LIMESTONE,ROTARY,20.0,17.0,88.0,81,912279
74984,W,DOMESTIC,-84.29581,40.461993,DIGITAL MAP,SHELBY,VAN BUREN,2000-07-25,175.0,,LIMESTONE,ROTARY,25.0,21.0,81.7,76,918073
74985,W,DOMESTIC,-84.274135,40.25722,DIGITAL MAP,SHELBY,WASHINGTON,1998-06-23,178.0,,LIMESTONE,ROTARY,20.0,65.0,115.5,110,871391
74991,W,DOMESTIC,-84.29736799999999,40.448966999999996,DIGITAL MAP,SHELBY,VAN BUREN,1998-05-14,153.0,,LIMESTONE,ROTARY,25.0,48.0,116.0,109,871330
74993,W,DOMESTIC,-84.09383199999999,40.337061,DIGITAL MAP,SHELBY,SALEM,1998-09-16,307.0,,CLAY,AIR ROTARY,,,,,883653
75053,W,DOMESTIC,-84.24598499999999,40.352458,DIGITAL MAP,SHELBY,TURTLE CREEK,1998-03-30,70.0,,GRAVEL,ROTARY,20.0,45.0,65.0,,863857
75154,W,DOMESTIC,-84.25972399999999,40.392109,DIGITAL MAP,SHELBY,VAN BUREN,2000-01-25,165.0,,LIMESTONE,ROTARY,18.0,20.0,71.5,60,908452
75219,W,DOMESTIC,-84.18587,40.380796,DIGITAL MAP,SHELBY,FRANKLIN,1998-10-30,104.0,,GRAVEL & SAND,ROTARY,100.0,35.0,101.7,,886458
80339,W,,-84.16057699999999,40.241623,DIGITIZED,SHELBY,ORANGE,1956-09-10,102.0,1031.0,GRAVEL,,20.0,61.0,102.0,,151428
80340,W,,-84.162179,40.23711,DIGITIZED,SHELBY,ORANGE,1959-04-01,93.0,1027.5999755859375,GRAVEL,,10.0,59.0,93.0,,229904
80341,W,,-84.170761,40.214289,DIGITIZED,SHELBY,ORANGE,1960-07-27,107.0,1006.7999877929688,GRAVEL,,12.0,28.0,107.0,,246642
80342,W,,-84.16413299999999,40.235813,DIGITIZED,SHELBY,ORANGE,1965-09-23,108.0,978.2000122070312,GRAVEL,,12.0,61.0,108.0,,342854
80343,W,,-84.079993,40.235817,DIGITIZED,SHELBY,GREEN,1961-10-21,90.0,1069.0999755859375,SAND,,8.0,21.0,90.0,,254646
80363,W,,-84.22908699999999,40.265465,,SHELBY,WASHINGTON,1973-07-30,92.0,987.5999755859375,LIMESTONE,,11.0,40.0,92.0,86,458465
80462,W,,-84.166648,40.349747,DIGITIZED,SHELBY,FRANKLIN,1951-03-07,67.0,1002.0999755859375,SAND,,20.0,8.0,67.0,,56646
80479,W,,-84.31974,40.26385,,SHELBY,LORAMIE,1981-07-22,62.0,960.5999755859375,GRAVEL,,20.0,35.0,64.0,,600133
80493,W,,-84.200503,40.431964,DGS SURFICIAL MAPPING,SHELBY,DINSMORE,1953-05-09,32.0,975.4000244140625,GRAVEL/SAND/CLAY,,,5.5,33.0,,82614
80497,W,,-84.05431,40.415835,DIGITIZED,SHELBY,JACKSON,1964-01-23,999.0,1033.0,SAND,,20.0,40.0,118.0,,305706
80498,W,,-84.339585,40.370379,DIGITIZED,SHELBY,MCLEAN,1963-05-18,92.0,958.9000244140625,GRAVEL,,12.0,16.0,91.0,,271484
80499,W,,-84.339528,40.364294,DIGITIZED,SHELBY,MCLEAN,1952-10-03,80.0,958.7999877929688,GRAVEL,,,15.0,80.0,,82604
80500,W,,-84.09365,40.277955,DIGITIZED,SHELBY,PERRY,1954-04-03,103.0,737.4000244140625,SAND & GRAVEL,,20.0,17.0,103.0,,131711
80501,W,,-84.377299,40.375271,DIGITIZED,SHELBY,MCLEAN,1966-09-23,83.0,964.0,GRAVEL,,15.0,36.0,83.0,,352467
80502,W,,-84.364513,40.368006,DIGITIZED,SHELBY,MCLEAN,1969-05-28,90.0,952.5999755859375,GRAVEL,,12.0,10.5,90.0,,378794
80503,W,,-84.335973,40.251633999999996,DIGITIZED,SHELBY,LORAMIE,1953-11-09,33.0,949.7000122070312,GRAVEL,,5.0,21.0,33.0,,43285
80504,W,,-84.41463499999999,40.197503999999995,DIGITIZED,SHELBY,LORAMIE,1954-02-04,57.0,991.5,GRAVEL,,40.0,25.0,57.0,,122207
80506,W,,-84.248626,40.467585,DIGITIZED,SHELBY,VAN BUREN,1953-05-04,112.0,954.0999755859375,SAND & GRAVEL,,,15.0,112.0,,82613
80507,W,,-84.233586,40.423921,DIGITIZED,SHELBY,VAN BUREN,1963-10-06,131.0,966.7000122070312,GRAVEL,,18.0,16.0,131.0,,286726
80508,W,,-84.24950299999999,40.395098,DGS SURFICIAL MAPPING,SHELBY,VAN BUREN,1954-10-16,116.0,971.7999877929688,LIMESTONE,,12.0,16.0,99.0,96,82635
80518,W,,-84.237155,40.265859999999996,DIGITIZED,SHELBY,WASHINGTON,1969-03-18,48.0,1010.7000122070312,GRAVEL,,20.0,10.0,48.0,,336554
80519,W,,-84.253884,40.257757,DIGITIZED,SHELBY,WASHINGTON,1955-03-31,38.0,944.2000122070312,GRAVEL,,10.0,24.5,38.0,,146064
80520,W,,-84.233358,40.208549,DIGITIZED,SHELBY,WASHINGTON,1953-07-29,89.0,950.5,LIMESTONE,,20.0,28.0,74.0,74,100838
80584,W,,-84.10946299999999,40.318656,DIGITIZED,SHELBY,SALEM,1951-04-18,81.0,896.0999755859375,SAND & GRAVEL,,,,81.0,,82251
80585,W,,-84.243623,40.285042,DIGITIZED,SHELBY,TURTLE CREEK,,78.0,963.7999877929688,LIMESTONE,,,31.0,57.0,55,30795
80586,W,,-84.31497,40.271414,DIGITIZED,SHELBY,CYNTHIAN,1954-10-01,130.0,998.0,GRAVEL,,10.0,74.0,130.0,,131189
80587,W,,-84.370002,40.306683,DIGITIZED,SHELBY,CYNTHIAN,1955-08-01,136.0,1006.2999877929688,GRAVEL,,10.0,65.0,136.0,,132399
80590,W,,-84.241036,40.211324999999995,DIGITIZED,SHELBY,WASHINGTON,1951-04-25,43.0,885.7999877929688,GRAVEL,,15.0,23.0,43.0,,78358
80591,W,,-84.377555,40.292134,DIGITIZED,SHELBY,CYNTHIAN,1958-04-09,119.0,994.7000122070312,LIMESTONE,,20.0,56.0,104.0,104,198124
80592,W,,-84.363609,40.328716,DIGITIZED,SHELBY,CYNTHIAN,1962-05-02,85.0,955.0,GRAVEL,,18.0,21.0,85.0,,271456
80593,W,DOMESTIC,-84.36818,40.28879,,SHELBY,CYNTHIAN,1995-09-13,185.0,954.2000122070312,LIMESTONE,ROTARY,18.0,58.0,116.0,110,821870
80594,W,,-84.14312,40.395755,DIGITIZED,SHELBY,DINSMORE,1964-04-29,148.0,1036.4000244140625,SAND & GRAVEL,,20.0,43.0,148.0,,273150
80595,W,,-84.197693,40.265432,DIGITIZED,SHELBY,CLINTON,1953-06-22,104.0,1020.2999877929688,LIMESTONE,,,59.0,87.0,89,105418
80596,W,,-84.19859199999999,40.287372,,SHELBY,CLINTON,1961-05-24,84.0,655.5,SAND & GRAVEL,,12.0,45.0,84.0,,226726
80597,W,,-84.199546,40.286521,DIGITIZED,SHELBY,CLINTON,1961-09-06,80.0,901.7000122070312,SAND & GRAVEL,,10.0,55.0,80.0,,226738
80598,W,,-84.19873,40.286009,,SHELBY,CLINTON,1961-09-28,93.0,782.5999755859375,SAND & GRAVEL,,10.0,58.0,93.0,,226741
80599,W,,-84.20756,40.296243,DIGITIZED,SHELBY,CLINTON,1961-12-18,72.0,1000.2000122070312,SAND & GRAVEL,,12.0,30.0,72.0,,272651
82718,W,DOMESTIC,-84.294483,40.387,DGS SURFICIAL MAPPING,SHELBY,VAN BUREN,1998-01-12,110.0,957.5,LIMESTONE,ROTARY,20.0,8.0,67.0,61,867193
83426,W,DOMESTIC,-84.37253,40.33193,GEOCODE,SHELBY,MCLEAN,2001-11-16,58.0,957.4000244140625,GRAVEL,ROTARY,25.0,22.0,56.0,,937882
83547,W,DOMESTIC,-84.336772,40.379242,DGS SURFICIAL MAPPING,SHELBY,MCLEAN,2001-11-26,78.0,957.2999877929688,GRAVEL,ROTARY,90.0,20.0,75.0,,937899
83636,W,DOMESTIC,-84.33816399999999,40.379728,DGS SURFICIAL MAPPING,SHELBY,MCLEAN,2001-01-06,91.0,958.7999877929688,GRAVEL & SAND,ROTARY,85.0,22.0,88.0,,924285
83675,W,DOMESTIC,-84.256349,40.308143,GEOCODE,SHELBY,TURTLE CREEK,2000-12-29,179.0,696.7000122070312,LIMESTONE,ROTARY,25.0,41.0,81.0,75,924280
83818,W,DOMESTIC,-84.279308,40.387172,DGS SURFICIAL MAPPING,SHELBY,VAN BUREN,2002-07-12,55.0,965.9000244140625,GRAVEL,ROTARY,25.0,16.0,53.0,,948470
83897,W,DOMESTIC,-84.31020199999999,40.466958999999996,DGS SURFICIAL MAPPING,SHELBY,VAN BUREN,2003-02-06,171.0,933.2999877929688,LIMESTONE,ROTARY,100.0,32.0,134.0,124,959103
83988,W,DOMESTIC,-84.130005,40.381042,DGS SURFICIAL MAPPING,SHELBY,FRANKLIN,2002-09-19,49.0,1022.0999755859375,GRAVEL & SAND,ROTARY,40.0,10.0,46.0,,951762
84325,W,,-84.325285,40.307652,DIGITIZED,SHELBY,CYNTHIAN,1963-10-22,96.0,990.5,GRAVEL,,12.0,49.0,97.0,,297665
84555,W,DOMESTIC,-84.22187,40.26295,GLOBAL POSITIONING SYSTEM,SHELBY,WASHINGTON,2003-06-27,140.0,977.5,LIMESTONE,ROTARY,30.0,24.0,80.0,74,961893
84563,W,DOMESTIC,-84.10897,40.45392,GEOCODE,SHELBY,JACKSON,2004-01-22,92.0,1050.800048828125,SAND & GRAVEL,ROTARY,25.0,45.0,90.0,,976762
84634,W,,-84.194473,40.230503999999996,DIGITIZED,SHELBY,ORANGE,1966-06-14,40.0,913.2999877929688,LIMESTONE,,5.0,20.0,16.0,8,316008
84644,W,,-84.23397,40.315487,DIGITIZED,SHELBY,TURTLE CREEK,1964-12-09,88.0,1042.300048828125,LIMESTONE,,15.0,52.0,70.0,70,327274
84780,W,DOMESTIC,-84.32238,40.27249,GLOBAL POSITIONING SYSTEM,SHELBY,CYNTHIAN,2004-11-05,90.0,992.4000244140625,SAND & GRAVEL,ROTARY,15.0,70.0,84.0,,987712
84850,W,DOMESTIC,-84.26109,40.37363,GLOBAL POSITIONING SYSTEM,SHELBY,TURTLE CREEK,2003-12-15,182.0,993.0999755859375,LIMESTONE,ROTARY,45.0,37.0,108.0,99,970545
84909,W,DOMESTIC,-84.02318,40.1863,GLOBAL POSITIONING SYSTEM,SHELBY,GREEN,2004-01-12,146.0,1148.800048828125,GRAVEL & SAND,ROTARY,90.0,51.0,143.0,,970532
84949,W,DOMESTIC,-84.08952,40.34486,GLOBAL POSITIONING SYSTEM,SHELBY,SALEM,2004-09-07,61.0,1062.199951171875,,ROTARY,20.0,45.0,60.0,,984751
85018,W,MONITOR,-84.177403,40.287763999999996,GEOCODE,SHELBY,CLINTON,2004-09-21,14.0,802.9000244140625,,AUGER,,,9.0,,968325
85019,W,MONITOR,-84.177702,40.287785,GEOCODE,SHELBY,CLINTON,2004-09-14,25.0,1072.0,,AUGER,,,15.0,,968328
85043,W,AGRIC/IRRIG,-84.19506299999999,40.45417,DGS SURFICIAL MAPPING,SHELBY,DINSMORE,2005-05-06,72.0,985.4000244140625,GRAVEL & SAND,ROTARY,20.0,29.0,70.0,,992372
85110,W,DOMESTIC,-84.39269,40.35667,GLOBAL POSITIONING SYSTEM,SHELBY,MCLEAN,2004-04-30,71.0,952.9000244140625,GRAVEL & SAND,ROTARY,45.0,18.0,70.0,,979869
85120,W,DOMESTIC,-84.40978,40.232600000000005,,SHELBY,LORAMIE,2004-05-13,45.0,970.0,SAND & GRAVEL,ROTARY,40.0,11.0,44.0,,979883
85156,W,TEST WELL,-84.41821999999999,40.238879999999995,GLOBAL POSITIONING SYSTEM,SHELBY,LORAMIE,2004-12-21,221.0,972.5,LIMESTONE,ROTARY,80.0,18.0,60.0,95,987667
85323,W,DOMESTIC,-84.24504999999999,40.31131,GLOBAL POSITIONING SYSTEM,SHELBY,TURTLE CREEK,2005-06-03,122.0,558.5999755859375,,ROTARY,25.0,29.0,56.0,49,992331
85332,W,MONITOR,-84.1795,40.28733,GLOBAL POSITIONING SYSTEM,SHELBY,CLINTON,2005-12-08,24.0,1039.800048828125,CLAY,AUGER,,0.0,14.0,,2000727
85479,W,MONITOR,-84.176222,40.287752999999995,GEOCODE,SHELBY,CLINTON,2005-06-16,22.0,770.4000244140625,SAND,,,,14.0,,976650
85575,W,DOMESTIC,-84.18415999999999,40.24249,GEOCODE,SHELBY,ORANGE,1998-03-07,105.0,910.2000122070312,LIMESTONE,ROTARY,15.0,12.0,28.0,3,862486
85585,W,DOMESTIC,-84.33738,40.24894,GLOBAL POSITIONING SYSTEM,SHELBY,LORAMIE,2006-02-06,49.0,938.0,GRAVEL & SAND,ROTARY,100.0,11.0,46.0,,2001170
85732,W,DOMESTIC,-84.23317999999999,40.20845,GLOBAL POSITIONING SYSTEM,SHELBY,WASHINGTON,2006-03-01,48.0,948.9000244140625,,ROTARY,40.0,16.0,46.0,,997785
85749,W,,-84.093479,40.351838,DIGITIZED,SHELBY,SALEM,1959-03-21,98.0,1134.5,GRAVEL,,8.0,70.0,98.0,,229451
85787,W,,-84.37745,40.290296999999995,DIGITIZED,SHELBY,CYNTHIAN,1959-02-23,109.0,986.7999877929688,LIMESTONE,,14.0,53.0,92.0,92,228004
85801,W,,-84.166259,40.341285,DIGITIZED,SHELBY,FRANKLIN,1966-02-16,78.0,625.5,GRAVEL,,15.0,28.0,78.0,,342885
85802,W,,-84.178947,40.246006,DIGITIZED,SHELBY,ORANGE,1949-05-11,64.0,961.0999755859375,GRAVEL,,24.0,38.0,64.0,,49550
86218,W,DOMESTIC,-84.13425,40.210249999999995,GLOBAL POSITIONING SYSTEM,SHELBY,ORANGE,2006-08-23,201.0,1063.300048828125,LIMESTONE,ROTARY,35.0,47.0,164.0,200,2004684
86756,W,DOMESTIC,-84.24340000000001,40.244119999999995,GEOCODE,SHELBY,WASHINGTON,2007-07-05,82.0,929.0,SAND & GRAVEL,ROTARY,25.0,35.0,82.0,,2010776
87001,W,DOMESTIC,-84.33588,40.25206,GLOBAL POSITIONING SYSTEM,SHELBY,LORAMIE,2006-10-06,67.0,950.5,GRAVEL & SAND,ROTARY,25.0,27.0,64.0,,2006111
87031,W,DOMESTIC,-84.16150999999999,40.2656,GLOBAL POSITIONING SYSTEM,SHELBY,ORANGE,2006-12-12,82.0,676.2999877929688,LIMESTONE,ROTARY,30.0,10.0,27.0,4,2007404
87167,W,,-84.07715999999999,40.205982999999996,DIGITIZED,SHELBY,GREEN,1959-09-17,40.0,1101.9000244140625,GRAVEL,,20.0,17.0,40.0,,199348
87168,W,,-84.16227099999999,40.266137,DIGITIZED,SHELBY,ORANGE,1953-06-11,124.0,766.7999877929688,LIMESTONE,,,11.0,26.0,7,82616
87266,W,,-84.406905,40.233474,DIGITIZED,SHELBY,LORAMIE,1965-04-30,100.0,970.9000244140625,LIMESTONE,,21.0,14.0,60.0,55,313977
87286,W,,-84.098114,40.328007,DIGITIZED,SHELBY,SALEM,1950-04-27,70.0,847.5,GRAVEL,,7.0,20.0,70.0,,27378
87318,W,,-84.237843,40.345833,DIGITIZED,SHELBY,TURTLE CREEK,1948-12-04,127.0,638.0,LIMESTONE,,24.0,50.0,83.0,81,49533
87451,W,DOMESTIC,-84.36529,40.36954,GLOBAL POSITIONING SYSTEM,SHELBY,MCLEAN,2009-09-16,73.0,956.0999755859375,GRAVEL,ROTARY,100.0,28.6,70.0,,2024036
87491,W,DOMESTIC,-84.31974,40.288109999999996,GLOBAL POSITIONING SYSTEM,SHELBY,CYNTHIAN,2009-05-15,181.0,982.0,LIMESTONE,ROTARY,90.0,52.2,124.0,180,2022197
87550,W,,-84.164146,40.331725,DIGITIZED,SHELBY,FRANKLIN,1964-05-08,106.0,968.5,GRAVEL,,12.0,53.0,106.0,,316120
87571,W,,-84.369348,40.329314,DIGITIZED,SHELBY,MCLEAN,1959-10-08,88.0,966.7000122070312,GRAVEL & CLAY,,14.0,24.0,88.0,,228038
87572,W,,-84.174466,40.249687,DIGITIZED,SHELBY,ORANGE,1952-03-01,156.0,1021.0999755859375,LIMESTONE,,,81.0,14.0,113,96054
87705,W,SOIL BORING,-84.25398299999999,40.232282999999995,GLOBAL POSITIONING SYSTEM,SHELBY,WASHINGTON,2008-07-10,30.0,892.2000122070312,SAND & GRAVEL,AUGER,,,,,2020319
87782,W,DRY/NO WATER,-84.08009,40.33799,GLOBAL POSITIONING SYSTEM,SHELBY,SALEM,2009-10-12,79.0,997.4000244140625,GRAVEL & SAND,ROTARY,40.0,48.7,75.0,,2024424
87795,W,DOMESTIC,-84.076017,40.303633,GLOBAL POSITIONING SYSTEM,SHELBY,PERRY,2009-10-01,97.0,1056.4000244140625,SAND & GRAVEL,ROTARY,50.0,28.0,95.0,,2024612
87864,W,DOMESTIC,-84.28844,40.36371,GLOBAL POSITIONING SYSTEM,SHELBY,TURTLE CREEK,2009-08-24,128.0,977.5,LIMESTONE,ROTARY,40.0,28.2,84.0,78,2023660
87916,W,TEST BORING,-84.256383,40.2287,GLOBAL POSITIONING SYSTEM,SHELBY,WASHINGTON,2008-07-10,30.0,888.2999877929688,SILT/SAND/GRAVEL,AUGER,,0.0,,,2020414
87931,W,AGRIC/IRRIG,-84.21730000000001,40.36235,GLOBAL POSITIONING SYSTEM,SHELBY,TURTLE CREEK,2008-10-13,181.0,1014.0999755859375,LIMESTONE,ROTARY,60.0,39.5,102.0,91,2019238
87979,W,DOMESTIC,-84.22340799999999,40.283681,GLOBAL POSITIONING SYSTEM,SHELBY,TURTLE CREEK,2008-04-15,125.0,558.4000244140625,LIMESTONE,ROTARY,30.0,27.8,67.0,60,2015943
88021,W,DOMESTIC,-84.16460000000001,40.24227,GLOBAL POSITIONING SYSTEM,SHELBY,ORANGE,2009-03-04,241.0,1019.0999755859375,LIMESTONE,ROTARY,28.0,57.5,150.0,239,2021292
88065,W,DOMESTIC,-84.0644,40.25985,GLOBAL POSITIONING SYSTEM,SHELBY,PERRY,2009-07-06,73.0,1069.800048828125,SAND & GRAVEL,ROTARY,30.0,21.0,71.0,,2023067
88235,W,DOMESTIC,-84.05548,40.3847,GLOBAL POSITIONING SYSTEM,SHELBY,SALEM,2007-11-20,103.0,1063.4000244140625,GRAVEL & SAND,ROTARY,70.0,47.1,100.0,,2013926
88296,W,DOMESTIC,-84.34147,40.371469999999995,GLOBAL POSITIONING SYSTEM,SHELBY,MCLEAN,2010-12-03,145.0,956.0999755859375,LIMESTONE,ROTARY,55.0,26.7,118.0,113,2030333
88495,W,AGRIC/IRRIG,-84.30145999999999,40.32523,GLOBAL POSITIONING SYSTEM,SHELBY,CYNTHIAN,2012-09-05,182.0,1007.9000244140625,LIMESTONE,ROTARY,180.0,68.7,131.0,110,2039479
88549,W,DOMESTIC,-84.36937999999999,40.297329999999995,GLOBAL POSITIONING SYSTEM,SHELBY,CYNTHIAN,2013-01-18,208.0,985.5,LIMESTONE,ROTARY,35.0,54.0,104.0,98,2041557
89064,W,DOMESTIC,-84.01823999999999,40.300689999999996,GLOBAL POSITIONING SYSTEM,SHELBY,PERRY,2014-08-26,223.0,810.2000122070312,SAND & GRAVEL,ROTARY,25.0,59.0,220.0,,2048847
89138,W,DOMESTIC,-84.16882,40.26526,GLOBAL POSITIONING SYSTEM,SHELBY,ORANGE,2016-06-08,198.0,,LIMESTONE,ROTARY,15.0,25.0,38.0,30,2057347
89150,W,DOMESTIC,-84.09419,40.39575,GLOBAL POSITIONING SYSTEM,SHELBY,JACKSON,2016-05-06,122.0,,SAND & GRAVEL,ROTARY,25.0,38.0,118.0,,2056963
89237,W,DOMESTIC,-84.24479,40.43958,GLOBAL POSITIONING SYSTEM,SHELBY,VAN BUREN,2016-03-01,70.0,,SAND & GRAVEL,ROTARY,25.0,34.0,67.0,,2056185
89337,W,DOMESTIC,-84.25232,40.37431,GLOBAL POSITIONING SYSTEM,SHELBY,TURTLE CREEK,2017-02-13,147.0,,LIMESTONE,ROTARY,15.0,34.0,85.0,80,2061241
89515,W,DOMESTIC,-84.235017,40.205556,GLOBAL POSITIONING SYSTEM,SHELBY,WASHINGTON,2017-02-17,170.0,,SHALE,CABLE TOOL,2.0,61.0,132.0,130,2061327
89794,W,DOMESTIC,-84.20226,40.443259999999995,GLOBAL POSITIONING SYSTEM,SHELBY,DINSMORE,2018-03-07,105.0,,SAND & GRAVEL,ROTARY,15.0,24.0,102.0,,2066959
89798,W,DOMESTIC,-84.21018099999999,40.246092,DIGITAL MAP,SHELBY,WASHINGTON,1999-12-17,167.0,,LIMESTONE,ROTARY,20.0,61.0,105.0,99,908412
89829,W,AGRIC/IRRIG,-84.20730999999999,40.4229,GLOBAL POSITIONING SYSTEM,SHELBY,DINSMORE,2017-12-01,92.0,,SAND & GRAVEL,ROTARY,100.0,25.0,89.0,,2065765
89834,W,DOMESTIC,-84.282814,40.265426,DIGITAL MAP,SHELBY,WASHINGTON,1998-07-28,95.0,,GRAVEL,ROTARY,20.0,58.0,93.0,,880738
89844,W,DOMESTIC,-84.0518,40.276689999999995,GLOBAL POSITIONING SYSTEM,SHELBY,PERRY,2018-04-30,60.0,,SAND & GRAVEL,ROTARY,20.0,16.0,56.0,,2067659
89892,W,MONITOR,-84.1889,40.377700000000004,GLOBAL POSITIONING SYSTEM,SHELBY,FRANKLIN,2019-04-04,26.0,,SAND,AUGER,,0.0,21.0,,2072843
89904,W,DOMESTIC,-84.38868,40.27511,GLOBAL POSITIONING SYSTEM,SHELBY,CYNTHIAN,2018-05-18,200.0,,LIMESTONE,ROTARY,15.0,49.0,92.0,,2067918
89952,W,,-84.02781399999999,40.305817999999995,DIGITIZED,SHELBY,PERRY,1954-10-09,123.0,669.2000122070312,SAND & GRAVEL,,10.0,42.0,123.0,,131741
90018,W,,-84.33796099999999,40.369718999999996,DIGITIZED,SHELBY,MCLEAN,,150.0,955.4000244140625,LIMESTONE,,21.0,12.0,136.0,140,88251
90156,W,DOMESTIC,-84.307948,40.199839999999995,DIGITAL MAP,SHELBY,LORAMIE,1998-05-07,91.0,,GRAVEL,AIR ROTARY,25.0,11.0,87.0,,871318
95289,W,,-84.16107199999999,40.235188,DIGITIZED,SHELBY,ORANGE,1964-10-15,104.0,1029.699951171875,GRAVEL,,10.0,57.0,104.0,,327265
95290,W,,-84.155914,40.26385,DIGITIZED,SHELBY,ORANGE,1966-07-02,203.0,1037.0,LIMESTONE,,30.0,80.0,114.0,85,325394
95291,W,,-84.189617,40.236244,DIGITIZED,SHELBY,ORANGE,1969-07-08,65.0,906.5999755859375,LIMESTONE,,13.0,8.0,26.0,2,400458
95292,W,,-84.145005,40.262764,DIGITIZED,SHELBY,ORANGE,1969-08-28,83.0,597.0,GRAVEL,,15.0,62.0,83.0,,400490
95308,W,,-84.227081,40.265505,,SHELBY,WASHINGTON,1973-04-18,81.0,1022.2000122070312,LIMESTONE,,11.0,29.0,79.0,79,448439
95398,W,,-84.11107299999999,40.189571,DIGITIZED,SHELBY,GREEN,1952-07-28,49.0,1067.0999755859375,GRAVEL,,1.0,14.0,49.0,,78397
95399,W,,-84.42105,40.374016999999995,DIGITIZED,SHELBY,MCLEAN,1948-05-05,106.0,958.2000122070312,GRAVEL,,32.0,21.0,101.0,,23439
95410,W,DOMESTIC,-84.135063,40.394787,,SHELBY,FRANKLIN,1996-11-21,162.0,1039.199951171875,LIMESTONE,ROTARY,20.0,32.0,147.0,142,846064
95411,W,,-84.18637199999999,40.373322,,SHELBY,FRANKLIN,1987-08-24,285.0,1018.2999877929688,LIMESTONE,ROTARY,400.0,35.0,165.0,161,672153
95412,W,DOMESTIC,-84.29648,40.28335,,SHELBY,CYNTHIAN,1993-12-17,201.0,1007.7999877929688,LIMESTONE,ROTARY,15.0,66.0,121.0,116,784486
95413,W,,-84.041781,40.193348,DIGITIZED,SHELBY,GREEN,1954-05-11,44.0,1117.0,SAND & GRAVEL,,8.0,7.5,44.0,,124338
95414,W,,-84.031312,40.218599,DIGITIZED,SHELBY,GREEN,1954-03-09,93.0,1110.4000244140625,GRAVEL,,,44.5,93.0,,103291
95422,W,,-84.207611,40.301344,DIGITIZED,SHELBY,CLINTON,1962-03-15,43.0,976.9000244140625,GRAVEL,,50.0,2.0,43.0,,272659
95423,W,DOMESTIC,-84.40265,40.211529999999996,GEOCODE,SHELBY,LORAMIE,1994-07-01,80.0,982.2999877929688,SAND & GRAVEL,ROTARY,20.0,24.0,75.0,,795961
95424,W,,-84.098592,40.445164,DIGITIZED,SHELBY,JACKSON,1956-05-22,185.0,1036.800048828125,SAND & GRAVEL,,10.0,20.0,185.0,,179301
95425,W,,-84.081976,40.282711,DIGITIZED,SHELBY,PERRY,1964-07-15,85.0,765.5,GRAVEL,,15.0,30.0,85.0,,316141
95426,W,,-84.110227,40.286812999999995,DIGITIZED,SHELBY,PERRY,1959-07-06,23.0,998.5,HARDPAN,,8.0,,23.0,,229468
95427,W,,-84.300595,40.393488999999995,DGS SURFICIAL MAPPING,SHELBY,MCLEAN,1968-03-01,71.0,961.2000122070312,LIMESTONE,,10.0,15.0,58.0,58,359688
95428,W,,-84.37610099999999,40.249328999999996,DIGITIZED,SHELBY,LORAMIE,1952-11-10,235.0,991.9000244140625,GRAVEL,,20.0,65.0,235.0,,86272
95429,W,,-84.38798899999999,40.240885999999996,DIGITIZED,SHELBY,LORAMIE,1958-08-16,60.0,970.9000244140625,GRAVEL,,14.0,17.0,60.0,,198137
95430,W,,-84.411202,40.232572,DIGITIZED,SHELBY,LORAMIE,1963-06-11,71.0,970.0,GRAVEL,,12.0,7.0,71.0,,297653
95431,W,,-84.224091,40.283001,DIGITIZED,SHELBY,TURTLE CREEK,1958-10-08,86.0,989.2000122070312,LIMESTONE,,10.0,28.0,72.0,70,198691
95432,W,,-84.091168,40.332147,DIGITIZED,SHELBY,SALEM,1960-11-07,137.0,1020.2000122070312,GRAVEL,,15.0,40.0,137.0,,207873
95433,W,,-84.02668899999999,40.376444,DIGITIZED,SHELBY,SALEM,1963-03-27,84.0,744.2999877929688,SAND & GRAVEL,,20.0,18.0,84.0,,272726
95434,W,,-84.024654,40.375943,DIGITIZED,SHELBY,SALEM,1957-03-12,45.0,814.9000244140625,SAND & GRAVEL,,15.0,16.0,45.0,,182983
95435,W,,-84.300471,40.468238,DIGITIZED,SHELBY,VAN BUREN,1966-06-10,96.0,933.5,LIMESTONE,,20.0,19.0,93.0,89,328698
95436,W,,-84.29295499999999,40.430954,DIGITIZED,SHELBY,VAN BUREN,1961-07-08,140.0,979.7000122070312,LIMESTONE,,,78.0,90.0,87,251550
95442,W,,-84.24585499999999,40.258047999999995,DIGITIZED,SHELBY,WASHINGTON,1955-09-28,41.0,951.7000122070312,GRAVEL,,10.0,29.0,41.0,,160759
95526,W,,-84.177055,40.214289,DIGITIZED,SHELBY,ORANGE,,108.0,1005.4000244140625,GRAVEL,,36.0,36.0,108.0,,60190
95529,W,,-84.368088,40.294899,DIGITIZED,SHELBY,CYNTHIAN,1958-06-03,123.0,974.0999755859375,LIMESTONE,,14.0,43.0,93.0,93,198133
95530,W,,-84.369101,40.328585,DIGITIZED,SHELBY,CYNTHIAN,1963-03-16,80.0,957.0999755859375,GRAVEL,,40.0,27.0,80.0,,281447
95531,W,,-84.19979599999999,40.28656,DIGITIZED,SHELBY,CLINTON,1961-08-31,97.0,,SAND & GRAVEL,,12.0,55.0,97.0,,226737
95532,W,,-84.16214,40.316257,DIGITIZED,SHELBY,CLINTON,1959-07-29,205.0,558.2000122070312,LIMESTONE,,,58.0,115.0,115,232363
95533,W,,-84.135153,40.279021,DIGITIZED,SHELBY,CLINTON,1963-05-10,208.0,615.7999877929688,LIMESTONE,,12.0,137.0,132.0,132,297023
97561,W,DOMESTIC,-84.0823,40.259068,GEOCODE,SHELBY,GREEN,1997-12-15,122.0,676.7000122070312,LIMESTONE,ROTARY,20.0,2.5,76.0,65,867164
97586,W,DOMESTIC,-84.16185999999999,40.21382,GEOCODE,SHELBY,ORANGE,1998-02-12,161.0,1023.5,SAND & GRAVEL,ROTARY,75.0,68.0,156.0,,871226
98280,W,DOMESTIC,-84.12803,40.380994,DGS SURFICIAL MAPPING,SHELBY,FRANKLIN,2001-09-04,85.0,1028.199951171875,BOULDERS,ROTARY,30.0,15.0,91.0,,934666
98343,W,DOMESTIC,-84.296145,40.466432999999995,DGS SURFICIAL MAPPING,SHELBY,VAN BUREN,2001-09-18,176.0,925.2999877929688,LIMESTONE,ROTARY,18.0,15.0,83.0,78,934687
98422,W,DOMESTIC,-84.36511999999999,40.231429999999996,GEOCODE,SHELBY,LORAMIE,2001-06-22,99.0,970.0,GRAVEL & SAND,ROTARY,20.0,37.0,96.0,,931679
98425,W,DOMESTIC,-84.41291,40.23007,GEOCODE,SHELBY,LORAMIE,2002-01-28,140.0,972.5999755859375,SHALE,CABLE TOOL,20.0,25.0,125.0,120,936846
98678,W,DOMESTIC,-84.170172,40.346320999999996,GEOCODE,SHELBY,FRANKLIN,2001-10-02,76.0,609.5999755859375,SAND & GRAVEL,ROTARY,30.0,19.0,72.0,,934694
98837,W,DOMESTIC,-84.152928,40.323522,GEOCODE,SHELBY,FRANKLIN,2002-06-17,179.0,782.2000122070312,LIMESTONE,ROTARY,15.0,56.0,97.0,90,945145
98842,W,DOMESTIC,-84.23474,40.39481,GEOCODE,SHELBY,VAN BUREN,2002-08-29,181.0,991.7999877929688,LIMESTONE,ROTARY,30.0,32.0,119.0,107,948545
99055,W,DOMESTIC,-84.114781,40.276804999999996,GEOCODE,SHELBY,ORANGE,2002-12-11,53.0,904.0,SAND & GRAVEL,ROTARY,40.0,24.0,50.0,,955469
99114,W,DOMESTIC,-84.22493,40.21853,GEOCODE,SHELBY,WASHINGTON,2002-10-17,182.0,971.7000122070312,LIMESTONE & SHALE,ROTARY,4.0,63.0,124.0,116,951809
99177,W,DOMESTIC,-84.11389,40.22482,GLOBAL POSITIONING SYSTEM,SHELBY,ORANGE,2003-08-26,62.0,1080.4000244140625,GRAVEL,ROTARY,30.0,13.0,61.0,,965193
99275,W,,-84.276866,40.258303999999995,DIGITIZED,SHELBY,WASHINGTON,1958-02-28,147.0,971.7000122070312,LIMESTONE,,10.0,51.0,120.0,120,220302
99375,W,DOMESTIC,-84.23362999999999,40.38053,GLOBAL POSITIONING SYSTEM,SHELBY,VAN BUREN,2003-06-07,162.0,993.0,LIMESTONE,ROTARY,40.0,27.0,112.0,105,961868
99557,W,DOMESTIC,-84.08953199999999,40.330635,GLOBAL POSITIONING SYSTEM,SHELBY,SALEM,2004-03-21,38.0,1051.300048828125,SAND & GRAVEL,ROTARY,15.0,14.0,38.0,,975687
99564,W,DOMESTIC,-84.26697,40.39363,GLOBAL POSITIONING SYSTEM,SHELBY,VAN BUREN,2004-10-07,101.0,966.7999877929688,LIME & CLAY,ROTARY,100.0,17.0,78.0,71,984795
99594,W,DOMESTIC,-84.37847,40.313359999999996,GLOBAL POSITIONING SYSTEM,SHELBY,CYNTHIAN,2004-11-08,91.0,986.0,GRAVEL & SAND,ROTARY,30.0,51.0,88.0,,987709
99595,W,DOMESTIC,-84.226,40.28194,GLOBAL POSITIONING SYSTEM,SHELBY,TURTLE CREEK,2004-11-05,116.0,986.4000244140625,LIMESTONE,ROTARY,30.0,31.0,74.0,39,987715
99743,W,DOMESTIC,-84.37583,40.20241,GLOBAL POSITIONING SYSTEM,SHELBY,LORAMIE,2005-01-26,45.0,978.2999877929688,,ROTARY,100.0,12.0,43.0,,990050
99779,W,,-84.248144,40.226957,GLOBAL POSITIONING SYSTEM,SHELBY,WASHINGTON,2004-08-04,97.0,902.7999877929688,GRAVEL & CLAY,ROTARY,,18.0,87.0,192,950643
99858,W,DOMESTIC,-84.26670999999999,40.391439999999996,GLOBAL POSITIONING SYSTEM,SHELBY,VAN BUREN,2005-05-11,152.0,964.7000122070312,LIMESTONE,ROTARY,50.0,15.0,72.0,65,992364
100172,W,DOMESTIC,-84.30563,40.318729999999995,GLOBAL POSITIONING SYSTEM,SHELBY,CYNTHIAN,2005-06-07,218.0,1011.2000122070312,,ROTARY,40.0,64.0,133.0,215,992326
100180,W,MONITOR,-84.17967,40.28733,GLOBAL POSITIONING SYSTEM,SHELBY,CLINTON,2005-12-08,24.0,1039.4000244140625,CLAY,AUGER,,0.0,14.0,,2000729
100197,W,DOMESTIC,-84.22641,40.280417,GLOBAL POSITIONING SYSTEM,SHELBY,TURTLE CREEK,2004-12-03,103.0,797.9000244140625,,ROTARY,10.0,35.0,78.0,66,987229
100253,W,DOMESTIC,-84.09344,40.31173,GLOBAL POSITIONING SYSTEM,SHELBY,PERRY,2006-03-16,94.0,1043.300048828125,GRAVEL,ROTARY,25.0,66.0,90.0,,2001764
100306,W,DOMESTIC,-84.32556,40.24171,GLOBAL POSITIONING SYSTEM,SHELBY,LORAMIE,2005-06-29,181.0,967.2999877929688,LIMESTONE,ROTARY,75.0,45.0,159.0,153,992301
100307,W,AGRIC/IRRIG,-84.30976199999999,40.413886999999995,DGS SURFICIAL MAPPING,SHELBY,MCLEAN,2005-06-15,157.0,971.7999877929688,LIMESTONE,ROTARY,75.0,40.0,97.0,91,992311
100532,W,DOMESTIC,-84.13127,40.35441,GLOBAL POSITIONING SYSTEM,SHELBY,SALEM,2006-04-06,122.0,1049.699951171875,GRAVEL & SAND,ROTARY,100.0,51.0,118.0,,2002085
100560,W,DOMESTIC,-84.37389,40.29833,GLOBAL POSITIONING SYSTEM,SHELBY,CYNTHIAN,2006-04-20,104.0,944.9000244140625,LIMESTONE,AIR ROTARY,20.0,12.0,54.0,38,2002383
100599,W,,-84.11572699999999,40.276568999999995,DIGITIZED,SHELBY,PERRY,1956-07-17,37.0,1014.2000122070312,GRAVEL,,10.0,18.0,37.0,,160800
100602,W,,-84.340628,40.370723,DIGITIZED,SHELBY,MCLEAN,1967-10-27,90.0,956.0999755859375,GRAVEL,,15.0,15.5,90.0,,359685
100603,W,,-84.245368,40.20881,DIGITIZED,SHELBY,WASHINGTON,1952-07-10,55.0,880.5,LIMESTONE,,15.0,26.0,47.0,46,78393
100604,W,,-84.096243,40.432373999999996,DIGITIZED,SHELBY,JACKSON,1964-01-30,65.0,1044.5,SAND & GRAVEL,,10.0,35.0,67.0,,305707
100740,W,DOMESTIC,-84.31376,40.46716,GLOBAL POSITIONING SYSTEM,SHELBY,VAN BUREN,2006-09-21,95.0,930.7999877929688,GRAVEL & SAND,ROTARY,150.0,24.0,89.0,,2005311
100909,W,DOMESTIC,-84.29316999999999,40.30722,GLOBAL POSITIONING SYSTEM,SHELBY,CYNTHIAN,2006-07-11,198.0,1018.0,LIMESTONE,ROTARY,30.0,68.0,130.0,195,2003955
100987,W,DOMESTIC,-84.31572,40.405969999999996,GLOBAL POSITIONING SYSTEM,SHELBY,MCLEAN,2006-09-14,140.0,972.0999755859375,LIMESTONE,ROTARY,40.0,35.0,86.0,78,2005143
101631,W,DOMESTIC,-84.07195,40.43185,GLOBAL POSITIONING SYSTEM,SHELBY,JACKSON,2007-08-02,86.0,1037.300048828125,GRAVEL & SAND,ROTARY,25.0,20.5,83.0,,2011486
101687,W,MONITOR,-84.14972499999999,40.281647,GLOBAL POSITIONING SYSTEM,SHELBY,CLINTON,2007-08-15,11.0,834.2000122070312,SAND & GRAVEL,AUGER,,11.0,11.0,,2011850
101701,W,PUBLIC/SEMI-PUB,-84.35795,40.370259999999995,GLOBAL POSITIONING SYSTEM,SHELBY,MCLEAN,2007-07-18,79.0,956.2999877929688,GRAVEL & SAND,ROTARY,50.0,26.6,76.0,,2011865
101817,W,DOMESTIC,-84.36569,40.307300000000005,GLOBAL POSITIONING SYSTEM,SHELBY,CYNTHIAN,2007-06-27,115.0,1005.5999755859375,SAND/GRAVEL/BOULDERS,ROTARY,30.0,72.4,112.0,,2010679
101845,W,DOMESTIC,-84.08375,40.25244,GLOBAL POSITIONING SYSTEM,SHELBY,GREEN,2006-12-26,152.0,560.9000244140625,LIMESTONE,ROTARY,40.0,23.0,107.0,102,2007518
101953,W,,-84.275063,40.329204,DIGITIZED,SHELBY,TURTLE CREEK,1969-05-20,999.0,1013.5999755859375,LIMESTONE,,12.0,54.0,92.0,92,378792
102137,W,DOMESTIC,-84.26364,40.39375,GLOBAL POSITIONING SYSTEM,SHELBY,VAN BUREN,2006-11-02,117.0,963.0999755859375,LIMESTONE,ROTARY,40.0,13.0,66.0,61,2006511
102159,W,,-84.239497,40.352201,DIGITIZED,SHELBY,TURTLE CREEK,1954-05-18,65.0,1005.2999877929688,GRAVEL,,10.0,40.0,65.0,,131168
102160,W,,-84.245376,40.236028,DIGITIZED,SHELBY,WASHINGTON,1960-11-09,74.0,937.0999755859375,GRAVEL,,14.0,45.0,74.0,,246524
102248,W,,-84.175975,40.424847,DIGITIZED,SHELBY,DINSMORE,1950-03-23,52.0,1012.0,GRAVEL,,25.0,35.0,52.0,,23431
102528,W,OBSERVATION,-84.25531699999999,40.22575,GLOBAL POSITIONING SYSTEM,SHELBY,WASHINGTON,2008-07-10,122.0,896.2000122070312,SILT/SAND/GRAVEL,AUGER,,,,,2020290
102532,W,DOMESTIC,-84.13203,40.326989999999995,GLOBAL POSITIONING SYSTEM,SHELBY,FRANKLIN,2008-12-11,281.0,994.7999877929688,LIMESTONE,ROTARY,18.0,44.0,173.0,160,2020380
102566,W,MUNICIPAL,-84.35898999999999,40.346419999999995,GLOBAL POSITIONING SYSTEM,SHELBY,MCLEAN,2008-10-29,325.0,962.0,LIMESTONE,AIR ROTARY,420.0,27.8,132.0,128,2019593
102571,W,DOMESTIC,-84.23647,40.20859,GLOBAL POSITIONING SYSTEM,SHELBY,WASHINGTON,2008-08-08,80.0,940.5999755859375,GRAVEL & SAND,ROTARY,20.0,60.6,77.0,,2017975
102576,W,DOMESTIC,-84.27153,40.2464,GLOBAL POSITIONING SYSTEM,SHELBY,WASHINGTON,2009-05-12,125.0,944.7999877929688,LIMESTONE,ROTARY,50.0,46.1,57.0,123,2022134
102592,W,DOMESTIC,-84.37142,40.32872,GLOBAL POSITIONING SYSTEM,SHELBY,CYNTHIAN,2009-09-10,174.0,966.2999877929688,LIMESTONE,ROTARY,75.0,35.2,137.0,133,2023955
102815,W,DOMESTIC,-84.38477,40.23373,GLOBAL POSITIONING SYSTEM,SHELBY,LORAMIE,2009-04-09,117.0,970.2999877929688,GRAVEL & SAND,ROTARY,110.0,33.3,114.0,,2021740
102906,W,TEST WELL,-84.252483,40.223917,GLOBAL POSITIONING SYSTEM,SHELBY,WASHINGTON,2008-12-11,109.0,890.7999877929688,SAND & GRAVEL,CABLE TOOL,659.0,9.4,79.0,,2020736
103027,W,DOMESTIC,-84.33872,40.36179,GLOBAL POSITIONING SYSTEM,SHELBY,MCLEAN,2007-10-31,199.0,960.2000122070312,LIMESTONE,ROTARY,150.0,29.3,132.0,100,2013501
103198,W,AGRIC/IRRIG,-84.12848,40.43605,GLOBAL POSITIONING SYSTEM,SHELBY,DINSMORE,2012-05-22,71.0,1056.800048828125,GRAVEL & SAND,ROTARY,30.0,48.6,68.0,,2037722
103468,W,DOMESTIC,-84.41579,40.321259999999995,GLOBAL POSITIONING SYSTEM,SHELBY,CYNTHIAN,2011-09-19,86.0,977.2000122070312,SAND & GRAVEL,ROTARY,100.0,36.7,82.0,,2034507
103469,W,DOMESTIC,-84.23593,40.204989999999995,GLOBAL POSITIONING SYSTEM,SHELBY,WASHINGTON,2011-08-29,112.0,934.9000244140625,SAND & GRAVEL,ROTARY,5.0,84.2,108.0,,2034204
103601,W,HTG/COOLING,-84.26253,40.43875,GLOBAL POSITIONING SYSTEM,SHELBY,VAN BUREN,2011-09-02,225.0,979.5999755859375,LIMESTONE,ROTARY,,,,138,2034490
103870,W,DOMESTIC,-84.164557,40.380181,MAP-OTHERS,SHELBY,FRANKLIN,2015-10-30,77.0,,GRAVEL,AIR ROTARY,65.0,59.0,74.0,,2054625
103898,W,DOMESTIC,-84.14448,40.43282,GLOBAL POSITIONING SYSTEM,SHELBY,DINSMORE,2015-09-17,113.0,1032.800048828125,SAND & GRAVEL,ROTARY,15.0,44.0,110.0,,2053816
104022,W,DOMESTIC,-84.27588999999999,40.41683,GLOBAL POSITIONING SYSTEM,SHELBY,VAN BUREN,2014-07-11,178.0,973.5999755859375,LIMESTONE,ROTARY,30.0,28.400000000000002,100.0,93,2048100
104517,W,,-84.238123,40.208645,DIGITIZED,SHELBY,WASHINGTON,1960-09-08,93.0,911.9000244140625,LIMESTONE,,30.0,30.0,24.0,90,237623
104561,W,DOMESTIC,-84.1941,40.46832,GLOBAL POSITIONING SYSTEM,SHELBY,DINSMORE,2018-10-31,215.0,,LIMESTONE,ROTARY,18.0,76.0,108.0,,2070902
104596,W,DOMESTIC,-84.15175599999999,40.345436,DIGITAL MAP,SHELBY,FRANKLIN,1999-07-28,262.0,,LIMESTONE,ROTARY,18.0,56.0,180.0,175,899086
104692,W,DOMESTIC,-84.16122899999999,40.416366,DIGITAL MAP,SHELBY,DINSMORE,2000-09-25,85.0,,GRAVEL & SAND,ROTARY,20.0,29.0,82.5,,920752
104693,W,DOMESTIC,-84.155414,40.437996999999996,DIGITAL MAP,SHELBY,DINSMORE,1999-03-20,106.0,,SAND & GRAVEL,ROTARY,20.0,35.0,104.0,,889142
104707,W,DOMESTIC,-84.21317499999999,40.263161,DIGITAL MAP,SHELBY,WASHINGTON,2000-03-01,174.0,,LIMESTONE,ROTARY,20.0,69.0,96.0,90,908495
104763,W,DOMESTIC,-84.40785699999999,40.355784,DIGITAL MAP,SHELBY,MCLEAN,1999-04-10,195.0,,LIMESTONE,AIR ROTARY,18.0,20.0,140.0,133,894758
104812,W,DOMESTIC,-84.33762999999999,40.373349999999995,GLOBAL POSITIONING SYSTEM,SHELBY,MCLEAN,2019-03-28,163.0,,LIMESTONE,ROTARY,30.0,24.0,97.0,,2072732
104828,W,DOMESTIC,-84.11349299999999,40.310604,DIGITAL MAP,SHELBY,PERRY,2000-11-30,309.0,911.5,LIMESTONE,AIR ROTARY,20.0,77.0,160.0,152,924258
104845,W,DOMESTIC,-84.28045,40.445385,DIGITAL MAP,SHELBY,VAN BUREN,1999-05-01,95.0,,SAND & GRAVEL,ROTARY,20.0,55.0,93.0,,894787
104946,W,,-84.160744,40.482118,DGS SURFICIAL MAPPING,SHELBY,DINSMORE,1958-08-14,209.0,1007.0,LIMESTONE,,,37.0,185.0,183,193126
104965,W,DOMESTIC,-84.27465,40.43143,GLOBAL POSITIONING SYSTEM,SHELBY,VAN BUREN,2018-04-11,84.0,,SAND & GRAVEL,ROTARY,18.0,44.0,81.0,,2067395
105032,W,DOMESTIC,-84.243738,40.41457,DIGITAL MAP,SHELBY,VAN BUREN,1998-10-16,242.0,,LIMESTONE,ROTARY,20.0,21.0,172.0,165,886432
105044,W,DOMESTIC,-84.11220999999999,40.328626,DIGITAL MAP,SHELBY,SALEM,1999-02-25,89.0,,GRAVEL & SAND,AIR ROTARY,18.0,49.0,85.0,,889117
105127,W,MONITOR,-84.18910000000001,40.377700000000004,GLOBAL POSITIONING SYSTEM,SHELBY,FRANKLIN,2019-04-04,26.5,,SAND,AUGER,,0.0,21.5,,2072850
105204,W,AGRIC/IRRIG,-84.38396999999999,40.21337,GLOBAL POSITIONING SYSTEM,SHELBY,LORAMIE,2018-08-30,118.0,,SAND & GRAVEL,ROTARY,20.0,10.0,115.0,,2069719
105213,W,DOMESTIC,-84.40174999999999,40.3558,GLOBAL POSITIONING SYSTEM,SHELBY,MCLEAN,2019-11-18,120.0,,SAND & GRAVEL,ROTARY,20.0,26.0,117.0,,2076818
105229,W,DOMESTIC,-84.07794799999999,40.230795,DIGITAL MAP,SHELBY,GREEN,2000-03-23,142.0,,LIMESTONE,ROTARY,20.0,35.0,127.0,118,912346
105233,W,AGRIC/IRRIG,-84.01497499999999,40.477179,DIGITAL MAP,SHELBY,JACKSON,1999-04-01,107.0,,GRAVEL,ROTARY,80.0,6.0,107.0,,888321
105238,W,DOMESTIC,-84.207276,40.272182,DIGITAL MAP,SHELBY,TURTLE CREEK,1999-10-14,121.0,1012.2000122070312,LIMESTONE,AIR ROTARY,20.0,43.0,81.0,76,902955
110279,W,,-84.152907,40.191803,DIGITIZED,SHELBY,ORANGE,1964-05-12,174.0,1051.199951171875,SAND & GRAVEL,,10.0,53.0,174.0,,308121
110280,W,,-84.140288,40.197689,DIGITIZED,SHELBY,ORANGE,1955-07-05,23.0,1053.300048828125,GRAVEL,,10.0,6.0,23.0,,146090
110281,W,,-84.154698,40.213381999999996,DIGITIZED,SHELBY,ORANGE,1962-08-17,147.0,1051.800048828125,GRAVEL,,12.0,43.0,147.0,,282624
110282,W,,-84.146861,40.261185999999995,DIGITIZED,SHELBY,ORANGE,1970-01-21,114.0,606.0,SAND & GRAVEL,,11.0,60.5,114.0,,382945
110283,W,DOMESTIC,-84.36022,40.23133,GEOCODE,SHELBY,LORAMIE,1994-11-29,70.0,963.5,SAND & GRAVEL,ROTARY,50.0,23.0,67.0,,795185
110398,W,,-84.179574,40.27814,DIGITIZED,SHELBY,CLINTON,1948-09-06,90.0,1027.4000244140625,GRAVEL,,24.0,50.0,90.0,,49515
110409,W,,-84.026955,40.233184,DIGITIZED,SHELBY,GREEN,1951-06-30,111.0,1050.4000244140625,SAND & GRAVEL,,10.0,93.0,111.0,,7886
110410,W,,-84.33600799999999,40.246823,DIGITIZED,SHELBY,LORAMIE,1952-04-14,128.0,927.0,GRAVEL,,20.0,35.0,128.0,,86265
110411,W,,-84.41502299999999,40.227219999999996,DIGITIZED,SHELBY,LORAMIE,1952-04-28,65.0,978.2000122070312,GRAVEL,,6.0,8.0,65.0,,93314
110419,W,,-84.410557,40.234879,DIGITIZED,SHELBY,LORAMIE,1968-04-29,71.0,968.5999755859375,LIMESTONE,,20.0,7.0,58.0,58,359696
110420,W,,-84.410226,40.233995,DIGITIZED,SHELBY,LORAMIE,1969-08-27,62.0,968.2999877929688,LIMESTONE,,12.0,8.0,62.0,62,398857
110440,W,,-84.379352,40.335961999999995,DIGITIZED,SHELBY,MCLEAN,1953-11-20,158.0,963.2999877929688,LIMESTONE,,6.0,25.0,158.0,151,106269
110441,W,,-84.34679,40.372648,DIGITIZED,SHELBY,MCLEAN,1954-04-23,70.0,956.4000244140625,GRAVEL,,20.0,15.0,70.0,,122165
110442,W,,-84.167265,40.3408,DIGITIZED,SHELBY,FRANKLIN,1963-11-04,75.0,1033.699951171875,SAND & GRAVEL,,24.0,30.0,75.0,,280032
110443,W,,-84.15033199999999,40.333376,DIGITIZED,SHELBY,FRANKLIN,1964-05-11,109.0,877.0999755859375,LIMESTONE,,24.0,,111.0,109,305721
110444,W,,-84.02527099999999,40.316168999999995,DIGITIZED,SHELBY,PERRY,1962-08-25,77.0,1047.0,GRAVEL,,5.0,17.0,77.0,,207891
110445,W,,-84.020895,40.286137,DIGITIZED,SHELBY,PERRY,1953-12-23,197.0,1069.5,LIMESTONE,,,38.0,182.0,182,103281
110446,W,,-84.33901399999999,40.366544999999995,DIGITIZED,SHELBY,MCLEAN,1958-08-21,76.0,955.4000244140625,SAND & GRAVEL,,,16.0,76.0,,161235
110447,W,,-84.372461,40.354776,DIGITIZED,SHELBY,MCLEAN,1969-06-17,93.0,942.4000244140625,GRAVEL,,25.0,4.5,93.0,,378797
110448,W,,-84.370093,40.212342,DIGITIZED,SHELBY,LORAMIE,1995-11-15,120.0,977.7000122070312,GRAVEL,,20.0,33.0,120.0,,86274
110449,W,,-84.164326,40.394687999999995,DGS SURFICIAL MAPPING,SHELBY,FRANKLIN,1968-07-26,100.0,1061.800048828125,GRAVEL,,15.0,68.0,100.0,,381690
110450,W,,-84.08223199999999,40.330121999999996,,SHELBY,SALEM,1956-08-07,29.0,617.0999755859375,GRAVEL,,5.0,4.0,29.0,,146679
110451,W,,-84.375484,40.232800000000005,DIGITIZED,SHELBY,LORAMIE,1960-08-03,41.0,963.7999877929688,GRAVEL,,14.0,18.0,41.0,,246510
110452,W,,-84.331239,40.24885,DIGITIZED,SHELBY,LORAMIE,1964-07-03,151.0,948.0999755859375,GRAVEL,,15.0,24.0,151.0,,316139
110457,W,,-84.23510399999999,40.208604,DIGITIZED,SHELBY,WASHINGTON,1964-12-06,50.0,939.7999877929688,SAND,,7.0,22.0,50.0,,308142
110469,W,,-84.224744,40.236753,DIGITIZED,SHELBY,WASHINGTON,1961-08-17,106.0,981.7000122070312,GRAVEL,,8.0,44.0,106.0,,226735
110543,W,,-84.36935799999999,40.297018,DIGITIZED,SHELBY,CYNTHIAN,1955-03-30,130.0,980.7999877929688,LIMESTONE,,10.0,47.0,95.0,95,146063
110544,W,,-84.191862,40.266127999999995,DIGITIZED,SHELBY,CLINTON,1953-05-10,108.0,1036.0,LIMESTONE,,,42.5,75.0,78,105413
110545,W,,-84.206092,40.315816,DIGITIZED,SHELBY,CLINTON,1954-04-27,77.0,1004.2000122070312,SAND & GRAVEL,,,22.0,72.0,,131714
110546,W,,-84.19364399999999,40.287454,DIGITIZED,SHELBY,CLINTON,1959-09-28,132.0,789.7999877929688,LIMESTONE,,10.0,65.0,110.0,108,226707
112097,W,DOMESTIC,-84.25963399999999,40.372657,,SHELBY,TURTLE CREEK,1993-01-02,181.0,992.7000122070312,LIMESTONE,,20.0,36.0,111.0,107,765786
112459,W,DOMESTIC,-84.27333,40.27972,,SHELBY,TURTLE CREEK,1997-10-04,169.0,985.9000244140625,LIMESTONE,ROTARY,20.0,54.0,100.0,94,864536
112607,W,DOMESTIC,-84.04019199999999,40.311704999999996,GEOCODE,SHELBY,PERRY,1997-12-15,204.0,795.5999755859375,GRAVEL & SAND,ROTARY,75.0,55.0,,,867163
112617,W,DOMESTIC,-84.190923,40.454056,DGS SURFICIAL MAPPING,SHELBY,DINSMORE,1998-01-28,182.0,982.0999755859375,LIMESTONE,ROTARY,18.0,35.0,112.0,106,871204
113347,W,DOMESTIC,-84.26579,40.352709999999995,GEOCODE,SHELBY,TURTLE CREEK,2001-09-22,159.0,1002.5,LIMESTONE,ROTARY,18.0,44.0,112.0,97,934689
113362,W,DOMESTIC,-84.22816,40.2291,GEOCODE,SHELBY,WASHINGTON,2001-09-12,182.0,975.7000122070312,LIMESTONE,ROTARY,18.0,70.0,126.0,121,934679
113369,W,DOMESTIC,-84.242353,40.463422,DGS SURFICIAL MAPPING,SHELBY,VAN BUREN,2001-09-06,61.0,946.7000122070312,GRAVEL,ROTARY,80.0,18.0,58.0,,934675
113581,W,DOMESTIC,-84.25953,40.39299,GEOCODE,SHELBY,VAN BUREN,2001-03-22,142.0,968.2999877929688,LIMESTONE,ROTARY,20.0,16.0,71.0,66,928485
113668,W,DOMESTIC,-84.150836,40.349830999999995,GEOCODE,SHELBY,FRANKLIN,2001-02-26,50.0,1032.9000244140625,GRAVEL,ROTARY,30.0,20.0,41.0,,928473
113685,W,DOMESTIC,-84.162854,40.345154,GEOCODE,SHELBY,FRANKLIN,2001-07-23,70.0,1095.0,GRAVEL & SAND,ROTARY,20.0,19.0,67.0,,934603
113762,W,DOMESTIC,-84.41174,40.23278,GEOCODE,SHELBY,LORAMIE,2002-01-17,42.0,970.7999877929688,GRAVEL,ROTARY,17.0,13.0,42.0,,942293
114407,W,DOMESTIC,-84.170767,40.37918,DGS SURFICIAL MAPPING,SHELBY,FRANKLIN,2003-09-09,83.0,1044.0,SAND & GRAVEL,ROTARY,30.0,50.0,80.0,,967263
114467,W,DOMESTIC,-84.11111,40.33119,GLOBAL POSITIONING SYSTEM,SHELBY,SALEM,2003-05-23,265.0,1040.5999755859375,SAND & GRAVEL,ROTARY,30.0,61.0,200.0,0,961847
114509,W,DOMESTIC,-84.33631,40.27803,GLOBAL POSITIONING SYSTEM,SHELBY,CYNTHIAN,2003-08-19,80.0,982.0999755859375,GRAVEL & SAND,ROTARY,17.0,58.0,77.0,,965178
114658,W,DOMESTIC,-84.20785,40.3367,GLOBAL POSITIONING SYSTEM,SHELBY,FRANKLIN,2004-08-09,102.0,1041.699951171875,GRAVEL & SAND,ROTARY,30.0,59.0,100.0,,982875
114702,W,DOMESTIC,-84.25560999999999,40.27008,GLOBAL POSITIONING SYSTEM,SHELBY,WASHINGTON,2004-10-15,161.0,951.5,,ROTARY,45.0,27.0,97.0,160,984807
114758,W,DOMESTIC,-84.04151999999999,40.36517,GLOBAL POSITIONING SYSTEM,SHELBY,SALEM,2003-11-25,92.0,1060.9000244140625,SAND & GRAVEL,ROTARY,75.0,43.0,90.0,,970569
114773,W,DOMESTIC,-84.38986,40.35682,GLOBAL POSITIONING SYSTEM,SHELBY,MCLEAN,2004-01-20,234.0,952.0,GRAVEL & SAND,ROTARY,125.0,22.0,190.0,,976757
114960,W,OTHER,-84.24195,40.257200000000005,GLOBAL POSITIONING SYSTEM,SHELBY,WASHINGTON,2005-05-16,176.0,791.4000244140625,,ROTARY,50.0,43.0,125.0,114,992353
115063,W,DOMESTIC,-84.2847,40.325359999999996,GLOBAL POSITIONING SYSTEM,SHELBY,CYNTHIAN,2004-07-05,182.0,1015.2999877929688,LIMESTONE,ROTARY,15.0,61.0,109.0,176,982802
115233,W,AGRIC/IRRIG,-84.42345999999999,40.37406,,SHELBY,MCLEAN,2005-03-18,103.0,961.2999877929688,,ROTARY,150.0,31.0,100.0,,990100
115295,W,DOMESTIC,-84.297795,40.391275,DGS SURFICIAL MAPPING,SHELBY,MCLEAN,2005-05-30,115.0,960.0999755859375,,ROTARY,40.0,11.0,59.0,54,992339
115342,W,AGRIC/IRRIG,-84.30448,40.21982,GLOBAL POSITIONING SYSTEM,SHELBY,LORAMIE,2005-12-13,124.0,993.5,GRAVEL & SAND,ROTARY,60.0,60.0,120.0,,2000757
115345,W,DOMESTIC,-84.13906,40.45307,GLOBAL POSITIONING SYSTEM,SHELBY,DINSMORE,2005-12-21,59.0,1018.0,GRAVEL & SAND,ROTARY,100.0,26.0,56.0,,2000689
115398,W,AGRIC/IRRIG,-84.14806,40.412389999999995,GLOBAL POSITIONING SYSTEM,SHELBY,DINSMORE,2006-03-07,74.0,1044.0999755859375,GRAVEL & SAND,ROTARY,40.0,44.0,70.0,,2001562
115440,W,,-84.32647999999999,40.245779999999996,GLOBAL POSITIONING SYSTEM,SHELBY,LORAMIE,2005-06-24,51.0,955.5999755859375,GRAVEL & SAND,ROTARY,20.0,26.0,49.0,,992289
115495,W,DOMESTIC,-84.133129,40.3151,GLOBAL POSITIONING SYSTEM,SHELBY,CLINTON,2005-11-04,75.0,1038.9000244140625,GRAVEL & SAND,ROTARY,75.0,32.0,73.0,,2000296
115523,W,DOMESTIC,-84.08614999999999,40.46879,GLOBAL POSITIONING SYSTEM,SHELBY,JACKSON,2006-02-02,84.0,1038.0999755859375,GRAVEL & SAND,ROTARY,95.0,23.0,81.0,,2001108
115529,W,DOMESTIC,-84.10409899999999,40.32496,GEOCODE,SHELBY,SALEM,2000-10-19,50.0,1103.0,GRAVEL,ROTARY,15.0,32.0,50.0,,923503
115697,W,,-84.03675799999999,40.344697,DIGITIZED,SHELBY,SALEM,1960-02-03,89.0,1083.4000244140625,GRAVEL,,6.0,81.0,89.0,,246609
115698,W,DOMESTIC,-84.39635,40.27712,GLOBAL POSITIONING SYSTEM,SHELBY,CYNTHIAN,2006-03-29,141.0,996.2000122070312,,ROTARY,30.0,20.0,78.0,75,1003321
115741,W,,-84.224766,40.209537,DIGITIZED,SHELBY,WASHINGTON,1952-09-24,86.0,956.4000244140625,LIMESTONE,,20.0,35.0,48.0,85,78399
115742,W,,-84.123632,40.25564,DIGITIZED,SHELBY,ORANGE,1954-01-01,185.0,608.0,LIMESTONE,,,38.0,137.0,136,82626
116102,W,DOMESTIC,-84.25497999999999,40.46602,GLOBAL POSITIONING SYSTEM,SHELBY,VAN BUREN,2006-07-15,302.0,947.4000244140625,LIMESTONE,ROTARY,30.0,36.0,229.0,225,2003998
116142,W,DOMESTIC,-84.31136,40.466969999999996,GLOBAL POSITIONING SYSTEM,SHELBY,VAN BUREN,2006-08-10,106.0,930.0999755859375,GRAVEL & SAND,ROTARY,90.0,23.0,103.0,,2004456
116633,W,DOMESTIC,-84.07737999999999,40.2337,GLOBAL POSITIONING SYSTEM,SHELBY,GREEN,2007-10-19,145.0,1071.0,LIMESTONE,ROTARY,30.0,18.8,116.0,144,2013225
116792,W,MONITOR,-84.15020299999999,40.279092,GLOBAL POSITIONING SYSTEM,SHELBY,CLINTON,2007-08-14,24.0,936.9000244140625,SAND & GRAVEL,AUGER,,24.0,24.0,,2011851
116846,W,DOMESTIC,-84.20774999999999,40.307069999999996,GLOBAL POSITIONING SYSTEM,SHELBY,CLINTON,2007-08-15,177.0,1117.699951171875,LIMESTONE,ROTARY,45.0,30.400000000000002,92.0,61,2011940
117068,W,DOMESTIC,-84.06809,40.33998,GLOBAL POSITIONING SYSTEM,SHELBY,SALEM,2007-04-13,182.0,863.2000122070312,LIMESTONE,ROTARY,15.0,2.0,142.0,138,2009101
117250,W,,-84.363489,40.372347999999995,DIGITIZED,SHELBY,MCLEAN,1968-09-23,81.0,957.2999877929688,GRAVEL,,28.0,19.0,81.0,,378770
117294,W,,-84.290724,40.314616,DIGITIZED,SHELBY,CYNTHIAN,1949-08-20,120.0,1017.7000122070312,GRAVEL,,20.0,65.0,120.0,,47917
117487,W,,-84.234347,40.288123,DIGITIZED,SHELBY,TURTLE CREEK,1951-02-28,46.0,983.7000122070312,GRAVEL,,10.0,14.0,46.0,,7878
117488,W,,-84.121646,40.423035999999996,DIGITIZED,SHELBY,DINSMORE,1955-07-08,88.0,1055.5,SAND,,,,88.0,,82642
117489,W,,-84.34854,40.372371,DIGITIZED,SHELBY,MCLEAN,1954-04-17,62.0,961.9000244140625,GRAVEL,,10.0,15.0,12.0,,122164
117490,W,,-84.224171,40.283863,DIGITIZED,SHELBY,TURTLE CREEK,1959-01-17,86.0,978.9000244140625,LIMESTONE,,12.0,30.0,75.0,73,198694
117512,W,,-84.236266,40.206258,DIGITIZED,SHELBY,WASHINGTON,1956-03-22,216.0,919.0999755859375,LIMESTONE,,10.0,40.0,200.0,199,151400
117516,W,,-84.21024799999999,40.287164,DIGITIZED,SHELBY,TURTLE CREEK,1958-05-23,68.0,657.5999755859375,GRAVEL & CLAY,,10.0,32.0,,,205175
117646,W,DOMESTIC,-84.38515,40.31821,GLOBAL POSITIONING SYSTEM,SHELBY,CYNTHIAN,2009-09-23,115.0,973.0,GRAVEL & SAND,ROTARY,18.0,47.6,112.0,,2024160
117660,W,DOMESTIC,-84.03177,40.295519999999996,GLOBAL POSITIONING SYSTEM,SHELBY,PERRY,2009-05-27,67.0,1060.4000244140625,GRAVEL,ROTARY,125.0,11.700000000000001,65.0,,2022322
117712,W,DOMESTIC,-84.28797999999999,40.20992,GLOBAL POSITIONING SYSTEM,SHELBY,WASHINGTON,2008-11-26,70.0,981.7000122070312,GRAVEL & SAND,ROTARY,20.0,54.800000000000004,67.0,,2020102
117755,W,DRY/NO WATER,-84.37437,40.25196,GLOBAL POSITIONING SYSTEM,SHELBY,LORAMIE,2010-03-15,267.0,995.7000122070312,SHALE,ROTARY,,,,262,2026468
117885,W,AGRIC/IRRIG,-84.16851,40.30907,GLOBAL POSITIONING SYSTEM,SHELBY,CLINTON,2008-06-16,99.0,1048.5999755859375,GRAVEL,ROTARY,85.0,68.4,95.5,,2016989
118228,W,DOMESTIC,-84.16839,40.33161,GLOBAL POSITIONING SYSTEM,SHELBY,FRANKLIN,2011-04-21,133.0,1035.0,SAND & GRAVEL,ROTARY,100.0,51.1,130.0,,2032055
118292,W,DOMESTIC,-84.33256999999999,40.3189,GLOBAL POSITIONING SYSTEM,SHELBY,CYNTHIAN,2010-10-22,209.0,996.2999877929688,LIMESTONE,ROTARY,35.0,58.0,157.0,190,2029565
118426,W,AGRIC/IRRIG,-84.086333,40.210249999999995,GLOBAL POSITIONING SYSTEM,SHELBY,GREEN,2012-08-08,191.0,1094.5,LIMESTONE,ROTARY,28.0,35.0,147.0,145,2039496
118614,W,DOMESTIC,-84.34151,40.369409999999995,GLOBAL POSITIONING SYSTEM,SHELBY,MCLEAN,2012-10-09,142.0,957.0,LIMESTONE,ROTARY,60.0,31.0,103.0,94,2040087
118659,W,DOMESTIC,-84.38841,40.29898,GLOBAL POSITIONING SYSTEM,SHELBY,CYNTHIAN,2011-12-19,221.0,990.7000122070312,LIMESTONE,ROTARY,60.0,58.0,106.0,93,2035897
118788,W,DOMESTIC,-84.38694,40.3631,GLOBAL POSITIONING SYSTEM,SHELBY,MCLEAN,2013-08-09,66.0,948.7999877929688,SAND & GRAVEL,ROTARY,90.0,21.900000000000002,63.0,,2044003
118791,W,DOMESTIC,-84.05435,40.4183,GLOBAL POSITIONING SYSTEM,SHELBY,JACKSON,2013-05-30,182.0,1031.5,LIMESTONE,ROTARY,15.0,10.0,156.0,154,2043176
118991,W,DOMESTIC,-84.34606,40.26444,GLOBAL POSITIONING SYSTEM,SHELBY,LORAMIE,2015-12-31,102.0,,SAND & GRAVEL,MUD/AIR ROTARY,25.0,60.0,98.0,,2055474
118998,W,DOMESTIC,-84.33825999999999,40.376259999999995,GLOBAL POSITIONING SYSTEM,SHELBY,MCLEAN,2015-08-03,163.0,959.2999877929688,LIMESTONE,ROTARY,18.0,27.0,107.0,103,2053056
119007,W,DOMESTIC,-84.25184999999999,40.39036,GLOBAL POSITIONING SYSTEM,SHELBY,VAN BUREN,2016-01-23,78.0,,SAND & GRAVEL,ROTARY,20.0,23.0,75.0,,2055760
119065,W,DOMESTIC,-84.10511,40.33204,GLOBAL POSITIONING SYSTEM,SHELBY,SALEM,2014-10-07,46.0,1041.699951171875,GRAVEL,ROTARY,12.0,25.0,43.0,,2049481
119088,W,DOMESTIC,-84.33704,40.38228,GLOBAL POSITIONING SYSTEM,SHELBY,MCLEAN,2015-05-28,183.0,967.0999755859375,LIMESTONE,ROTARY,25.0,36.0,110.0,105,2052165
119131,W,DOMESTIC,-84.27747,40.24884,GLOBAL POSITIONING SYSTEM,SHELBY,WASHINGTON,2015-08-28,183.0,951.0,LIMESTONE,ROTARY,20.0,50.0,113.0,105,2053499
119229,W,DOMESTIC,-84.41136999999999,40.37414,GLOBAL POSITIONING SYSTEM,SHELBY,MCLEAN,2016-08-02,187.0,,LIMESTONE,ROTARY,20.0,51.0,158.0,150,2058166
119260,W,DOMESTIC,-84.02752,40.376259999999995,GLOBAL POSITIONING SYSTEM,SHELBY,SALEM,2016-10-27,37.0,,SAND & GRAVEL,ROTARY,20.0,22.0,34.0,,2059677
119364,W,AGRIC/IRRIG,-84.39157999999999,40.32947,GLOBAL POSITIONING SYSTEM,SHELBY,MCLEAN,2017-06-09,198.0,,LIMESTONE,ROTARY,40.0,37.0,194.0,184,2062798
119386,W,DOMESTIC,-84.244708,40.285733,GLOBAL POSITIONING SYSTEM,SHELBY,TURTLE CREEK,2017-02-17,129.0,848.5999755859375,LIMESTONE,ROTARY,20.0,29.5,58.0,44,2061242
119423,W,AGRIC/IRRIG,-84.33037,40.24293,GLOBAL POSITIONING SYSTEM,SHELBY,LORAMIE,2017-05-19,180.0,,SAND & GRAVEL,ROTARY,85.0,41.0,175.0,,2062465
119455,W,DOMESTIC,-84.33532,40.25036,GLOBAL POSITIONING SYSTEM,SHELBY,LORAMIE,2017-07-10,89.0,,SAND & GRAVEL,ROTARY,20.0,16.0,86.0,,2063278
119502,W,DOMESTIC,-84.15182,40.40992,GLOBAL POSITIONING SYSTEM,SHELBY,DINSMORE,2017-05-31,94.0,,SAND & GRAVEL,ROTARY,30.0,48.0,90.0,,2062649
119606,W,INDUSTRIAL,-84.188007,40.372882,,SHELBY,FRANKLIN,1988-03-18,300.0,1021.2999877929688,LIMESTONE,ROTARY,400.0,40.0,167.0,165,684041
119616,W,MONITOR,-84.164503,40.285985,DIGITAL MAP,SHELBY,CLINTON,1998-06-15,23.0,,GRAVEL,AUGER,,,12.5,,865565
119619,W,PUBLIC/SEMI-PUB,-84.187748,40.251593,DIGITAL MAP,SHELBY,CLINTON,1999-04-16,182.0,530.7999877929688,LIMESTONE,ROTARY,20.0,63.0,80.0,69,894769
119648,W,DOMESTIC,-84.22025,40.46687,GLOBAL POSITIONING SYSTEM,SHELBY,DINSMORE,2020-03-31,222.0,,LIMESTONE,ROTARY,10.0,51.0,153.0,,2078855
119656,W,DOMESTIC,-84.114953,40.345423,DIGITAL MAP,SHELBY,SALEM,2000-07-24,84.0,,GRAVEL & SAND,AIR ROTARY,20.0,60.0,81.0,,918090
119705,W,DOMESTIC,-84.295523,40.279886999999995,DIGITAL MAP,SHELBY,CYNTHIAN,1998-12-07,182.0,,LIMESTONE,ROTARY,20.0,45.0,105.60000000000001,95,889040
119760,W,DOMESTIC,-84.339066,40.324383999999995,DIGITAL MAP,SHELBY,CYNTHIAN,1998-11-18,114.0,,GRAVEL & SAND,ROTARY,65.0,52.0,113.2,,886497
119765,W,DOMESTIC,-84.380239,40.315585999999996,DIGITAL MAP,SHELBY,CYNTHIAN,1999-05-18,221.0,,LIMESTONE,ROTARY,20.0,55.0,176.0,161,894812
119772,W,DOMESTIC,-84.136071,40.383590999999996,DIGITAL MAP,SHELBY,FRANKLIN,1998-07-11,42.0,,GRAVEL & SAND,ROTARY,40.0,20.0,39.5,,880704
119773,W,AGRIC/IRRIG,-84.179402,40.348213,DIGITAL MAP,SHELBY,FRANKLIN,2000-03-16,186.0,,LIMESTONE,ROTARY,50.0,23.0,155.0,149,912353
119787,W,DOMESTIC,-84.34491,40.36931,GLOBAL POSITIONING SYSTEM,SHELBY,MCLEAN,2018-09-12,143.0,,LIMESTONE,ROTARY,20.0,27.0,98.0,,2069936
119815,W,DOMESTIC,-84.134785,40.393879,DIGITAL MAP,SHELBY,FRANKLIN,1999-03-24,182.0,,LIMESTONE,ROTARY,20.0,28.0,142.0,138,889147
119817,W,DOMESTIC,-84.412308,40.212618,DIGITAL MAP,SHELBY,LORAMIE,1998-11-12,104.0,,GRAVEL,AIR ROTARY,20.0,30.0,101.5,,886484
119895,W,COMMERCIAL,-84.269094,40.394172,DIGITAL MAP,SHELBY,VAN BUREN,1998-04-23,84.0,,GRAVEL & SAND,ROTARY,100.0,12.0,80.0,,871302
119915,W,DOMESTIC,-84.22420000000001,40.28214,GLOBAL POSITIONING SYSTEM,SHELBY,TURTLE CREEK,2019-08-07,123.0,,SAND & GRAVEL,ROTARY,10.0,29.0,76.0,,2074820
119916,W,DOMESTIC,-84.22574999999999,40.253569999999996,GLOBAL POSITIONING SYSTEM,SHELBY,WASHINGTON,2019-08-07,102.0,,LIMESTONE,ROTARY,10.0,33.0,74.0,,2074821
119922,W,DOMESTIC,-84.148167,40.257833,GLOBAL POSITIONING SYSTEM,SHELBY,ORANGE,2020-03-02,144.0,,LIMESTONE,ROTARY,20.0,69.0,132.0,,2078748
120058,W,DOMESTIC,-84.16180899999999,40.416557,DIGITAL MAP,SHELBY,DINSMORE,2000-02-07,83.0,,GRAVEL & SAND,ROTARY,20.0,51.0,80.5,,908466
120086,W,AGRIC/IRRIG,-84.225465,40.345507,GLOBAL POSITIONING SYSTEM,SHELBY,TURTLE CREEK,2019-04-25,243.0,,LIMESTONE,ROTARY,100.0,47.0,106.0,,2073134
120132,W,ABANDONED,-84.333406,40.244279999999996,DIGITAL MAP,SHELBY,LORAMIE,2000-09-09,270.0,,SHALE,CABLE TOOL,,,,246,921108
120142,W,DOMESTIC,-84.135706,40.385298999999996,DIGITAL MAP,SHELBY,FRANKLIN,1998-10-31,43.0,,GRAVEL & SAND,ROTARY,20.0,18.0,40.5,,886461
120145,W,DOMESTIC,-84.19439,40.346005999999996,DIGITAL MAP,SHELBY,FRANKLIN,1998-07-23,90.0,,GRAVEL & SAND,ROTARY,20.0,50.0,87.0,,880727
120146,W,TEST WELL,-84.04301,40.433883,DIGITAL MAP,SHELBY,JACKSON,1998-09-28,80.0,,GRAVEL,ROTARY,,18.0,60.0,,878151
120150,W,DOMESTIC,-84.059343,40.336667,DIGITAL MAP,SHELBY,PERRY,1999-08-16,68.0,892.2000122070312,GRAVEL,AIR ROTARY,30.0,18.0,61.0,,898142
120199,W,DOMESTIC,-84.23916,40.370858999999996,DGS SURFICIAL MAPPING,SHELBY,TURTLE CREEK,1990-10-01,192.0,1000.0999755859375,LIMESTONE,ROTARY,20.0,36.0,95.0,90,721337
120201,W,DOMESTIC,-84.161125,40.239964,DIGITAL MAP,SHELBY,ORANGE,2000-09-15,170.0,,LIMESTONE,AIR ROTARY,30.0,60.0,137.0,131,921155
125342,W,,-84.16103799999999,40.236804,DIGITIZED,SHELBY,ORANGE,1957-06-03,82.0,1022.7999877929688,GRAVEL,,10.0,55.0,82.0,,197820
125343,W,,-84.162707,40.236551,DIGITIZED,SHELBY,ORANGE,1959-08-10,100.0,1026.199951171875,GRAVEL,,10.0,56.0,100.0,,229934
125344,W,,-84.028241,40.236258,DIGITIZED,SHELBY,GREEN,1954-04-05,50.0,1078.0,GRAVEL,,10.0,2.8000000000000003,50.0,,131156
125345,W,,-84.02710599999999,40.235806,DIGITIZED,SHELBY,GREEN,1953-08-05,68.0,1084.699951171875,GRAVEL,,10.0,32.0,68.0,,24294
125444,W,,-84.19043099999999,40.279982,DIGITIZED,SHELBY,CLINTON,1947-04-07,108.0,512.4000244140625,GRAVEL,,30.0,60.0,108.0,,9975023
125448,W,,-84.176109,40.425436999999995,DIGITIZED,SHELBY,DINSMORE,1948-01-08,64.0,1009.7000122070312,GRAVEL,,25.0,24.0,62.0,,23425
125449,W,,-84.166518,40.344559,DIGITIZED,SHELBY,FRANKLIN,1949-05-14,55.0,994.7000122070312,GRAVEL,,,18.0,55.0,,49595
125450,W,,-84.415629,40.2378,DIGITIZED,SHELBY,LORAMIE,1950-12-26,49.0,966.0,GRAVEL,,30.0,10.0,49.0,,47928
125460,W,,-84.354646,40.206863999999996,DIGITIZED,SHELBY,LORAMIE,1969-07-10,75.0,973.5999755859375,GRAVEL,,15.0,31.0,75.0,,400460
125461,W,,-84.387624,40.361250999999996,DIGITIZED,SHELBY,MCLEAN,1949-05-12,68.0,950.5,GRAVEL,,,14.0,65.0,,32759
125462,W,,-84.300383,40.357341999999996,DIGITIZED,SHELBY,MCLEAN,1949-08-08,96.0,979.7999877929688,GRAVEL,,24.0,28.0,96.0,,66561
125463,W,,-84.364268,40.366853,DIGITIZED,SHELBY,MCLEAN,1949-09-09,107.0,953.5999755859375,GRAVEL,,28.0,22.0,107.0,,31875
125464,W,,-84.336758,40.372983,DIGITIZED,SHELBY,MCLEAN,1949-07-16,74.0,955.7999877929688,GRAVEL,,12.0,14.0,74.0,,36742
125490,W,DOMESTIC,-84.29482999999999,40.28367,,SHELBY,CYNTHIAN,1995-06-28,182.0,1002.7999877929688,LIMESTONE,ROTARY,18.0,64.0,124.0,118,816368
125491,W,,-84.20261099999999,40.467442,DIGITIZED,SHELBY,DINSMORE,1957-01-31,104.0,1005.7000122070312,GRAVEL,,25.0,62.0,104.0,,185323
125492,W,,-84.20254299999999,40.407924,DIGITIZED,SHELBY,DINSMORE,1954-05-04,60.0,1003.2999877929688,GRAVEL,,12.0,38.0,60.0,,132351
125494,W,,-84.098023,40.452664,DIGITIZED,SHELBY,JACKSON,1964-03-30,93.0,1040.199951171875,SAND & GRAVEL,,100.0,75.0,85.0,,305713
125495,W,,-84.304656,40.393622,DIGITIZED,SHELBY,MCLEAN,1954-01-02,66.0,961.2000122070312,LIMESTONE,,15.0,13.0,53.0,55,105449
125496,W,,-84.299638,40.391407,DIGITIZED,SHELBY,MCLEAN,1953-11-07,63.0,958.7999877929688,LIMESTONE,,,14.0,60.0,52,82648
125497,W,,-84.057859,40.280958999999996,DIGITIZED,SHELBY,PERRY,1964-05-12,125.0,868.7000122070312,SAND & GRAVEL,,11.0,28.5,125.0,,308118
125498,W,,-84.340086,40.370889999999996,DIGITIZED,SHELBY,MCLEAN,1953-06-04,79.0,959.2999877929688,GRAVEL,,25.0,17.0,79.0,,100830
125499,W,,-84.341397,40.249193999999996,DIGITIZED,SHELBY,LORAMIE,1954-06-14,101.0,963.0999755859375,GRAVEL,,20.0,35.0,101.0,,122178
125500,W,,-84.30104399999999,40.244932999999996,DIGITIZED,SHELBY,LORAMIE,1955-07-26,129.0,985.0,GRAVEL,,20.0,80.0,129.0,,151373
125502,W,,-84.23912,40.352275999999996,DIGITIZED,SHELBY,TURTLE CREEK,1955-08-30,69.0,1007.0,GRAVEL,,20.0,40.0,69.0,,151377
125503,W,,-84.03310499999999,40.297498,DIGITIZED,SHELBY,PERRY,1957-02-16,70.0,557.0999755859375,GRAVEL,,10.0,18.0,70.0,,184894
125505,W,,-84.29560599999999,40.481063,DGS SURFICIAL MAPPING,SHELBY,VAN BUREN,1953-11-06,83.0,914.5,GRAVEL,,18.0,14.0,83.0,,120067
125506,W,,-84.243887,40.453863999999996,DIGITIZED,SHELBY,VAN BUREN,1956-02-21,102.0,987.2000122070312,GRAVEL,,,50.0,102.0,,139092
125507,W,,-84.31790000000001,40.458106,DIGITIZED,SHELBY,VAN BUREN,1956-04-26,133.0,936.5,LIMESTONE,,,34.0,79.0,77,139024
125508,W,,-84.316557,40.466798,DIGITIZED,SHELBY,VAN BUREN,1966-08-06,168.0,929.7000122070312,LIMESTONE,,20.0,21.0,101.0,99,352458
125598,W,,-84.12383799999999,40.232861,DIGITIZED,SHELBY,ORANGE,1950-08-05,134.0,1065.5,GRAVEL,,20.0,50.0,134.0,,60164
125602,W,,-84.404921,40.287974999999996,DIGITIZED,SHELBY,CYNTHIAN,1963-05-18,132.0,1013.5,LIMESTONE,,12.0,66.0,104.0,104,271492
125603,W,,-84.384562,40.288381,DIGITIZED,SHELBY,CYNTHIAN,1969-06-07,100.0,1000.9000244140625,LIMESTONE,,15.0,65.0,90.0,90,378795
125604,W,,-84.410941,40.293417,DIGITIZED,SHELBY,CYNTHIAN,1969-07-11,134.0,1007.4000244140625,LIMESTONE,,14.0,54.0,120.0,120,378799
125605,W,,-84.309485,40.271623999999996,DIGITIZED,SHELBY,CYNTHIAN,1979-05-09,174.0,985.9000244140625,LIMESTONE,,20.0,70.0,114.0,110,548595
125606,W,,-84.19669499999999,40.265468,DIGITIZED,SHELBY,CLINTON,1953-03-17,112.0,1019.0,LIMESTONE,,,55.0,87.0,89,105406
125607,W,,-84.155399,40.285807,DIGITIZED,SHELBY,CLINTON,1952-12-26,150.0,660.2999877929688,LIMESTONE,,90.0,45.0,60.0,60,83996
125609,W,,-84.149614,40.313441,DIGITIZED,SHELBY,CLINTON,1959-09-14,122.0,830.2999877929688,LIMESTONE,,12.0,72.0,120.0,120,229940
127462,W,DOMESTIC,-84.2651,40.33639,,SHELBY,TURTLE CREEK,1997-09-26,135.0,991.7000122070312,LIMESTONE,ROTARY,20.0,39.0,101.0,95,864524
128435,W,DOMESTIC,-84.41503,40.23059,GEOCODE,SHELBY,LORAMIE,2001-09-26,98.0,974.2999877929688,SAND & GRAVEL,ROTARY,25.0,15.0,96.0,,934698
128628,W,DOMESTIC,-84.33890099999999,40.45878,,SHELBY,VAN BUREN,2001-06-28,162.0,935.2999877929688,LIMESTONE,ROTARY,20.0,35.0,75.0,66,931689
128770,W,DOMESTIC,-84.335898,40.273258,,SHELBY,CYNTHIAN,2002-07-12,85.0,981.9000244140625,SAND & GRAVEL,ROTARY,20.0,62.0,81.0,,948466
128779,W,DOMESTIC,-84.246253,40.294774,GEOCODE,SHELBY,TURTLE CREEK,2002-06-05,129.0,565.0,LIMESTONE,ROTARY,30.0,15.0,40.0,30,945157
128910,W,DOMESTIC,-84.23536,40.20663,,SHELBY,WASHINGTON,2002-10-02,151.0,930.2999877929688,SHALE,ROTARY,,,,148,951787
128946,W,DOMESTIC,-84.41174,40.23276,GEOCODE,SHELBY,LORAMIE,2002-06-18,45.0,970.5999755859375,GRAVEL,ROTARY,40.0,14.0,41.0,,945144
128951,W,DOMESTIC,-84.22437099999999,40.254298,GEOCODE,SHELBY,WASHINGTON,2002-09-20,161.0,963.0,MUD,ROTARY,20.0,47.0,86.0,79,951766
128958,W,DOMESTIC,-84.236688,40.265341,GEOCODE,SHELBY,WASHINGTON,2002-12-31,142.0,1308.0,LIMESTONE,ROTARY,30.0,37.0,88.0,64,955490
129015,W,DOMESTIC,-84.37615,40.23923,GEOCODE,SHELBY,LORAMIE,2002-10-18,111.0,966.2000122070312,SAND & GRAVEL,ROTARY,10.0,32.0,1.0,,951816
129127,W,DOMESTIC,-84.38217999999999,40.27021,GEOCODE,SHELBY,CYNTHIAN,2002-10-24,185.0,990.5,SHALE,ROTARY,15.0,49.0,117.0,110,951824
129184,W,DOMESTIC,-84.191574,40.250882999999995,GEOCODE,SHELBY,CLINTON,2002-09-10,161.0,915.5,LIMESTONE,ROTARY,18.0,54.0,86.0,72,951752
129196,W,,-84.367251,40.288419,DIGITIZED,SHELBY,CYNTHIAN,1959-07-17,86.0,972.0999755859375,GRAVEL,,14.0,52.0,86.0,,228020
129208,W,DOMESTIC,-84.32896199999999,40.419166,DGS SURFICIAL MAPPING,SHELBY,MCLEAN,2003-02-10,181.0,980.5999755859375,LIMESTONE,ROTARY,20.0,51.0,108.0,96,959107
129312,W,,-84.250841,40.268519,DIGITIZED,SHELBY,WASHINGTON,1963-09-23,78.0,830.9000244140625,LIMESTONE,,40.0,40.0,65.0,65,297662
129398,W,,-84.14922899999999,40.302693999999995,DIGITIZED,SHELBY,CLINTON,1967-05-08,192.0,1031.800048828125,LIMESTONE,,15.0,75.0,137.0,137,361054
129443,W,,-84.370629,40.311735999999996,DIGITIZED,SHELBY,CYNTHIAN,1967-04-17,195.0,1014.0,LIMESTONE,,15.0,80.0,185.0,185,357687
129449,W,DOMESTIC,-84.32633,40.20552,GLOBAL POSITIONING SYSTEM,SHELBY,LORAMIE,2003-10-20,104.0,1009.2999877929688,,ROTARY,11.0,60.0,104.0,,967334
129571,W,DOMESTIC,-84.10989,40.46891,GLOBAL POSITIONING SYSTEM,SHELBY,DINSMORE,2004-02-20,94.0,1036.0,GRAVEL & SAND,ROTARY,25.0,36.0,92.0,,976788
129734,W,DOMESTIC,-84.11519,40.27898,GLOBAL POSITIONING SYSTEM,SHELBY,PERRY,2003-08-22,82.0,1035.300048828125,SAND & GRAVEL,ROTARY,90.0,14.0,77.0,,965185
129819,W,DOMESTIC,-84.02777999999999,40.339479999999995,GLOBAL POSITIONING SYSTEM,SHELBY,SALEM,2004-05-27,153.0,1061.800048828125,GRAVEL & SAND,ROTARY,80.0,55.0,152.0,,979904
130064,W,DOMESTIC,-84.37077,40.320789999999995,GLOBAL POSITIONING SYSTEM,SHELBY,CYNTHIAN,2004-05-21,90.0,969.0999755859375,GRAVEL & SAND,ROTARY,45.0,31.0,89.0,,979897
130075,W,DOMESTIC,-84.04008,40.482479999999995,GLOBAL POSITIONING SYSTEM,SHELBY,JACKSON,2004-12-13,90.0,1013.7999877929688,,ROTARY,125.0,6.0,87.0,,987677
130102,W,DOMESTIC,-84.06262,40.38469,GLOBAL POSITIONING SYSTEM,SHELBY,JACKSON,2004-11-16,98.0,1054.4000244140625,GRAVEL & SAND,ROTARY,100.0,35.0,96.0,,987696
130245,W,DOMESTIC,-84.35862,40.338409999999996,GLOBAL POSITIONING SYSTEM,SHELBY,MCLEAN,2005-02-02,115.0,967.2999877929688,SAND & GRAVEL,ROTARY,100.0,29.0,114.0,,990061
130353,W,DOMESTIC,-84.41172999999999,40.22697,GLOBAL POSITIONING SYSTEM,SHELBY,LORAMIE,2005-06-06,104.0,976.7000122070312,,ROTARY,150.0,13.0,101.0,,992324
130428,W,DOMESTIC,-84.10815,40.36164,GLOBAL POSITIONING SYSTEM,SHELBY,SALEM,2006-03-06,100.0,1069.300048828125,GRAVEL & SAND,ROTARY,40.0,56.0,97.0,,2001557
130473,W,DOMESTIC,-84.34472,40.36868,GLOBAL POSITIONING SYSTEM,SHELBY,MCLEAN,2006-04-24,142.0,956.5,LIMESTONE,ROTARY,30.0,24.0,102.0,97,2002464
130499,W,DOMESTIC,-84.36877,40.322289999999995,GLOBAL POSITIONING SYSTEM,SHELBY,CYNTHIAN,2005-06-22,181.0,975.0999755859375,LIMESTONE,ROTARY,18.0,38.0,131.0,119,992286
130500,W,DOMESTIC,-84.19415,40.228049999999996,GLOBAL POSITIONING SYSTEM,SHELBY,ORANGE,2005-06-25,181.0,990.7999877929688,LIMESTONE,ROTARY,20.0,92.0,80.0,69,992291
130603,W,DOMESTIC,-84.17061,40.37621,GLOBAL POSITIONING SYSTEM,SHELBY,FRANKLIN,2005-08-25,281.0,1041.5,LIMESTONE,ROTARY,30.0,61.0,199.0,235,995970
130795,W,DOMESTIC,-84.26487999999999,40.33098,GLOBAL POSITIONING SYSTEM,SHELBY,TURTLE CREEK,2006-04-21,182.0,1017.0999755859375,LIMESTONE,ROTARY,35.0,57.0,120.0,111,2002450
130808,W,,-84.330321,40.260585999999996,DIGITIZED,SHELBY,LORAMIE,1948-08-02,91.0,917.9000244140625,GRAVEL,,30.0,30.0,91.0,,42428
130821,W,,-84.224615,40.211366,DIGITIZED,SHELBY,WASHINGTON,1970-02-02,109.0,955.9000244140625,LIMESTONE,,9.0,59.0,83.0,82,405955
130822,W,,-84.163005,40.236114,DIGITIZED,SHELBY,ORANGE,1966-04-14,107.0,1029.0,GRAVEL,,12.0,60.0,107.0,,356553
130951,W,DOMESTIC,-84.16068,40.25553,GLOBAL POSITIONING SYSTEM,SHELBY,ORANGE,2006-09-08,110.0,1035.300048828125,GRAVEL & SAND,ROTARY,50.0,61.0,107.0,,2005031
131242,W,DOMESTIC,-84.09577999999999,40.32778,GLOBAL POSITIONING SYSTEM,SHELBY,SALEM,2006-09-14,49.0,969.7999877929688,GRAVEL & SAND,ROTARY,35.0,25.0,46.0,,2005142
131620,W,DOMESTIC,-84.08514,40.2716,GLOBAL POSITIONING SYSTEM,SHELBY,PERRY,2006-05-30,174.0,1046.9000244140625,LIMESTONE,ROTARY,30.0,12.0,118.0,113,2003118
131983,W,DOMESTIC,-84.26482,40.39375,GLOBAL POSITIONING SYSTEM,SHELBY,VAN BUREN,2007-04-16,113.0,964.9000244140625,LIMESTONE,ROTARY,110.0,13.0,63.0,58,2009161
131999,W,DOMESTIC,-84.34031,40.36658,GLOBAL POSITIONING SYSTEM,SHELBY,MCLEAN,2007-05-10,155.0,955.7999877929688,LIMESTONE,ROTARY,50.0,19.0,98.0,91,2009624
132068,W,DOMESTIC,-84.12510999999999,40.46626,GLOBAL POSITIONING SYSTEM,SHELBY,DINSMORE,2006-12-11,75.0,1023.9000244140625,GRAVEL & SAND,ROTARY,45.0,32.0,72.0,,2007265
132198,W,DOMESTIC,-84.33462999999999,40.40795,GLOBAL POSITIONING SYSTEM,SHELBY,MCLEAN,2007-02-12,122.0,973.0,LIMESTONE,ROTARY,100.0,38.0,107.0,102,2008132
132201,W,,-84.259891,40.46824,DIGITIZED,SHELBY,VAN BUREN,1959-07-07,60.0,936.0999755859375,GRAVEL,,,10.0,60.0,,235012
132317,W,,-84.202564,40.451814999999996,DIGITIZED,SHELBY,DINSMORE,1952-08-01,116.0,991.0999755859375,GRAVEL,,,38.0,116.0,,97311
132318,W,,-84.164541,40.32653,DIGITIZED,SHELBY,FRANKLIN,1963-05-13,106.0,1116.5999755859375,SAND & GRAVEL,,24.0,75.0,107.0,,272732
132319,W,,-84.10085699999999,40.312563,DIGITIZED,SHELBY,PERRY,1959-04-14,81.0,947.7000122070312,GRAVEL,,15.0,30.0,81.0,,229905
132397,W,,-84.369703,40.297143,DIGITIZED,SHELBY,CYNTHIAN,1955-03-31,130.0,982.2000122070312,LIMESTONE,,10.0,57.0,95.0,95,146081
132413,W,,-84.246742,40.352199,DIGITIZED,SHELBY,TURTLE CREEK,1956-09-30,72.0,1009.5999755859375,SAND & CLAY,,10.0,27.0,72.0,,180500
132457,W,,-84.133522,40.314599,DIGITIZED,SHELBY,CLINTON,1952-11-08,58.0,1032.300048828125,GRAVEL,,25.0,32.0,58.0,,100808
132497,W,,-84.40678799999999,40.234646,DIGITIZED,SHELBY,LORAMIE,1963-11-19,53.0,972.7000122070312,GRAVEL,,18.0,15.0,53.0,,297668
132700,W,,-84.29163,40.314561,DIGITIZED,SHELBY,CYNTHIAN,1969-02-04,128.0,1015.7999877929688,LIMESTONE,,10.0,64.0,126.0,126,378783
132701,W,,-84.162696,40.237026,DIGITIZED,SHELBY,ORANGE,1963-07-15,86.0,1024.5,GRAVEL,,12.0,56.0,86.0,,297043
132810,W,DOMESTIC,-84.32034,40.26219,GLOBAL POSITIONING SYSTEM,SHELBY,LORAMIE,2009-09-17,86.0,952.0999755859375,GRAVEL & SAND,ROTARY,100.0,36.5,82.0,,2024061
132892,W,DRY/NO WATER,-84.3746,40.251400000000004,GLOBAL POSITIONING SYSTEM,SHELBY,LORAMIE,2010-03-16,287.0,988.2000122070312,SHALE,ROTARY,,,,284,2026470
133042,W,DOMESTIC,-84.24716,40.33962,GLOBAL POSITIONING SYSTEM,SHELBY,TURTLE CREEK,2009-04-09,141.0,1011.5,LIMESTONE,ROTARY,50.0,48.6,104.0,78,2021741
133235,W,PUBLIC/SEMI-PUB,-84.07415999999999,40.26545,GLOBAL POSITIONING SYSTEM,SHELBY,PERRY,2007-10-16,302.0,1058.4000244140625,LIMESTONE,ROTARY,100.0,18.7,102.0,97,2013536
133239,W,DOMESTIC,-84.1996,40.33043,GLOBAL POSITIONING SYSTEM,SHELBY,FRANKLIN,2008-05-20,70.0,626.0,SAND & GRAVEL,ROTARY,100.0,23.2,67.0,,2016502
133296,W,DOMESTIC,-84.3558,40.35254,GLOBAL POSITIONING SYSTEM,SHELBY,MCLEAN,2010-11-02,157.0,956.2000122070312,LIMESTONE,ROTARY,60.0,25.0,104.0,95,2029788
133729,W,DOMESTIC,-84.07943,40.343289999999996,GLOBAL POSITIONING SYSTEM,SHELBY,SALEM,2012-06-21,112.0,1023.2000122070312,SAND & GRAVEL,ROTARY,20.0,38.0,110.0,,2038118
133790,W,DOMESTIC,-84.36457999999999,40.27539,GLOBAL POSITIONING SYSTEM,SHELBY,CYNTHIAN,2010-10-21,107.0,984.4000244140625,GRAVEL & SAND,ROTARY,80.0,55.800000000000004,104.0,,2029605
133825,W,DOMESTIC,-84.11977,40.34612,GLOBAL POSITIONING SYSTEM,SHELBY,SALEM,2011-10-13,78.0,1061.300048828125,SAND & GRAVEL,ROTARY,25.0,57.7,75.0,,2034974
133850,W,MONITOR,-84.37400000000001,40.350383,GLOBAL POSITIONING SYSTEM,SHELBY,MCLEAN,2011-05-31,18.0,950.7000122070312,CLAY,GEOPROBE,,8.0,3.0,,2033120
133853,W,DOMESTIC,-84.36883999999999,40.29513,GLOBAL POSITIONING SYSTEM,SHELBY,CYNTHIAN,2010-12-17,141.0,962.7999877929688,LIMESTONE,ROTARY,30.0,34.9,84.0,65,2030532
133880,W,DOMESTIC,-84.26075,40.39263,GLOBAL POSITIONING SYSTEM,SHELBY,VAN BUREN,2011-11-21,139.0,968.5,LIMESTONE,ROTARY,45.0,17.8,71.0,64,2035560
133897,W,DOMESTIC,-84.0276,40.23515,GLOBAL POSITIONING SYSTEM,SHELBY,GREEN,2013-06-20,133.0,1074.5999755859375,LIMESTONE,ROTARY,25.0,21.0,125.0,123,2043627
133955,W,DOMESTIC,-84.26051,40.39304,GLOBAL POSITIONING SYSTEM,SHELBY,VAN BUREN,2013-05-15,142.0,968.5999755859375,LIMESTONE,ROTARY,50.0,17.0,70.0,64,2042861
133993,W,DOMESTIC,-84.25282,40.25741,GLOBAL POSITIONING SYSTEM,SHELBY,WASHINGTON,2013-04-23,112.0,942.2999877929688,LIMESTONE,ROTARY,70.0,29.5,78.0,72,2042642
134002,W,DOMESTIC,-84.01935999999999,40.35978,GLOBAL POSITIONING SYSTEM,SHELBY,SALEM,2014-03-06,118.0,1042.699951171875,SAND & GRAVEL,ROTARY,25.0,26.900000000000002,115.0,,2046594
134128,W,DOMESTIC,-84.29893,40.31588,GLOBAL POSITIONING SYSTEM,SHELBY,CYNTHIAN,2015-08-11,200.0,1017.4000244140625,LIMESTONE,ROTARY,15.0,74.0,148.0,134,2053172
134305,W,DOMESTIC,-84.34841,40.31102,GLOBAL POSITIONING SYSTEM,SHELBY,CYNTHIAN,2014-08-01,201.0,986.7999877929688,LIMESTONE,ROTARY,20.0,51.0,119.0,115,2048427
134369,W,AGRIC/IRRIG,-84.29268599999999,40.268854999999995,MAP-OTHERS,SHELBY,WASHINGTON,2016-01-07,161.0,,LIMESTONE,AIR ROTARY,30.0,57.0,103.0,100,2055572
134411,W,DOMESTIC,-84.23794,40.264759999999995,GLOBAL POSITIONING SYSTEM,SHELBY,WASHINGTON,2015-07-17,138.0,964.0999755859375,LIMESTONE,ROTARY,50.0,28.0,78.0,74,2052862
134523,W,DOMESTIC,-84.36416,40.37226,GLOBAL POSITIONING SYSTEM,SHELBY,MCLEAN,2016-09-23,218.0,,LIMESTONE,ROTARY,25.0,29.5,150.0,142,2059099
134729,W,DOMESTIC,-84.13898999999999,40.25568,GLOBAL POSITIONING SYSTEM,SHELBY,ORANGE,2017-09-05,132.0,,SAND & GRAVEL,ROTARY,25.0,54.0,129.0,,2064154
134830,W,,-84.216852,40.269914,DIGITIZED,SHELBY,WASHINGTON,1955-08-18,61.0,989.2000122070312,GRAVEL,,12.0,28.0,61.0,,160153
134844,W,,-84.236998,40.265322,DIGITIZED,SHELBY,WASHINGTON,1960-09-22,65.0,1110.800048828125,GRAVEL,,24.0,16.0,65.0,,226718
134870,W,DOMESTIC,-84.20253699999999,40.468647,DIGITAL MAP,SHELBY,DINSMORE,2000-08-31,111.0,,GRAVEL & SAND,ROTARY,18.0,67.0,109.0,,920786
134886,W,DOMESTIC,-84.124965,40.286555,DIGITAL MAP,SHELBY,CLINTON,1998-08-17,280.0,,LIMESTONE,ROTARY,12.0,133.0,163.70000000000002,155,883720
134890,W,DOMESTIC,-84.191501,40.251156,DIGITAL MAP,SHELBY,CLINTON,2000-09-27,169.0,988.2999877929688,LIMESTONE,ROTARY,20.0,62.0,80.0,70,920748
134891,W,DOMESTIC,-84.204498,40.301145,DIGITAL MAP,SHELBY,CLINTON,1999-11-23,138.0,,LIMESTONE,ROTARY,30.0,21.0,85.0,78,905969
135009,W,DOMESTIC,-84.080271,40.293403,DIGITAL MAP,SHELBY,PERRY,1999-11-11,84.0,,GRAVEL,AIR ROTARY,50.0,31.0,80.0,,904629
135027,W,DOMESTIC,-84.365241,40.256612,DIGITAL MAP,SHELBY,LORAMIE,1999-09-02,104.5,,GRAVEL & SAND,AIR ROTARY,20.0,77.0,101.5,,902874
135031,W,DOMESTIC,-84.354421,40.266906999999996,DIGITAL MAP,SHELBY,LORAMIE,2000-06-07,222.0,,LIMESTONE,AIR ROTARY,20.0,84.0,139.0,132,915398
135114,W,,-84.209915,40.288014,DIGITIZED,SHELBY,TURTLE CREEK,1952-11-08,84.0,926.5,LIMESTONE,,5.0,34.0,69.0,64,93337
135142,W,DOMESTIC,-84.119509,40.332063,DIGITAL MAP,SHELBY,FRANKLIN,1998-06-30,78.0,744.0999755859375,SAND,AIR ROTARY,20.0,40.0,76.0,,880681
135143,W,DOMESTIC,-84.11439899999999,40.33209,DIGITAL MAP,SHELBY,SALEM,2000-05-16,224.0,,GRAVEL & SAND,AIR ROTARY,20.0,69.0,226.0,,915367
135144,W,DOMESTIC,-84.108201,40.369679,DIGITAL MAP,SHELBY,SALEM,1999-09-21,136.0,,SAND & GRAVEL,AIR ROTARY,130.0,40.0,134.0,,902909
135146,W,DOMESTIC,-84.076555,40.433326,DIGITAL MAP,SHELBY,JACKSON,2000-09-20,53.0,,SAND & GRAVEL,AIR ROTARY,20.0,14.0,50.5,,920765
135147,W,DOMESTIC,-84.068046,40.443546999999995,DIGITAL MAP,SHELBY,JACKSON,2000-07-24,56.0,,GRAVEL,AIR ROTARY,20.0,15.0,54.0,,918088
135156,W,DOMESTIC,-84.135119,40.393226,DIGITAL MAP,SHELBY,FRANKLIN,2000-03-30,162.0,,LIMESTONE,ROTARY,25.0,28.0,139.70000000000002,132,912329
135157,W,DOMESTIC,-84.190333,40.347549,DIGITAL MAP,SHELBY,FRANKLIN,1999-02-26,65.0,,GRAVEL & SAND,ROTARY,20.0,36.0,62.5,,889119
135158,W,DOMESTIC,-84.297381,40.451721,DIGITAL MAP,SHELBY,VAN BUREN,1998-11-17,162.0,,LIMESTONE,ROTARY,20.0,45.0,111.5,106,886493
135226,W,DOMESTIC,-84.42817,40.264779999999995,GLOBAL POSITIONING SYSTEM,SHELBY,LORAMIE,2019-04-08,118.0,,SAND & GRAVEL,ROTARY,30.0,45.0,115.0,,2072865
135241,W,,-84.170926,40.380126,DIGITIZED,SHELBY,FRANKLIN,1952-11-24,96.0,1051.0,SAND & GRAVEL,,,56.0,96.0,,96094
135322,W,DOMESTIC,-84.298131,40.46776,DIGITAL MAP,SHELBY,VAN BUREN,1999-10-11,72.0,,GRAVEL & SAND,ROTARY,20.0,21.0,70.0,,902945
135337,W,DOMESTIC,-84.197831,40.3812,DIGITAL MAP,SHELBY,FRANKLIN,1993-09-03,80.0,,GRAVEL & SAND,ROTARY,20.0,41.0,76.0,,777235
135388,W,DOMESTIC,-84.39098,40.235054999999996,DIGITAL MAP,SHELBY,LORAMIE,1998-09-22,141.0,,LIMESTONE,AIR ROTARY,30.0,18.0,79.0,74,881856
135389,W,DOMESTIC,-84.333973,40.243939,DIGITAL MAP,SHELBY,LORAMIE,2000-09-18,153.0,,SAND & GRAVEL,CABLE TOOL,20.0,50.0,154.0,,921109
135398,W,DOMESTIC,-84.13480899999999,40.388763999999995,DIGITAL MAP,SHELBY,FRANKLIN,1998-10-31,105.0,,GRAVEL & SAND,ROTARY,75.0,17.0,103.0,,886460
135448,W,DOMESTIC,-84.390647,40.332893,DIGITAL MAP,SHELBY,MCLEAN,1998-11-16,83.0,,GRAVEL & SAND,AIR ROTARY,20.0,25.0,81.0,,886491
135493,W,AGRIC/IRRIG,-84.08592,40.333349999999996,GLOBAL POSITIONING SYSTEM,SHELBY,SALEM,2019-08-22,45.0,,SAND & GRAVEL,ROTARY,30.0,27.0,41.0,,2075076
135496,W,DOMESTIC,-84.19863,40.336126,DIGITAL MAP,SHELBY,FRANKLIN,2000-04-06,145.0,,GRAVEL & SAND,ROTARY,50.0,35.0,142.0,,912317
135525,W,DOMESTIC,-84.340413,40.370621,DIGITAL MAP,SHELBY,MCLEAN,1998-09-09,168.0,,LIMESTONE,AIR ROTARY,20.0,25.0,104.0,93,883631
135526,W,DOMESTIC,-84.28497899999999,40.343967,DIGITAL MAP,SHELBY,MCLEAN,2000-07-11,137.0,,LIMESTONE,AIR ROTARY,20.0,47.0,104.0,94,918019
135538,W,DOMESTIC,-84.24569199999999,40.337633,DIGITAL MAP,SHELBY,TURTLE CREEK,2000-01-26,158.0,,LIMESTONE,AIR ROTARY,20.0,42.0,89.0,83,908453
140623,W,,-84.16387,40.236169,DIGITIZED,SHELBY,ORANGE,1965-06-26,110.0,1027.800048828125,GRAVEL,,12.0,64.0,110.0,,334324
140624,W,,-84.027046,40.236685,DIGITIZED,SHELBY,GREEN,1954-01-30,70.0,1087.4000244140625,SAND & GRAVEL,,10.0,33.5,70.0,,43292
140625,W,,-84.07379,40.22756,DIGITIZED,SHELBY,GREEN,1961-08-24,82.0,1091.300048828125,GRAVEL,,10.0,18.0,82.0,,271814
140730,W,,-84.16462399999999,40.301671999999996,DIGITIZED,SHELBY,CLINTON,1950-06-06,146.0,522.2000122070312,LIMESTONE,,,93.0,141.0,141,30775
140731,W,,-84.33565399999999,40.292153,DIGITIZED,SHELBY,CYNTHIAN,1950-04-06,79.0,986.5999755859375,GRAVEL,,15.0,50.0,79.0,,47926
140736,W,,-84.33720799999999,40.365747999999996,DIGITIZED,SHELBY,MCLEAN,1948-05-21,93.0,959.7999877929688,GRAVEL,,12.0,15.0,93.0,,36712
140747,W,,-84.05966599999999,40.196847,DIGITIZED,SHELBY,GREEN,1953-04-25,125.0,1105.800048828125,SAND & GRAVEL,,7.0,99.0,118.0,,106469
140759,W,,-84.116906,40.410337,DIGITIZED,SHELBY,DINSMORE,1962-06-21,32.0,1033.0999755859375,GRAVEL,,5.0,12.0,28.0,,207887
140760,W,,-84.05153,40.439873999999996,DIGITIZED,SHELBY,JACKSON,1954-09-27,186.0,1020.0999755859375,SAND & GRAVEL,,7.0,110.0,186.0,,88445
140761,W,,-84.070765,40.475908,DIGITIZED,SHELBY,JACKSON,1954-04-05,83.0,1026.800048828125,SAND & GRAVEL,,,,83.0,,123363
140762,W,,-84.41440999999999,40.365314,DIGITIZED,SHELBY,MCLEAN,1955-06-16,130.0,956.2000122070312,LIMESTONE,,20.0,19.0,118.0,112,153959
140763,W,,-84.145792,40.331629,DIGITIZED,SHELBY,FRANKLIN,1957-10-01,103.0,958.4000244140625,GRAVEL,,8.0,50.0,103.0,,198673
140764,W,,-84.084116,40.282337,DIGITIZED,SHELBY,PERRY,1957-05-30,68.0,553.4000244140625,GRAVEL,,20.0,10.0,,,182992
140765,W,,-84.35786399999999,40.370602999999996,DIGITIZED,SHELBY,MCLEAN,1952-07-07,164.0,956.7999877929688,LIMESTONE,,9.0,22.0,161.0,160,93322
140766,W,,-84.107018,40.292052,DIGITIZED,SHELBY,PERRY,1965-07-14,66.0,1043.9000244140625,GRAVEL,,15.0,31.0,66.0,,334331
140767,W,,-84.085297,40.263978,DIGITIZED,SHELBY,PERRY,1955-05-27,68.0,556.4000244140625,GRAVEL,,10.0,53.0,77.0,,146658
140768,W,,-84.413045,40.233008999999996,DIGITIZED,SHELBY,LORAMIE,1958-04-09,75.0,973.7000122070312,GRAVEL,,28.0,7.0,75.0,,198125
140770,W,,-84.24519,40.276658,DIGITIZED,SHELBY,TURTLE CREEK,1956-08-21,41.0,766.7999877929688,GRAVEL,,10.0,23.0,41.0,,184855
140772,W,,-84.103257,40.324587,DIGITIZED,SHELBY,SALEM,1955-05-12,158.0,577.2000122070312,GRAVEL,,30.0,0.0,158.0,,132386
140773,W,,-84.36069599999999,40.342894,,SHELBY,MCLEAN,1977-11-18,62.0,957.2999877929688,GRAVEL,,30.0,19.0,64.0,,525325
140786,W,,-84.232316,40.237013999999995,DIGITIZED,SHELBY,WASHINGTON,1968-10-19,100.0,969.2000122070312,LIMESTONE,,14.0,58.0,92.0,92,383419
140787,W,,-84.238039,40.208109,DIGITIZED,SHELBY,WASHINGTON,1957-04-25,38.0,905.5999755859375,GRAVEL,,15.0,22.0,38.0,,199306
140859,W,,-84.246132,40.290059,DIGITIZED,SHELBY,TURTLE CREEK,1952-03-25,46.0,956.7000122070312,GRAVEL,,10.0,13.0,46.0,,58914
140860,W,,-84.32907399999999,40.29155,DIGITIZED,SHELBY,CYNTHIAN,1952-10-11,174.0,987.9000244140625,GRAVEL,,10.0,119.0,174.0,,58932
140861,W,,-84.36461,40.29409,DIGITIZED,SHELBY,CYNTHIAN,1967-07-20,106.0,989.0,GRAVEL,,10.0,56.0,106.0,,359665
140864,W,,-84.186815,40.257487,DIGITIZED,SHELBY,CLINTON,1953-05-03,98.0,1007.0999755859375,LIMESTONE,,15.0,37.0,76.0,76,105411
140865,W,,-84.17896499999999,40.286732,DIGITIZED,SHELBY,CLINTON,1956-01-18,272.0,1032.800048828125,LIMESTONE,,60.0,93.0,139.0,135,100769
140866,W,,-84.136106,40.277111999999995,DIGITIZED,SHELBY,CLINTON,1962-06-19,210.0,724.2000122070312,LIMESTONE,,,120.0,134.0,132,251583
142879,W,DOMESTIC,-84.34868,40.22674,GEOCODE,SHELBY,LORAMIE,1997-11-05,59.0,965.9000244140625,SAND & GRAVEL,ROTARY,20.0,28.0,57.0,,867123
143595,W,DOMESTIC,-84.41139,40.23377,GEOCODE,SHELBY,LORAMIE,2001-11-09,80.0,968.9000244140625,GRAVEL,ROTARY,90.0,14.0,77.0,50,937870
143767,W,DOMESTIC,-84.21370399999999,40.264700000000005,GEOCODE,SHELBY,WASHINGTON,2001-01-26,162.0,954.0,LIMESTONE,ROTARY,40.0,47.0,102.0,95,924307
143868,W,DOMESTIC,-84.33849,40.36667,GEOCODE,SHELBY,MCLEAN,2000-12-14,89.0,958.2000122070312,GRAVEL & SAND,ROTARY,75.0,22.0,86.0,,924271
144003,W,DOMESTIC,-84.182795,40.320631999999996,GEOCODE,SHELBY,FRANKLIN,2002-08-09,176.0,690.7000122070312,LIMESTONE,ROTARY,25.0,46.0,109.0,103,948518
144189,W,DOMESTIC,-84.30892999999999,40.27111,,SHELBY,CYNTHIAN,2003-01-28,222.0,983.5,LIMESTONE,ROTARY,18.0,73.0,175.0,170,959090
144263,W,DOMESTIC,-84.02226,40.338156999999995,GEOCODE,SHELBY,SALEM,2002-12-16,110.0,928.4000244140625,GRAVEL,ROTARY,25.0,70.0,107.0,,950596
144333,W,DOMESTIC,-84.260218,40.432522999999996,DGS SURFICIAL MAPPING,SHELBY,VAN BUREN,2002-10-16,138.0,976.9000244140625,SAND & GRAVEL,ROTARY,75.0,34.0,133.0,,951810
144338,W,DOMESTIC,-84.16577,40.38044,GEOCODE,SHELBY,FRANKLIN,2002-11-11,73.0,1043.5,SAND & GRAVEL,ROTARY,20.0,52.0,71.0,,955433
144424,W,,-84.336578,40.244502,DIGITIZED,SHELBY,LORAMIE,,137.0,945.2999877929688,GRAVEL,,20.0,26.0,137.0,,86268
144579,W,,-84.175648,40.420441,DIGITIZED,SHELBY,DINSMORE,1963-04-25,89.0,1023.4000244140625,SAND & GRAVEL,,6.0,60.0,87.0,,272730
144583,W,DOMESTIC,-84.24668,40.31044,GLOBAL POSITIONING SYSTEM,SHELBY,TURTLE CREEK,2003-08-08,121.0,980.0999755859375,LIMESTONE,ROTARY,50.0,25.0,52.0,41,965162
144601,W,DOMESTIC,-84.40426,40.231519999999996,GEOCODE,SHELBY,LORAMIE,2003-07-28,142.0,973.9000244140625,LIMESTONE,ROTARY,17.0,15.0,65.0,59,965145
144623,W,DOMESTIC,-84.14734,40.381229999999995,GLOBAL POSITIONING SYSTEM,SHELBY,FRANKLIN,2003-08-29,67.0,1032.9000244140625,SAND & GRAVEL,ROTARY,100.0,22.0,65.0,,965202
144855,W,DOMESTIC,-84.09445099999999,40.342551,GEOCODE,SHELBY,SALEM,2001-09-06,216.0,708.2000122070312,,ROTARY,35.0,69.0,214.0,,933467
144887,W,INDUSTRIAL,-84.22272,40.28893,GLOBAL POSITIONING SYSTEM,SHELBY,TURTLE CREEK,2004-02-27,300.0,895.2999877929688,LIMESTONE,ROTARY,60.0,33.0,53.0,44,976794
144929,W,DOMESTIC,-84.18791999999999,40.24518,GLOBAL POSITIONING SYSTEM,SHELBY,CLINTON,2004-04-08,282.0,999.0,LIMESTONE,ROTARY,35.0,107.0,,260,976837
145061,W,DOMESTIC,-84.17573999999999,40.4217,GLOBAL POSITIONING SYSTEM,SHELBY,DINSMORE,2004-11-03,201.0,1020.2999877929688,LIMESTONE,ROTARY,30.0,45.0,157.0,151,987717
145114,W,,-84.19852999999999,40.41748,GLOBAL POSITIONING SYSTEM,SHELBY,DINSMORE,2004-07-01,68.0,1015.0,GRAVEL & SAND,ROTARY,30.0,46.0,66.0,,982795
145152,W,DOMESTIC,-84.35033,40.26983,GLOBAL POSITIONING SYSTEM,SHELBY,LORAMIE,2004-02-12,182.0,983.0,LIMESTONE,ROTARY,15.0,70.0,122.0,176,972073
145172,W,DOMESTIC,-84.33466,40.25249,GLOBAL POSITIONING SYSTEM,SHELBY,LORAMIE,2004-01-28,123.0,952.2000122070312,SAND & GRAVEL,ROTARY,100.0,33.0,121.0,,976765
145194,W,DOMESTIC,-84.28757,40.31565,GLOBAL POSITIONING SYSTEM,SHELBY,CYNTHIAN,2004-08-25,156.0,1024.800048828125,LIMESTONE,ROTARY,50.0,73.0,122.0,83,984731
145337,W,AGRIC/IRRIG,-84.31085,40.3282,GLOBAL POSITIONING SYSTEM,SHELBY,CYNTHIAN,2004-05-20,176.0,1010.5,LIMESTONE,ROTARY,40.0,65.0,134.0,174,979896
145450,W,DOMESTIC,-84.11695,40.467600000000004,GLOBAL POSITIONING SYSTEM,SHELBY,DINSMORE,2005-11-03,65.0,1028.5,GRAVEL,ROTARY,50.0,36.0,63.0,,998196
145588,W,DOMESTIC,-84.26075999999999,40.33039,GLOBAL POSITIONING SYSTEM,SHELBY,TURTLE CREEK,2005-04-15,160.0,1017.0999755859375,,ROTARY,50.0,54.0,115.0,106,990131
145686,W,DOMESTIC,-84.17116,40.384389999999996,GLOBAL POSITIONING SYSTEM,SHELBY,FRANKLIN,2005-09-15,121.0,1055.5,GRAVEL & SAND,ROTARY,25.0,65.0,120.0,,999740
145798,W,DOMESTIC,-84.20107999999999,40.39062,GLOBAL POSITIONING SYSTEM,SHELBY,FRANKLIN,2005-10-21,75.0,1018.5999755859375,GRAVEL & SAND,ROTARY,25.0,41.0,73.0,,2000082
145870,W,DOMESTIC,-84.012085,40.336548,GEOCODE,SHELBY,SALEM,1998-02-03,85.0,998.5,GRAVEL,ROTARY,15.0,52.0,85.0,,862474
145899,W,DOMESTIC,-84.22923,40.25102,GLOBAL POSITIONING SYSTEM,SHELBY,WASHINGTON,2005-07-28,130.0,970.2000122070312,LIMESTONE,ROTARY,12.0,35.0,75.0,60,995919
146034,W,,-84.207623,40.298702,DIGITIZED,SHELBY,CLINTON,1962-03-28,70.0,997.5,SAND & GRAVEL,,12.0,20.0,70.0,,272662
146054,W,,-84.095316,40.345955,DIGITIZED,SHELBY,SALEM,1952-10-09,93.0,670.9000244140625,GRAVEL,,,,93.0,,82277
146071,W,,-84.093982,40.331612,DIGITIZED,SHELBY,SALEM,1958-10-20,66.0,994.2999877929688,GRAVEL,,8.0,51.0,67.0,,201640
146072,W,,-84.10465099999999,40.324368,DIGITIZED,SHELBY,SALEM,1955-04-05,147.0,912.0999755859375,GRAVEL,,10.0,0.0,147.0,,146065
146120,W,,-84.42508699999999,40.236767,DIGITIZED,SHELBY,LORAMIE,1950-05-13,84.0,973.0999755859375,LIMESTONE,,6.0,40.0,86.0,80,75116
146121,W,,-84.116539,40.453258999999996,DIGITIZED,SHELBY,DINSMORE,1954-04-12,150.0,1037.4000244140625,SAND & GRAVEL,,,,150.0,,123362
146122,W,,-84.29269599999999,40.393353999999995,DIGITIZED,SHELBY,VAN BUREN,1949-10-13,131.0,963.9000244140625,LIMESTONE,,24.0,15.0,83.0,86,66571
146124,W,,-84.29208899999999,40.43707,DIGITIZED,SHELBY,VAN BUREN,1964-09-05,156.0,988.5,LIMESTONE,,18.0,70.0,125.0,118,306237
146141,W,DOMESTIC,-84.131174,40.364806,GLOBAL POSITIONING SYSTEM,SHELBY,SALEM,2006-05-19,80.0,1033.9000244140625,GRAVEL & SAND,ROTARY,55.0,33.0,77.0,,2003070
147042,W,DOMESTIC,-84.26476,40.39413,GLOBAL POSITIONING SYSTEM,SHELBY,VAN BUREN,2007-10-20,145.0,965.0999755859375,LIMESTONE,ROTARY,30.0,19.8,65.0,60,2013224
147450,W,,-84.259295,40.215543,DIGITIZED,SHELBY,WASHINGTON,1956-02-09,106.0,945.9000244140625,GRAVEL,,12.0,64.0,106.0,,162875
147460,W,DOMESTIC,-84.14072999999999,40.39731,GLOBAL POSITIONING SYSTEM,SHELBY,DINSMORE,2007-03-07,198.0,1043.0999755859375,LIMESTONE,ROTARY,75.0,39.0,132.0,127,2008477
147490,W,DOMESTIC,-84.17177,40.46591,GLOBAL POSITIONING SYSTEM,SHELBY,DINSMORE,2007-03-21,83.0,989.5999755859375,GRAVEL & SAND,ROTARY,50.0,14.0,79.0,,2008671
147933,W,,-84.074152,40.232549,DIGITIZED,SHELBY,GREEN,1949-06-24,85.0,1090.699951171875,GRAVEL,,20.0,12.0,85.0,,56615
147943,W,,-84.205865,40.315562,DIGITIZED,SHELBY,CLINTON,1960-04-20,85.0,1006.5,SAND & GRAVEL,,100.0,21.0,77.0,,232373
147970,W,,-84.241492,40.251145,DIGITIZED,SHELBY,WASHINGTON,1955-05-18,34.0,861.5,GRAVEL,,10.0,16.0,34.0,,132388
148171,W,DOMESTIC,-84.34340999999999,40.369279999999996,GLOBAL POSITIONING SYSTEM,SHELBY,MCLEAN,2008-08-01,90.0,958.2000122070312,GRAVEL & SAND,ROTARY,100.0,25.900000000000002,87.0,,2017809
148185,W,DOMESTIC,-84.17666,40.428200000000004,GLOBAL POSITIONING SYSTEM,SHELBY,DINSMORE,2009-06-04,202.0,1009.5,LIMESTONE,ROTARY,90.0,40.7,158.0,150,2022399
148262,W,DOMESTIC,-84.29767,40.387209999999996,GLOBAL POSITIONING SYSTEM,SHELBY,MCLEAN,2009-11-05,156.0,959.5,LIMESTONE,ROTARY,35.0,16.5,58.0,50,2024856
148275,W,DOMESTIC,-84.13132,40.35714,GLOBAL POSITIONING SYSTEM,SHELBY,SALEM,2008-02-13,103.0,1050.5,GRAVEL & SAND,ROTARY,25.0,47.0,100.0,,2015112
148415,W,DOMESTIC,-84.26355,40.39333,GLOBAL POSITIONING SYSTEM,SHELBY,VAN BUREN,2008-02-02,119.0,963.2000122070312,LIMESTONE,ROTARY,60.0,16.4,63.0,55,2014969
148755,W,DOMESTIC,-84.13793,40.410129999999995,GLOBAL POSITIONING SYSTEM,SHELBY,DINSMORE,2010-05-05,222.0,1062.699951171875,LIMESTONE,ROTARY,60.0,65.4,196.0,187,2026949
148817,W,DOMESTIC,-84.26153,40.44009,GLOBAL POSITIONING SYSTEM,SHELBY,VAN BUREN,2012-09-27,99.0,985.7000122070312,SAND & GRAVEL,ROTARY,50.0,51.5,96.0,,2039893
148945,W,DOMESTIC,-84.13548,40.31231,GLOBAL POSITIONING SYSTEM,SHELBY,CLINTON,2010-05-26,89.0,978.7999877929688,GRAVEL & SAND,ROTARY,20.0,32.0,87.0,,2027265
148988,W,DOMESTIC,-84.3438,40.36848,GLOBAL POSITIONING SYSTEM,SHELBY,MCLEAN,2012-06-28,145.0,956.9000244140625,LIMESTONE,ROTARY,40.0,28.8,98.0,88,2038263
149001,W,AGRIC/IRRIG,-84.26646,40.46612,GLOBAL POSITIONING SYSTEM,SHELBY,VAN BUREN,2012-09-20,98.0,946.2999877929688,SAND & GRAVEL,ROTARY,90.0,22.7,95.0,,2039747
149019,W,MONITOR,-84.16418,40.29773,GLOBAL POSITIONING SYSTEM,SHELBY,CLINTON,2011-03-10,20.0,1024.300048828125,SILT,AUGER,,0.0,4.5,,2031529
149060,W,DOMESTIC,-84.13380000000001,40.45276,GLOBAL POSITIONING SYSTEM,SHELBY,DINSMORE,2011-01-31,117.0,1028.300048828125,GRAVEL,ROTARY,80.0,40.4,115.0,,2030976
149266,W,DOMESTIC,-84.38802,40.32188,GLOBAL POSITIONING SYSTEM,SHELBY,CYNTHIAN,2014-03-07,137.0,974.4000244140625,SAND & GRAVEL,ROTARY,25.0,48.800000000000004,132.0,,2046605
149302,W,DOMESTIC,-84.37823,40.30719,GLOBAL POSITIONING SYSTEM,SHELBY,CYNTHIAN,2014-03-11,218.0,1002.2000122070312,LIMESTONE,ROTARY,20.0,69.5,166.0,158,2046630
149328,W,DOMESTIC,-84.32191,40.259009999999996,GLOBAL POSITIONING SYSTEM,SHELBY,LORAMIE,2013-12-30,72.0,942.9000244140625,SAND & GRAVEL,ROTARY,20.0,28.5,69.0,,2046032
149352,W,DOMESTIC,-84.05349,40.37609,GLOBAL POSITIONING SYSTEM,SHELBY,SALEM,2015-03-23,65.0,1058.800048828125,SAND & GRAVEL,ROTARY,30.0,41.0,61.0,,2051373
149428,W,DOMESTIC,-84.23683,40.44641,GLOBAL POSITIONING SYSTEM,SHELBY,VAN BUREN,2015-04-28,65.0,963.7000122070312,SAND & GRAVEL,ROTARY,20.0,20.6,62.0,,2051751
149466,W,DOMESTIC,-84.29937,40.4664,GLOBAL POSITIONING SYSTEM,SHELBY,VAN BUREN,2015-05-06,77.0,926.2000122070312,SAND & GRAVEL,ROTARY,20.0,30.0,73.0,,2051852
149483,W,DOMESTIC,-84.14523,40.36089,GLOBAL POSITIONING SYSTEM,SHELBY,FRANKLIN,2015-05-28,43.0,1015.2999877929688,GRAVEL,ROTARY,20.0,12.0,40.0,,2052166
149553,W,DOMESTIC,-84.13486999999999,40.46055,GLOBAL POSITIONING SYSTEM,SHELBY,DINSMORE,2015-10-16,67.0,1016.2000122070312,SAND & GRAVEL,ROTARY,30.0,31.0,64.0,,2054314
149624,W,AGRIC/IRRIG,-84.116986,40.294962,GLOBAL POSITIONING SYSTEM,SHELBY,PERRY,2016-01-26,174.0,996.4000244140625,LIMESTONE,ROTARY,18.0,61.0,152.0,150,2056060
149650,W,DOMESTIC,-84.31807599999999,40.446684,DGS SURFICIAL MAPPING,SHELBY,VAN BUREN,2014-08-14,155.0,951.2999877929688,LIMESTONE,AIR ROTARY,25.0,50.0,117.0,108,2049093
149685,W,DOMESTIC,-84.34039,40.3708,GLOBAL POSITIONING SYSTEM,SHELBY,MCLEAN,2015-07-14,101.0,957.0,SAND & GRAVEL,ROTARY,30.0,26.0,98.0,,2052778
149733,W,DOMESTIC,-84.23161999999999,40.23699,GLOBAL POSITIONING SYSTEM,SHELBY,WASHINGTON,2014-09-25,239.0,975.0999755859375,LIMESTONE,ROTARY,10.0,64.0,174.0,170,2049364
149781,W,DOMESTIC,-84.27175,40.46759,GLOBAL POSITIONING SYSTEM,SHELBY,VAN BUREN,2017-08-18,263.0,,LIMESTONE,ROTARY,15.0,38.0,195.0,186,2063869
149820,W,COMMERCIAL,-84.03997,40.41094,GLOBAL POSITIONING SYSTEM,SHELBY,JACKSON,2017-05-31,63.0,,SAND & GRAVEL,ROTARY,35.0,15.0,58.0,,2062647
149888,W,DOMESTIC,-84.24777,40.282509999999995,GLOBAL POSITIONING SYSTEM,SHELBY,TURTLE CREEK,2016-09-16,103.0,,LIMESTONE,ROTARY,15.0,30.0,62.0,56,2058949
149985,W,DOMESTIC,-84.07307999999999,40.42566,GLOBAL POSITIONING SYSTEM,SHELBY,JACKSON,2018-02-05,100.0,,SAND & GRAVEL,ROTARY,20.0,22.0,97.0,,2066601
150041,W,PUBLIC/SEMI-PUB,-84.183272,40.244699,DIGITAL MAP,SHELBY,CLINTON,1998-04-18,222.0,,LIMESTONE,ROTARY,20.0,68.0,30.5,3,871294
150061,W,DOMESTIC,-84.0776,40.31098,GLOBAL POSITIONING SYSTEM,SHELBY,PERRY,2017-10-31,77.0,,SAND & GRAVEL,ROTARY,15.0,54.0,73.0,,2065260
150075,W,DOMESTIC,-84.06873999999999,40.431000000000004,GLOBAL POSITIONING SYSTEM,SHELBY,JACKSON,2018-03-09,101.0,,SAND & GRAVEL,ROTARY,20.0,20.0,98.0,,2066972
150142,W,DOMESTIC,-84.277402,40.269416,DIGITAL MAP,SHELBY,WASHINGTON,1998-03-16,188.0,,LIMESTONE,ROTARY,20.0,79.0,140.0,132,871256
150175,W,DOMESTIC,-84.20267,40.44573,GLOBAL POSITIONING SYSTEM,SHELBY,DINSMORE,2017-12-11,66.0,,SAND & GRAVEL,ROTARY,15.0,25.0,61.0,,2065908
150197,W,DOMESTIC,-84.288235,40.308035,DIGITAL MAP,SHELBY,CYNTHIAN,1999-04-06,189.0,,LIMESTONE,ROTARY,20.0,60.0,115.3,104,894750
150198,W,DOMESTIC,-84.326245,40.271166,DIGITAL MAP,SHELBY,CYNTHIAN,1999-04-15,117.0,,GRAVEL & SAND,ROTARY,20.0,73.0,113.0,,894767
150201,W,DOMESTIC,-84.208717,40.340748999999995,DIGITAL MAP,SHELBY,FRANKLIN,1999-04-30,90.0,,GRAVEL & SAND,ROTARY,20.0,49.0,88.0,,894785
150208,W,DOMESTIC,-84.12044,40.33727,GLOBAL POSITIONING SYSTEM,SHELBY,SALEM,2019-12-04,106.0,,SAND & GRAVEL,ROTARY,15.0,68.0,103.0,,2077078
150248,W,DOMESTIC,-84.425455,40.324127999999995,DIGITAL MAP,SHELBY,CYNTHIAN,1999-11-09,87.0,,GRAVEL,AIR ROTARY,30.0,27.0,84.0,,904628
150267,W,DOMESTIC,-84.26581999999999,40.2564,GLOBAL POSITIONING SYSTEM,SHELBY,WASHINGTON,2019-08-15,183.0,,LIMESTONE,ROTARY,15.0,55.0,93.0,,2074942
150324,W,DOMESTIC,-84.346751,40.268156999999995,DIGITAL MAP,SHELBY,LORAMIE,1998-07-30,101.0,,GRAVEL,AIR ROTARY,50.0,56.0,99.5,,880745
150331,W,DOMESTIC,-84.222263,40.257180999999996,DIGITAL MAP,SHELBY,WASHINGTON,1998-11-05,182.0,,LIMESTONE,ROTARY,20.0,57.0,86.0,80,886469
150484,W,AGRIC/IRRIG,-84.258389,40.389159,DIGITAL MAP,SHELBY,VAN BUREN,1999-09-10,82.0,,LIMESTONE,ROTARY,30.0,15.0,60.0,55,902891
150487,W,DOMESTIC,-84.12288,40.3833,GLOBAL POSITIONING SYSTEM,SHELBY,FRANKLIN,2019-02-15,60.0,,SAND & GRAVEL,MUD/AIR ROTARY,15.0,16.0,57.0,,2072154
150521,W,DOMESTIC,-84.28544,40.26383,GLOBAL POSITIONING SYSTEM,SHELBY,WASHINGTON,2019-06-13,129.0,,SAND & GRAVEL,ROTARY,25.0,65.0,126.0,,2073830
150544,W,DOMESTIC,-84.11851999999999,40.48082,GLOBAL POSITIONING SYSTEM,SHELBY,DINSMORE,2018-07-24,223.0,,LIMESTONE,ROTARY,20.0,31.0,179.0,,2068962
150550,W,AGRIC/IRRIG,-84.03128,40.21618,GLOBAL POSITIONING SYSTEM,SHELBY,GREEN,2018-05-16,115.0,,SAND & GRAVEL,ROTARY,40.0,48.0,111.0,,2067869
150619,W,,-84.321207,40.437174,DIGITIZED,SHELBY,VAN BUREN,1952-06-20,123.0,966.7999877929688,LIMESTONE,,10.0,43.0,84.0,82,78091
155664,W,,-84.131357,40.211923999999996,DIGITIZED,SHELBY,ORANGE,1956-12-11,140.0,1069.0999755859375,GRAVEL,,10.0,43.0,140.0,,184882
155665,W,,-84.116429,40.204727999999996,DIGITIZED,SHELBY,ORANGE,1964-03-23,106.0,1074.0999755859375,GRAVEL,,12.0,15.0,106.0,,316105
155666,W,,-84.36500000000001,40.23169,GEOCODE,SHELBY,LORAMIE,1984-07-03,50.0,968.0999755859375,GRAVEL,,20.0,27.0,51.0,,648392
155667,W,DOMESTIC,-84.35952999999999,40.23128,GEOCODE,SHELBY,LORAMIE,1995-11-29,121.0,962.0999755859375,SAND & GRAVEL,ROTARY,20.0,22.0,118.0,,829813
155680,W,,-84.228032,40.265465999999996,,SHELBY,WASHINGTON,1973-06-16,93.0,990.9000244140625,LIMESTONE,,10.0,35.0,88.0,82,458452
155681,W,DOMESTIC,-84.089406,40.346429,,SHELBY,SALEM,1994-11-07,79.0,1001.7999877929688,GRAVEL & SAND,ROTARY,20.0,40.0,76.0,,806117
155762,W,,-84.10460599999999,40.205619,DIGITIZED,SHELBY,GREEN,1948-07-17,144.0,1082.9000244140625,GRAVEL,,20.0,35.0,144.0,,42426
155763,W,,-84.03915599999999,40.454839,DIGITIZED,SHELBY,JACKSON,1951-12-18,37.0,1014.7000122070312,SAND,,5.0,5.0,37.0,,84254
155766,W,,-84.412391,40.232161999999995,DIGITIZED,SHELBY,LORAMIE,1968-07-26,63.0,974.4000244140625,GRAVEL,,10.0,11.5,63.0,,378763
155767,W,,-84.30842,40.263706,DIGITIZED,SHELBY,LORAMIE,1949-03-29,42.0,937.0,GRAVEL,,20.0,5.0,42.0,,56603
155768,W,,-84.338022,40.418365,DIGITIZED,SHELBY,MCLEAN,1948-11-04,111.0,978.0999755859375,LIMESTONE,,32.0,40.0,88.0,90,49530
155769,W,,-84.421741,40.342303,DIGITIZED,SHELBY,MCLEAN,1949-05-16,82.0,950.0,GRAVEL,,12.0,20.0,83.0,,36737
155776,W,DOMESTIC,-84.32715999999999,40.21246,GEOCODE,SHELBY,LORAMIE,1995-04-29,98.0,998.5999755859375,GRAVEL,ROTARY,10.0,52.0,96.0,,816261
155783,W,,-84.18782499999999,40.481907,DIGITIZED,SHELBY,DINSMORE,1958-10-28,92.0,1007.2999877929688,GRAVEL,,8.0,45.0,92.0,,201641
155784,W,,-84.059782,40.439240999999996,DIGITIZED,SHELBY,JACKSON,1954-12-10,238.0,1034.699951171875,LIMESTONE,,18.0,25.0,205.0,205,147603
155785,W,,-84.18833599999999,40.277201,DIGITIZED,SHELBY,CLINTON,1966-06-10,221.0,1027.800048828125,LIMESTONE,,20.0,15.0,111.0,106,336614
155787,W,,-84.029257,40.453632,DIGITIZED,SHELBY,JACKSON,1954-06-29,158.0,1027.4000244140625,GRAVEL,,,25.0,158.0,,123383
155788,W,,-84.090854,40.438874999999996,DIGITIZED,SHELBY,JACKSON,1958-10-09,63.0,1028.800048828125,SAND & GRAVEL,,10.0,11.0,63.0,,219857
155789,W,,-84.040943,40.422666,DIGITIZED,SHELBY,JACKSON,1962-09-14,102.0,1037.4000244140625,SAND & GRAVEL,,10.0,23.0,102.0,,272718
155790,W,,-84.015598,40.41146,,SHELBY,JACKSON,1973-06-20,29.0,1027.199951171875,GRAVEL,,15.0,9.0,29.0,,458707
155791,W,DOMESTIC,-84.22086,40.47806,,SHELBY,DINSMORE,1994-09-24,202.0,968.4000244140625,LIMESTONE,ROTARY,20.0,37.0,115.0,109,801813
155793,W,,-84.01806499999999,40.301128,DIGITIZED,SHELBY,PERRY,1957-03-07,76.0,753.2000122070312,GRAVEL & SAND,,9.0,20.0,,,182982
155794,W,,-84.11542,40.276616,DIGITIZED,SHELBY,PERRY,,75.0,541.5,GRAVEL,,,42.0,75.0,,97309
155795,W,,-84.335033,40.244105,DIGITIZED,SHELBY,LORAMIE,1955-07-21,51.0,955.5,GRAVEL,,20.0,22.0,51.0,,100762
155798,W,,-84.223789,40.28386,DIGITIZED,SHELBY,TURTLE CREEK,1960-07-05,92.0,566.2999877929688,LIMESTONE,,12.0,25.0,62.0,60,226715
155799,W,,-84.25056699999999,40.274856,DIGITIZED,SHELBY,TURTLE CREEK,1960-10-11,125.0,564.0999755859375,LIMESTONE,,20.0,17.0,42.0,42,217123
155800,W,,-84.244936,40.316091,DIGITIZED,SHELBY,TURTLE CREEK,1961-08-25,65.0,1065.0,LIMESTONE,,10.0,32.0,55.0,55,271815
155801,W,,-84.24033,40.329926,DIGITIZED,SHELBY,TURTLE CREEK,1966-06-30,67.0,714.5999755859375,GRAVEL,,12.0,48.0,67.0,,356574
155802,W,,-84.032443,40.297436999999995,DIGITIZED,SHELBY,PERRY,1959-04-24,68.0,1015.7000122070312,GRAVEL,,15.0,14.0,68.0,,229908
155803,W,,-84.03209199999999,40.294548,DIGITIZED,SHELBY,PERRY,1954-05-11,49.0,1040.0,GRAVEL,,10.0,8.0,49.0,,131165
155804,W,DOMESTIC,-84.060391,40.325962,,SHELBY,PERRY,1995-07-31,112.0,831.2000122070312,SAND & GRAVEL,ROTARY,15.0,85.0,109.0,,821781
155805,W,,-84.086935,40.330476999999995,DIGITIZED,SHELBY,SALEM,1959-09-18,26.0,1034.5999755859375,SAND & GRAVEL,,6.0,20.0,26.0,,229481
155806,W,,-84.08890799999999,40.331942999999995,DIGITIZED,SHELBY,SALEM,1953-10-08,36.0,818.0999755859375,GRAVEL,,,,35.0,,120124
155807,W,,-84.41198899999999,40.233058,DIGITIZED,SHELBY,LORAMIE,1960-11-09,77.0,971.9000244140625,LIMESTONE,,15.0,6.0,76.0,76,246521
155808,W,,-84.25996099999999,40.429911,DIGITIZED,SHELBY,VAN BUREN,1958-07-01,168.0,981.7999877929688,SAND & GRAVEL,,12.0,55.0,168.0,,207853
155814,W,,-84.218431,40.265691,DIGITIZED,SHELBY,WASHINGTON,1962-09-17,105.0,992.2000122070312,LIMESTONE,,12.0,33.0,83.0,83,271472
155815,W,,-84.239558,40.209247,DIGITIZED,SHELBY,WASHINGTON,1955-09-17,80.0,895.9000244140625,LIMESTONE,,20.0,55.0,64.0,62,160155
155892,W,,-84.322321,40.305727999999995,DIGITIZED,SHELBY,CYNTHIAN,,107.0,1007.4000244140625,GRAVEL,,10.0,44.0,107.0,,58944
155894,W,,-84.369163,40.321276,DIGITIZED,SHELBY,CYNTHIAN,1965-09-11,70.0,977.7000122070312,GRAVEL,,30.0,29.0,70.0,,318676
155895,W,,-84.20616,40.315501,DIGITIZED,SHELBY,CLINTON,1960-04-20,85.0,720.2999877929688,SAND & GRAVEL,,100.0,21.0,77.0,,232374
155896,W,,-84.172686,40.299133999999995,DIGITIZED,SHELBY,CLINTON,1964-06-20,143.0,878.0,LIMESTONE,,,97.0,135.0,131,306222
157418,W,DOMESTIC,-84.29308999999999,40.28664,,SHELBY,CYNTHIAN,1994-08-06,,1022.0,,,20.0,74.0,,,799860
158708,W,DOMESTIC,-84.3165,40.466249999999995,GEOCODE,SHELBY,VAN BUREN,2001-09-06,76.0,930.2000122070312,GRAVEL,ROTARY,25.0,31.0,73.0,,934676
158738,W,DOMESTIC,-84.272066,40.4193,DGS SURFICIAL MAPPING,SHELBY,VAN BUREN,2001-09-18,190.0,975.5,LIMESTONE,ROTARY,65.0,32.0,132.0,114,934686
158763,W,AGRIC/IRRIG,-84.242834,40.256496,GEOCODE,SHELBY,WASHINGTON,2001-05-07,138.0,983.2999877929688,LIMESTONE,ROTARY,20.0,47.0,127.0,121,931629
158824,W,DOMESTIC,-84.133878,40.347071,GEOCODE,SHELBY,FRANKLIN,2001-12-05,86.0,1023.9000244140625,GRAVEL,ROTARY,100.0,37.0,83.0,,937924
158871,W,DOMESTIC,-84.237794,40.380615,DGS SURFICIAL MAPPING,SHELBY,VAN BUREN,2001-10-04,58.0,995.2999877929688,GRAVEL,ROTARY,25.0,33.0,55.0,,937832
158906,W,MONITOR,-84.156645,40.294968999999995,GEOCODE,SHELBY,CLINTON,2000-12-16,20.0,1050.300048828125,UNKNOWN,AUGER,,,4.0,,924100
158908,W,DOMESTIC,-84.32176,40.29794,GEOCODE,SHELBY,CYNTHIAN,2001-06-05,167.0,998.2999877929688,LIMESTONE,ROTARY,20.0,54.0,125.0,119,931654
158948,W,DOMESTIC,-84.135333,40.276892,GEOCODE,SHELBY,CLINTON,2002-08-09,242.0,786.5999755859375,LIMESTONE,ROTARY,25.0,113.0,140.0,130,948515
158981,W,DOMESTIC,-84.13538,40.38821,GEOCODE,SHELBY,FRANKLIN,2001-02-05,78.0,1026.4000244140625,GRAVEL & SAND,ROTARY,85.0,18.0,75.0,,924319
158982,W,DOMESTIC,-84.19152199999999,40.34634,GEOCODE,SHELBY,FRANKLIN,2001-05-10,62.0,1041.0999755859375,GRAVEL & SAND,ROTARY,20.0,34.0,60.0,,928549
159063,W,DOMESTIC,-84.007982,40.355115999999995,GEOCODE,SHELBY,SALEM,2002-01-24,95.0,829.7999877929688,GRAVEL,ROTARY,95.0,28.0,91.0,,942303
159133,W,DOMESTIC,-84.37068,40.310359999999996,GEOCODE,SHELBY,CYNTHIAN,2003-01-24,222.0,1014.0,LIMESTONE,ROTARY,18.0,77.0,161.0,190,959086
159134,W,DOMESTIC,-84.196308,40.359589,GEOCODE,SHELBY,FRANKLIN,2003-01-18,222.0,533.0,LIMESTONE,ROTARY,25.0,62.0,151.0,141,959078
159294,W,DOMESTIC,-84.2797,40.22826,GEOCODE,SHELBY,WASHINGTON,2003-03-14,163.0,979.4000244140625,GRAVEL & SAND,ROTARY,90.0,73.0,161.0,,959142
159728,W,DOMESTIC,-84.13758,40.45017,GLOBAL POSITIONING SYSTEM,SHELBY,DINSMORE,2003-06-19,69.0,1031.4000244140625,SAND & GRAVEL,ROTARY,35.0,39.0,65.0,,961879
159815,W,DOMESTIC,-84.20761999999999,40.33363,GLOBAL POSITIONING SYSTEM,SHELBY,FRANKLIN,2003-08-11,91.0,1032.800048828125,,ROTARY,20.0,49.0,90.0,,965167
159832,W,DOMESTIC,-84.10347,40.23784,GLOBAL POSITIONING SYSTEM,SHELBY,GREEN,2004-02-19,134.0,1071.199951171875,GRAVEL & SAND,ROTARY,125.0,22.0,132.0,5,976787
159833,W,DOMESTIC,-84.31067,40.46686,GLOBAL POSITIONING SYSTEM,SHELBY,VAN BUREN,2004-02-07,106.0,932.7000122070312,SAND & GRAVEL,ROTARY,75.0,24.0,103.0,,976775
160006,W,,-84.28963,40.2638,,SHELBY,WASHINGTON,2003-09-23,122.0,939.0,SAND & GRAVEL,ROTARY,60.0,54.0,119.0,,965681
160169,W,DOMESTIC,-84.24192,40.43385,GLOBAL POSITIONING SYSTEM,SHELBY,VAN BUREN,2005-01-10,126.0,977.9000244140625,GRAVEL & SAND,ROTARY,120.0,31.0,124.0,,987650
160237,W,DOMESTIC,-84.34700000000001,40.35183,GLOBAL POSITIONING SYSTEM,SHELBY,MCLEAN,2004-08-04,184.0,966.2000122070312,LIMESTONE,ROTARY,15.0,40.0,160.0,182,980906
160262,W,MONITOR,-84.17631999999999,40.287758,GEOCODE,SHELBY,CLINTON,2004-09-13,18.0,633.7999877929688,,AUGER,,,8.0,,968332
160576,W,DOMESTIC,-84.40805999999999,40.22665,GLOBAL POSITIONING SYSTEM,SHELBY,LORAMIE,2005-06-06,52.0,975.9000244140625,,ROTARY,100.0,13.0,49.0,,992330
160595,W,DOMESTIC,-84.090711,40.331671,GLOBAL POSITIONING SYSTEM,SHELBY,SALEM,2005-12-30,132.0,804.2000122070312,GRAVEL,ROTARY,100.0,29.0,130.0,,2000759
160643,W,AGRIC/IRRIG,-84.31245,40.29164,GLOBAL POSITIONING SYSTEM,SHELBY,CYNTHIAN,2005-12-15,200.0,987.9000244140625,LIMESTONE,ROTARY,150.0,47.0,109.0,198,2000614
160803,W,DOMESTIC,-84.33838,40.24912,GLOBAL POSITIONING SYSTEM,SHELBY,LORAMIE,2006-02-06,103.0,941.7000122070312,GRAVEL & SAND,ROTARY,70.0,16.0,98.0,,2001167
160978,W,,-84.026517,40.339893,DIGITIZED,SHELBY,SALEM,1976-09-24,259.0,1059.5999755859375,LIMESTONE,,15.0,45.0,249.0,249,490720
161024,W,,-84.14442799999999,40.4324,DIGITIZED,SHELBY,DINSMORE,1961-06-08,133.0,1033.0999755859375,GRAVEL,,,42.0,133.0,,251541
161038,W,,-84.276274,40.394777,DIGITIZED,SHELBY,VAN BUREN,1952-10-29,89.0,970.2999877929688,GRAVEL,,20.0,12.0,89.0,,88279
161039,W,,-84.37715,40.332465,DIGITIZED,SHELBY,MCLEAN,1953-06-05,148.0,951.0,GRAVEL,,8.0,15.0,148.0,,106251
161040,W,,-84.13584499999999,40.434376,DIGITIZED,SHELBY,DINSMORE,1957-05-10,223.0,1046.4000244140625,SHALE & SANDSTONE,,10.0,55.0,210.0,210,187865
161460,W,DOMESTIC,-84.30367,40.40914,GLOBAL POSITIONING SYSTEM,SHELBY,MCLEAN,2006-09-18,139.0,972.7999877929688,LIMESTONE,ROTARY,40.0,35.0,87.0,77,2005212
161794,W,,-84.207602,40.296867,DIGITIZED,SHELBY,CLINTON,1962-02-05,71.0,1000.5999755859375,SAND & GRAVEL,,12.0,25.0,71.0,,272654
162069,W,DOMESTIC,-84.26265,40.39145,GLOBAL POSITIONING SYSTEM,SHELBY,VAN BUREN,2007-08-07,125.0,967.2000122070312,LIMESTONE,ROTARY,55.0,18.8,63.0,55,2011605
162077,W,MONITOR,-84.14892499999999,40.283839,GLOBAL POSITIONING SYSTEM,SHELBY,CLINTON,2007-08-15,11.0,955.4000244140625,FILL MATERIAL,AUGER,,11.0,11.0,,2011849
162081,W,MONITOR,-84.181944,40.277778,MAP-USGS 1:24000,SHELBY,CLINTON,2007-06-10,19.0,696.0999755859375,SAND & GRAVEL,AUGER,,12.0,9.0,,2011003
162186,W,DOMESTIC,-84.351489,40.371218999999996,DGS SURFICIAL MAPPING,SHELBY,MCLEAN,2007-05-25,77.0,957.5,GRAVEL & SAND,ROTARY,75.0,25.900000000000002,74.0,,2009883
162405,W,DOMESTIC,-84.41233,40.22812,GLOBAL POSITIONING SYSTEM,SHELBY,LORAMIE,2007-06-01,104.0,976.7999877929688,SAND & GRAVEL,ROTARY,120.0,17.7,101.0,,2010095
162408,W,DOMESTIC,-84.02493,40.23612,GLOBAL POSITIONING SYSTEM,SHELBY,GREEN,2007-05-15,118.0,1090.699951171875,GRAVEL & SAND,ROTARY,100.0,33.0,115.0,,2009702
162471,W,,-84.319649,40.260551,DIGITIZED,SHELBY,LORAMIE,1961-05-24,44.0,940.5,GRAVEL,,12.0,24.0,44.0,,259545
162587,W,,-84.40075,40.212339,DIGITIZED,SHELBY,LORAMIE,1954-02-22,171.0,987.0999755859375,GRAVEL,,5.0,26.0,171.0,,106275
162588,W,,-84.356042,40.226413,DIGITIZED,SHELBY,LORAMIE,1955-07-28,53.0,962.2999877929688,GRAVEL,,20.0,21.5,53.0,,100763
162589,W,,-84.413859,40.233011,DIGITIZED,SHELBY,LORAMIE,1966-06-07,67.0,973.5,GRAVEL,,10.0,38.0,67.0,,318689
162599,W,,-84.162663,40.306833999999995,DIGITIZED,SHELBY,CLINTON,1967-12-13,104.0,558.5,GRAVEL,,12.0,86.0,104.0,,375169
162625,W,,-84.194588,40.287338999999996,DIGITIZED,SHELBY,CLINTON,1960-05-15,110.0,1026.800048828125,GRAVEL,,8.0,59.0,110.0,,226712
162645,W,,-84.41444299999999,40.256935999999996,DIGITIZED,SHELBY,LORAMIE,1956-05-05,105.0,1015.5999755859375,LIMESTONE,,,53.0,105.0,50,168613
162646,W,,-84.328373,40.241501,DIGITIZED,SHELBY,LORAMIE,1969-07-29,63.0,961.4000244140625,GRAVEL,,15.0,31.0,63.0,,400472
162810,W,DOMESTIC,-84.25144999999999,40.34415,GLOBAL POSITIONING SYSTEM,SHELBY,TURTLE CREEK,2009-07-07,62.0,993.5999755859375,GRAVEL,AIR ROTARY,55.0,28.0,59.0,,2022892
162861,W,,-84.398428,40.238669,DIGITIZED,SHELBY,LORAMIE,1950-08-04,85.0,979.7000122070312,LIMESTONE,,5.0,19.0,62.0,61,75121
162862,W,,-84.37590399999999,40.376529,DIGITIZED,SHELBY,MCLEAN,1950-08-30,88.0,965.9000244140625,SAND & GRAVEL,,,,,,53404
162882,W,,-84.333872,40.24255,DIGITIZED,SHELBY,LORAMIE,1962-07-21,125.0,964.2000122070312,GRAVEL,,12.0,35.0,125.0,,271466
163218,W,DOMESTIC,-84.40741,40.356719999999996,GLOBAL POSITIONING SYSTEM,SHELBY,MCLEAN,2008-09-04,181.0,950.7000122070312,LIMESTONE,ROTARY,35.0,20.400000000000002,131.0,180,2018553
163269,W,DOMESTIC,-84.27205,40.380069999999996,GLOBAL POSITIONING SYSTEM,SHELBY,VAN BUREN,2009-03-27,179.0,975.7000122070312,LIMESTONE,ROTARY,120.0,29.0,116.0,110,2021606
163558,W,MONITOR,-84.333056,40.245000000000005,GEOCODE,SHELBY,LORAMIE,2012-04-17,44.0,941.2999877929688,SILT/SAND/GRAVEL,AUGER,,0.0,34.0,,2037810
163831,W,DOMESTIC,-84.26093999999999,40.39167,GLOBAL POSITIONING SYSTEM,SHELBY,VAN BUREN,2011-01-12,153.0,966.7999877929688,LIMESTONE,ROTARY,65.0,21.6,74.0,59,2030786
163936,W,DOMESTIC,-84.16691,40.24202,GLOBAL POSITIONING SYSTEM,SHELBY,ORANGE,2011-11-03,197.0,1019.0999755859375,LIMESTONE,ROTARY,60.0,65.6,164.0,159,2035268
164012,W,DOMESTIC,-84.37201,40.30647,GLOBAL POSITIONING SYSTEM,SHELBY,CYNTHIAN,2013-06-28,218.0,1006.2999877929688,LIMESTONE,ROTARY,35.0,75.9,158.0,153,2043446
164135,W,AGRIC/IRRIG,-84.09604999999999,40.43839,GLOBAL POSITIONING SYSTEM,SHELBY,JACKSON,2013-12-09,71.0,1032.199951171875,SAND & GRAVEL,ROTARY,20.0,16.7,68.0,,2045903
164172,W,DOMESTIC,-84.43365,40.316700000000004,GLOBAL POSITIONING SYSTEM,SHELBY,CYNTHIAN,2014-02-05,134.0,979.0999755859375,SAND & GRAVEL,ROTARY,18.0,36.2,131.0,,2046356
164236,W,DOMESTIC,-84.14081999999999,40.42452,GLOBAL POSITIONING SYSTEM,SHELBY,DINSMORE,2014-05-21,94.0,1048.800048828125,SAND & GRAVEL,ROTARY,30.0,46.0,90.0,,2047549
164264,W,DOMESTIC,-84.20761999999999,40.29676,GLOBAL POSITIONING SYSTEM,SHELBY,CLINTON,2016-03-21,118.0,,LIMESTONE,ROTARY,15.0,31.0,78.0,66,2056479
164408,W,DOMESTIC,-84.29898999999999,40.44934,GLOBAL POSITIONING SYSTEM,SHELBY,VAN BUREN,2016-02-17,172.0,,LIMESTONE,ROTARY,25.0,50.0,128.0,124,2056012
164445,W,DOMESTIC,-84.34485,40.370219999999996,GLOBAL POSITIONING SYSTEM,SHELBY,MCLEAN,2014-05-30,162.0,958.2000122070312,LIMESTONE,ROTARY,20.0,27.0,106.0,98,2047637
164466,W,DOMESTIC,-84.09387,40.334649999999996,GLOBAL POSITIONING SYSTEM,SHELBY,SALEM,2016-01-22,274.0,729.2000122070312,GRAVEL,ROTARY,10.0,71.0,271.0,175,2055727
164583,W,DOMESTIC,-84.32213999999999,40.32786,GLOBAL POSITIONING SYSTEM,SHELBY,CYNTHIAN,2016-10-24,102.0,,SAND & GRAVEL,ROTARY,20.0,64.0,99.0,,2059616
164636,W,DOMESTIC,-84.246483,40.454733,GLOBAL POSITIONING SYSTEM,SHELBY,VAN BUREN,2016-02-04,128.0,,GRAVEL,ROTARY,25.0,40.0,128.0,,1019039
164802,W,DOMESTIC,-84.26804,40.39105,GLOBAL POSITIONING SYSTEM,SHELBY,VAN BUREN,2017-06-27,176.0,,LIMESTONE,ROTARY,75.0,18.0,83.0,78,2063101
165116,W,DOMESTIC,-84.432451,40.236284999999995,DIGITAL MAP,SHELBY,LORAMIE,1998-10-20,93.0,,GRAVEL,AIR ROTARY,50.0,17.0,90.0,,881828
165127,W,DOMESTIC,-84.23642799999999,40.31531,DIGITAL MAP,SHELBY,TURTLE CREEK,1998-10-29,158.0,,LIMESTONE,ROTARY,18.0,54.0,82.5,74,886457
165262,W,DOMESTIC,-84.01768,40.329077999999996,DIGITAL MAP,SHELBY,SALEM,1999-11-23,125.0,676.9000244140625,GRAVEL,AIR ROTARY,30.0,78.0,111.0,,904648
165267,W,DOMESTIC,-84.247464,40.329550999999995,DIGITAL MAP,SHELBY,TURTLE CREEK,1999-05-10,242.0,,LIMESTONE,ROTARY,18.0,34.0,80.0,74,894799
165268,W,DOMESTIC,-84.269499,40.467396,DIGITAL MAP,SHELBY,VAN BUREN,1998-09-02,86.0,,GRAVEL & SAND,ROTARY,20.0,15.0,84.0,,883617
165284,W,,-84.120378,40.343072,,SHELBY,SALEM,1988-03-30,73.0,649.7000122070312,GRAVEL & SAND,ROTARY,25.0,28.0,74.0,,680061
165301,W,,-84.311779,40.262125999999995,DIGITIZED,SHELBY,LORAMIE,1967-05-31,125.0,933.7000122070312,LIMESTONE,,14.0,17.0,110.0,110,371251
165311,W,,-84.368721,40.294635,DIGITIZED,SHELBY,CYNTHIAN,1966-10-24,66.0,956.0999755859375,LIMESTONE,,15.0,25.0,62.0,62,318694
165426,W,DOMESTIC,-84.17441,40.409357,DIGITAL MAP,SHELBY,DINSMORE,1998-12-28,93.0,,GRAVEL & SAND,ROTARY,20.0,28.0,90.5,,889067
165442,W,DOMESTIC,-84.346987,40.227802,DIGITAL MAP,SHELBY,LORAMIE,1998-02-23,85.0,,GRAVEL & SAND,AIR ROTARY,25.0,24.0,80.5,,871233
165446,W,DOMESTIC,-84.404901,40.231702,DIGITAL MAP,SHELBY,LORAMIE,1998-06-04,165.0,,LIMESTONE,AIR ROTARY,20.0,12.0,58.0,55,871365
165447,W,DOMESTIC,-84.403921,40.231589,DIGITAL MAP,SHELBY,LORAMIE,1998-06-04,65.0,,GRAVEL & SAND,AIR ROTARY,20.0,17.0,62.0,,871364
165479,W,DOMESTIC,-84.1871,40.44058,GLOBAL POSITIONING SYSTEM,SHELBY,DINSMORE,2018-07-27,81.0,,SAND & GRAVEL,ROTARY,20.0,21.0,78.0,,2069032
165482,W,DOMESTIC,-84.416642,40.255159,DIGITAL MAP,SHELBY,LORAMIE,2000-06-14,182.0,,LIMESTONE,AIR ROTARY,15.0,,105.0,100,915410
165496,W,DOMESTIC,-84.073109,40.423926,DIGITAL MAP,SHELBY,JACKSON,1999-07-20,93.0,,GRAVEL & SAND,ROTARY,50.0,21.0,90.5,,899074
165598,W,DOMESTIC,-84.381136,40.315405,DIGITAL MAP,SHELBY,CYNTHIAN,1999-06-21,128.0,,GRAVEL & SAND,ROTARY,20.0,58.0,123.0,,897180
165602,W,DOMESTIC,-84.38671699999999,40.336667,DIGITAL MAP,SHELBY,MCLEAN,2000-03-28,81.0,,GRAVEL & SAND,AIR ROTARY,20.0,26.0,78.0,,912332
170605,W,,-84.163781,40.195338,DIGITIZED,SHELBY,ORANGE,1957-04-19,196.0,1040.199951171875,LIMESTONE,,,48.0,183.0,183,197806
170606,W,,-84.20899399999999,40.220011,DIGITIZED,SHELBY,ORANGE,1956-10-06,45.0,890.7999877929688,LIMESTONE,,10.0,10.0,6.0,4,182972
170607,W,,-84.17492299999999,40.214551,DIGITIZED,SHELBY,ORANGE,1956-12-05,145.0,1011.5999755859375,GRAVEL,,10.0,43.0,145.0,,184881
170608,W,,-84.161597,40.235993,DIGITIZED,SHELBY,ORANGE,1966-04-18,108.0,1026.800048828125,GRAVEL,,12.0,58.0,108.0,,356554
170615,W,DOMESTIC,-84.27283,40.26,,SHELBY,WASHINGTON,1990-01-26,181.0,982.2000122070312,LIMESTONE,ROTARY,18.0,59.0,113.0,109,708516
170696,W,,-84.201229,40.478128999999996,DIGITIZED,SHELBY,DINSMORE,1947-12-11,116.0,995.5999755859375,SAND & GRAVEL,,,64.0,116.0,,23423
170697,W,,-84.177606,40.421043999999995,DIGITIZED,SHELBY,DINSMORE,1950-07-27,62.0,1020.7000122070312,GRAVEL,,24.0,38.0,62.0,,60162
170705,W,,-84.334589,40.241993,DIGITIZED,SHELBY,LORAMIE,1969-08-23,119.0,967.7000122070312,GRAVEL,,15.0,37.0,119.0,,400486
170706,W,,-84.35271499999999,40.247994,DIGITIZED,SHELBY,LORAMIE,1948-12-20,77.0,950.0999755859375,GRAVEL,,20.0,18.0,77.0,,47909
170710,W,DOMESTIC,-84.40648,40.21151,GEOCODE,SHELBY,LORAMIE,1995-11-01,76.0,984.5999755859375,SAND & GRAVEL,ROTARY,20.0,23.0,73.0,,829767
170719,W,,-84.161656,40.468339,DIGITIZED,SHELBY,DINSMORE,1956-08-01,124.0,992.4000244140625,GRAVEL,,,,124.0,,170252
170720,W,,-84.199224,40.284633,DIGITIZED,SHELBY,CLINTON,1964-01-22,110.0,810.2000122070312,LIMESTONE,,21.0,64.0,95.0,90,280042
170722,W,,-84.075921,40.266805999999995,DIGITIZED,SHELBY,PERRY,1958-01-09,170.0,1037.4000244140625,LIMESTONE,,40.0,15.0,104.0,104,205162
170723,W,,-84.35730799999999,40.358340999999996,DIGITIZED,SHELBY,MCLEAN,1959-07-24,115.0,956.5999755859375,SAND & GRAVEL,,60.0,15.0,112.0,,217103
170724,W,,-84.37348999999999,40.357217999999996,DIGITIZED,SHELBY,MCLEAN,1967-04-12,73.0,948.7999877929688,GRAVEL,,10.0,6.0,73.0,,359652
170725,W,,-84.396298,40.37414,DIGITIZED,SHELBY,MCLEAN,1967-06-28,101.0,967.7000122070312,GRAVEL,,30.0,30.0,101.0,,345993
170726,W,,-84.021817,40.449417,,SHELBY,JACKSON,1982-10-08,139.0,1030.5,SAND & GRAVEL,,6.0,25.0,139.0,,620546
170727,W,,-84.335276,40.250695,DIGITIZED,SHELBY,LORAMIE,1958-04-13,99.0,939.5,GRAVEL,,20.0,12.0,99.0,,220303
170728,W,,-84.187641,40.332176,DIGITIZED,SHELBY,FRANKLIN,1965-05-08,183.0,1020.0,LIMESTONE,,24.0,40.0,142.0,140,326903
170729,W,,-84.246223,40.359584,DIGITIZED,SHELBY,TURTLE CREEK,1953-04-23,106.0,821.2999877929688,LIMESTONE,,6.0,42.0,100.0,85,93347
170730,W,,-84.228629,40.285384,DIGITIZED,SHELBY,TURTLE CREEK,1952-10-11,59.0,591.0999755859375,GRAVEL,,10.0,38.0,59.0,,58929
170731,W,,-84.24719499999999,40.286359999999995,DIGITIZED,SHELBY,TURTLE CREEK,1963-08-26,148.0,717.5999755859375,LIMESTONE,,24.0,28.0,44.0,35,280023
170732,W,,-84.247297,40.358961,DIGITIZED,SHELBY,TURTLE CREEK,1967-01-23,132.0,925.7000122070312,LIMESTONE,,30.0,35.0,90.0,80,361051
170733,W,DOMESTIC,-84.239519,40.376439,,SHELBY,TURTLE CREEK,1995-12-04,70.0,992.7000122070312,SAND & GRAVEL,ROTARY,50.0,30.0,55.0,,828836
170734,W,,-84.10436,40.324636,DIGITIZED,SHELBY,SALEM,1952-12-29,40.0,842.4000244140625,GRAVEL,,8.0,8.0,40.0,,58945
170737,W,,-84.320509,40.438272,DIGITIZED,SHELBY,VAN BUREN,1962-07-28,104.0,963.2999877929688,LIMESTONE,,18.0,38.0,89.0,89,244948
170821,W,,-84.21217899999999,40.199734,DIGITIZED,SHELBY,ORANGE,1948-10-21,40.0,966.2000122070312,LIMESTONE,,10.0,27.0,12.0,12,33374
170822,W,,-84.176116,40.255694,DIGITIZED,SHELBY,ORANGE,1949-04-23,40.0,1116.4000244140625,LIMESTONE,,,12.0,13.0,13,49593
170823,W,,-84.200188,40.215736,DIGITIZED,SHELBY,ORANGE,1948-11-06,101.0,984.4000244140625,GRAVEL,,7.0,30.0,102.0,,36729
170824,W,,-84.241419,40.279903,DIGITIZED,SHELBY,TURTLE CREEK,1932-03-15,42.0,939.5999755859375,GRAVEL,,10.0,18.0,42.0,,58911
170828,W,,-84.26605599999999,40.239925,DIGITIZED,SHELBY,WASHINGTON,1949-08-23,80.0,960.4000244140625,LIMESTONE,,7.0,20.0,73.0,73,33390
170829,W,,-84.163505,40.398342,DGS SURFICIAL MAPPING,SHELBY,DINSMORE,1963-07-31,212.0,1046.5,SAND & GRAVEL,,15.0,100.0,211.0,,272739
172715,W,DOMESTIC,-84.29391,40.283429999999996,,SHELBY,CYNTHIAN,1997-08-25,189.0,1003.7999877929688,LIMESTONE,ROTARY,18.0,61.0,120.0,115,860360
172906,W,DOMESTIC,-84.16587,40.24015,GEOCODE,SHELBY,ORANGE,1998-02-05,188.0,1024.5999755859375,LIMESTONE,ROTARY,20.0,65.0,160.0,154,871214
173342,W,,-84.41291,40.230019999999996,GEOCODE,SHELBY,LORAMIE,2001-08-13,175.0,972.5999755859375,SHALE,ROTARY,,,,172,934639
173750,W,DOMESTIC,-84.25953,40.393339999999995,GEOCODE,SHELBY,VAN BUREN,2002-02-08,127.0,969.0,LIMESTONE,ROTARY,20.0,15.0,71.0,66,942321
173824,W,DOMESTIC,-84.19247999999999,40.42397,GEOCODE,SHELBY,DINSMORE,2002-01-25,112.0,990.2000122070312,GRAVEL,ROTARY,70.0,31.0,110.0,,942306
173867,W,DOMESTIC,-84.121828,40.431067,DGS SURFICIAL MAPPING,SHELBY,DINSMORE,2002-01-28,262.0,1060.5999755859375,LIMESTONE,ROTARY,18.0,59.0,228.0,220,942307
173868,W,DOMESTIC,-84.13278199999999,40.31375,GEOCODE,SHELBY,CLINTON,2002-01-24,56.0,721.7000122070312,SAND & GRAVEL,ROTARY,45.0,17.0,52.0,,942304
173925,W,DOMESTIC,-84.42396,40.245689999999996,GEOCODE,SHELBY,LORAMIE,2002-05-22,52.0,979.0999755859375,GRAVEL,ROTARY,60.0,21.0,49.0,,945184
173964,W,DOMESTIC,-84.026232,40.247481,GEOCODE,SHELBY,GREEN,2001-04-30,150.0,1032.800048828125,LIMESTONE,ROTARY,20.0,18.0,138.0,136,930788
174089,W,DOMESTIC,-84.18240399999999,40.320138,GEOCODE,SHELBY,FRANKLIN,2003-02-06,155.0,837.9000244140625,LIMESTONE,ROTARY,35.0,51.0,112.0,104,959102
174108,W,DOMESTIC,-84.38949,40.35641,GEOCODE,SHELBY,MCLEAN,2003-01-21,64.0,951.5999755859375,SAND & GRAVEL,ROTARY,25.0,20.0,61.0,,959082
174167,W,PUBLIC/SEMI-PUB,-84.179687,40.268381,DIGITIZED,SHELBY,CLINTON,1955-11-05,73.0,950.7999877929688,GRAVEL,,10.0,52.0,68.0,,160768
174182,W,DOMESTIC,-84.32764,40.21055,GEOCODE,SHELBY,LORAMIE,2002-08-26,99.0,1003.5999755859375,GRAVEL,ROTARY,35.0,56.0,97.0,,948540
174349,W,DOMESTIC,-84.25044299999999,40.341156999999995,GEOCODE,SHELBY,TURTLE CREEK,2002-10-09,65.0,578.4000244140625,GRAVEL,ROTARY,65.0,37.0,62.0,,950549
174559,W,DOMESTIC,-84.12008,40.39759,GLOBAL POSITIONING SYSTEM,SHELBY,DINSMORE,2003-08-26,222.0,1034.5999755859375,LIMESTONE,ROTARY,35.0,23.0,122.0,107,965192
174572,W,DOMESTIC,-84.31253,40.466919999999995,GLOBAL POSITIONING SYSTEM,SHELBY,VAN BUREN,2003-08-25,161.0,930.7000122070312,CREVICE,ROTARY,100.0,26.0,136.0,128,965190
174650,W,,-84.084987,40.265991,DIGITIZED,SHELBY,PERRY,1958-07-09,126.0,642.7000122070312,LIMESTONE,,15.0,8.0,100.0,100,220326
174862,W,DOMESTIC,-84.26572999999999,40.3937,GLOBAL POSITIONING SYSTEM,SHELBY,VAN BUREN,2004-04-09,70.0,967.2000122070312,SAND & GRAVEL,ROTARY,65.0,16.0,68.0,,976838
174942,W,DOMESTIC,-84.09725999999999,40.2391,GLOBAL POSITIONING SYSTEM,SHELBY,GREEN,2003-10-11,111.0,1080.800048828125,GRAVEL & SAND,ROTARY,90.0,24.0,109.0,,967323
175057,W,DOMESTIC,-84.31633,40.2746,GLOBAL POSITIONING SYSTEM,SHELBY,CYNTHIAN,2003-12-12,126.0,1005.7999877929688,SAND & GRAVEL,ROTARY,35.0,76.0,124.0,,970548
175157,W,DOMESTIC,-84.13286,40.339729999999996,GLOBAL POSITIONING SYSTEM,SHELBY,FRANKLIN,2004-07-16,69.0,1029.0,SAND & GRAVEL,ROTARY,18.0,39.0,67.0,,982832
175173,W,DOMESTIC,-84.34083,40.37115,GLOBAL POSITIONING SYSTEM,SHELBY,MCLEAN,2005-01-17,112.0,958.2999877929688,GRAVEL & SAND,,125.0,22.0,110.0,,987645
175239,W,DOMESTIC,-84.39323,40.37701,GLOBAL POSITIONING SYSTEM,SHELBY,MCLEAN,2005-02-24,122.0,965.9000244140625,SAND & GRAVEL,ROTARY,90.0,37.0,120.0,,990079
175547,W,DOMESTIC,-84.32083999999999,40.272600000000004,GEOCODE,SHELBY,LORAMIE,2005-04-20,215.0,994.5,,ROTARY,45.0,75.0,211.0,,982787
175617,W,DOMESTIC,-84.19077999999999,40.224849999999996,GLOBAL POSITIONING SYSTEM,SHELBY,ORANGE,2006-01-06,181.0,995.5,LIMESTONE,ROTARY,30.0,57.0,74.0,68,2000822
175636,W,DOMESTIC,-84.02592,40.37677,GLOBAL POSITIONING SYSTEM,SHELBY,SALEM,2006-03-01,75.0,1032.800048828125,SAND & GRAVEL,ROTARY,150.0,15.0,73.0,,2001413
175657,W,DOMESTIC,-84.18829,40.359100000000005,GLOBAL POSITIONING SYSTEM,SHELBY,FRANKLIN,2005-08-29,153.0,926.5999755859375,,ROTARY,40.0,66.0,152.0,138,995966
175709,W,PRESSURE RELIEF,-84.24090000000001,40.2141,GLOBAL POSITIONING SYSTEM,SHELBY,WASHINGTON,2006-03-20,17.5,909.5,SAND & GRAVEL,BUCKET AUGER,,,8.5,,2002255
175752,W,DOMESTIC,-84.41107,40.228269999999995,GLOBAL POSITIONING SYSTEM,SHELBY,LORAMIE,2005-10-15,179.0,977.0,LIMESTONE,ROTARY,12.0,21.0,99.0,96,2000068
175800,W,DOMESTIC,-84.39549,40.31346,GLOBAL POSITIONING SYSTEM,SHELBY,CYNTHIAN,2005-11-17,103.0,992.2999877929688,GRAVEL & SAND,ROTARY,75.0,53.0,99.0,,2000369
176015,W,,-84.199195,40.302006,DIGITIZED,SHELBY,CLINTON,1965-07-14,71.0,703.5999755859375,LIMESTONE,,15.0,23.0,60.0,60,334332
176017,W,,-84.058649,40.222207,DIGITIZED,SHELBY,GREEN,1960-01-07,83.0,1103.199951171875,SAND & GRAVEL,,10.0,13.0,83.0,,254619
176028,W,,-84.150305,40.33945,DIGITIZED,SHELBY,FRANKLIN,1955-05-21,83.0,973.9000244140625,GRAVEL,,18.0,43.0,83.0,,82640
176029,W,,-84.178341,40.315858,DIGITIZED,SHELBY,CLINTON,1952-08-19,138.0,806.2999877929688,LIMESTONE,,,64.0,105.0,104,97313
176030,W,,-84.334718,40.243736,DIGITIZED,SHELBY,LORAMIE,1968-05-22,110.0,960.5,SAND,,15.0,36.0,110.0,,381662
176369,W,AGRIC/IRRIG,-84.2585,40.451879999999996,GLOBAL POSITIONING SYSTEM,SHELBY,VAN BUREN,2006-08-17,244.0,979.0,GRAVEL & SAND,ROTARY,150.0,45.0,239.0,,2004576
176414,W,DOMESTIC,-84.280512,40.45411,DGS SURFICIAL MAPPING,SHELBY,VAN BUREN,2006-09-01,188.0,966.5,LIMESTONE,AIR ROTARY,20.0,60.0,123.0,110,2004857
176417,W,DOMESTIC,-84.02315999999999,40.18537,GLOBAL POSITIONING SYSTEM,SHELBY,GREEN,2006-08-24,117.0,1151.0999755859375,GRAVEL & SAND,ROTARY,40.0,56.0,114.0,,2004718
177060,W,AGRIC/IRRIG,-84.07303999999999,40.423919999999995,GLOBAL POSITIONING SYSTEM,SHELBY,JACKSON,2007-07-03,50.0,1037.5,GRAVEL & SAND,ROTARY,50.0,19.3,47.0,,2010723
177084,W,AGRIC/IRRIG,-84.19404,40.45474,GLOBAL POSITIONING SYSTEM,SHELBY,DINSMORE,2007-09-04,242.0,985.2000122070312,LIMESTONE,ROTARY,90.0,40.0,115.0,111,2012197
177173,W,DOMESTIC,-84.19785999999999,40.34623,GLOBAL POSITIONING SYSTEM,SHELBY,FRANKLIN,2006-11-22,89.0,1046.9000244140625,GRAVEL & SAND,ROTARY,30.0,61.0,87.0,,2006917
177270,W,DOMESTIC,-84.20795,40.33717,GLOBAL POSITIONING SYSTEM,SHELBY,FRANKLIN,2006-10-13,202.0,1041.199951171875,LIMESTONE,ROTARY,30.0,59.0,135.0,130,2006117
177452,W,,-84.139496,40.302814999999995,DIGITIZED,SHELBY,CLINTON,1966-12-21,123.0,953.2000122070312,LIMESTONE,,10.0,27.0,83.0,83,357665
177453,W,,-84.069507,40.418254,DIGITIZED,SHELBY,JACKSON,1965-01-09,142.0,1038.699951171875,SAND & GRAVEL,,12.0,30.0,,,304828
177476,W,,-84.093554,40.346596999999996,DIGITIZED,SHELBY,SALEM,1962-09-24,107.0,737.2000122070312,GRAVEL,,10.0,67.0,107.0,,263139
177504,W,DOMESTIC,-84.10149,40.283429999999996,GLOBAL POSITIONING SYSTEM,SHELBY,PERRY,2006-10-18,163.0,1092.5,LIMESTONE,ROTARY,25.0,26.0,118.0,113,2006219
177509,W,DOMESTIC,-84.11143,40.32363,GLOBAL POSITIONING SYSTEM,SHELBY,SALEM,2005-06-07,57.0,1032.300048828125,,ROTARY,55.0,31.0,56.0,4,992327
177526,W,,-84.15462699999999,40.302921,DIGITIZED,SHELBY,CLINTON,1953-08-15,252.0,819.0,LIMESTONE,,,76.0,142.0,140,105428
177614,W,,-84.33492299999999,40.255765,DIGITIZED,SHELBY,LORAMIE,1949-08-01,83.0,956.7999877929688,GRAVEL & CLAY,,20.0,30.0,83.0,,47916
177615,W,,-84.207636,40.299226,DIGITIZED,SHELBY,CLINTON,1962-04-12,70.0,994.7999877929688,SAND & GRAVEL,,21.0,20.0,70.0,,272665
177849,W,,-84.264296,40.446867999999995,DIGITIZED,SHELBY,VAN BUREN,1959-11-07,256.0,1000.2000122070312,LIMESTONE,,50.0,54.0,198.0,186,235029
178212,W,OTHER,-84.25768,40.22654,GLOBAL POSITIONING SYSTEM,SHELBY,WASHINGTON,2009-04-27,175.0,950.9000244140625,GRAVEL & SAND,ROTARY,120.0,64.3,170.0,,2021942
178334,W,DOMESTIC,-84.09600999999999,40.31977,GLOBAL POSITIONING SYSTEM,SHELBY,PERRY,2008-02-07,98.0,1042.9000244140625,GRAVEL,ROTARY,18.0,71.8,95.0,,2015056
178340,W,DOMESTIC,-84.10378,40.30553,GLOBAL POSITIONING SYSTEM,SHELBY,PERRY,2008-03-24,105.0,1012.7999877929688,GRAVEL & SAND,ROTARY,65.0,42.6,102.0,,2015606
178397,W,HTG/COOLING,-84.27131,40.37339,GLOBAL POSITIONING SYSTEM,SHELBY,TURTLE CREEK,2010-04-19,150.0,988.2999877929688,LIMESTONE,ROTARY,,,,99,2026874
178580,W,DOMESTIC,-84.01858,40.42342,GLOBAL POSITIONING SYSTEM,SHELBY,JACKSON,2011-08-23,65.0,1034.9000244140625,SAND & GRAVEL,ROTARY,75.0,20.7,62.0,,2034087
178704,W,DOMESTIC,-84.27557999999999,40.21815,GLOBAL POSITIONING SYSTEM,SHELBY,WASHINGTON,2012-08-06,174.0,972.7000122070312,GRAVEL,ROTARY,75.0,65.7,171.0,,2038925
178706,W,DOMESTIC,-84.05425,40.336283,GLOBAL POSITIONING SYSTEM,SHELBY,PERRY,2010-05-07,41.0,1026.5,SAND & GRAVEL,ROTARY,20.0,21.0,39.0,,2027247
178902,W,DOMESTIC,-84.3019,40.40931,GLOBAL POSITIONING SYSTEM,SHELBY,MCLEAN,2012-08-20,142.0,978.9000244140625,LIMESTONE,ROTARY,70.0,41.6,94.0,84,2039176
178903,W,DOMESTIC,-84.338289,40.447375,DGS SURFICIAL MAPPING,SHELBY,VAN BUREN,2011-01-06,136.0,947.0,LIMESTONE,AIR ROTARY,15.0,35.0,82.0,73,2030790
178935,W,DOMESTIC,-84.23586,40.20554,GLOBAL POSITIONING SYSTEM,SHELBY,WASHINGTON,2011-11-23,109.0,935.2999877929688,SAND & GRAVEL,ROTARY,7.0,84.60000000000001,105.0,,2035614
178968,W,DOMESTIC,-84.14453999999999,40.380379999999995,GLOBAL POSITIONING SYSTEM,SHELBY,FRANKLIN,2011-06-08,119.0,1044.300048828125,SAND & GRAVEL,ROTARY,60.0,36.1,117.0,,2032713
179027,W,DOMESTIC,-84.1349,40.311789999999995,GLOBAL POSITIONING SYSTEM,SHELBY,CLINTON,2013-05-22,172.0,967.5,LIMESTONE & CLAY,ROTARY,60.0,16.0,115.0,110,2042994
179038,W,DOMESTIC,-84.32848,40.2916,GLOBAL POSITIONING SYSTEM,SHELBY,CYNTHIAN,2013-09-20,192.0,988.2999877929688,SAND & GRAVEL,ROTARY,20.0,60.0,189.0,,2044598
179040,W,DOMESTIC,-84.13296199999999,40.351413,GLOBAL POSITIONING SYSTEM,SHELBY,FRANKLIN,2013-09-16,101.0,967.2999877929688,GRAVEL & SAND,AIR ROTARY,30.0,53.0,90.0,,2045003
179094,W,DOMESTIC,-84.2628,40.39402,GLOBAL POSITIONING SYSTEM,SHELBY,VAN BUREN,2013-02-05,153.0,964.0,LIMESTONE,ROTARY,40.0,18.3,78.0,60,2041779
179100,W,DOMESTIC,-84.14953,40.424,GLOBAL POSITIONING SYSTEM,SHELBY,DINSMORE,2013-11-15,208.0,1027.800048828125,LIMESTONE,ROTARY,30.0,46.0,146.0,140,2045544
179112,W,DOMESTIC,-84.31933,40.27419,GLOBAL POSITIONING SYSTEM,SHELBY,CYNTHIAN,2013-11-20,242.0,1003.4000244140625,LIMESTONE,ROTARY,12.0,85.0,199.0,194,2045613
179179,W,MUNICIPAL,-84.040443,40.434869,GLOBAL POSITIONING SYSTEM,SHELBY,JACKSON,2013-02-20,67.0,1035.800048828125,SAND & GRAVEL,BUCKET AUGER,374.0,16.4,57.0,,2042086
179221,W,DOMESTIC,-84.27911,40.25084,GLOBAL POSITIONING SYSTEM,SHELBY,WASHINGTON,2014-07-25,163.0,948.7000122070312,LIMESTONE,ROTARY,50.0,48.6,98.0,95,2048319
179304,W,DOMESTIC,-84.22153999999999,40.31538,GLOBAL POSITIONING SYSTEM,SHELBY,TURTLE CREEK,2014-12-15,148.0,999.0999755859375,LIMESTONE,ROTARY,20.0,21.0,58.0,53,2050413
179389,W,DEWATERING WELL,-84.24,40.22,MAP-OTHERS,SHELBY,WASHINGTON,2016-06-02,35.0,,SAND & GRAVEL,ROTARY,,7.0,35.0,,2057444
179575,W,DOMESTIC,-84.26044,40.46526,GLOBAL POSITIONING SYSTEM,SHELBY,VAN BUREN,2016-09-08,74.0,,SAND & GRAVEL,ROTARY,25.0,12.0,71.0,,2058826
179968,W,DOMESTIC,-84.26492999999999,40.35221,GLOBAL POSITIONING SYSTEM,SHELBY,TURTLE CREEK,2018-03-09,140.0,,LIMESTONE,ROTARY,20.0,46.0,102.0,98,2066973
179973,W,DOMESTIC,-84.139473,40.39481,DIGITAL MAP,SHELBY,FRANKLIN,1998-07-31,98.0,,GRAVEL & SAND,ROTARY,75.0,29.0,96.0,,880746
179974,W,DOMESTIC,-84.080884,40.34581,DIGITAL MAP,SHELBY,SALEM,2000-07-21,77.0,,GRAVEL,AIR ROTARY,18.0,56.0,75.0,,918093
179976,W,DOMESTIC,-84.32912999999999,40.32886,GLOBAL POSITIONING SYSTEM,SHELBY,CYNTHIAN,2019-12-26,133.0,,SAND & GRAVEL,MUD/AIR ROTARY,40.0,54.0,130.0,,2077357
180041,W,DOMESTIC,-84.36932999999999,40.29562,GLOBAL POSITIONING SYSTEM,SHELBY,CYNTHIAN,2020-04-22,142.0,,LIMESTONE,ROTARY,15.0,33.0,78.0,,2079272
180060,W,DOMESTIC,-84.146461,40.449106,DIGITAL MAP,SHELBY,DINSMORE,2000-11-10,12.0,,GRAVEL & SAND,ROTARY,20.0,33.0,110.0,,924239
180081,W,DOMESTIC,-84.117457,40.287358,DIGITAL MAP,SHELBY,PERRY,1999-11-24,240.0,,LIMESTONE,AIR HAMMER,7.0,136.0,202.0,200,902165
180084,W,DOMESTIC,-84.234498,40.251141,DIGITAL MAP,SHELBY,WASHINGTON,1999-10-02,139.0,,LIMESTONE,ROTARY,20.0,40.0,83.0,77,902934
180097,W,DOMESTIC,-84.37793599999999,40.314166,DIGITAL MAP,SHELBY,CYNTHIAN,1998-10-12,109.0,,GRAVEL & SAND,ROTARY,20.0,55.0,106.5,,883696
180098,W,DOMESTIC,-84.33037399999999,40.198493,DIGITAL MAP,SHELBY,LORAMIE,2000-05-30,142.0,,LIMESTONE,AIR ROTARY,20.0,31.0,109.0,105,915385
180105,W,DOMESTIC,-84.13485899999999,40.420351,DIGITAL MAP,SHELBY,DINSMORE,1999-10-21,80.0,,GRAVEL,ROTARY,20.0,61.0,76.0,,904615
180111,W,DOMESTIC,-84.208969,40.321072,DIGITAL MAP,SHELBY,TURTLE CREEK,2000-11-29,51.0,1026.199951171875,SAND & GRAVEL,ROTARY,20.0,14.0,49.0,,924257
180112,W,DOMESTIC,-84.209065,40.322258,DIGITAL MAP,SHELBY,TURTLE CREEK,2000-11-29,51.0,936.4000244140625,SAND & GRAVEL,ROTARY,20.0,16.0,48.5,,924256
180154,W,DOMESTIC,-84.33862599999999,40.377857999999996,DIGITAL MAP,SHELBY,MCLEAN,1999-06-26,170.0,,LIMESTONE,AIR ROTARY,15.0,25.0,143.0,138,889203
180157,W,DOMESTIC,-84.20827,40.339642,DIGITAL MAP,SHELBY,FRANKLIN,1999-04-02,94.0,,GRAVEL & SAND,ROTARY,20.0,55.0,92.0,,894742
180158,W,DOMESTIC,-84.028537,40.238431,DIGITAL MAP,SHELBY,GREEN,1999-10-22,86.0,,GRAVEL & SAND,ROTARY,60.0,31.0,84.0,,902973
180236,W,DOMESTIC,-84.096734,40.361371999999996,DIGITAL MAP,SHELBY,SALEM,2000-11-05,94.0,,SAND & GRAVEL,AIR ROTARY,25.0,48.0,92.0,,924243
180237,W,DOMESTIC,-84.070876,40.425567,DIGITAL MAP,SHELBY,JACKSON,2000-04-14,90.0,,GRAVEL & SAND,AIR ROTARY,20.0,21.0,87.5,,912280
180241,W,DOMESTIC,-84.239539,40.315318999999995,DIGITAL MAP,SHELBY,TURTLE CREEK,1999-12-10,148.0,,LIMESTONE,ROTARY,18.0,53.0,79.5,71,908403
180245,W,,-84.07718,40.346222,DIGITIZED,SHELBY,SALEM,,53.0,1027.199951171875,GRAVEL,,,23.0,53.0,,32767
180248,W,DOMESTIC,-84.28155,40.444613,DIGITAL MAP,SHELBY,VAN BUREN,1999-09-21,103.0,,GRAVEL,ROTARY,18.0,59.0,100.5,,902911
180258,W,,-84.207583,40.297149999999995,DIGITIZED,SHELBY,CLINTON,1962-08-14,75.0,1002.5,SAND & GRAVEL,,21.0,25.0,75.0,,272681
180445,W,DOMESTIC,-84.34257699999999,40.221509,DIGITAL MAP,SHELBY,LORAMIE,2000-02-04,56.0,,GRAVEL & SAND,AIR ROTARY,20.0,28.0,54.0,,908462
180458,W,DOMESTIC,-84.081431,40.427361999999995,DIGITAL MAP,SHELBY,JACKSON,1999-11-10,95.0,,GRAVEL & SAND,ROTARY,50.0,21.0,93.0,,905938
180463,W,DOMESTIC,-84.054695,40.309528,DIGITAL MAP,SHELBY,PERRY,2000-08-14,102.0,976.9000244140625,GRAVEL,AIR ROTARY,75.0,11.0,100.0,,918043
180514,W,DOMESTIC,-84.37673,40.29237,GLOBAL POSITIONING SYSTEM,SHELBY,CYNTHIAN,2020-04-28,175.0,,LIMESTONE,ROTARY,20.0,54.0,98.0,,2079399
180515,W,DOMESTIC,-84.142961,40.426719999999996,DGS SURFICIAL MAPPING,SHELBY,DINSMORE,2001-02-05,130.0,1042.4000244140625,GRAVEL,ROTARY,25.0,49.0,128.0,,924318
180549,W,DOMESTIC,-84.26232999999999,40.372769999999996,GLOBAL POSITIONING SYSTEM,SHELBY,TURTLE CREEK,2019-03-20,180.0,,LIMESTONE,ROTARY,20.0,39.0,121.0,,2072608
185533,W,,-84.146185,40.264846,DIGITIZED,SHELBY,ORANGE,1954-05-19,68.0,1040.5,SAND & GRAVEL,,,42.0,68.0,,131719
185534,W,,-84.133982,40.210865,DIGITIZED,SHELBY,ORANGE,1969-01-31,200.0,1064.800048828125,LIMESTONE,,12.0,45.0,,198,383440
185535,W,,-84.132297,40.234431,DIGITIZED,SHELBY,ORANGE,1971-09-18,136.0,1061.0,LIMESTONE,,16.0,134.0,128.0,124,426252
185536,W,INDUSTRIAL,-84.396087,40.234269999999995,,SHELBY,LORAMIE,1996-08-29,161.0,976.0,SHALE,ROTARY,20.0,15.0,65.0,63,843418
185683,W,,-84.406994,40.233050999999996,DIGITIZED,SHELBY,LORAMIE,1970-05-04,81.0,971.0999755859375,LIMESTONE,,18.0,10.0,53.0,53,398865
185684,W,,-84.376723,40.23572,DIGITAL MAP,SHELBY,LORAMIE,1978-05-08,114.0,965.4000244140625,GRAVEL,,200.0,28.0,110.0,,534142
185685,W,,-84.35810000000001,40.23117,GEOCODE,SHELBY,LORAMIE,1993-07-07,85.0,962.7000122070312,SAND & GRAVEL,,25.0,19.0,80.0,,775265
185695,W,,-84.357422,40.211238,,SHELBY,LORAMIE,1973-05-10,142.0,972.2000122070312,GRAVEL,,30.0,28.5,142.0,,417626
185696,W,,-84.066955,40.454518,DIGITIZED,SHELBY,JACKSON,1964-05-20,41.0,1033.5999755859375,SAND & GRAVEL,,8.0,28.0,43.0,,305723
185697,W,,-84.16252999999999,40.29895,,SHELBY,CLINTON,1985-11-18,159.0,1031.9000244140625,LIMESTONE,,18.0,64.0,132.0,125,632361
185698,W,,-84.428477,40.33904,DIGITIZED,SHELBY,MCLEAN,1957-01-28,68.0,951.2000122070312,GRAVEL,,20.0,5.5,68.0,,168642
185699,W,,-84.337617,40.376131,DIGITIZED,SHELBY,MCLEAN,1966-03-08,96.0,958.4000244140625,GRAVEL,,18.0,18.0,93.0,,318679
185700,W,,-84.168436,40.350674999999995,DIGITIZED,SHELBY,FRANKLIN,1967-08-29,37.0,951.7000122070312,GRAVEL,,20.0,11.0,37.0,,352498
185701,W,,-84.246105,40.283387999999995,DIGITIZED,SHELBY,TURTLE CREEK,1962-08-21,41.0,1036.0,GRAVEL,,12.0,24.0,41.0,,282626
185702,W,,-84.26935,40.379269,DGS SURFICIAL MAPPING,SHELBY,TURTLE CREEK,1967-06-24,168.0,978.2000122070312,LIMESTONE,,27.0,37.0,129.0,126,345992
185703,W,,-84.26347299999999,40.372695,DIGITIZED,SHELBY,TURTLE CREEK,1968-07-15,169.0,989.2000122070312,LIMESTONE,,20.0,32.0,122.0,120,367427
185704,W,,-84.022333,40.375887999999996,DIGITIZED,SHELBY,SALEM,1956-05-14,43.0,908.5,GRAVEL,,8.0,18.0,53.0,,162893
185705,W,,-84.413032,40.232557,DIGITIZED,SHELBY,LORAMIE,1965-04-09,89.0,973.7999877929688,LIMESTONE,,10.0,8.0,67.0,67,318653
185706,W,,-84.41019299999999,40.232137,DIGITIZED,SHELBY,LORAMIE,1968-01-03,70.0,972.5,GRAVEL,,10.0,11.0,70.0,,359687
185722,W,,-84.244435,40.260095,DIGITIZED,SHELBY,WASHINGTON,1957-10-19,49.0,1088.199951171875,SAND & GRAVEL,,14.0,30.0,49.0,,198118
185799,W,,-84.214373,40.286837999999996,DIGITIZED,SHELBY,TURTLE CREEK,1951-04-23,86.0,1028.5999755859375,LIMESTONE,,6.0,30.0,66.0,66,75135
185804,W,,-84.30145999999999,40.300731,DIGITIZED,SHELBY,CYNTHIAN,1958-05-01,157.0,1016.7999877929688,LIMESTONE,,15.0,74.0,132.0,132,220312
185805,W,,-84.12684399999999,40.471987,DIGITIZED,SHELBY,DINSMORE,1958-10-02,62.0,1005.5,GRAVEL,,14.0,18.0,62.0,,187897
185806,W,,-84.178112,40.286280999999995,DIGITIZED,SHELBY,CLINTON,1954-08-19,140.0,1019.2000122070312,SAND & GRAVEL,,225.0,98.0,131.0,49,131733
185807,W,,-84.207617,40.300537999999996,DIGITIZED,SHELBY,CLINTON,1962-03-28,85.0,985.5,LIMESTONE,,21.0,7.0,62.0,60,272663
188495,W,DOMESTIC,-84.091132,40.329879999999996,,SHELBY,SALEM,2001-08-02,86.0,962.9000244140625,,ROTARY,25.0,29.0,73.0,69,933445
188785,W,DOMESTIC,-84.28408999999999,40.31984,GEOCODE,SHELBY,CYNTHIAN,2000-12-06,162.0,1025.699951171875,LIMESTONE,ROTARY,20.0,63.0,107.0,97,924264
188945,W,DOMESTIC,-84.336745,40.381738999999996,,SHELBY,MCLEAN,2002-03-05,179.0,966.4000244140625,LIMESTONE,ROTARY,18.0,31.0,120.0,106,942373
189059,W,DOMESTIC,-84.28384,40.30629,GEOCODE,SHELBY,CYNTHIAN,2002-04-15,200.0,1002.7999877929688,LIMESTONE,ROTARY,20.0,68.0,107.0,102,942346
189108,W,DOMESTIC,-84.112511,40.331337,GEOCODE,SHELBY,SALEM,2001-01-14,42.0,809.0,SAND & GRAVEL,ROTARY,40.0,9.0,41.0,,942287
189406,W,,-84.022472,40.449092,DIGITIZED,SHELBY,JACKSON,1949-02-01,404.0,1029.4000244140625,LIMESTONE,,16.0,25.0,268.0,268,49537
189855,W,DOMESTIC,-84.24737999999999,40.39395,GLOBAL POSITIONING SYSTEM,SHELBY,VAN BUREN,2003-12-04,161.0,976.5999755859375,LIMESTONE,ROTARY,1.0,17.0,97.0,91,970558
189875,W,DOMESTIC,-84.37567,40.2165,GLOBAL POSITIONING SYSTEM,SHELBY,LORAMIE,2003-07-09,158.0,973.2000122070312,LIMESTONE,ROTARY,15.0,28.0,93.0,154,956713
190083,W,DOMESTIC,-84.133157,40.352759999999996,GLOBAL POSITIONING SYSTEM,SHELBY,FRANKLIN,2003-09-24,73.0,741.2000122070312,,ROTARY,20.0,44.0,71.0,,967291
190145,W,DOMESTIC,-84.09958999999999,40.45369,GLOBAL POSITIONING SYSTEM,SHELBY,JACKSON,2004-06-30,322.0,1053.199951171875,LIMESTONE,ROTARY,15.0,84.0,269.0,263,982797
190679,W,AGRIC/IRRIG,-84.30736,40.21516,GLOBAL POSITIONING SYSTEM,SHELBY,LORAMIE,2005-12-20,241.0,989.2999877929688,SHALE & LIMESTONE,ROTARY,1.0,35.0,131.0,127,2000758
190762,W,DOMESTIC,-84.15623,40.34672,GLOBAL POSITIONING SYSTEM,SHELBY,FRANKLIN,2006-04-12,98.0,1040.5,GRAVEL & SAND,ROTARY,65.0,42.0,95.0,,2002237
190803,W,DOMESTIC,-84.29095,40.46712,GLOBAL POSITIONING SYSTEM,SHELBY,VAN BUREN,2005-06-21,179.0,944.5999755859375,LIMESTONE,ROTARY,15.0,30.0,106.0,98,992290
191035,W,DOMESTIC,-84.39314,40.22764,GLOBAL POSITIONING SYSTEM,SHELBY,LORAMIE,2006-03-24,82.0,974.5,GRAVEL & SAND,ROTARY,40.0,14.0,80.0,,2001879
191070,W,DOMESTIC,-84.32876,40.251729999999995,GLOBAL POSITIONING SYSTEM,SHELBY,LORAMIE,2006-04-19,140.0,948.2000122070312,GRAVEL & SAND,ROTARY,100.0,24.0,138.0,,2002337
191119,W,,-84.402992,40.233897999999996,DIGITIZED,SHELBY,LORAMIE,1961-10-17,56.0,967.5,LIMESTONE,,18.0,6.0,48.0,48,246548
191129,W,,-84.33425799999999,40.246252,DIGITIZED,SHELBY,LORAMIE,1967-11-18,83.0,935.2000122070312,GRAVEL,,15.0,13.0,83.0,,375165
191206,W,DOMESTIC,-84.32495,40.212379999999996,GLOBAL POSITIONING SYSTEM,SHELBY,LORAMIE,2006-07-12,68.0,1005.9000244140625,SAND & GRAVEL,ROTARY,15.0,51.0,66.0,,2004355
191257,W,DOMESTIC,-84.15678,40.263400000000004,GLOBAL POSITIONING SYSTEM,SHELBY,ORANGE,2006-09-11,180.0,645.5999755859375,LIMESTONE,ROTARY,40.0,73.0,118.0,107,2005038
192551,W,,-84.039799,40.452501999999996,DIGITIZED,SHELBY,JACKSON,1965-04-13,69.0,1021.0,GRAVEL,,18.0,32.0,69.0,,328653
192552,W,,-84.351742,40.329403,DIGITIZED,SHELBY,MCLEAN,1968-07-01,83.0,969.9000244140625,GRAVEL,,28.0,28.0,83.0,,378758
192667,W,,-84.040882,40.466933,DIGITIZED,SHELBY,JACKSON,1960-11-14,36.0,1015.4000244140625,SAND & GRAVEL,,6.0,18.0,36.0,,249767
192668,W,,-84.020879,40.286147,DIGITIZED,SHELBY,PERRY,1956-07-09,50.0,882.7999877929688,GRAVEL,,15.0,10.0,,,182952
192675,W,,-84.363005,40.368088,DIGITIZED,SHELBY,MCLEAN,1949-09-13,93.0,952.7999877929688,SAND,,28.0,29.0,93.0,,31876
192776,W,DOMESTIC,-84.32513999999999,40.331939999999996,GLOBAL POSITIONING SYSTEM,SHELBY,MCLEAN,2008-08-08,103.0,988.2999877929688,GRAVEL & SAND,ROTARY,60.0,50.2,100.0,,2017974
193004,W,DOMESTIC,-84.26217,40.391619999999996,GLOBAL POSITIONING SYSTEM,SHELBY,VAN BUREN,2010-01-12,135.0,966.0,LIMESTONE,ROTARY,35.0,20.0,70.0,58,2025736
193197,W,DOMESTIC,-84.31917,40.266600000000004,GLOBAL POSITIONING SYSTEM,SHELBY,LORAMIE,2008-07-29,76.0,977.0999755859375,GRAVEL & SAND,ROTARY,25.0,56.4,72.0,,2017745
193201,W,MUNICIPAL,-84.35855,40.34644,GLOBAL POSITIONING SYSTEM,SHELBY,MCLEAN,2008-10-30,325.0,960.7999877929688,LIMESTONE,AIR ROTARY,420.0,27.5,131.5,66,2019599
193401,W,DOMESTIC,-84.12093999999999,40.34694,GLOBAL POSITIONING SYSTEM,SHELBY,SALEM,2009-02-02,75.0,1048.300048828125,GRAVEL & SAND,ROTARY,60.0,39.1,72.0,,2020996
193469,W,AGRIC/IRRIG,-84.29054,40.20184,GLOBAL POSITIONING SYSTEM,SHELBY,WASHINGTON,2008-03-31,135.0,996.9000244140625,GRAVEL & SAND,ROTARY,60.0,72.3,131.0,,2015742
193540,W,DOMESTIC,-84.28798599999999,40.263864999999996,,SHELBY,WASHINGTON,2007-09-22,103.0,968.0999755859375,SAND & GRAVEL,,20.0,49.0,104.0,,1006631
193655,W,DOMESTIC,-84.23192999999999,40.30149,GLOBAL POSITIONING SYSTEM,SHELBY,TURTLE CREEK,2012-04-12,142.0,986.2999877929688,LIMESTONE,ROTARY,60.0,22.5,42.0,37,2037133
193774,W,DOMESTIC,-84.32468,40.26348,GLOBAL POSITIONING SYSTEM,SHELBY,LORAMIE,2010-07-20,107.0,963.0,GRAVEL & SAND,ROTARY,90.0,51.1,103.0,,2028037
193826,W,DOMESTIC,-84.07770000000001,40.232966999999995,GLOBAL POSITIONING SYSTEM,SHELBY,GREEN,2012-08-14,128.0,1079.300048828125,LIMESTONE,ROTARY,25.0,24.0,120.0,118,2039504
194128,W,DOMESTIC,-84.13136,40.45464,GLOBAL POSITIONING SYSTEM,SHELBY,DINSMORE,2013-06-12,118.0,1035.4000244140625,SAND & GRAVEL,ROTARY,120.0,47.0,115.0,,2043227
194129,W,DOMESTIC,-84.26700000000001,40.39418,GLOBAL POSITIONING SYSTEM,SHELBY,VAN BUREN,2013-06-14,159.0,966.0,LIMESTONE,ROTARY,45.0,18.900000000000002,81.0,66,2043265
194204,W,DOMESTIC,-84.09958999999999,40.32767,GLOBAL POSITIONING SYSTEM,SHELBY,SALEM,2013-04-09,54.0,975.7999877929688,SAND & GRAVEL,ROTARY,15.0,23.6,51.0,,2042471
194311,W,MONITOR,-84.18580999999999,40.28065,GEOCODE,SHELBY,CLINTON,2014-02-12,32.0,1034.699951171875,CLAY/GRAVEL/SILT,AUGER,,20.0,22.0,,2046436
194357,W,DOMESTIC,-84.37668,40.2344,GLOBAL POSITIONING SYSTEM,SHELBY,LORAMIE,2015-03-02,120.0,963.5,SAND & GRAVEL,ROTARY,25.0,28.0,117.0,,2051205
194424,W,INDUSTRIAL,-84.04426,40.463,GLOBAL POSITIONING SYSTEM,SHELBY,JACKSON,2015-05-05,242.0,1014.4000244140625,LIMESTONE,ROTARY,100.0,16.6,186.0,181,2051855
194493,W,DOMESTIC,-84.21253999999999,40.24981,GLOBAL POSITIONING SYSTEM,SHELBY,WASHINGTON,2014-11-19,110.0,1001.4000244140625,SAND & GRAVEL,ROTARY,20.0,61.0,107.0,,2050124
194592,W,DOMESTIC,-84.15956,40.452459999999995,GLOBAL POSITIONING SYSTEM,SHELBY,DINSMORE,2015-02-27,82.0,1007.7999877929688,SAND & GRAVEL,ROTARY,30.0,28.0,77.0,,2051179
194653,W,DOMESTIC,-84.43208,40.27739,GLOBAL POSITIONING SYSTEM,SHELBY,CYNTHIAN,2014-07-17,89.0,1007.9000244140625,SAND & GRAVEL,ROTARY,30.0,55.0,86.0,,2048185
194676,W,DOMESTIC,-84.27588999999999,40.41683,GLOBAL POSITIONING SYSTEM,SHELBY,VAN BUREN,2014-07-11,178.0,973.5999755859375,LIMESTONE,ROTARY,30.0,28.400000000000002,100.0,93,2048098
194736,W,DOMESTIC,-84.36753999999999,40.27974,GLOBAL POSITIONING SYSTEM,SHELBY,CYNTHIAN,2016-03-09,112.0,,LIMESTONE,ROTARY,20.0,27.0,79.0,75,2056311
194862,W,AGRIC/IRRIG,-84.1641,40.3616,GLOBAL POSITIONING SYSTEM,SHELBY,FRANKLIN,2016-12-05,120.0,638.2000122070312,SAND & GRAVEL,ROTARY,30.0,17.0,116.0,,2060399
194868,W,MONITOR,-84.043854,40.439837,MAP-OTHERS,SHELBY,JACKSON,2017-02-06,12.0,,CLAY,AUGER,,,2.0,,2061302
194891,W,DOMESTIC,-84.10242,40.28069,GLOBAL POSITIONING SYSTEM,SHELBY,PERRY,2016-09-19,75.0,771.2999877929688,SAND & GRAVEL,ROTARY,10.0,1.5,72.0,,2058974
194919,W,DOMESTIC,-84.018867,40.390316999999996,GLOBAL POSITIONING SYSTEM,SHELBY,JACKSON,2016-09-23,50.0,,SAND & GRAVEL,ROTARY,12.0,18.0,50.0,,1019661
194979,W,DOMESTIC,-84.29773,40.358889999999995,GLOBAL POSITIONING SYSTEM,SHELBY,MCLEAN,2017-05-02,143.0,,LIMESTONE,ROTARY,18.0,37.0,94.0,86,2062221
195164,W,DOMESTIC,-84.29140000000001,40.467067,GLOBAL POSITIONING SYSTEM,SHELBY,VAN BUREN,2018-11-12,159.0,,LIMESTONE,ROTARY,20.0,31.0,99.0,,2071265
195280,W,DOMESTIC,-84.284301,40.324038,DIGITAL MAP,SHELBY,CYNTHIAN,1998-06-25,139.0,,LIMESTONE,ROTARY,20.0,58.0,121.0,115,871398
195328,W,DOMESTIC,-84.208456,40.342743999999996,DIGITAL MAP,SHELBY,FRANKLIN,2000-06-06,91.0,,GRAVEL & SAND,ROTARY,20.0,46.0,88.5,,915401
195329,W,DOMESTIC,-84.07604599999999,40.230688,DIGITAL MAP,SHELBY,GREEN,2000-07-11,137.0,,LIMESTONE,ROTARY,20.0,33.0,127.0,125,918660
195389,W,DOMESTIC,-84.1413,40.38156,GLOBAL POSITIONING SYSTEM,SHELBY,FRANKLIN,2019-04-30,113.0,,SAND & GRAVEL,ROTARY,30.0,35.0,110.0,,2073183
195400,W,DOMESTIC,-84.117232,40.350764,DIGITAL MAP,SHELBY,SALEM,1998-07-16,87.0,580.7000122070312,GRAVEL & SAND,AIR ROTARY,20.0,56.0,86.0,,880715
195410,W,DOMESTIC,-84.246262,40.292941,DIGITAL MAP,SHELBY,TURTLE CREEK,1999-05-13,122.0,944.5,LIMESTONE,ROTARY,20.0,15.0,43.0,35,894805
195411,W,DOMESTIC,-84.265168,40.302059,DIGITAL MAP,SHELBY,TURTLE CREEK,2000-05-17,222.0,,LIMESTONE,ROTARY,18.0,80.0,116.0,107,915370
195548,W,DOMESTIC,-84.17367999999999,40.40708,GLOBAL POSITIONING SYSTEM,SHELBY,DINSMORE,2018-12-10,215.0,,LIMESTONE,ROTARY,25.0,39.0,157.0,,2071402
195558,W,DOMESTIC,-84.23702,40.31671,GLOBAL POSITIONING SYSTEM,SHELBY,TURTLE CREEK,2018-09-15,159.0,,LIMESTONE,ROTARY,25.0,58.0,84.0,,2070014
195621,W,COMMERCIAL,-84.04271399999999,40.463032999999996,DIGITAL MAP,SHELBY,JACKSON,1999-08-02,242.0,,LIMESTONE,ROTARY,85.0,18.0,191.0,186,899095
195626,W,DOMESTIC,-84.101095,40.284749999999995,DIGITAL MAP,SHELBY,PERRY,1999-05-13,106.0,,GRAVEL & SAND,AIR ROTARY,60.0,24.0,103.0,,894804
195678,W,,-84.333274,40.474011,DIGITIZED,SHELBY,VAN BUREN,1968-07-30,225.0,923.0999755859375,LIMESTONE,,90.0,,55.0,55,325272
195737,W,DOMESTIC,-84.379643,40.314507,DIGITAL MAP,SHELBY,CYNTHIAN,1999-06-21,106.0,,GRAVEL & SAND,ROTARY,18.0,63.0,104.0,,897179
200646,W,,-84.162295,40.223786,DIGITIZED,SHELBY,ORANGE,1956-08-23,85.0,1032.0,SAND & GRAVEL,,10.0,57.0,85.0,,184856
200647,W,,-84.179859,40.19856,DIGITIZED,SHELBY,ORANGE,1953-03-28,162.0,1001.7999877929688,LIMESTONE,,,42.0,155.0,154,96057
200648,W,,-84.133383,40.234497,DIGITIZED,SHELBY,ORANGE,1953-01-05,109.0,1061.199951171875,GRAVEL,,10.0,44.0,109.0,,24271
200649,W,,-84.35373,40.226929999999996,GEOCODE,SHELBY,LORAMIE,1980-06-16,110.0,956.0,GRAVEL,,15.0,9.0,110.0,,537225
200650,W,,-84.13535399999999,40.198608,DIGITIZED,SHELBY,ORANGE,1967-12-30,164.0,1058.800048828125,GRAVEL,,12.0,40.0,164.0,,375172
200651,W,,-84.027515,40.236703999999996,DIGITIZED,SHELBY,GREEN,1954-04-05,53.0,1084.800048828125,GRAVEL,,10.0,2.8000000000000003,53.0,,131157
200658,W,,-84.227786,40.265499,,SHELBY,WASHINGTON,1973-04-14,83.0,991.5,LIMESTONE,,10.0,35.0,80.0,79,448438
200664,W,DOMESTIC,-84.27275999999999,40.258289999999995,,SHELBY,WASHINGTON,1990-01-03,143.0,982.2000122070312,LIMESTONE,ROTARY,12.0,61.0,114.0,114,707311
200740,W,,-84.172127,40.297894,DIGITIZED,SHELBY,CLINTON,1950-06-01,120.0,1041.800048828125,GRAVEL,,5.0,35.0,120.0,,71956
200741,W,,-84.33925099999999,40.232583999999996,DIGITIZED,SHELBY,LORAMIE,1948-05-14,62.0,962.0,GRAVEL,,30.0,31.0,62.0,,42416
200753,W,,-84.318232,40.365691,DIGITIZED,SHELBY,MCLEAN,1950-06-03,110.0,962.5,GRAVEL,,15.0,17.0,110.0,,56635
200760,W,DOMESTIC,-84.43244,40.211659999999995,GEOCODE,SHELBY,LORAMIE,1993-11-16,52.0,983.0999755859375,SAND & GRAVEL,ROTARY,20.0,11.0,48.0,,784455
200761,W,,-84.37621999999999,40.244589999999995,,SHELBY,LORAMIE,1987-07-03,109.0,974.0,SAND & GRAVEL,ROTARY,20.0,40.0,107.0,,668546
200762,W,DOMESTIC,-84.39782,40.23364,GEOCODE,SHELBY,LORAMIE,1989-07-06,160.0,972.0999755859375,LIMESTONE,ROTARY,5.0,22.0,59.0,55,699537
200771,W,,-84.19001899999999,40.469179,DGS SURFICIAL MAPPING,SHELBY,DINSMORE,1958-11-06,73.0,1015.0,GRAVEL,,15.0,41.0,73.0,,220346
200772,W,,-84.053482,40.438963,DIGITIZED,SHELBY,JACKSON,1954-04-07,102.0,1027.199951171875,GRAVEL,,20.0,15.0,102.0,,88429
200775,W,,-84.09462599999999,40.418816,DIGITIZED,SHELBY,JACKSON,1956-04-28,68.0,1039.0,SAND & GRAVEL,,13.0,17.0,68.0,,197433
200776,W,OBSERVATION,-84.042929,40.434379,DIGITIZED,SHELBY,JACKSON,1965-11-01,185.0,1035.5,CLAY & GRAVEL,,,,185.0,,336609
200777,W,,-84.08565,40.265609,DIGITIZED,SHELBY,PERRY,1961-02-09,70.0,512.5,GRAVEL,,5.0,53.5,70.0,,207875
200778,W,,-84.34231,40.369555,DIGITIZED,SHELBY,MCLEAN,1956-04-12,95.0,959.2000122070312,GRAVEL,,10.0,18.0,95.0,,160166
200779,W,,-84.315557,40.254261,DIGITIZED,SHELBY,LORAMIE,1953-09-28,132.0,927.4000244140625,GRAVEL,,10.0,3.5,132.0,,43270
200780,W,,-84.148099,40.360828999999995,DIGITIZED,SHELBY,FRANKLIN,1965-06-23,37.0,1437.199951171875,GRAVEL,,15.0,15.0,39.0,,331769
200781,W,DOMESTIC,-84.278773,40.228075,,SHELBY,WASHINGTON,1995-10-16,165.0,978.2999877929688,SAND & GRAVEL,ROTARY,20.0,74.0,161.0,,821928
200782,W,,-84.258443,40.359409,DIGITIZED,SHELBY,TURTLE CREEK,1952-03-14,88.0,1001.0,GRAVEL,,7.0,39.0,88.0,,93310
200783,W,,-84.222748,40.283809,DIGITIZED,SHELBY,TURTLE CREEK,1958-08-15,74.0,985.0,GRAVEL,,10.0,27.0,74.0,,198689
200784,W,,-84.11735,40.287881999999996,DIGITIZED,SHELBY,PERRY,1954-05-14,174.0,910.5,SAND & GRAVEL,,10.0,53.0,174.0,,131717
200785,W,,-84.10246,40.28299,GLOBAL POSITIONING SYSTEM,SHELBY,PERRY,1970-04-11,145.0,1078.300048828125,LIMESTONE,,50.0,11.0,98.0,98,407273
200786,W,,-84.414107,40.243441,DIGITIZED,SHELBY,LORAMIE,1960-04-25,55.0,979.5999755859375,SAND & GRAVEL,,21.0,16.0,55.0,,228046
200787,W,,-84.405856,40.233053999999996,DIGITIZED,SHELBY,LORAMIE,1965-04-27,95.0,975.5,LIMESTONE,,21.0,14.0,52.0,52,313976
200788,W,,-84.32004599999999,40.269563999999995,DIGITIZED,SHELBY,LORAMIE,1965-08-10,125.0,979.0,GRAVEL,,12.0,60.0,125.0,,334341
200790,W,,-84.29845,40.447131,DIGITIZED,SHELBY,VAN BUREN,1954-05-03,92.0,968.2000122070312,SAND & GRAVEL,,,43.0,88.0,,131716
200798,W,,-84.233761,40.205917,DIGITIZED,SHELBY,WASHINGTON,1964-04-11,107.0,943.7999877929688,LIMESTONE,,10.0,33.0,85.0,85,316112
200799,W,,-84.235877,40.208194999999996,DIGITIZED,SHELBY,WASHINGTON,1954-01-04,97.0,941.5999755859375,LIMESTONE,,20.0,40.0,56.0,96,122201
200800,W,,-84.265286,40.209427999999996,DIGITIZED,SHELBY,WASHINGTON,1958-08-06,45.0,942.7999877929688,GRAVEL,,9.0,30.0,45.0,,155798
200807,W,,-84.230206,40.251200000000004,DIGITIZED,SHELBY,WASHINGTON,1955-05-18,36.0,634.0,GRAVEL,,10.0,18.0,36.0,,132389
200808,W,,-84.256711,40.269608,DIGITIZED,SHELBY,WASHINGTON,1970-03-27,45.0,944.0,GRAVEL,,15.0,30.0,45.0,,407267
200878,W,,-84.197126,40.216913,DIGITIZED,SHELBY,ORANGE,1948-10-28,78.0,981.7000122070312,LIMESTONE,,5.0,,67.0,67,36728
200879,W,,-84.179906,40.24505,DIGITIZED,SHELBY,ORANGE,1948-09-15,73.0,962.7000122070312,LIMESTONE,,3.0,18.0,8.0,8,36723
200880,W,,-84.276675,40.380421999999996,DIGITIZED,SHELBY,VAN BUREN,,149.0,963.4000244140625,SHALE,,18.0,30.0,98.0,98,60194
200881,W,,-84.244777,40.200032,DIGITIZED,SHELBY,WASHINGTON,1947-05-22,40.0,896.7000122070312,GRAVEL,,8.0,11.0,40.0,,12318
200882,W,,-84.281769,40.257726999999996,DIGITIZED,SHELBY,WASHINGTON,1948-07-06,49.0,947.0,GRAVEL,,5.0,25.0,49.0,,42423
200884,W,,-84.37231299999999,40.32891,DIGITAL MAP,SHELBY,CYNTHIAN,1974-03-04,90.0,,GRAVEL,,14.0,20.0,90.0,,468914
200885,W,,-84.33223,40.319613,DIGITIZED,SHELBY,CYNTHIAN,1961-05-15,139.0,988.7999877929688,GRAVEL,,14.0,44.0,139.0,,246530
200886,W,,-84.199522,40.286798,DIGITIZED,SHELBY,CLINTON,1961-07-03,105.0,636.4000244140625,LIMESTONE,,10.0,49.0,98.0,96,226731
202415,W,DOMESTIC,-84.28375,40.32075,,SHELBY,TURTLE CREEK,1995-08-16,,1024.0,,,20.0,70.0,,,821816
202975,W,DOMESTIC,-84.296161,40.377303999999995,DGS SURFICIAL MAPPING,SHELBY,VAN BUREN,1998-02-07,160.0,963.7999877929688,LIMESTONE,ROTARY,20.0,20.0,83.0,78,871218
203482,W,DOMESTIC,-84.29836999999999,40.4652,GEOCODE,SHELBY,VAN BUREN,2001-06-11,123.0,929.9000244140625,LIMESTONE,ROTARY,60.0,20.0,98.0,89,927002
203657,W,DOMESTIC,-84.39492,40.35611,GEOCODE,SHELBY,MCLEAN,2001-10-18,64.0,949.7999877929688,GRAVEL,ROTARY,20.0,18.0,61.0,,937844
203794,W,,-84.42484999999999,40.33683,GEOCODE,SHELBY,MCLEAN,2001-09-05,242.0,955.0,SHALE,ROTARY,30.0,22.0,164.0,55,934671
203829,W,DOMESTIC,-84.28490000000001,40.35687,GEOCODE,SHELBY,MCLEAN,2001-08-28,182.0,985.0999755859375,LIMESTONE,ROTARY,18.0,51.0,107.0,99,934653
203879,W,DOMESTIC,-84.30954,40.27111,GEOCODE,SHELBY,LORAMIE,2000-12-14,167.0,976.5999755859375,GRAVEL & SAND,ROTARY,75.0,71.0,164.0,,924273
203906,W,DOMESTIC,-84.14899299999999,40.323802,GEOCODE,SHELBY,FRANKLIN,2001-12-07,176.0,935.0,LIMESTONE,ROTARY,20.0,62.0,109.0,98,937925
203955,W,DOMESTIC,-84.014761,40.305174,,SHELBY,PERRY,2001-09-28,135.0,800.2000122070312,SAND & GRAVEL,ROTARY,35.0,57.0,133.0,,937826
204062,W,DOMESTIC,-84.17294299999999,40.363155,GEOCODE,SHELBY,FRANKLIN,2000-12-26,211.0,846.2000122070312,GRAVEL & SAND,ROTARY,25.0,28.0,208.0,,924274
204332,W,DOMESTIC,-84.36798999999999,40.30684,GEOCODE,SHELBY,CYNTHIAN,2002-07-19,148.0,994.0999755859375,,ROTARY,20.0,75.0,145.0,,948481
204531,W,DOMESTIC,-84.124015,40.428474,DGS SURFICIAL MAPPING,SHELBY,DINSMORE,2003-01-07,134.0,1068.199951171875,GRAVEL & SAND,ROTARY,30.0,71.0,131.0,,955491
204554,W,,-84.333576,40.242118,DIGITIZED,SHELBY,LORAMIE,1959-07-17,133.0,966.5999755859375,GRAVEL,,21.0,38.0,133.0,,228016
204871,W,DOMESTIC,-84.41273,40.255829999999996,GLOBAL POSITIONING SYSTEM,SHELBY,LORAMIE,2003-12-08,75.0,1006.2000122070312,SAND & GRAVEL,ROTARY,20.0,49.0,72.0,,970555
204872,W,PUBLIC/SEMI-PUB,-84.33635,40.24931,GLOBAL POSITIONING SYSTEM,SHELBY,LORAMIE,2003-12-08,54.0,942.0999755859375,SAND & GRAVEL,ROTARY,75.0,16.0,52.0,,970554
205085,W,DOMESTIC,-84.33116,40.240269999999995,GLOBAL POSITIONING SYSTEM,SHELBY,LORAMIE,2004-09-22,202.0,970.0,LIMESTONE,ROTARY,35.0,45.0,140.0,129,984771
205161,W,DOMESTIC,-84.295828,40.387412999999995,DGS SURFICIAL MAPPING,SHELBY,VAN BUREN,2003-09-12,162.0,958.4000244140625,LIMESTONE,ROTARY,110.0,10.0,69.0,58,967271
205323,W,,-84.3737,40.19872,GLOBAL POSITIONING SYSTEM,SHELBY,LORAMIE,2005-04-21,227.0,984.5,SAND,ROTARY,,,,,990133
205331,W,MONITOR,-84.178005,40.287774,GEOCODE,SHELBY,CLINTON,2004-09-15,16.0,999.2999877929688,,AUGER,,,15.0,,968327
205779,W,MONITOR,-84.176642,40.287754,GEOCODE,SHELBY,CLINTON,2005-06-15,10.0,872.7000122070312,CLAY & GRAVEL,AUGER,,,7.0,,976652
206052,W,,-84.142009,40.261413,DIGITIZED,SHELBY,ORANGE,1960-04-22,166.0,1056.9000244140625,LIMESTONE,,8.0,60.0,123.0,121,226710
206053,W,,-84.161131,40.234885999999996,DIGITIZED,SHELBY,ORANGE,1965-05-17,112.0,1028.5,GRAVEL,,12.0,55.0,112.0,,334311
206068,W,,-84.02823,40.237234,DIGITIZED,SHELBY,GREEN,1952-10-11,52.0,1083.699951171875,SAND & GRAVEL,,10.0,23.0,52.0,,58927
206069,W,,-84.24081699999999,40.21186,DIGITIZED,SHELBY,WASHINGTON,1956-03-31,37.0,899.9000244140625,LIMESTONE,,10.0,13.0,30.0,30,160779
206482,W,DOMESTIC,-84.40693,40.29996,GLOBAL POSITIONING SYSTEM,SHELBY,CYNTHIAN,2006-09-29,121.0,1013.2000122070312,GRAVEL & SAND,ROTARY,60.0,69.0,118.0,,2005671
206503,W,DOMESTIC,-84.28439,40.454142999999995,DGS SURFICIAL MAPPING,SHELBY,VAN BUREN,2006-09-18,152.0,957.0999755859375,LIMESTONE,AIR ROTARY,20.0,45.0,114.0,98,2005203
207019,W,DOMESTIC,-84.09421999999999,40.343469999999996,GLOBAL POSITIONING SYSTEM,SHELBY,SALEM,2007-06-08,106.0,1062.800048828125,GRAVEL & CLAY,ROTARY,45.0,57.9,103.0,,2010246
207190,W,DOMESTIC,-84.31842,40.46621,GLOBAL POSITIONING SYSTEM,SHELBY,VAN BUREN,2007-10-11,89.0,927.2999877929688,GRAVEL & SAND,ROTARY,120.0,26.3,86.0,,2013046
207200,W,DOMESTIC,-84.01957999999999,40.43044,GLOBAL POSITIONING SYSTEM,SHELBY,JACKSON,2007-04-17,53.0,1037.5,GRAVEL & SAND,ROTARY,70.0,7.0,50.0,,2009159
207214,W,DOMESTIC,-84.40080999999999,40.212849999999996,GLOBAL POSITIONING SYSTEM,SHELBY,LORAMIE,2007-10-02,80.0,986.7000122070312,GRAVEL & SAND,ROTARY,20.0,32.0,77.0,,2012849
207218,W,DOMESTIC,-84.38911,40.35662,GLOBAL POSITIONING SYSTEM,SHELBY,MCLEAN,2007-05-10,55.0,951.5999755859375,GRAVEL & SAND,ROTARY,40.0,18.0,52.0,,2009622
207255,W,DOMESTIC,-84.13183,40.35877,GLOBAL POSITIONING SYSTEM,SHELBY,SALEM,2007-06-25,81.0,1057.5,GRAVEL & SAND,ROTARY,40.0,51.6,78.0,,2010674
207570,W,,-84.229171,40.406707,DIGITIZED,SHELBY,VAN BUREN,,31.0,978.7000122070312,GRAVEL,,20.0,13.0,31.0,,60189
207584,W,DOMESTIC,-84.11108999999999,40.34637,GLOBAL POSITIONING SYSTEM,SHELBY,SALEM,2006-10-23,106.0,1070.699951171875,GRAVEL,AIR ROTARY,35.0,66.0,103.0,,2006300
207587,W,,-84.20760399999999,40.301082,DIGITIZED,SHELBY,CLINTON,1962-05-17,56.0,980.2999877929688,GRAVEL,,21.0,1.0,56.0,,272672
207588,W,,-84.405864,40.233351,DIGITIZED,SHELBY,LORAMIE,1965-04-21,115.0,973.0999755859375,LIMESTONE,,21.0,15.0,58.0,52,313975
207589,W,,-84.05441599999999,40.309805999999995,DIGITIZED,SHELBY,PERRY,1961-01-17,41.0,1006.4000244140625,GRAVEL,,30.0,19.0,42.0,,257652
207650,W,,-84.168532,40.275566999999995,DIGITIZED,SHELBY,CLINTON,1952-05-15,177.0,906.0999755859375,LIMESTONE,,10.0,70.0,147.0,145,78389
207651,W,,-84.177093,40.423701,DIGITIZED,SHELBY,DINSMORE,1958-09-15,90.0,1016.2999877929688,SAND,,8.0,40.0,90.0,,201637
207886,W,,-84.05975699999999,40.197873,DIGITIZED,SHELBY,GREEN,1953-04-14,120.0,1106.300048828125,SAND & GRAVEL,,7.0,93.5,122.0,,106468
207903,W,,-84.140045,40.257214,DIGITIZED,SHELBY,ORANGE,1968-04-05,126.0,599.2000122070312,GRAVEL,,15.0,54.0,126.0,,375192
208096,W,DOMESTIC,-84.327686,40.417764,DGS SURFICIAL MAPPING,SHELBY,MCLEAN,2008-08-22,182.0,981.7999877929688,LIMESTONE,ROTARY,40.0,52.2,104.0,97,2018213
208266,W,DOMESTIC,-84.42895999999999,40.26356,GLOBAL POSITIONING SYSTEM,SHELBY,LORAMIE,2009-04-28,122.0,1004.7999877929688,GRAVEL & SAND,ROTARY,110.0,48.1,119.0,,2021938
208338,W,DOMESTIC,-84.2218,40.410379999999996,GLOBAL POSITIONING SYSTEM,SHELBY,VAN BUREN,2009-05-29,67.0,973.2000122070312,GRAVEL & SAND,ROTARY,150.0,14.9,63.0,,2022341
208494,W,MONITOR,-84.18236,40.46772,GLOBAL POSITIONING SYSTEM,SHELBY,DINSMORE,2007-10-24,15.0,1000.2000122070312,SAND,BUCKET AUGER,,0.0,5.0,,2013691
208527,W,DOMESTIC,-84.14066,40.234989999999996,GLOBAL POSITIONING SYSTEM,SHELBY,ORANGE,2010-07-06,182.0,1048.9000244140625,LIMESTONE,ROTARY,30.0,40.800000000000004,138.0,131,2027822
208588,W,DOMESTIC,-84.35171,40.26983,GLOBAL POSITIONING SYSTEM,SHELBY,LORAMIE,2012-01-06,214.0,977.5999755859375,LIMESTONE,ROTARY,30.0,62.9,117.0,200,2036076
208833,W,AGRIC/IRRIG,-84.325395,40.457783,DGS SURFICIAL MAPPING,SHELBY,VAN BUREN,2012-10-12,183.0,934.5999755859375,LIMESTONE,AIR ROTARY,70.0,25.0,80.0,74,2040134
208959,W,DOMESTIC,-84.28750000000001,40.35955,GLOBAL POSITIONING SYSTEM,SHELBY,TURTLE CREEK,2011-01-12,140.0,984.2999877929688,LIMESTONE,ROTARY,55.0,38.6,98.0,93,2030785
209056,W,DOMESTIC,-84.17447399999999,40.253980999999996,GLOBAL POSITIONING SYSTEM,SHELBY,ORANGE,2013-09-24,62.0,885.7999877929688,LIMESTONE,ROTARY,40.0,16.0,35.0,25,2045108
209210,W,MUNICIPAL,-84.040443,40.434869,GLOBAL POSITIONING SYSTEM,SHELBY,JACKSON,2013-02-28,65.0,1035.800048828125,SAND & GRAVEL,BUCKET AUGER,456.0,11.3,57.0,,2042089
209245,W,AGRIC/IRRIG,-84.081533,40.3325,GLOBAL POSITIONING SYSTEM,SHELBY,SALEM,2014-03-21,42.0,956.4000244140625,SAND & GRAVEL,ROTARY,75.0,7.0,40.0,,2046898
209276,W,MONITOR,-84.17559,40.284389999999995,GEOCODE,SHELBY,CLINTON,2014-08-28,16.0,1026.5,CLAY/SAND/GRAVEL,DIRECT PUSH,,11.0,13.5,,2049246
209571,W,DOMESTIC,-84.02414499999999,40.332617,MAP-OTHERS,SHELBY,SALEM,2016-01-06,190.0,,CLAY & GRAVEL,AIR ROTARY,20.0,110.0,186.0,,2055759
209739,W,MONITOR,-84.13439,40.306069,GLOBAL POSITIONING SYSTEM,SHELBY,CLINTON,2017-01-18,30.0,,CLAY,ROTOSONIC,,20.1,20.0,,2061072
209755,W,DOMESTIC,-84.04755999999999,40.339659999999995,GLOBAL POSITIONING SYSTEM,SHELBY,SALEM,2016-12-22,183.0,,LIMESTONE,ROTARY,12.0,0.0,127.0,124,2060609
209812,W,MONITOR,-84.043854,40.439837,MAP-OTHERS,SHELBY,JACKSON,2017-02-06,12.0,,CLAY,AUGER,,,2.0,,2061303
209820,W,DOMESTIC,-84.081383,40.282016999999996,GLOBAL POSITIONING SYSTEM,SHELBY,PERRY,2017-07-10,82.0,,SAND & GRAVEL,ROTARY,40.0,23.0,80.0,,2063422
209900,W,DOMESTIC,-84.13703699999999,40.268405,GEOCODE,SHELBY,ORANGE,1997-10-21,217.0,930.7000122070312,LIMESTONE,ROTARY,25.0,89.0,149.0,140,864570
210001,W,DOMESTIC,-84.06962,40.40356,GLOBAL POSITIONING SYSTEM,SHELBY,JACKSON,2018-11-09,81.0,,SAND & GRAVEL,ROTARY,20.0,24.0,78.0,,2070994
210027,W,AGRIC/IRRIG,-84.302781,40.325162,DIGITAL MAP,SHELBY,CYNTHIAN,1998-11-09,182.0,,LIMESTONE,ROTARY,75.0,61.0,114.0,108,886476
210036,W,AGRIC/IRRIG,-84.42260999999999,40.33611,GLOBAL POSITIONING SYSTEM,SHELBY,MCLEAN,2018-02-09,108.0,,SAND & GRAVEL,ROTARY,30.0,20.0,104.0,,2066672
210049,W,DOMESTIC,-84.22660499999999,40.265493,DIGITAL MAP,SHELBY,WASHINGTON,1999-03-29,149.0,,LIMESTONE,ROTARY,20.0,45.0,84.2,79,894734
210050,W,DOMESTIC,-84.289721,40.217264,DIGITAL MAP,SHELBY,WASHINGTON,2000-11-27,159.0,,GRAVEL & SAND,ROTARY,20.0,82.0,157.0,,924253
210071,W,DOMESTIC,-84.149496,40.446421,DIGITAL MAP,SHELBY,DINSMORE,1999-03-17,134.0,,SAND & GRAVEL,ROTARY,20.0,40.0,132.0,,889137
210098,W,AGRIC/IRRIG,-84.415999,40.300657,DIGITAL MAP,SHELBY,CYNTHIAN,1998-05-18,220.0,,LIMESTONE,ROTARY,20.0,63.0,145.0,139,871335
210103,W,DOMESTIC,-84.404501,40.233052,DIGITAL MAP,SHELBY,LORAMIE,1998-03-04,51.0,,GRAVEL & SAND,AIR ROTARY,20.0,13.0,46.0,,871245
210114,W,DOMESTIC,-84.224893,40.281881999999996,DIGITAL MAP,SHELBY,TURTLE CREEK,1998-09-29,122.0,632.7999877929688,LIMESTONE,ROTARY,20.0,30.0,86.0,75,883666
210161,W,DOMESTIC,-84.21910799999999,40.393052999999995,DIGITAL MAP,SHELBY,FRANKLIN,2000-02-02,80.0,,GRAVEL & SAND,ROTARY,50.0,31.0,77.0,,908459
210162,W,DOMESTIC,-84.134721,40.386292,DIGITAL MAP,SHELBY,FRANKLIN,1998-11-21,103.0,,GRAVEL & SAND,ROTARY,100.0,15.0,100.0,,886507
210167,W,DOMESTIC,-84.368309,40.25516,DIGITAL MAP,SHELBY,LORAMIE,1998-06-26,141.0,,GRAVEL & SAND,AIR ROTARY,18.0,72.0,139.0,,871399
210168,W,DOMESTIC,-84.412486,40.230593999999996,DIGITAL MAP,SHELBY,LORAMIE,1998-10-29,164.0,,LIMESTONE,AIR ROTARY,40.0,28.0,139.5,134,886456
210246,W,DOMESTIC,-84.108228,40.370501,DIGITAL MAP,SHELBY,SALEM,1999-12-10,50.0,,SAND & GRAVEL,AIR ROTARY,12.0,33.0,44.0,,909379
210253,W,DOMESTIC,-84.29213899999999,40.387326,DIGITAL MAP,SHELBY,VAN BUREN,1999-01-19,142.0,,LIMESTONE,ROTARY,18.0,13.0,77.0,71,889075
210416,W,DOMESTIC,-84.09396,40.27462,GLOBAL POSITIONING SYSTEM,SHELBY,PERRY,2019-10-02,56.0,,SAND & GRAVEL,ROTARY,20.0,0.0,52.0,,2075902
210417,W,DOMESTIC,-84.15670999999999,40.423916999999996,DIGITAL MAP,SHELBY,DINSMORE,1998-05-19,85.0,,GRAVEL & SAND,ROTARY,20.0,29.0,83.0,,871339
210446,W,DOMESTIC,-84.36756299999999,40.254808,DIGITAL MAP,SHELBY,LORAMIE,1998-08-03,82.0,,GRAVEL & SAND,AIR ROTARY,20.0,50.0,80.0,,880750
210502,W,DOMESTIC,-84.343632,40.270621999999996,DIGITAL MAP,SHELBY,LORAMIE,1999-09-02,81.0,,GRAVEL & SAND,AIR ROTARY,20.0,11.0,79.0,,902875
210509,W,DOMESTIC,-84.208871,40.318816,DIGITAL MAP,SHELBY,TURTLE CREEK,1999-11-10,139.0,,LIMESTONE,ROTARY,20.0,20.0,106.0,104,905940
210525,W,DOMESTIC,-84.34470999999999,40.37012,GLOBAL POSITIONING SYSTEM,SHELBY,MCLEAN,2018-09-18,139.0,,LIMESTONE,ROTARY,15.0,28.0,112.0,,2070066
210558,W,DOMESTIC,-84.4229,40.340865,DIGITAL MAP,SHELBY,MCLEAN,1998-11-18,104.0,,GRAVEL & SAND,AIR ROTARY,125.0,10.0,101.0,,886498
210612,W,DOMESTIC,-84.134608,40.390836,DIGITAL MAP,SHELBY,FRANKLIN,2000-09-05,124.0,,SAND & GRAVEL,ROTARY,20.0,25.0,122.0,,920778
215495,W,,-84.161045,40.2357,DIGITIZED,SHELBY,ORANGE,1962-04-27,84.0,1030.4000244140625,GRAVEL,,12.0,51.0,84.0,,271842
215496,W,,-84.08826599999999,40.249426,DIGITIZED,SHELBY,GREEN,1954-09-13,97.0,1061.4000244140625,GRAVEL,,8.0,72.0,97.0,,120146
215497,W,,-84.091606,40.188094,DIGITIZED,SHELBY,GREEN,1956-07-07,171.0,1089.199951171875,GRAVEL,,13.0,20.0,171.0,,182301
215498,W,,-84.078132,40.231691,DIGITIZED,SHELBY,GREEN,1954-07-26,133.0,1087.0999755859375,GRAVEL,,,,133.0,129,82631
215499,W,,-84.078604,40.237246999999996,DIGITIZED,SHELBY,GREEN,1956-08-09,37.0,1085.4000244140625,SAND & GRAVEL,,10.0,5.0,37.0,,184853
215504,W,,-84.25372999999999,40.210629999999995,GEOCODE,SHELBY,WASHINGTON,1979-07-03,52.0,925.5,GRAVEL,,20.0,29.0,53.0,,553815
215505,W,DOMESTIC,-84.254521,40.208064,,SHELBY,WASHINGTON,1991-06-05,104.0,932.5999755859375,GRAVEL & SAND,ROTARY,18.0,39.0,100.0,,733212
215513,W,,-84.243116,40.267209,,SHELBY,WASHINGTON,1975-04-28,102.0,652.5999755859375,LIMESTONE,,10.0,60.0,70.0,70,459238
215515,W,,-84.226141,40.265465,,SHELBY,WASHINGTON,1973-04-10,81.0,984.2999877929688,LIMESTONE,,11.0,29.0,72.0,72,448437
215599,W,,-84.167897,40.423144,DIGITIZED,SHELBY,DINSMORE,1948-07-26,56.0,1010.7999877929688,GRAVEL,,32.0,32.0,56.0,,49505
215600,W,,-84.039343,40.462914999999995,DIGITIZED,SHELBY,JACKSON,1948-12-23,32.0,1014.4000244140625,GRAVEL,,32.0,8.0,,,49536
215601,W,,-84.404361,40.236619,DIGITIZED,SHELBY,LORAMIE,1951-11-20,46.0,968.9000244140625,LIMESTONE,,12.0,6.0,46.0,30,93304
215606,W,,-84.410763,40.232158,DIGITIZED,SHELBY,LORAMIE,1968-07-31,68.0,972.0,GRAVEL,,10.0,10.0,68.0,,378764
215607,W,DOMESTIC,-84.132172,40.330576,,SHELBY,FRANKLIN,1989-10-24,60.0,800.5999755859375,GRAVEL & SAND,ROTARY,10.0,34.0,62.0,,704722
215621,W,,-84.32715999999999,40.21246,GEOCODE,SHELBY,LORAMIE,1995-04-29,267.0,998.5999755859375,,,,,,,816262
215622,W,DOMESTIC,-84.35347,40.22697,,SHELBY,LORAMIE,1990-11-23,106.0,952.0,SAND & GRAVEL,ROTARY,25.0,25.0,100.0,,724281
215640,W,,-84.19001899999999,40.469179,DGS SURFICIAL MAPPING,SHELBY,DINSMORE,1958-11-04,73.0,1015.0,GRAVEL,,15.0,41.0,73.0,,220345
215641,W,,-84.372079,40.35693,DIGITIZED,SHELBY,MCLEAN,1955-08-10,81.0,949.2999877929688,GRAVEL,,12.0,12.0,81.0,,160152
215644,W,,-84.05045799999999,40.33726,DIGITIZED,SHELBY,PERRY,1958-10-30,48.0,637.4000244140625,GRAVEL,,12.0,24.0,48.0,,220344
215645,W,,-84.355445,40.37149,DIGITIZED,SHELBY,MCLEAN,1952-07-07,92.0,958.4000244140625,GRAVEL,,6.0,16.0,92.0,,93323
215646,W,,-84.083242,40.330017,DIGITIZED,SHELBY,PERRY,1964-02-20,146.0,1013.4000244140625,SAND & GRAVEL,,6.0,95.0,148.0,,305711
215647,W,,-84.352049,40.371556999999996,DIGITIZED,SHELBY,MCLEAN,1963-05-09,146.0,956.0999755859375,LIMESTONE,,15.0,,109.0,109,294956
215648,W,,-84.02153799999999,40.441254,,SHELBY,JACKSON,1993-10-11,44.0,1048.800048828125,SAND & GRAVEL,ROTARY,20.0,20.0,41.0,,780771
215649,W,,-84.01561,40.40792,,SHELBY,JACKSON,1994-03-16,280.0,1029.5,LIMESTONE,,20.0,32.0,194.0,189,790252
215650,W,,-84.416102,40.236064999999996,DIGITIZED,SHELBY,LORAMIE,1954-08-01,73.0,973.0999755859375,GRAVEL,,20.0,8.0,73.0,,100761
215651,W,,-84.41421299999999,40.204042,DIGITIZED,SHELBY,LORAMIE,1955-02-20,40.0,986.7999877929688,GRAVEL,,21.0,14.0,40.0,,122242
215652,W,,-84.37652,40.226233,DIGITIZED,SHELBY,LORAMIE,1955-08-06,116.0,969.4000244140625,GRAVEL,,20.0,28.0,116.0,,100764
215653,W,,-84.413772,40.233529999999995,DIGITIZED,SHELBY,LORAMIE,1955-07-23,69.0,974.7000122070312,GRAVEL,,20.0,9.0,69.0,,151374
215654,W,,-84.335302,40.250913,DIGITIZED,SHELBY,LORAMIE,1956-06-25,85.0,944.7999877929688,GRAVEL,,220.0,37.0,85.0,,151417
215655,W,,-84.162827,40.360751,DIGITIZED,SHELBY,FRANKLIN,1969-09-06,69.0,892.2999877929688,GRAVEL,,18.0,13.0,69.0,,400495
215656,W,,-84.26050000000001,40.315542,DIGITIZED,SHELBY,TURTLE CREEK,1955-10-11,92.0,996.9000244140625,LIMESTONE,,,34.0,68.0,68,155842
215657,W,,-84.246978,40.319736,DIGITIZED,SHELBY,TURTLE CREEK,1965-04-02,46.0,853.7999877929688,GRAVEL,,12.0,28.0,46.0,,327298
215658,W,,-84.271857,40.343927,DIGITIZED,SHELBY,TURTLE CREEK,1970-02-24,98.0,1010.2000122070312,GRAVEL,,14.0,52.0,98.0,,407253
215659,W,,-84.08797899999999,40.331483,DIGITIZED,SHELBY,SALEM,1959-07-24,110.0,1181.5999755859375,GRAVEL,,8.0,8.0,110.0,,229472
215660,W,,-84.09324,40.329276,DIGITIZED,SHELBY,SALEM,1957-06-18,20.0,825.9000244140625,SAND,,5.0,6.0,,,182995
215661,W,,-84.319408,40.260664,DIGITIZED,SHELBY,LORAMIE,1964-05-28,48.0,940.4000244140625,GRAVEL,,12.0,20.0,48.0,,316126
215662,W,,-84.41209599999999,40.232541,DIGITIZED,SHELBY,LORAMIE,1965-12-28,45.0,972.0,GRAVEL,,16.0,10.0,45.0,,313992
215663,W,,-84.413977,40.234306,DIGITIZED,SHELBY,LORAMIE,1966-04-11,63.0,971.2999877929688,GRAVEL,,15.0,4.0,63.0,,318681
215664,W,,-84.333818,40.243531999999995,DIGITIZED,SHELBY,LORAMIE,1966-08-17,125.0,964.0,GRAVEL,,15.0,34.0,125.0,,356589
215667,W,,-84.325392,40.433811999999996,DIGITIZED,SHELBY,VAN BUREN,1965-07-27,153.0,973.5,LIMESTONE,,24.0,,86.0,83,326905
215739,W,,-84.126181,40.227598,DIGITIZED,SHELBY,ORANGE,1950-06-15,87.0,1071.5999755859375,GRAVEL,,20.0,23.0,87.0,,56638
215740,W,,-84.159278,40.261641999999995,DIGITIZED,SHELBY,ORANGE,1950-08-28,111.0,985.5999755859375,GRAVEL,,16.0,68.0,111.0,,60168
215741,W,,-84.09207599999999,40.312872,DIGITIZED,SHELBY,PERRY,1951-07-05,85.0,952.2999877929688,GRAVEL,,20.0,60.0,85.0,,78368
215742,W,,-84.10943,40.332567999999995,DIGITIZED,SHELBY,SALEM,1948-04-20,43.0,571.7000122070312,GRAVEL,,8.0,20.0,43.0,,23435
215743,W,,-84.09804,40.354828,DIGITIZED,SHELBY,SALEM,1949-09-10,127.0,1006.2000122070312,GRAVEL,,24.0,70.5,127.0,,66569
215744,W,,-84.243691,40.27881,DIGITIZED,SHELBY,TURTLE CREEK,1952-03-21,33.0,943.5,GRAVEL,,10.0,20.0,33.0,,58913
215745,W,,-84.25766399999999,40.394977999999995,DGS SURFICIAL MAPPING,SHELBY,VAN BUREN,,68.0,972.7999877929688,GRAVEL,,,,68.0,,54980
215746,W,,-84.176628,40.315702,DIGITIZED,SHELBY,CLINTON,1952-10-11,76.0,697.5999755859375,GRAVEL,,10.0,10.0,76.0,,58943
215747,W,,-84.173394,40.300686999999996,DIGITIZED,SHELBY,CLINTON,1951-08-14,123.0,1064.0,SAND & GRAVEL,,10.0,48.0,123.0,,180490
217775,W,DOMESTIC,-84.36614999999999,40.255649999999996,GEOCODE,SHELBY,LORAMIE,1998-02-09,194.0,984.5999755859375,SAND & GRAVEL,ROTARY,100.0,60.0,190.0,,871220
218721,W,DOMESTIC,-84.20691,40.27155,GEOCODE,SHELBY,CLINTON,2002-01-18,92.0,1012.4000244140625,LIMESTONE,ROTARY,60.0,51.0,89.0,94,939098
218761,W,DOMESTIC,-84.10074999999999,40.360600000000005,GEOCODE,SHELBY,SALEM,2001-02-07,88.0,1069.4000244140625,GRAVEL & SAND,ROTARY,20.0,57.0,84.0,,924320
218826,W,AGRIC/IRRIG,-84.01777,40.34538,GEOCODE,SHELBY,SALEM,2002-08-13,93.0,1045.699951171875,GRAVEL & SAND,ROTARY,75.0,39.0,90.0,,948522
218920,W,DOMESTIC,-84.11569,40.23279,GEOCODE,SHELBY,ORANGE,2002-07-10,151.0,1071.199951171875,GRAVEL,ROTARY,120.0,30.0,148.0,5,948471
218937,W,DOMESTIC,-84.37644999999999,40.30676,GEOCODE,SHELBY,CYNTHIAN,2002-01-08,199.0,1008.2000122070312,LIMESTONE,ROTARY,40.0,69.0,160.0,149,942278
218996,W,DOMESTIC,-84.060679,40.254239,GEOCODE,SHELBY,GREEN,2003-01-16,165.0,773.7999877929688,LIMESTONE,ROTARY,50.0,3.0,144.0,142,957060
219028,W,DOMESTIC,-84.094133,40.344967,GEOCODE,SHELBY,SALEM,2003-03-05,83.0,739.5,,ROTARY,20.0,62.0,81.0,,959131
219067,W,DOMESTIC,-84.38844999999999,40.319559999999996,GEOCODE,SHELBY,CYNTHIAN,2002-06-18,81.0,979.7000122070312,,ROTARY,30.0,45.0,79.0,,945140
219093,W,DOMESTIC,-84.36860999999999,40.30063,GEOCODE,SHELBY,CYNTHIAN,2002-05-29,188.0,971.7999877929688,LIMESTONE,ROTARY,25.0,60.0,147.0,138,941148
219265,W,DOMESTIC,-84.38853999999999,40.348839999999996,GEOCODE,SHELBY,MCLEAN,2002-11-22,82.0,952.5,SAND,ROTARY,125.0,16.0,78.0,45,955450
219277,W,DOMESTIC,-84.268402,40.391348,DGS SURFICIAL MAPPING,SHELBY,VAN BUREN,2002-12-12,130.0,967.2999877929688,LIMESTONE,ROTARY,60.0,18.0,80.0,74,955470
219346,W,DOMESTIC,-84.38963,40.22616,GEOCODE,SHELBY,LORAMIE,2002-08-31,36.0,972.7999877929688,,ROTARY,60.0,12.0,34.0,,948548
219642,W,DOMESTIC,-84.41696,40.31364,GLOBAL POSITIONING SYSTEM,SHELBY,CYNTHIAN,2004-01-09,122.0,980.2999877929688,SAND & GRAVEL,ROTARY,2.0,36.0,120.0,,970529
219839,W,DOMESTIC,-84.09631,40.2312,GLOBAL POSITIONING SYSTEM,SHELBY,GREEN,2004-10-01,167.0,1083.699951171875,LIMESTONE,ROTARY,35.0,28.0,141.0,134,987722
219840,W,DOMESTIC,-84.09541999999999,40.23896,GLOBAL POSITIONING SYSTEM,SHELBY,GREEN,2004-11-04,118.0,1084.0999755859375,GRAVEL & SAND,ROTARY,65.0,30.0,116.0,,987718
219885,W,DOMESTIC,-84.10385,40.236059999999995,GLOBAL POSITIONING SYSTEM,SHELBY,GREEN,2004-06-03,134.0,1076.199951171875,SAND & GRAVEL,ROTARY,125.0,25.0,133.0,,979914
219981,W,DOMESTIC,-84.40426,40.231429999999996,GEOCODE,SHELBY,LORAMIE,2005-01-03,142.0,974.0,LIMESTONE,ROTARY,15.0,13.0,64.0,57,987653
220023,W,,-84.246017,40.231044,GLOBAL POSITIONING SYSTEM,SHELBY,WASHINGTON,2004-08-05,228.0,929.4000244140625,SHALE,ROTARY,,,,225,950642
220056,W,AGRIC/IRRIG,-84.37383,40.198769999999996,GLOBAL POSITIONING SYSTEM,SHELBY,LORAMIE,2005-04-21,54.0,983.0,GRAVEL & SAND,ROTARY,35.0,15.0,52.0,,990134
220175,W,DOMESTIC,-84.2856,40.27397,GEOCODE,SHELBY,TURTLE CREEK,2004-05-19,82.0,978.2000122070312,GRAVEL & SAND,ROTARY,15.0,67.0,81.0,,979894
220236,W,DOMESTIC,-84.30407,40.328109999999995,GLOBAL POSITIONING SYSTEM,SHELBY,CYNTHIAN,2004-12-27,195.0,1016.5,,ROTARY,35.0,68.0,129.0,193,987664
220266,W,DOMESTIC,-84.24253,40.41297,GLOBAL POSITIONING SYSTEM,SHELBY,VAN BUREN,2005-10-10,139.0,970.0,SAND & GRAVEL,ROTARY,50.0,12.0,138.0,,2000013
220663,W,DOMESTIC,-84.34114,40.20531,GLOBAL POSITIONING SYSTEM,SHELBY,LORAMIE,2006-02-16,106.0,978.5,SAND & GRAVEL,ROTARY,70.0,34.0,105.0,,2001270
220821,W,,-84.071297,40.338727999999996,DIGITIZED,SHELBY,SALEM,1954-05-25,136.0,876.2999877929688,GRAVEL,,20.0,48.0,136.0,,132353
220871,W,,-84.117334,40.198226,DIGITIZED,SHELBY,ORANGE,1959-10-31,158.0,1071.300048828125,SAND & GRAVEL,,7.0,19.0,158.0,,228569
221287,W,DOMESTIC,-84.14724,40.326209999999996,GLOBAL POSITIONING SYSTEM,SHELBY,FRANKLIN,2006-09-29,121.0,1107.0999755859375,LIMESTONE,ROTARY,100.0,41.0,86.0,83,2005670
221438,W,DOMESTIC,-84.32401,40.40893,GLOBAL POSITIONING SYSTEM,SHELBY,MCLEAN,2006-06-29,161.0,971.5,LIMESTONE,ROTARY,50.0,37.0,90.0,83,2003683
221453,W,DOMESTIC,-84.18923,40.23478,GLOBAL POSITIONING SYSTEM,SHELBY,ORANGE,2006-07-06,147.0,923.7999877929688,LIMESTONE,ROTARY,45.0,23.0,27.0,4,2003814
222018,W,PUBLIC/SEMI-PUB,-84.18130000000001,40.31802,GLOBAL POSITIONING SYSTEM,SHELBY,FRANKLIN,2006-11-22,181.0,1011.0999755859375,LIMESTONE,ROTARY,105.0,56.0,109.0,102,2006918
222025,W,MONITOR,-84.17625,40.28685,GLOBAL POSITIONING SYSTEM,SHELBY,CLINTON,2007-05-09,22.0,1032.5,SAND & GRAVEL,AUGER,,0.0,12.0,,2010350
222290,W,,-84.093351,40.311914,DIGITIZED,SHELBY,PERRY,1955-10-01,35.0,655.9000244140625,GRAVEL,,20.0,15.0,35.0,,151383
222380,W,,-84.205902,40.222826999999995,DIGITIZED,SHELBY,ORANGE,1967-08-22,57.0,897.2999877929688,SANDSTONE,,40.0,21.0,6.0,45,325590
222437,W,,-84.043002,40.19554,DIGITIZED,SHELBY,GREEN,1961-02-07,126.0,1115.300048828125,SAND & GRAVEL,,10.0,24.6,126.0,,254621
222467,W,,-84.370155,40.297315,DIGITIZED,SHELBY,CYNTHIAN,1955-09-29,58.0,986.0999755859375,LIMESTONE,,25.0,1.0,40.0,40,160157
222468,W,,-84.19771,40.467399,DIGITIZED,SHELBY,DINSMORE,1957-08-01,80.0,1021.0,GRAVEL,,25.0,55.0,80.0,,185345
222706,W,,-84.20308899999999,40.230241,DIGITIZED,SHELBY,WASHINGTON,1969-05-16,175.0,991.7000122070312,LIMESTONE,,30.0,82.0,87.0,87,392935
222712,W,,-84.387767,40.375068999999996,DIGITIZED,SHELBY,MCLEAN,1966-08-06,103.0,958.5,GRAVEL,,90.0,29.0,102.0,,345966
222713,W,,-84.027823,40.305853,DIGITIZED,SHELBY,PERRY,1963-08-10,40.0,946.0,SAND & GRAVEL,,7.0,2.5,34.0,,272740
222776,W,DOMESTIC,-84.3678,40.27768,GLOBAL POSITIONING SYSTEM,SHELBY,CYNTHIAN,2008-12-23,129.0,947.9000244140625,LIMESTONE,ROTARY,30.0,20.2,76.0,102,2020599
222892,W,TEST BORING,-84.255967,40.236683,GLOBAL POSITIONING SYSTEM,SHELBY,WASHINGTON,2008-07-07,30.0,895.7000122070312,SILT/SAND/GRAVEL,AUGER,,,,,2020425
222895,W,DOMESTIC,-84.15366,40.26448,GLOBAL POSITIONING SYSTEM,SHELBY,ORANGE,2008-10-02,200.0,956.0999755859375,LIMESTONE,ROTARY,30.0,91.2,127.0,123,2018991
223020,W,DOMESTIC,-84.28188999999999,40.481,GLOBAL POSITIONING SYSTEM,SHELBY,VAN BUREN,2010-03-23,72.0,922.5,GRAVEL & SAND,ROTARY,110.0,19.5,69.0,,2026480
223114,W,MONITOR,-84.17166999999999,40.28794,MAP-OTHERS,SHELBY,CLINTON,2008-10-30,127.0,894.0999755859375,SILT/SAND/GRAVEL,ROTOSONIC,,53.0,125.0,,2020215
223396,W,DOMESTIC,-84.1028,40.34614,GLOBAL POSITIONING SYSTEM,SHELBY,SALEM,2012-05-07,82.0,608.2999877929688,SAND & GRAVEL,ROTARY,12.0,60.0,79.0,,2037493
223585,W,DOMESTIC,-84.10543,40.324709999999996,GLOBAL POSITIONING SYSTEM,SHELBY,SALEM,2012-11-19,201.0,1027.0999755859375,SAND & GRAVEL,ROTARY,90.0,53.800000000000004,198.0,,2040770
223620,W,DOMESTIC,-84.20779,40.335789999999996,GLOBAL POSITIONING SYSTEM,SHELBY,FRANKLIN,2010-06-04,202.0,1036.5,LIMESTONE,ROTARY,50.0,60.0,133.0,126,2027379
223692,W,MONITOR,-84.333056,40.244721999999996,GEOCODE,SHELBY,LORAMIE,2012-04-17,44.0,941.2000122070312,SILT/SAND/GRAVEL,AUGER,,0.0,34.0,,2037812
223737,W,DOMESTIC,-84.32195,40.33094,GLOBAL POSITIONING SYSTEM,SHELBY,MCLEAN,2012-02-13,181.0,989.0,LIMESTONE,ROTARY,50.0,49.300000000000004,133.0,120,2036484
223850,W,MONITOR,-84.373933,40.350367,GLOBAL POSITIONING SYSTEM,SHELBY,MCLEAN,2011-05-31,18.0,950.5999755859375,CLAY,GEOPROBE,,8.5,3.0,,2033124
224018,W,MONITOR,-84.18464999999999,40.28087,GEOCODE,SHELBY,CLINTON,2014-02-13,32.0,1034.199951171875,CLAY/GRAVEL/SILT,AUGER,,20.0,22.0,,2046428
224023,W,MONITOR,-84.18518999999999,40.28096,GEOCODE,SHELBY,CLINTON,2014-02-12,32.0,1033.699951171875,CLAY/GRAVEL/SILT,AUGER,,20.0,22.0,,2046431
224233,W,DOMESTIC,-84.28554299999999,40.25136,MAP-OTHERS,SHELBY,WASHINGTON,2015-08-18,115.0,,GRAVEL,AIR ROTARY,35.0,53.0,109.0,,2054639
224248,W,DOMESTIC,-84.43240999999999,40.22659,GLOBAL POSITIONING SYSTEM,SHELBY,LORAMIE,2016-06-01,115.0,,SAND & GRAVEL,ROTARY,25.0,20.0,112.0,,2057291
224389,W,DOMESTIC,-84.29978,40.391329999999996,GLOBAL POSITIONING SYSTEM,SHELBY,MCLEAN,2016-08-22,159.0,,LIMESTONE,ROTARY,30.0,15.0,77.0,54,2058519
224418,W,DOMESTIC,-84.08534999999999,40.47242,GLOBAL POSITIONING SYSTEM,SHELBY,JACKSON,2016-01-04,106.0,,SAND & GRAVEL,ROTARY,20.0,44.0,103.0,,2055497
224460,W,DOMESTIC,-84.35002999999999,40.342549999999996,GLOBAL POSITIONING SYSTEM,SHELBY,MCLEAN,2015-07-10,200.0,968.0,LIMESTONE,ROTARY,75.0,36.0,118.0,110,2052749
224475,W,DEWATERING WELL,-84.24,40.22,MAP-OTHERS,SHELBY,WASHINGTON,2016-06-01,24.0,,SAND & GRAVEL,ROTARY,,7.0,24.0,,2057441
224779,W,DOMESTIC,-84.14453499999999,40.424682,DIGITAL MAP,SHELBY,DINSMORE,1999-12-31,104.0,,GRAVEL & SAND,ROTARY,50.0,48.0,100.5,,908425
224783,W,PUBLIC/SEMI-PUB,-84.139358,40.303284,DIGITAL MAP,SHELBY,CLINTON,1999-10-25,215.0,,LIMESTONE,ROTARY,10.0,23.0,88.5,82,905903
224928,W,DRY/NO WATER,-84.425421,40.323943,DIGITAL MAP,SHELBY,CYNTHIAN,1999-10-07,300.0,,CLAY,ROTARY,,,,,905942
224935,W,DOMESTIC,-84.208299,40.340382,DIGITAL MAP,SHELBY,FRANKLIN,1999-04-05,105.0,,GRAVEL & SAND,REVERSE ROTARY,20.0,54.0,101.5,,894746
224943,W,DOMESTIC,-84.262322,40.372665999999995,DIGITAL MAP,SHELBY,TURTLE CREEK,1999-10-02,103.0,,GRAVEL & SAND,ROTARY,20.0,40.0,101.0,,902935
224982,W,DOMESTIC,-84.028401,40.237898,DIGITAL MAP,SHELBY,GREEN,2000-05-02,158.0,,LIMESTONE,ROTARY,20.0,31.0,120.0,114,912305
225046,W,,-84.129545,40.33392,,SHELBY,SALEM,1965-01-22,51.0,680.4000244140625,GRAVEL,,12.0,31.0,51.0,,327282
225063,W,AGRIC/IRRIG,-84.214755,40.359494,DIGITAL MAP,SHELBY,TURTLE CREEK,2000-07-07,60.0,755.5,GRAVEL & SAND,ROTARY,20.0,39.0,57.0,,915443
225068,W,DOMESTIC,-84.190865,40.346014,DIGITAL MAP,SHELBY,FRANKLIN,1998-10-05,113.0,,GRAVEL & SAND,ROTARY,20.0,38.0,111.10000000000001,,883683
225072,W,DOMESTIC,-84.258591,40.453255999999996,DIGITAL MAP,SHELBY,VAN BUREN,1998-09-16,73.0,,GRAVEL,ROTARY,8.0,50.0,73.0,,881955
225073,W,DOMESTIC,-84.23281999999999,40.380599,DIGITAL MAP,SHELBY,VAN BUREN,1999-10-11,169.0,,LIMESTONE,ROTARY,20.0,33.0,113.0,105,902946
225124,W,AGRIC/IRRIG,-84.227025,40.346427999999996,DIGITAL MAP,SHELBY,TURTLE CREEK,2000-04-18,202.0,568.5,LIMESTONE,ROTARY,75.0,52.0,107.60000000000001,99,912284
225256,W,DOMESTIC,-84.17197,40.403200000000005,GLOBAL POSITIONING SYSTEM,SHELBY,DINSMORE,2018-08-06,84.0,,SAND & GRAVEL,ROTARY,20.0,39.0,81.0,,2069184
225278,W,DOMESTIC,-84.30346,40.32637,GLOBAL POSITIONING SYSTEM,SHELBY,CYNTHIAN,2018-05-19,206.0,,LIMESTONE,ROTARY,15.0,74.0,127.0,123,2067919
225279,W,DOMESTIC,-84.09133899999999,40.40992,DIGITAL MAP,SHELBY,JACKSON,1998-02-26,62.0,,GRAVEL & SAND,ROTARY,20.0,16.0,59.5,,871238
225327,W,DOMESTIC,-84.159998,40.248639999999995,DIGITAL MAP,SHELBY,ORANGE,1998-07-17,202.0,,LIMESTONE,AIR ROTARY,50.0,65.0,140.0,132,880720
225377,W,DOMESTIC,-84.167366,40.339587,DIGITAL MAP,SHELBY,FRANKLIN,2000-06-27,100.0,,GRAVEL & SAND,ROTARY,18.0,25.0,99.0,,915425
225405,W,DOMESTIC,-84.28478299999999,40.342645999999995,DIGITAL MAP,SHELBY,TURTLE CREEK,1998-07-30,159.0,,LIMESTONE,AIR ROTARY,20.0,56.0,110.0,100,880744
225676,W,,-84.188964,40.469735,DGS SURFICIAL MAPPING,SHELBY,DINSMORE,1954-02-03,251.0,1012.5999755859375,LIMESTONE,,,53.0,110.0,106,131701
230399,W,,-84.161765,40.2368,DIGITIZED,SHELBY,ORANGE,1958-06-03,88.0,1011.7999877929688,GRAVEL,,14.0,60.0,88.0,,198134
230400,W,,-84.027153,40.239919,DIGITIZED,SHELBY,GREEN,1955-06-06,45.0,1078.5,GRAVEL,,10.0,23.0,45.0,,146083
230412,W,,-84.27242,40.25875,,SHELBY,WASHINGTON,1981-05-13,120.0,978.0,LIMESTONE,,20.0,62.0,104.0,104,576499
230520,W,DOMESTIC,-84.42228999999999,40.21145,GEOCODE,SHELBY,LORAMIE,1991-12-19,99.0,982.9000244140625,SAND & GRAVEL,ROTARY,20.0,36.0,67.0,,743096
230521,W,DOMESTIC,-84.34382,40.22706,GEOCODE,SHELBY,LORAMIE,1992-10-27,66.0,964.2000122070312,SAND & GRAVEL,ROTARY,15.0,21.0,64.0,,763481
230522,W,INDUSTRIAL,-84.186802,40.372895,,SHELBY,FRANKLIN,1988-03-18,300.0,1019.2000122070312,LIMESTONE,ROTARY,400.0,30.0,165.0,163,684040
230523,W,INDUSTRIAL,-84.18723,40.376174999999996,DIGITAL MAP,SHELBY,FRANKLIN,1986-02-28,250.0,,LIMESTONE,,65.0,28.0,168.0,,593242
230524,W,,-84.081965,40.208227,DIGITIZED,SHELBY,GREEN,1956-10-02,42.0,1096.0,SAND & GRAVEL,,15.0,12.0,42.0,,184863
230533,W,,-84.199018,40.284130999999995,DIGITIZED,SHELBY,CLINTON,1964-06-10,111.0,759.2999877929688,LIMESTONE,,12.0,54.0,93.0,91,313955
230535,W,,-84.35091299999999,40.371089999999995,DIGITIZED,SHELBY,MCLEAN,1962-07-14,63.0,956.0,GRAVEL,,38.0,15.0,63.0,,281416
230536,W,,-84.16447099999999,40.335114999999995,DIGITIZED,SHELBY,FRANKLIN,1952-08-19,81.0,546.7999877929688,GRAVEL,,12.0,36.5,81.0,,88269
230537,W,,-84.168532,40.349813,DIGITIZED,SHELBY,FRANKLIN,1960-07-01,143.0,1045.9000244140625,GRAVEL,,18.0,10.0,143.0,,244907
230538,W,,-84.187913,40.358751,DIGITIZED,SHELBY,FRANKLIN,1962-01-30,150.0,686.2000122070312,GRAVEL,,12.0,70.0,150.0,,271824
230539,W,,-84.171894,40.388044,DIGITIZED,SHELBY,FRANKLIN,1956-04-20,104.0,1051.199951171875,GRAVEL,,10.0,58.0,104.0,,160783
230540,W,,-84.19128599999999,40.34784,DIGITIZED,SHELBY,FRANKLIN,1957-02-21,72.0,1028.0999755859375,GRAVEL,,,40.0,,,161220
230541,W,,-84.166293,40.341684,DIGITIZED,SHELBY,FRANKLIN,1955-05-14,40.0,879.2999877929688,GRAVEL,,25.0,21.0,40.0,,132387
230542,W,,-84.17079,40.379448,DIGITIZED,SHELBY,FRANKLIN,1952-11-16,84.0,1043.800048828125,SAND & GRAVEL,,,50.0,74.0,,96091
230543,W,,-84.104248,40.30529,DIGITIZED,SHELBY,PERRY,1953-09-28,124.0,541.0999755859375,SAND & GRAVEL,,10.0,45.0,124.0,,43275
230544,W,,-84.300423,40.391462,DIGITIZED,SHELBY,MCLEAN,1953-08-17,92.0,956.2000122070312,LIMESTONE,,12.0,12.0,49.0,50,82619
230545,W,,-84.096937,40.28074,DIGITIZED,SHELBY,PERRY,1965-09-09,35.0,746.5,GRAVEL,,12.0,21.0,35.0,,342851
230546,W,,-84.35781,40.340554999999995,DIGITIZED,SHELBY,MCLEAN,1956-11-06,65.0,965.7999877929688,GRAVEL,,42.0,25.0,65.0,,168631
230547,W,,-84.311646,40.357225,DIGITIZED,SHELBY,MCLEAN,1958-11-04,131.0,970.5999755859375,LIMESTONE,,,25.0,114.0,111,162771
230548,W,,-84.340864,40.371238999999996,DIGITIZED,SHELBY,MCLEAN,1963-05-22,107.0,958.7999877929688,SAND & GRAVEL,,25.0,55.0,109.0,,272734
230549,W,,-84.34124,40.369865999999995,DIGITIZED,SHELBY,MCLEAN,1963-11-07,94.0,956.2000122070312,GRAVEL,,20.0,22.0,94.0,,286650
230550,W,,-84.412599,40.233032,DIGITIZED,SHELBY,LORAMIE,1959-04-09,107.0,973.4000244140625,LIMESTONE,,7.0,8.0,58.0,80,228010
230551,W,,-84.107447,40.394611999999995,DIGITIZED,SHELBY,FRANKLIN,1967-09-23,74.0,1038.4000244140625,GRAVEL,,15.0,21.0,74.0,,359673
230552,W,,-84.18033,40.35526,DIGITIZED,SHELBY,FRANKLIN,1967-10-13,65.0,1017.9000244140625,GRAVEL,,10.0,40.0,65.0,,367553
230554,W,,-84.244457,40.272811,DIGITIZED,SHELBY,TURTLE CREEK,1957-08-23,43.0,947.5999755859375,GRAVEL,,10.0,26.0,43.0,,197829
230555,W,,-84.101579,40.282948,DIGITIZED,SHELBY,PERRY,1964-04-04,97.0,646.7000122070312,SAND & GRAVEL,,15.0,11.0,97.0,,316108
230557,W,,-84.26800899999999,40.480745,DIGITIZED,SHELBY,VAN BUREN,1955-03-28,300.0,928.0999755859375,SAND & GRAVEL,,,5.0,300.0,,139011
230558,W,,-84.243234,40.467673999999995,DIGITIZED,SHELBY,VAN BUREN,1955-12-03,65.0,950.7999877929688,SAND & GRAVEL,,6.0,14.0,60.0,,180453
230559,W,,-84.228106,40.423846,DIGITIZED,SHELBY,VAN BUREN,1952-12-30,98.0,968.0999755859375,GRAVEL,,9.0,14.0,98.0,,93341
230578,W,,-84.294991,40.235181,DIGITIZED,SHELBY,WASHINGTON,1959-04-07,159.0,999.4000244140625,GRAVEL,,10.0,89.0,159.0,,231101
230647,W,,-84.36036,40.28986,DIGITIZED,SHELBY,CYNTHIAN,1954-09-03,135.0,995.9000244140625,LIMESTONE,,20.0,80.0,117.0,111,122189
230648,W,,-84.37025899999999,40.320423999999996,DIGITIZED,SHELBY,CYNTHIAN,1959-04-09,118.0,979.4000244140625,GRAVEL,,14.0,37.0,118.0,,228006
230649,W,,-84.199737,40.285498,DIGITIZED,SHELBY,CLINTON,1962-07-23,83.0,1109.5,GRAVEL,,14.0,55.0,83.0,,280003
230650,W,,-84.15961899999999,40.309277,DIGITIZED,SHELBY,CLINTON,1963-11-03,117.0,633.5999755859375,GRAVEL,,10.0,83.0,117.0,,307029
232612,W,DOMESTIC,-84.336762,40.380441,DGS SURFICIAL MAPPING,SHELBY,MCLEAN,1997-10-21,79.0,959.2999877929688,GRAVEL & SAND,ROTARY,25.0,22.0,76.0,,864571
233584,W,DOMESTIC,-84.30064999999999,40.25344,GEOCODE,SHELBY,WASHINGTON,2001-01-09,132.0,980.7999877929688,CLAY & GRAVEL,ROTARY,30.0,76.0,129.0,,924288
233673,W,DOMESTIC,-84.18721,40.19726,GEOCODE,SHELBY,ORANGE,2001-12-04,159.0,972.4000244140625,LIMESTONE,ROTARY,35.0,40.0,100.0,93,937922
233698,W,DOMESTIC,-84.278898,40.422945,DGS SURFICIAL MAPPING,SHELBY,VAN BUREN,2001-10-04,182.0,979.5999755859375,LIMESTONE,ROTARY,18.0,38.0,95.0,88,937831
233712,W,DOMESTIC,-84.27333999999999,40.28003,GEOCODE,SHELBY,TURTLE CREEK,2001-01-13,168.0,985.7000122070312,LIME & CLAY,ROTARY,20.0,51.0,100.0,93,924294
233729,W,DOMESTIC,-84.27896299999999,40.382827,DGS SURFICIAL MAPPING,SHELBY,VAN BUREN,2001-07-19,178.0,968.0,LIMESTONE,ROTARY,50.0,22.0,123.0,107,931725
233789,W,DOMESTIC,-84.206313,40.369189,DGS SURFICIAL MAPPING,SHELBY,FRANKLIN,2002-05-23,180.0,1024.800048828125,LIMESTONE,ROTARY,20.0,45.0,135.0,128,945187
234268,W,DOMESTIC,-84.15987299999999,40.422834,DGS SURFICIAL MAPPING,SHELBY,DINSMORE,2002-11-14,60.0,1018.7000122070312,GRAVEL & SAND,ROTARY,18.0,30.0,58.0,,955439
234300,W,DOMESTIC,-84.180264,40.316751,GEOCODE,SHELBY,FRANKLIN,2002-12-11,162.0,717.7999877929688,LIMESTONE,ROTARY,15.0,52.0,105.0,95,955471
234480,W,,-84.10709899999999,40.282159,DIGITIZED,SHELBY,PERRY,1951-08-28,100.0,999.4000244140625,SAND & GRAVEL,,,,100.0,,82256
234701,W,DOMESTIC,-84.05717,40.45393,GEOCODE,SHELBY,JACKSON,2003-08-27,43.0,1026.4000244140625,SAND & GRAVEL,ROTARY,25.0,16.0,43.0,,966815
234702,W,DOMESTIC,-84.13598999999999,40.386359999999996,GLOBAL POSITIONING SYSTEM,SHELBY,FRANKLIN,2003-06-30,62.0,1024.4000244140625,GRAVEL & SAND,ROTARY,100.0,12.0,58.0,,961897
234834,W,DOMESTIC,-84.2236,40.25493,GLOBAL POSITIONING SYSTEM,SHELBY,WASHINGTON,2004-07-27,75.0,993.4000244140625,SAND & GRAVEL,ROTARY,60.0,39.0,71.0,,982851
234932,W,DOMESTIC,-84.33144,40.406859999999995,GLOBAL POSITIONING SYSTEM,SHELBY,MCLEAN,2004-05-03,156.0,978.5,LIMESTONE,ROTARY,50.0,42.0,134.0,126,979871
235068,W,DOMESTIC,-84.26478,40.39251,GLOBAL POSITIONING SYSTEM,SHELBY,VAN BUREN,2005-01-26,102.0,965.7999877929688,,ROTARY,100.0,14.0,68.0,61,990051
235108,W,DOMESTIC,-84.19099899999999,40.349862,GEOCODE,SHELBY,FRANKLIN,2005-02-25,86.0,1029.199951171875,GRAVEL & SAND,ROTARY,60.0,48.0,83.0,,990080
235139,W,DOMESTIC,-84.1062,40.38724,GLOBAL POSITIONING SYSTEM,SHELBY,JACKSON,2004-10-13,86.0,1042.5,,ROTARY,110.0,27.0,85.0,,984812
235141,W,MONITOR,-84.178108,40.287783,GEOCODE,SHELBY,CLINTON,2004-09-23,35.0,735.9000244140625,,AUGER,,,30.0,,968329
235221,W,DOMESTIC,-84.09825,40.23916,GLOBAL POSITIONING SYSTEM,SHELBY,GREEN,2004-06-10,108.0,1078.0,GRAVEL & SAND,ROTARY,85.0,21.0,107.0,,979929
235259,W,AGRIC/IRRIG,-84.12196999999999,40.41141,GLOBAL POSITIONING SYSTEM,SHELBY,DINSMORE,2004-05-14,83.0,1036.699951171875,SAND & GRAVEL,ROTARY,200.0,22.0,79.0,,979887
235313,W,DOMESTIC,-84.28452999999999,40.32561,GLOBAL POSITIONING SYSTEM,SHELBY,CYNTHIAN,2004-12-27,166.0,1015.7000122070312,,ROTARY,40.0,64.0,114.0,164,987665
235407,W,DOMESTIC,-84.29950000000001,40.47417,GLOBAL POSITIONING SYSTEM,SHELBY,VAN BUREN,2005-04-05,143.0,916.5,,ROTARY,40.0,20.0,105.0,96,987191
235426,W,DOMESTIC,-84.10271999999999,40.3622,GLOBAL POSITIONING SYSTEM,SHELBY,SALEM,2005-04-05,82.0,1064.199951171875,SAND & GRAVEL,ROTARY,12.0,54.0,80.0,,990113
235563,W,MONITOR,-84.177831,40.286736,GEOCODE,SHELBY,CLINTON,2005-06-20,95.0,1058.300048828125,LIMESTONE,AUGER,,,44.0,90,976649
235803,W,DOMESTIC,-84.17996,40.246159999999996,GLOBAL POSITIONING SYSTEM,SHELBY,ORANGE,2006-03-29,182.0,906.0,,ROTARY,40.0,70.0,,102,999779
235806,W,,-84.057723,40.35362,DIGITIZED,SHELBY,SALEM,1957-04-09,164.0,955.0,GRAVEL,,10.0,55.0,134.0,,182989
235807,W,,-84.103566,40.325055,DIGITIZED,SHELBY,SALEM,1964-04-17,32.0,1032.0999755859375,GRAVEL,,12.0,17.0,32.0,,316114
235832,W,,-84.352492,40.371041,DIGITIZED,SHELBY,MCLEAN,1963-05-18,64.0,956.7999877929688,GRAVEL,,12.0,14.0,64.0,,271486
235833,W,,-84.394902,40.22613,DIGITIZED,SHELBY,LORAMIE,1963-05-18,65.0,975.5999755859375,GRAVEL,,30.0,11.0,65.0,,271489
235855,W,,-84.373665,40.354247,DIGITIZED,SHELBY,MCLEAN,1955-08-29,63.0,945.5,GRAVEL,,15.0,6.0,63.0,57,145818
235856,W,,-84.333659,40.242179,DIGITIZED,SHELBY,LORAMIE,1957-12-23,143.0,966.2999877929688,GRAVEL,,9.0,33.5,143.0,,197418
236002,W,DOMESTIC,-84.3494,40.268049999999995,GLOBAL POSITIONING SYSTEM,SHELBY,LORAMIE,2006-09-06,124.0,991.0999755859375,GRAVEL & SAND,ROTARY,40.0,67.0,121.0,,2004973
236195,W,DOMESTIC,-84.18762,40.30218,GLOBAL POSITIONING SYSTEM,SHELBY,CLINTON,2006-06-23,155.0,632.7999877929688,LIMESTONE,ROTARY,30.0,53.0,98.0,47,2003577
236744,W,DOMESTIC,-84.23387,40.20829,GLOBAL POSITIONING SYSTEM,SHELBY,WASHINGTON,2007-09-12,84.0,948.2999877929688,GRAVEL & LIMESTONE,ROTARY,27.0,48.1,81.0,83,2012379
236763,W,DOMESTIC,-84.41149,40.22732,GLOBAL POSITIONING SYSTEM,SHELBY,LORAMIE,2007-09-28,178.0,975.2000122070312,LIMESTONE,ROTARY,5.0,21.0,112.0,108,2012716
236917,W,DOMESTIC,-84.41721,40.23332,GLOBAL POSITIONING SYSTEM,SHELBY,LORAMIE,2007-08-13,62.0,975.2999877929688,GRAVEL & SAND,ROTARY,100.0,18.900000000000002,59.0,,2011708
236948,W,DOMESTIC,-84.41699,40.25526,GLOBAL POSITIONING SYSTEM,SHELBY,LORAMIE,2007-07-31,201.0,1018.2000122070312,LIMESTONE,ROTARY,50.0,62.0,115.0,200,2011462
237007,W,DOMESTIC,-84.31862,40.29549,GLOBAL POSITIONING SYSTEM,SHELBY,CYNTHIAN,2007-10-02,202.0,999.7999877929688,LIMESTONE,ROTARY,70.0,65.0,124.0,117,2012847
237082,W,DOMESTIC,-84.02595,40.301179999999995,GLOBAL POSITIONING SYSTEM,SHELBY,PERRY,2006-11-27,281.0,1062.0999755859375,LIMESTONE,ROTARY,30.0,59.0,231.0,222,2007032
237291,W,,-84.354267,40.3727,DIGITIZED,SHELBY,MCLEAN,1949-04-14,63.0,957.7999877929688,GRAVEL,,20.0,15.0,63.0,,56605
237341,W,DOMESTIC,-84.25895,40.47347,GLOBAL POSITIONING SYSTEM,SHELBY,VAN BUREN,2006-10-12,44.0,936.5,GRAVEL,ROTARY,100.0,14.0,41.0,,2006157
237395,W,,-84.38239899999999,40.240978999999996,DIGITIZED,SHELBY,LORAMIE,1958-08-16,85.0,960.7000122070312,GRAVEL,,21.0,14.0,85.0,,198136
237441,W,,-84.333826,40.256257999999995,DIGITIZED,SHELBY,LORAMIE,1951-04-27,93.0,950.7999877929688,SAND,,25.0,12.0,93.0,,47946
237442,W,,-84.33878399999999,40.322266,DIGITIZED,SHELBY,CYNTHIAN,1957-08-22,63.0,990.2000122070312,GRAVEL,,14.0,45.0,63.0,,198111
237703,W,,-84.237492,40.359688,DIGITIZED,SHELBY,TURTLE CREEK,1950-04-24,140.0,716.7999877929688,LIMESTONE,,24.0,48.0,70.0,75,66594
237784,W,DOMESTIC,-84.09512,40.4632,GLOBAL POSITIONING SYSTEM,SHELBY,JACKSON,2008-10-14,83.0,1052.9000244140625,GRAVEL & SAND,ROTARY,60.0,44.300000000000004,80.0,,2019257
237856,W,DOMESTIC,-84.22533,40.27435,GLOBAL POSITIONING SYSTEM,SHELBY,TURTLE CREEK,2009-09-30,156.0,982.0999755859375,LIMESTONE,ROTARY,75.0,38.0,105.0,100,2024269
238038,W,DOMESTIC,-84.20112999999999,40.388729999999995,GLOBAL POSITIONING SYSTEM,SHELBY,FRANKLIN,2008-10-13,74.0,1017.2000122070312,GRAVEL & SAND,ROTARY,50.0,40.2,71.0,,2019237
238397,W,AGRIC/IRRIG,-84.24906,40.41646,GLOBAL POSITIONING SYSTEM,SHELBY,VAN BUREN,2010-11-08,302.0,966.2999877929688,LIMESTONE,ROTARY,35.0,22.0,187.0,182,2029946
238491,W,AGRIC/IRRIG,-84.04777,40.34505,GLOBAL POSITIONING SYSTEM,SHELBY,SALEM,2010-06-25,76.0,1046.5,GRAVEL & SAND,ROTARY,30.0,51.800000000000004,73.0,,2027609
238630,W,DOMESTIC,-84.26191999999999,40.39336,GLOBAL POSITIONING SYSTEM,SHELBY,VAN BUREN,2010-04-21,168.0,966.2000122070312,LIMESTONE,ROTARY,30.0,20.0,79.0,65,2026774
238806,W,DOMESTIC,-84.25970000000001,40.35893,GLOBAL POSITIONING SYSTEM,SHELBY,TURTLE CREEK,2011-01-25,102.0,1000.7000122070312,SAND & GRAVEL,ROTARY,27.0,48.300000000000004,99.0,,2030925
238845,W,DOMESTIC,-84.096417,40.327549999999995,GLOBAL POSITIONING SYSTEM,SHELBY,SALEM,2011-02-23,45.0,970.5999755859375,SAND & GRAVEL,ROTARY,25.0,25.0,43.0,,2031348
238926,W,DOMESTIC,-84.22931,40.465109999999996,GLOBAL POSITIONING SYSTEM,SHELBY,VAN BUREN,2013-07-02,91.0,979.5,SAND & GRAVEL,ROTARY,60.0,44.9,88.0,,2043480
238950,W,AGRIC/IRRIG,-84.3541,40.33695,GLOBAL POSITIONING SYSTEM,SHELBY,MCLEAN,2013-08-12,108.0,966.0,SAND & GRAVEL,ROTARY,30.0,37.4,104.0,,2044016
239132,W,DOMESTIC,-84.09694999999999,40.39637,GLOBAL POSITIONING SYSTEM,SHELBY,JACKSON,2014-09-05,96.0,1048.5999755859375,SAND & GRAVEL,ROTARY,10.0,31.0,94.0,,2049009
239240,W,DOMESTIC,-84.20485,40.223169999999996,GLOBAL POSITIONING SYSTEM,SHELBY,ORANGE,2016-01-15,129.0,,LIMESTONE,ROTARY,20.0,28.5,29.0,1,2055663
239249,W,DOMESTIC,-84.22524,40.26516,GLOBAL POSITIONING SYSTEM,SHELBY,WASHINGTON,2015-09-17,143.0,976.5999755859375,LIMESTONE,ROTARY,15.0,24.0,67.0,62,2053817
239259,W,AGRIC/IRRIG,-84.39356,40.30497,GLOBAL POSITIONING SYSTEM,SHELBY,CYNTHIAN,2016-08-08,239.0,,LIMESTONE,ROTARY,50.0,48.0,105.0,100,2058234
239296,W,DOMESTIC,-84.23160999999999,40.408809999999995,GLOBAL POSITIONING SYSTEM,SHELBY,VAN BUREN,2014-04-04,63.0,965.5,SAND & GRAVEL,ROTARY,25.0,11.0,60.0,,2047009
239306,W,DOMESTIC,-84.26212,40.39416,GLOBAL POSITIONING SYSTEM,SHELBY,VAN BUREN,2014-08-04,122.0,967.2000122070312,LIMESTONE,ROTARY,25.0,21.0,67.0,62,2048461
239385,W,DOMESTIC,-84.37982,40.23421,GLOBAL POSITIONING SYSTEM,SHELBY,LORAMIE,2014-08-19,98.0,966.7999877929688,SAND & GRAVEL,ROTARY,30.0,27.6,95.0,,2048701
239395,W,DOMESTIC,-84.2217,40.37448,GLOBAL POSITIONING SYSTEM,SHELBY,TURTLE CREEK,2017-05-23,82.0,,SAND & GRAVEL,ROTARY,30.0,55.0,79.0,,2062537
239547,W,DOMESTIC,-84.32043999999999,40.22808,GLOBAL POSITIONING SYSTEM,SHELBY,LORAMIE,2016-05-09,134.0,,SAND & GRAVEL,ROTARY,30.0,43.0,131.0,,2056977
239701,W,DOMESTIC,-84.06710000000001,40.232517,GLOBAL POSITIONING SYSTEM,SHELBY,GREEN,2017-09-14,126.0,,SAND & GRAVEL,ROTARY,20.0,32.0,124.0,,2064748
239822,W,DOMESTIC,-84.20302,40.46006,GLOBAL POSITIONING SYSTEM,SHELBY,DINSMORE,2018-03-07,78.0,,SAND & GRAVEL,ROTARY,20.0,58.0,75.0,,2066960
239893,W,DOMESTIC,-84.271365,40.210027,DIGITAL MAP,SHELBY,WASHINGTON,1999-07-09,169.0,,GRAVEL,ROTARY,65.0,86.0,165.0,,885716
239894,W,DOMESTIC,-84.26136,40.394259999999996,GLOBAL POSITIONING SYSTEM,SHELBY,VAN BUREN,2020-04-27,136.0,,LIMESTONE,ROTARY,15.0,19.0,66.0,,2079362
239902,W,DOMESTIC,-84.39426999999999,40.31343,GLOBAL POSITIONING SYSTEM,SHELBY,CYNTHIAN,2019-12-07,91.0,,SAND & GRAVEL,ROTARY,20.0,59.0,88.0,,2077112
239945,W,DOMESTIC,-84.13414,40.398178,DIGITAL MAP,SHELBY,DINSMORE,1998-11-13,182.0,,LIMESTONE,REVERSE ROTARY,20.0,32.0,155.0,149,886485
239964,W,DOMESTIC,-84.37719,40.20173,GLOBAL POSITIONING SYSTEM,SHELBY,LORAMIE,2019-10-15,161.0,,SAND & GRAVEL,ROTARY,15.0,17.0,158.0,,2076206
239987,W,DOMESTIC,-84.367431,40.367430999999996,DIGITAL MAP,SHELBY,MCLEAN,1998-04-27,75.0,,GRAVEL & SAND,AIR ROTARY,20.0,20.0,73.0,,871307
240054,W,,-84.163208,40.267795,DIGITIZED,SHELBY,CLINTON,1956-02-17,50.0,733.2999877929688,LIMESTONE,,20.0,18.0,21.0,21,160161
240073,W,MONITOR,-84.245277,40.210555,DIGITAL MAP,SHELBY,WASHINGTON,2000-05-23,20.0,,SAND & GRAVEL,AUGER,,18.7,15.0,,901033
240074,W,DOMESTIC,-84.234151,40.250443,DIGITAL MAP,SHELBY,WASHINGTON,1999-07-14,149.0,,LIMESTONE,ROTARY,20.0,43.0,86.0,76,899061
240077,W,DOMESTIC,-84.41093,40.29331,GLOBAL POSITIONING SYSTEM,SHELBY,CYNTHIAN,2018-05-25,199.0,,LIMESTONE,ROTARY,15.0,61.0,125.0,,2068028
240081,W,DOMESTIC,-84.291945,40.387688999999995,DIGITAL MAP,SHELBY,VAN BUREN,1999-11-10,158.0,,LIMESTONE,ROTARY,20.0,16.0,72.0,66,905939
240086,W,DOMESTIC,-84.11587,40.2868,GLOBAL POSITIONING SYSTEM,SHELBY,PERRY,2012-01-10,106.0,722.7999877929688,SAND & GRAVEL,ROTARY,125.0,26.8,103.0,,2036146
240089,W,DOMESTIC,-84.03768,40.35536,GLOBAL POSITIONING SYSTEM,SHELBY,SALEM,2020-03-13,222.0,,LIMESTONE,ROTARY,15.0,35.0,150.0,,2078532
240097,W,DOMESTIC,-84.24468,40.286887,GLOBAL POSITIONING SYSTEM,SHELBY,TURTLE CREEK,2011-02-23,122.0,1025.800048828125,LIMESTONE,ROTARY,27.0,41.6,71.0,65,2031135
240142,W,DOMESTIC,-84.266204,40.336878999999996,DIGITAL MAP,SHELBY,TURTLE CREEK,1999-01-26,142.0,,LIMESTONE,ROTARY,25.0,38.0,96.0,87,889083
240143,W,DOMESTIC,-84.228572,40.365793,DIGITAL MAP,SHELBY,TURTLE CREEK,1998-03-05,101.0,,GRAVEL,ROTARY,50.0,58.0,99.0,,871247
240212,W,DOMESTIC,-84.15277999999999,40.409208,DIGITAL MAP,SHELBY,DINSMORE,1999-05-10,94.0,,GRAVEL & SAND,ROTARY,20.0,43.0,91.0,,894798
240233,W,DOMESTIC,-84.34899899999999,40.226310999999995,DIGITAL MAP,SHELBY,LORAMIE,1998-02-23,60.0,,GRAVEL & SAND,AIR ROTARY,20.0,28.0,55.5,,871234
240234,W,DOMESTIC,-84.394472,40.241712,DIGITAL MAP,SHELBY,LORAMIE,1999-05-12,82.0,,GRAVEL & SAND,AIR ROTARY,25.0,8.0,76.0,,871324
240284,W,DOMESTIC,-84.342034,40.238437999999995,DIGITAL MAP,SHELBY,LORAMIE,1999-07-06,181.0,,LIMESTONE,AIR ROTARY,20.0,40.0,105.0,99,897214
240285,W,DOMESTIC,-84.375945,40.198096,DIGITAL MAP,SHELBY,LORAMIE,1999-07-22,50.0,,GRAVEL & SAND,CABLE TOOL,12.0,20.0,46.0,,887395
240296,W,DOMESTIC,-84.149425,40.338947999999995,DIGITAL MAP,SHELBY,FRANKLIN,2000-11-28,216.0,,LIMESTONE,ROTARY,20.0,61.0,142.5,137,924255
240408,W,DOMESTIC,-84.34085,40.33661,GLOBAL POSITIONING SYSTEM,SHELBY,MCLEAN,2018-06-29,101.0,,SAND & GRAVEL,ROTARY,25.0,37.0,98.0,,2068581
240467,W,,-84.25739899999999,40.395787,DGS SURFICIAL MAPPING,SHELBY,VAN BUREN,,247.0,970.5,LIMESTONE,,48.0,16.0,65.0,65,88258
245441,W,,-84.181953,40.217119,DIGITIZED,SHELBY,ORANGE,1956-11-19,125.0,1003.0999755859375,LIMESTONE,,10.0,42.0,90.0,90,198809
245442,W,,-84.163279,40.236602,DIGITIZED,SHELBY,ORANGE,1960-05-16,85.0,1026.199951171875,GRAVEL,,12.0,56.0,85.0,,246629
245443,W,,-84.111435,40.254667999999995,DIGITIZED,SHELBY,ORANGE,1970-01-21,137.0,632.7999877929688,SAND & GRAVEL,,16.0,15.5,1.0,,382940
245444,W,,-84.35477,40.24825,,SHELBY,LORAMIE,1979-09-11,82.0,947.2999877929688,GRAVEL,,15.0,20.0,82.0,,561279
245460,W,DOMESTIC,-84.207391,40.265844,,SHELBY,WASHINGTON,1995-02-16,168.0,754.5999755859375,LIMESTONE,ROTARY,20.0,54.0,93.0,88,809114
245461,W,,-84.229193,40.265422,,SHELBY,WASHINGTON,1973-03-02,80.0,887.2999877929688,LIMESTONE,,10.0,35.0,78.0,78,448432
245554,W,,-84.139022,40.30478,DIGITIZED,SHELBY,CLINTON,1951-12-29,30.0,940.7000122070312,GRAVEL,,10.0,7.0,30.0,,24260
245573,W,,-84.37613999999999,40.22034,,SHELBY,LORAMIE,1977-05-04,66.0,975.5999755859375,GRAVEL,,10.0,20.0,66.0,,508474
245574,W,DOMESTIC,-84.35445,40.24831,,SHELBY,LORAMIE,1996-12-10,130.0,946.0,SAND & GRAVEL,ROTARY,100.0,17.0,126.0,,849725
245582,W,DOMESTIC,-84.29464999999999,40.283409999999996,,SHELBY,CYNTHIAN,1995-06-05,161.0,1002.7999877929688,LIMESTONE,ROTARY,20.0,61.0,117.0,113,814077
245583,W,,-84.20899899999999,40.468388999999995,DIGITIZED,SHELBY,DINSMORE,1963-09-02,180.0,1007.9000244140625,LIMESTONE,,20.0,78.0,148.0,145,286633
245584,W,,-84.154962,40.395741,DGS SURFICIAL MAPPING,SHELBY,DINSMORE,1982-09-27,260.0,1058.4000244140625,LIMESTONE,,20.0,58.0,219.0,210,620156
245588,W,,-84.41622199999999,40.338394,DIGITIZED,SHELBY,MCLEAN,1958-10-03,168.0,960.0999755859375,LIMESTONE,,21.0,12.5,168.0,160,198140
245589,W,,-84.39661699999999,40.233427,DIGITIZED,SHELBY,LORAMIE,1953-02-04,69.0,970.7000122070312,LIMESTONE,,5.0,15.0,50.0,50,93343
245590,W,,-84.35468,40.215441,DIGITIZED,SHELBY,LORAMIE,1953-01-01,56.0,975.5,GRAVEL,,20.0,36.0,56.0,,86277
245591,W,,-84.21750899999999,40.287912999999996,DIGITIZED,SHELBY,TURTLE CREEK,1957-06-21,77.0,718.9000244140625,LIMESTONE,,12.0,31.0,57.0,55,198659
245592,W,MUNICIPAL,-84.37156,40.34806,GLOBAL POSITIONING SYSTEM,SHELBY,MCLEAN,1991-05-09,302.0,955.0,SHALE,ROTARY,130.0,17.0,140.0,135,732254
245593,W,,-84.264713,40.401630999999995,DIGITIZED,SHELBY,VAN BUREN,1964-06-03,60.0,958.5,GRAVEL,,45.0,9.5,60.0,,310572
245677,W,,-84.236904,40.360177,DIGITIZED,SHELBY,TURTLE CREEK,1950-11-14,160.0,549.2000122070312,LIMESTONE,,,48.0,101.0,102,30783
245678,W,,-84.322339,40.303439,DIGITIZED,SHELBY,CYNTHIAN,1954-03-15,106.0,1004.2999877929688,GRAVEL,,10.0,62.0,106.0,,43299
245681,W,,-84.36779899999999,40.274372,DIGITIZED,SHELBY,CYNTHIAN,1954-12-29,65.0,955.7000122070312,GRAVEL,,20.0,15.0,65.0,,132372
247585,W,DOMESTIC,-84.34154,40.227109999999996,GEOCODE,SHELBY,LORAMIE,1997-07-03,84.0,958.5999755859375,GRAVEL & SAND,ROTARY,20.0,22.0,81.0,,857595
247619,W,DOMESTIC,-84.41327,40.23005,GEOCODE,SHELBY,LORAMIE,1997-10-15,120.0,975.2999877929688,LIMESTONE,ROTARY,20.0,20.0,113.0,110,864563
248458,W,DOMESTIC,-84.18964,40.22875,GEOCODE,SHELBY,ORANGE,2001-08-24,159.0,997.9000244140625,CLAY & ROCK,ROTARY,30.0,22.0,62.0,7,934650
248554,W,DOMESTIC,-84.30032,40.249500000000005,GEOCODE,SHELBY,WASHINGTON,2001-03-19,115.0,982.9000244140625,GRAVEL & SAND,ROTARY,20.0,83.0,112.0,,928480
248613,W,DOMESTIC,-84.11269,40.31969,GEOCODE,SHELBY,SALEM,2002-02-11,282.0,1030.5,LIMESTONE,ROTARY,15.0,70.0,186.0,222,942326
248695,W,DOMESTIC,-84.100583,40.345783999999995,GEOCODE,SHELBY,SALEM,2001-03-29,83.0,639.4000244140625,GRAVEL,ROTARY,20.0,61.0,80.0,,928489
248732,W,DOMESTIC,-84.292705,40.447781,DGS SURFICIAL MAPPING,SHELBY,VAN BUREN,2002-07-25,179.0,981.4000244140625,LIMESTONE,ROTARY,15.0,66.0,111.0,100,948492
248970,W,DOMESTIC,-84.132531,40.380973999999995,DGS SURFICIAL MAPPING,SHELBY,FRANKLIN,2003-03-07,75.0,1023.7999877929688,SAND & GRAVEL,ROTARY,40.0,13.0,72.0,61,959132
249023,W,AGRIC/IRRIG,-84.19869,40.423919999999995,GEOCODE,SHELBY,DINSMORE,2002-06-17,60.0,985.0,GRAVEL,ROTARY,80.0,22.0,57.0,,945146
249072,W,DOMESTIC,-84.260183,40.432784,DGS SURFICIAL MAPPING,SHELBY,VAN BUREN,2002-10-01,137.0,981.2000122070312,GRAVEL & CLAY,ROTARY,25.0,41.0,135.0,,951783
249191,W,DOMESTIC,-84.33650999999999,40.292829999999995,GEOCODE,SHELBY,CYNTHIAN,2002-10-07,80.0,988.2000122070312,GRAVEL & CLAY,ROTARY,75.0,36.0,77.0,,951792
249221,W,AGRIC/IRRIG,-84.35578,40.22661,GEOCODE,SHELBY,LORAMIE,2002-10-24,64.0,962.5999755859375,GRAVEL & SAND,ROTARY,75.0,24.0,62.0,,951825
249334,W,DOMESTIC,-84.24159,40.32989,GLOBAL POSITIONING SYSTEM,SHELBY,TURTLE CREEK,2003-04-19,182.0,1054.800048828125,LIMESTONE,ROTARY,20.0,44.0,100.0,94,961803
249476,W,,-84.19103,40.302309,DIGITIZED,SHELBY,CLINTON,1965-06-29,70.0,737.9000244140625,GRAVEL,,12.0,49.0,70.0,,334326
249513,W,DOMESTIC,-84.35619,40.26894,GLOBAL POSITIONING SYSTEM,SHELBY,LORAMIE,2003-07-15,216.0,1017.5,LIMESTONE,ROTARY,20.0,83.0,147.0,143,965126
249584,W,DOMESTIC,-84.225764,40.410306,DGS SURFICIAL MAPPING,SHELBY,VAN BUREN,2003-11-13,50.0,975.5,SAND,ROTARY,100.0,12.0,48.0,,970587
249615,W,DOMESTIC,-84.39698,40.27798,GLOBAL POSITIONING SYSTEM,SHELBY,CYNTHIAN,2003-06-06,140.0,1001.5999755859375,LIMESTONE,ROTARY,25.0,53.0,92.0,82,961867
249804,W,DOMESTIC,-84.42237,40.248169999999995,GLOBAL POSITIONING SYSTEM,SHELBY,LORAMIE,2003-09-17,162.0,993.5999755859375,LIMESTONE,ROTARY,35.0,29.0,83.0,78,967283
249891,W,DOMESTIC,-84.092513,40.331126,GLOBAL POSITIONING SYSTEM,SHELBY,SALEM,2004-05-07,80.0,687.0999755859375,SAND & GRAVEL,ROTARY,65.0,31.0,80.0,,979877
249896,W,DOMESTIC,-84.27371,40.22802,,SHELBY,WASHINGTON,2004-10-28,142.0,972.7000122070312,ROCK & GRAVEL,ROTARY,30.0,71.0,142.0,,987728
249899,W,DOMESTIC,-84.11502,40.249359999999996,GLOBAL POSITIONING SYSTEM,SHELBY,ORANGE,2003-11-01,116.0,1048.800048828125,SAND & GRAVEL,ROTARY,90.0,23.0,113.0,,970608
250004,W,DOMESTIC,-84.29988999999999,40.202729999999995,GLOBAL POSITIONING SYSTEM,SHELBY,LORAMIE,2004-07-20,79.0,967.4000244140625,SAND & GRAVEL,ROTARY,80.0,25.0,78.0,,982839
250094,W,DOMESTIC,-84.133264,40.395089,DGS SURFICIAL MAPPING,SHELBY,FRANKLIN,2004-08-02,222.0,1034.300048828125,,,30.0,29.0,149.0,142,982861
250375,W,DOMESTIC,-84.32791,40.416976,DGS SURFICIAL MAPPING,SHELBY,MCLEAN,2005-03-22,157.0,986.5,,ROTARY,60.0,52.0,108.0,100,990104
250432,W,DOMESTIC,-84.36211999999999,40.29071,GLOBAL POSITIONING SYSTEM,SHELBY,CYNTHIAN,2005-12-12,105.0,1005.9000244140625,GRAVEL & SAND,ROTARY,30.0,76.0,101.0,,2000566
250476,W,DOMESTIC,-84.1205,40.4025,GLOBAL POSITIONING SYSTEM,SHELBY,DINSMORE,2004-11-23,142.0,1036.800048828125,,ROTARY,130.0,28.0,107.0,99,987228
250520,W,DOMESTIC,-84.14878999999999,40.330619999999996,GLOBAL POSITIONING SYSTEM,SHELBY,FRANKLIN,2006-03-14,82.0,997.5,GRAVEL & SAND,ROTARY,60.0,44.0,78.0,,2001752
250680,W,DOMESTIC,-84.22250000000001,40.43109,GLOBAL POSITIONING SYSTEM,SHELBY,VAN BUREN,2005-08-23,98.0,970.7000122070312,GRAVEL & SAND,ROTARY,105.0,19.0,96.0,,995972
250694,W,DOMESTIC,-84.00867,40.376689999999996,GLOBAL POSITIONING SYSTEM,SHELBY,SALEM,2005-08-04,91.0,963.4000244140625,GRAVEL & SAND,ROTARY,25.0,19.0,90.0,,995930
250863,W,,-84.094534,40.339932,DIGITIZED,SHELBY,SALEM,1965-05-20,76.0,614.7999877929688,GRAVEL,,5.0,10.0,76.0,,316005
250887,W,,-84.138579,40.213614,DIGITIZED,SHELBY,ORANGE,1962-07-19,147.0,1060.199951171875,GRAVEL,,12.0,38.0,147.0,,282616
250900,W,,-84.33569899999999,40.366825,DIGITIZED,SHELBY,MCLEAN,1959-05-27,85.0,960.0999755859375,GRAVEL,,16.0,12.0,85.0,,198698
251228,W,DOMESTIC,-84.29227999999999,40.278549999999996,GLOBAL POSITIONING SYSTEM,SHELBY,TURTLE CREEK,2006-07-12,174.0,982.5,LIMESTONE,ROTARY,30.0,43.0,112.0,107,2003953
251261,W,DOMESTIC,-84.26562,40.402719999999995,GLOBAL POSITIONING SYSTEM,SHELBY,VAN BUREN,2006-07-22,66.0,959.7999877929688,GRAVEL & SAND,ROTARY,100.0,10.0,63.0,,2004033
252068,W,DOMESTIC,-84.02812999999999,40.3012,GLOBAL POSITIONING SYSTEM,SHELBY,PERRY,2007-05-24,261.0,546.0,LIMESTONE,ROTARY,35.0,56.800000000000004,185.0,221,2009882
252360,W,,-84.22149399999999,40.330093,DIGITIZED,SHELBY,TURTLE CREEK,1950-05-26,67.0,1036.0999755859375,GRAVEL,,,44.0,67.0,,30774
252361,W,,-84.118948,40.237421999999995,DIGITIZED,SHELBY,ORANGE,1962-06-04,118.0,1063.699951171875,SAND,,,30.0,118.0,,269710
252388,W,,-84.245513,40.289584,DIGITIZED,SHELBY,TURTLE CREEK,1960-05-19,44.0,647.7999877929688,GRAVEL,,12.0,30.0,44.0,,246631
252528,W,,-84.34335999999999,40.325706,DIGITIZED,SHELBY,CYNTHIAN,1969-11-04,124.0,984.0,GRAVEL,,28.0,41.0,124.0,,398863
252541,W,,-84.055883,40.41623,DIGITIZED,SHELBY,JACKSON,1953-11-06,66.0,1036.0,GRAVEL,,20.0,19.0,66.0,,122151
252785,W,,-84.237799,40.265339999999995,DIGITIZED,SHELBY,WASHINGTON,1969-03-04,72.0,829.2000122070312,LIMESTONE,,20.0,20.0,69.0,69,336553
252912,W,OBSERVATION,-84.249467,40.2288,GLOBAL POSITIONING SYSTEM,SHELBY,WASHINGTON,2008-08-01,105.0,900.0,SILT/SAND/GRAVEL,AUGER,,22.0,95.0,,2020286
252913,W,OBSERVATION,-84.255083,40.225432999999995,GLOBAL POSITIONING SYSTEM,SHELBY,WASHINGTON,2008-06-09,70.0,894.2000122070312,SILT/SAND/GRAVEL,AUGER,,6.0,60.0,114,2020292
253009,W,AGRIC/IRRIG,-84.37626999999999,40.251979999999996,GLOBAL POSITIONING SYSTEM,SHELBY,LORAMIE,2010-03-16,84.0,991.2000122070312,GRAVEL,ROTARY,14.0,59.0,81.0,,2026471
253037,W,DOMESTIC,-84.28822,40.364239999999995,GLOBAL POSITIONING SYSTEM,SHELBY,TURTLE CREEK,2009-08-25,125.0,978.5,LIMESTONE,ROTARY,45.0,30.0,85.0,79,2023682
253038,W,DOMESTIC,-84.14376999999999,40.331858,,SHELBY,FRANKLIN,2008-07-01,80.0,950.9000244140625,GRAVEL,ROTARY,10.0,51.0,,,1008416
253309,W,DOMESTIC,-84.3763,40.20136,GLOBAL POSITIONING SYSTEM,SHELBY,LORAMIE,2008-04-24,56.0,978.2999877929688,GRAVEL & SAND,ROTARY,70.0,14.4,54.0,,2016215
253453,W,AGRIC/IRRIG,-84.12071,40.33508,GLOBAL POSITIONING SYSTEM,SHELBY,SALEM,2011-07-27,139.0,1049.699951171875,SAND & GRAVEL,ROTARY,90.0,55.7,136.0,,2033921
253472,W,HTG/COOLING,-84.04307,40.46279,GLOBAL POSITIONING SYSTEM,SHELBY,JACKSON,2011-06-02,106.0,1017.7999877929688,SAND & GRAVEL,ROTARY,300.0,8.0,103.0,,2032591
253536,W,DOMESTIC,-84.37227,40.32907,GLOBAL POSITIONING SYSTEM,SHELBY,CYNTHIAN,2011-05-12,179.0,961.0,LIMESTONE,ROTARY,60.0,29.0,139.0,178,2032288
253595,W,DOMESTIC,-84.13618,40.48162,GLOBAL POSITIONING SYSTEM,SHELBY,DINSMORE,2012-05-15,195.0,994.9000244140625,LIMESTONE,ROTARY,90.0,19.400000000000002,150.0,145,2037585
253700,W,DOMESTIC,-84.1174,40.289500000000004,GLOBAL POSITIONING SYSTEM,SHELBY,PERRY,2012-04-27,254.0,981.7999877929688,LIMESTONE,ROTARY,32.0,65.0,179.0,156,2037371
253768,W,DOMESTIC,-84.34796,40.35226,GLOBAL POSITIONING SYSTEM,SHELBY,MCLEAN,2012-12-18,202.0,961.7000122070312,LIMESTONE,ROTARY,30.0,29.8,161.0,156,2041208
253919,W,DOMESTIC,-84.11976,40.34594,GLOBAL POSITIONING SYSTEM,SHELBY,SALEM,2011-10-13,150.0,1059.0999755859375,CLAY,ROTARY,,,,,2034973
253929,W,DOMESTIC,-84.33424,40.24395,GLOBAL POSITIONING SYSTEM,SHELBY,LORAMIE,2011-09-19,122.0,960.0,SAND & GRAVEL,ROTARY,120.0,35.6,119.0,,2034506
253972,W,DOMESTIC,-84.232563,40.251315,GLOBAL POSITIONING SYSTEM,SHELBY,WASHINGTON,2013-08-01,123.0,1006.7999877929688,LIMESTONE,AIR ROTARY,60.0,16.0,64.0,49,2044068
254019,W,DOMESTIC,-84.23062999999999,40.39456,GLOBAL POSITIONING SYSTEM,SHELBY,VAN BUREN,2013-02-26,90.0,986.0999755859375,SAND & GRAVEL,ROTARY,95.0,32.0,86.0,,2042069
254051,W,DOMESTIC,-84.352244,40.371013,DGS SURFICIAL MAPPING,SHELBY,MCLEAN,2013-04-22,82.0,956.9000244140625,SAND & GRAVEL,ROTARY,80.0,26.0,79.0,,2042634
254096,W,DOMESTIC,-84.26131,40.39253,GLOBAL POSITIONING SYSTEM,SHELBY,VAN BUREN,2013-11-19,159.0,969.5999755859375,LIMESTONE,ROTARY,15.0,21.400000000000002,71.0,61,2045597
254197,W,DOMESTIC,-84.24213,40.411339999999996,GLOBAL POSITIONING SYSTEM,SHELBY,VAN BUREN,2015-01-16,133.0,968.4000244140625,SAND & GRAVEL,ROTARY,25.0,14.6,130.0,,2050782
254306,W,DOMESTIC,-84.40635999999999,40.26869,GLOBAL POSITIONING SYSTEM,SHELBY,LORAMIE,2015-09-29,91.0,996.0999755859375,SAND & GRAVEL,ROTARY,20.0,53.0,88.0,,2054001
254328,W,DOMESTIC,-84.09591999999999,40.43286,GLOBAL POSITIONING SYSTEM,SHELBY,JACKSON,2014-10-28,59.0,1044.0999755859375,SAND & GRAVEL,ROTARY,15.0,27.0,56.0,,2049792
254485,W,DOMESTIC,-84.37807,40.272729999999996,GLOBAL POSITIONING SYSTEM,SHELBY,CYNTHIAN,2016-06-28,91.0,,SAND & GRAVEL,ROTARY,25.0,62.0,88.0,,2057611
254504,W,DOMESTIC,-84.09346,40.334869999999995,GLOBAL POSITIONING SYSTEM,SHELBY,SALEM,2016-01-29,266.0,,SAND & GRAVEL,ROTARY,25.0,62.0,263.0,,2055821
254533,W,DOMESTIC,-84.33962,40.22819,GLOBAL POSITIONING SYSTEM,SHELBY,LORAMIE,2014-12-08,145.0,970.2000122070312,LIMESTONE,ROTARY,15.0,32.0,89.0,85,2050396
254549,W,DOMESTIC,-84.08937999999999,40.42481,GLOBAL POSITIONING SYSTEM,SHELBY,JACKSON,2014-07-11,66.0,1036.4000244140625,SAND & GRAVEL,ROTARY,25.0,16.5,63.0,,2048102
254674,W,DOMESTIC,-84.14783,40.46758,GLOBAL POSITIONING SYSTEM,SHELBY,DINSMORE,2016-06-14,243.0,,LIMESTONE,ROTARY,15.0,28.0,178.0,170,2057431
254995,W,DOMESTIC,-84.21310199999999,40.452934,DIGITAL MAP,SHELBY,DINSMORE,2000-11-10,102.0,,SAND & GRAVEL,ROTARY,20.0,45.0,99.5,,924238
255046,W,AGRIC/IRRIG,-84.31225599999999,40.21714,DIGITAL MAP,SHELBY,LORAMIE,2000-07-05,228.0,,LIMESTONE,AIR ROTARY,23.0,49.0,124.0,118,915437
255047,W,DOMESTIC,-84.188508,40.358101999999995,DIGITAL MAP,SHELBY,FRANKLIN,1999-06-25,141.0,,GRAVEL & SAND,ROTARY,50.0,63.0,139.0,,897192
255134,W,AGRIC/IRRIG,-84.3103,40.22871,GLOBAL POSITIONING SYSTEM,SHELBY,LORAMIE,2019-01-17,133.0,,SAND & GRAVEL,ROTARY,25.0,51.0,130.0,,2071864
255139,W,AGRIC/IRRIG,-84.30691,40.407759999999996,GLOBAL POSITIONING SYSTEM,SHELBY,MCLEAN,2019-09-17,162.0,,LIMESTONE,ROTARY,20.0,36.0,82.0,,2075611
255165,W,DOMESTIC,-84.106387,40.331112,DIGITAL MAP,SHELBY,SALEM,1999-10-14,48.0,,GRAVEL & SAND,AIR ROTARY,60.0,23.0,46.0,,902954
255170,W,DOMESTIC,-84.28132,40.370380999999995,DIGITAL MAP,SHELBY,TURTLE CREEK,1999-07-12,148.0,,LIMESTONE,ROTARY,20.0,21.0,96.5,91,899051
255171,W,DOMESTIC,-84.265604,40.325585,DIGITAL MAP,SHELBY,TURTLE CREEK,2000-01-27,222.0,,LIMESTONE,ROTARY,15.0,74.0,108.0,102,908454
255172,W,DOMESTIC,-84.135098,40.393111999999995,DIGITAL MAP,SHELBY,FRANKLIN,1999-12-01,162.0,,LIMESTONE,ROTARY,20.0,27.0,141.0,134,905986
255228,W,DOMESTIC,-84.20970799999999,40.326791,DIGITAL MAP,SHELBY,TURTLE CREEK,1999-03-30,83.0,944.5,SAND & GRAVEL,ROTARY,50.0,34.0,80.5,,894736
255240,W,DOMESTIC,-84.15543,40.331289999999996,GLOBAL POSITIONING SYSTEM,SHELBY,FRANKLIN,2017-10-26,142.0,,LIMESTONE,ROTARY,18.0,56.0,114.0,105,2065168
255320,W,DOMESTIC,-84.13644,40.450995999999996,DIGITAL MAP,SHELBY,DINSMORE,2000-06-06,75.0,,GRAVEL & SAND,ROTARY,20.0,42.0,73.0,,915395
255326,W,DOMESTIC,-84.338118,40.461963,DIGITAL MAP,SHELBY,VAN BUREN,1999-08-20,135.0,,LIMESTONE,ROTARY,26.0,44.0,77.0,71,902315
255442,W,,-84.351417,40.371148999999996,DIGITIZED,SHELBY,MCLEAN,1959-06-19,67.0,957.5999755859375,GRAVEL,,20.0,15.0,67.0,,230158
255475,W,DOMESTIC,-84.12959699999999,40.381276,DIGITAL MAP,SHELBY,FRANKLIN,2000-08-03,87.0,,GRAVEL & SAND,ROTARY,20.0,17.0,85.0,,918060
255497,W,DOMESTIC,-84.075988,40.24498,DIGITAL MAP,SHELBY,GREEN,1999-07-01,124.0,,LIMESTONE,ROTARY,20.0,34.0,109.0,107,890830
255503,W,DOMESTIC,-84.03272,40.189209999999996,GLOBAL POSITIONING SYSTEM,SHELBY,GREEN,2018-05-16,154.0,,SAND & GRAVEL,ROTARY,25.0,43.0,150.0,,2067868
260394,W,,-84.145485,40.235589,DIGITIZED,SHELBY,ORANGE,1965-01-11,146.0,1042.0999755859375,LIMESTONE,,12.0,56.0,137.0,137,327279
260395,W,,-84.16362,40.237075,DIGITIZED,SHELBY,ORANGE,1959-09-16,86.0,1024.5999755859375,GRAVEL,,12.0,56.0,86.0,,229941
260407,W,DOMESTIC,-84.237021,40.266903,,SHELBY,WASHINGTON,1990-11-29,50.0,962.2999877929688,SAND,ROTARY,50.0,14.0,35.0,,721049
260497,W,,-84.39268299999999,40.324028999999996,DIGITIZED,SHELBY,CYNTHIAN,1952-08-13,177.0,974.2999877929688,LIMESTONE,,,33.0,158.0,157,30799
260503,W,,-84.33554099999999,40.368037,DIGITIZED,SHELBY,MCLEAN,1950-04-18,100.0,956.5,GRAVEL & CLAY,,20.0,15.0,100.0,,56628
260511,W,,-84.35508999999999,40.24818,,SHELBY,LORAMIE,1980-08-13,115.0,940.4000244140625,GRAVEL,,25.0,17.0,117.0,,571292
260523,W,,-84.181663,40.277096,DIGITIZED,SHELBY,CLINTON,1963-08-01,300.0,1026.0999755859375,SHALE,,175.0,48.0,112.0,111,273137
260524,W,,-84.199834,40.284127999999995,DIGITIZED,SHELBY,CLINTON,1964-06-15,92.0,1056.0999755859375,LIMESTONE,,12.0,50.0,63.0,80,313956
260526,W,,-84.067419,40.46826,DIGITIZED,SHELBY,JACKSON,1957-06-19,242.0,1019.2999877929688,LIMESTONE,,10.0,45.0,198.0,198,179335
260527,W,,-84.09504799999999,40.435018,DIGITIZED,SHELBY,JACKSON,1958-06-21,30.0,1026.800048828125,GRAVEL,,4.0,4.0,31.0,,201630
260528,W,,-84.04090000000001,40.430706,DIGITIZED,SHELBY,JACKSON,1960-06-08,42.0,1036.0999755859375,GRAVEL,,10.0,15.0,42.0,,231125
260530,W,,-84.100991,40.284492,DIGITIZED,SHELBY,PERRY,1954-05-14,40.0,972.5,GRAVEL,,10.0,19.0,40.0,,131166
260531,W,,-84.10234899999999,40.270658,DIGITIZED,SHELBY,PERRY,1955-03-15,28.0,1162.5,SAND & GRAVEL,,20.0,10.0,28.0,,130640
260532,W,,-84.09261099999999,40.264396,DIGITIZED,SHELBY,PERRY,1960-06-23,74.0,883.5,SAND & GRAVEL,,15.0,22.0,74.0,,228591
260533,W,,-84.403988,40.233897,DIGITIZED,SHELBY,LORAMIE,1952-11-13,59.0,969.2000122070312,LIMESTONE,,10.0,8.0,50.0,50,93335
260534,W,,-84.400419,40.211408999999996,DIGITIZED,SHELBY,LORAMIE,1956-05-09,35.0,984.2000122070312,GRAVEL,,15.0,18.0,35.0,,151410
260535,W,,-84.306191,40.207761,DIGITIZED,SHELBY,LORAMIE,1959-09-08,64.0,982.4000244140625,GRAVEL,,21.0,6.0,64.0,,228023
260536,W,,-84.222661,40.283305999999996,DIGITIZED,SHELBY,TURTLE CREEK,1960-09-28,90.0,987.5,LIMESTONE,,12.0,32.0,68.0,65,226719
260537,W,,-84.084868,40.267241999999996,,SHELBY,PERRY,1977-04-15,57.0,982.2000122070312,GRAVEL,,6.0,25.0,57.0,,492032
260538,W,,-84.024433,40.375909,DIGITIZED,SHELBY,SALEM,1957-06-20,80.0,613.5999755859375,SAND & GRAVEL,,,16.0,80.0,,161221
260539,W,,-84.32706499999999,40.474449,DIGITIZED,SHELBY,VAN BUREN,1957-02-22,105.0,925.2000122070312,LIMESTONE,,52.0,16.0,68.0,68,120096
260549,W,,-84.23686099999999,40.265518,DIGITIZED,SHELBY,WASHINGTON,1961-07-24,92.0,1049.0,SAND & GRAVEL,,8.0,36.0,92.0,,226734
260550,W,,-84.234417,40.206503999999995,DIGITIZED,SHELBY,WASHINGTON,1956-05-08,49.0,941.7999877929688,GRAVEL,,3.0,10.0,49.0,,146676
260551,W,,-84.263289,40.210407,DIGITIZED,SHELBY,WASHINGTON,1963-03-22,55.0,945.5,GRAVEL,,12.0,36.0,55.0,,297011
260628,W,,-84.242657,40.286232,DIGITIZED,SHELBY,TURTLE CREEK,1951-02-23,44.0,966.7999877929688,GRAVEL,,10.0,13.0,44.0,,7877
260629,W,,-84.29705,40.424335,DIGITIZED,SHELBY,VAN BUREN,,131.0,981.2000122070312,LIMESTONE,,,31.0,96.0,92,97301
260630,W,,-84.130175,40.46777,DIGITIZED,SHELBY,DINSMORE,1955-05-14,61.0,1012.0999755859375,GRAVEL,,,30.0,61.0,,139059
260631,W,,-84.20227,40.405761,DGS SURFICIAL MAPPING,SHELBY,DINSMORE,1954-05-11,246.0,1003.2000122070312,GRAVEL,,20.0,27.0,246.0,,616231
262545,W,DOMESTIC,-84.135633,40.383151,DGS SURFICIAL MAPPING,SHELBY,FRANKLIN,1997-10-20,45.0,1035.199951171875,GRAVEL & SAND,ROTARY,20.0,22.0,43.0,,864569
262597,W,DOMESTIC,-84.41708,40.2336,GEOCODE,SHELBY,LORAMIE,1997-11-03,61.0,974.5,SAND & GRAVEL,ROTARY,50.0,20.0,59.0,,867118
262598,W,DOMESTIC,-84.33164,40.2398,GEOCODE,SHELBY,LORAMIE,1997-10-29,182.0,970.9000244140625,LIMESTONE,ROTARY,20.0,42.0,132.0,127,867108
262671,W,AGRIC/IRRIG,-84.01888,40.43878,GEOCODE,SHELBY,JACKSON,1998-01-07,53.0,1048.199951171875,GRAVEL,ROTARY,20.0,16.0,50.0,,867188
262672,W,DOMESTIC,-84.31636,40.35985,,SHELBY,MCLEAN,1997-12-30,182.0,967.7999877929688,LIMESTONE,ROTARY,20.0,31.0,117.0,111,867182
263364,W,DOMESTIC,-84.18587,40.395179999999996,GEOCODE,SHELBY,DINSMORE,2001-10-19,302.0,1013.4000244140625,LIMESTONE,ROTARY,15.0,38.0,248.0,234,937840
263538,W,DOMESTIC,-84.136344,40.402935,DGS SURFICIAL MAPPING,SHELBY,DINSMORE,2001-05-07,70.0,1034.699951171875,GRAVEL & SAND,ROTARY,50.0,26.0,67.0,,931628
263667,W,DOMESTIC,-84.134755,40.31165,GEOCODE,SHELBY,SALEM,2002-01-29,168.0,581.2000122070312,LIMESTONE,ROTARY,35.0,54.0,165.0,110,939092
263704,W,DOMESTIC,-84.29800999999999,40.464749999999995,GEOCODE,SHELBY,VAN BUREN,2001-07-19,112.0,929.4000244140625,LIMESTONE,ROTARY,20.0,20.0,88.0,80,931724
263713,W,DOMESTIC,-84.30964,40.31455,GEOCODE,SHELBY,CYNTHIAN,2001-04-04,158.0,1004.0999755859375,LIMESTONE,ROTARY,20.0,68.0,131.0,125,928502
263920,W,DOMESTIC,-84.29711999999999,40.35827,GEOCODE,SHELBY,MCLEAN,2002-05-07,142.0,980.0999755859375,LIMESTONE,ROTARY,40.0,32.0,85.0,77,945200
264030,W,DOMESTIC,-84.32764,40.21055,GEOCODE,SHELBY,LORAMIE,2002-08-22,63.0,1003.5999755859375,GRAVEL,ROTARY,4.0,50.0,62.0,,948535
264038,W,DOMESTIC,-84.34177,40.36981,GEOCODE,SHELBY,MCLEAN,2002-08-28,147.0,952.7999877929688,LIMESTONE,ROTARY,18.0,29.0,107.0,100,948542
264335,W,,-84.261567,40.228076,DIGITIZED,SHELBY,WASHINGTON,1960-09-06,88.0,959.2999877929688,GRAVEL,,12.0,61.0,88.0,,259502
264418,W,,-84.122695,40.383213999999995,DGS SURFICIAL MAPPING,SHELBY,FRANKLIN,,59.0,1031.199951171875,GRAVEL,,18.0,14.0,58.0,,60195
264511,W,DOMESTIC,-84.17661,40.42509,GLOBAL POSITIONING SYSTEM,SHELBY,DINSMORE,2003-07-18,59.0,1012.5,SAND & GRAVEL,ROTARY,25.0,32.0,57.0,,965133
264616,W,DOMESTIC,-84.41224,40.22923,GLOBAL POSITIONING SYSTEM,SHELBY,LORAMIE,2003-12-04,175.0,977.9000244140625,LIMESTONE,ROTARY,,20.0,109.0,100,970556
264811,W,DOMESTIC,-84.15305,40.46863,GLOBAL POSITIONING SYSTEM,SHELBY,DINSMORE,2004-08-31,102.0,998.4000244140625,GRAVEL & SAND,ROTARY,60.0,22.0,100.0,,984740
264814,W,AGRIC/IRRIG,-84.36446,40.344519999999996,GLOBAL POSITIONING SYSTEM,SHELBY,MCLEAN,2003-08-22,96.0,958.0999755859375,SAND & GRAVEL,ROTARY,175.0,21.0,91.0,,965186
264935,W,DOMESTIC,-84.11612,40.37665,GLOBAL POSITIONING SYSTEM,SHELBY,SALEM,2004-06-23,51.0,1042.199951171875,GRAVEL & SAND,ROTARY,60.0,25.0,50.0,,979942
265164,W,DOMESTIC,-84.31266,40.22098,GLOBAL POSITIONING SYSTEM,SHELBY,LORAMIE,2004-11-12,202.0,1006.0999755859375,LIMESTONE,ROTARY,25.0,62.0,143.0,199,987702
265388,W,MONITOR,-84.17939,40.280300000000004,GEOCODE,SHELBY,CLINTON,2005-05-03,20.0,673.0,SILT,AUGER,,,,,991137
265400,W,DOMESTIC,-84.07163,40.4177,GLOBAL POSITIONING SYSTEM,SHELBY,JACKSON,2004-11-08,103.0,1037.5,SAND & GRAVEL,ROTARY,45.0,30.0,104.0,,980752
265437,W,DOMESTIC,-84.09415,40.34435,GLOBAL POSITIONING SYSTEM,SHELBY,SALEM,2006-02-20,102.0,1064.0,GRAVEL,ROTARY,30.0,57.0,101.0,,2001296
265449,W,DOMESTIC,-84.2308,40.4602,GLOBAL POSITIONING SYSTEM,SHELBY,VAN BUREN,2005-11-28,89.0,989.5,GRAVEL & SAND,ROTARY,60.0,49.0,85.0,,2000399
265538,W,MONITOR,-84.176749,40.287752,GEOCODE,SHELBY,CLINTON,2005-06-22,14.0,747.5,UNKNOWN,AUGER,,,4.0,,976647
265548,W,DOMESTIC,-84.07486999999999,40.36246,GLOBAL POSITIONING SYSTEM,SHELBY,SALEM,2005-10-21,56.0,1047.5,GRAVEL & SAND,ROTARY,85.0,26.0,55.0,,2000084
265564,W,DOMESTIC,-84.36375,40.36599,GLOBAL POSITIONING SYSTEM,SHELBY,MCLEAN,2005-10-17,66.0,953.0,GRAVEL & SAND,ROTARY,11.0,31.0,65.0,,2000070
265635,W,DOMESTIC,-84.37610000000001,40.218469999999996,,SHELBY,LORAMIE,1997-09-29,185.0,967.5999755859375,GRAVEL & CLAY,ROTARY,9.0,37.0,91.0,91,862459
265646,W,DOMESTIC,-84.32907999999999,40.212379999999996,GLOBAL POSITIONING SYSTEM,SHELBY,LORAMIE,2006-02-16,93.0,999.0,SAND & GRAVEL,ROTARY,65.0,48.0,91.0,,2001271
265818,W,,-84.099223,40.332035999999995,DIGITIZED,SHELBY,SALEM,1953-05-23,54.0,591.5999755859375,GRAVEL,,20.0,30.0,54.0,,100826
265819,W,,-84.040088,40.33782,DIGITIZED,SHELBY,SALEM,1973-05-10,140.0,986.4000244140625,LIMESTONE,,15.0,0.0,138.0,138,452085
265820,W,,-84.09983799999999,40.327698999999996,DIGITIZED,SHELBY,SALEM,1959-04-10,33.0,977.5999755859375,GRAVEL,,8.0,21.0,33.0,,229455
265845,W,,-84.350044,40.376355,DIGITIZED,SHELBY,MCLEAN,1948-11-30,121.0,962.0,GRAVEL & CLAY,,75.0,19.0,121.0,,42450
265863,W,,-84.397305,40.234024,DIGITIZED,SHELBY,LORAMIE,1964-04-17,78.0,971.0999755859375,LIMESTONE,,12.0,15.0,54.0,54,297681
266251,W,AGRIC/IRRIG,-84.16457,40.333819999999996,GLOBAL POSITIONING SYSTEM,SHELBY,FRANKLIN,2006-08-09,82.0,1023.5,GRAVEL & SAND,ROTARY,30.0,38.0,82.0,,2004427
266711,W,DOMESTIC,-84.27373,40.45607,GLOBAL POSITIONING SYSTEM,SHELBY,VAN BUREN,2007-09-10,114.0,972.5,GRAVEL & SAND,ROTARY,50.0,45.300000000000004,111.0,,2012339
266718,W,DOMESTIC,-84.18898,40.48215,GLOBAL POSITIONING SYSTEM,SHELBY,DINSMORE,2007-09-10,97.0,1007.5,GRAVEL & SAND,ROTARY,100.0,45.4,94.0,,2012338
266881,W,DOMESTIC,-84.18606,40.40922,GLOBAL POSITIONING SYSTEM,SHELBY,DINSMORE,2007-07-03,90.0,1008.7999877929688,GRAVEL & SAND,ROTARY,105.0,25.400000000000002,87.0,,2010722
266888,W,MONITOR,-84.147331,40.279455999999996,GLOBAL POSITIONING SYSTEM,SHELBY,CLINTON,2007-08-14,30.0,1012.7999877929688,SAND & GRAVEL,AUGER,,30.0,30.0,,2011852
267009,W,DOMESTIC,-84.09349,40.26771,GLOBAL POSITIONING SYSTEM,SHELBY,PERRY,2006-12-20,100.0,1055.300048828125,GRAVEL & SAND,ROTARY,100.0,28.0,96.0,,2007457
267149,W,,-84.2399,40.352136,DIGITIZED,SHELBY,TURTLE CREEK,1954-05-17,65.0,1007.5,GRAVEL,,10.0,36.0,65.0,,131167
267297,W,DOMESTIC,-84.06146,40.385979999999996,GLOBAL POSITIONING SYSTEM,SHELBY,JACKSON,2006-10-20,106.0,1060.0999755859375,GRAVEL & SAND,ROTARY,60.0,40.0,102.0,,2006267
267353,W,,-84.093667,40.342427,DIGITIZED,SHELBY,SALEM,1955-06-27,90.0,981.7999877929688,GRAVEL,,15.0,42.0,90.0,,132395
267634,W,,-84.12526299999999,40.231456,DIGITIZED,SHELBY,ORANGE,1956-02-28,62.0,1073.800048828125,GRAVEL,,20.0,22.0,62.0,,166771
267658,W,,-84.37248199999999,40.354209999999995,DIGITIZED,SHELBY,MCLEAN,1960-09-29,73.0,945.7999877929688,GRAVEL,,100.0,4.0,73.0,,230193
267715,W,OBSERVATION,-84.254717,40.2325,GLOBAL POSITIONING SYSTEM,SHELBY,WASHINGTON,2008-08-13,60.0,895.4000244140625,SILT/SAND/GRAVEL,AUGER,,8.0,50.0,,2020298
267757,W,OTHER,-84.25865,40.34456,GLOBAL POSITIONING SYSTEM,SHELBY,TURTLE CREEK,2009-04-06,178.0,1007.0,LIMESTONE,ROTARY,40.0,48.0,124.0,177,2021715
267778,W,DOMESTIC,-84.09331,40.344500000000004,GLOBAL POSITIONING SYSTEM,SHELBY,SALEM,2009-09-15,100.0,1060.199951171875,SAND/GRAVEL/BOULDERS,ROTARY,25.0,58.2,98.0,,2024031
267798,W,DOMESTIC,-84.10795499999999,40.36307,GEOCODE,SHELBY,SALEM,2008-09-19,104.0,823.7999877929688,GRAVEL,AIR ROTARY,40.0,55.0,101.0,,2018774
267991,W,AGRIC/IRRIG,-84.03143,40.427369999999996,GLOBAL POSITIONING SYSTEM,SHELBY,JACKSON,2008-09-08,281.0,1035.0999755859375,LIMESTONE,ROTARY,30.0,34.5,211.0,206,2018551
268113,W,DOMESTIC,-84.35558999999999,40.35311,GLOBAL POSITIONING SYSTEM,SHELBY,MCLEAN,2008-11-17,165.0,954.2999877929688,LIMESTONE,ROTARY,75.0,20.8,113.0,90,2019985
268164,W,DOMESTIC,-84.17363,40.401089999999996,GLOBAL POSITIONING SYSTEM,SHELBY,DINSMORE,2007-12-20,97.0,1032.0,GRAVEL & SAND,ROTARY,120.0,43.6,97.0,,2014395
268453,W,DOMESTIC,-84.13136999999999,40.35642,GLOBAL POSITIONING SYSTEM,SHELBY,SALEM,2010-05-20,267.0,1050.4000244140625,GRAVEL & SAND,ROTARY,90.0,64.0,264.0,,2027128
268459,W,DOMESTIC,-84.36787,40.2768,GLOBAL POSITIONING SYSTEM,SHELBY,CYNTHIAN,2011-02-14,135.0,953.2999877929688,LIMESTONE,ROTARY,30.0,24.3,83.0,78,2031060
268494,W,DOMESTIC,-84.01035999999999,40.39001,GLOBAL POSITIONING SYSTEM,SHELBY,JACKSON,2013-01-04,81.0,1027.699951171875,SAND & GRAVEL,ROTARY,100.0,16.6,79.0,,2041389
268496,W,DOMESTIC,-84.168258,40.352533,GLOBAL POSITIONING SYSTEM,SHELBY,FRANKLIN,2010-10-11,42.0,841.7000122070312,GRAVEL & SAND,ROTARY,85.0,18.400000000000002,40.0,,2029366
268681,W,DOMESTIC,-84.35737999999999,40.223749999999995,GLOBAL POSITIONING SYSTEM,SHELBY,LORAMIE,2011-09-21,132.0,968.9000244140625,SAND & GRAVEL,ROTARY,50.0,31.1,129.0,,2034559
268682,W,DOMESTIC,-84.02646,40.235859999999995,GLOBAL POSITIONING SYSTEM,SHELBY,GREEN,2012-06-18,165.0,1090.5,LIMESTONE,ROTARY,60.0,34.6,129.0,117,2038067
268730,W,DOMESTIC,-84.233262,40.251197,GLOBAL POSITIONING SYSTEM,SHELBY,WASHINGTON,2010-09-08,119.0,870.9000244140625,LIMESTONE,ROTARY,125.0,18.6,63.0,48,2028793
268753,W,DOMESTIC,-84.10316,40.472629999999995,GLOBAL POSITIONING SYSTEM,SHELBY,JACKSON,2011-06-29,118.0,1044.0999755859375,SAND & GRAVEL,ROTARY,45.0,44.6,115.0,,2033018
268797,W,DOMESTIC,-84.09291999999999,40.328739999999996,GLOBAL POSITIONING SYSTEM,SHELBY,SALEM,2011-11-03,54.0,955.7999877929688,SAND & GRAVEL,ROTARY,35.0,10.6,51.0,,2035267
269094,W,DOMESTIC,-84.32106999999999,40.409259999999996,GLOBAL POSITIONING SYSTEM,SHELBY,MCLEAN,2014-09-22,165.0,975.7000122070312,LIMESTONE,ROTARY,20.0,43.0,98.0,80,2049314
269138,W,DOMESTIC,-84.28385,40.41822,GLOBAL POSITIONING SYSTEM,SHELBY,VAN BUREN,2014-09-27,178.0,984.5999755859375,LIMESTONE,ROTARY,25.0,43.0,101.0,88,2049363
269224,W,DOMESTIC,-84.37159,40.29241,GLOBAL POSITIONING SYSTEM,SHELBY,CYNTHIAN,2016-08-08,121.0,,LIMESTONE,ROTARY,15.0,17.0,50.0,39,2058233
269338,W,MONITOR,-84.17499,40.28459,GEOCODE,SHELBY,CLINTON,2014-08-28,11.0,1024.4000244140625,CLAY/SAND/GRAVEL,DIRECT PUSH,,8.0,8.5,,2049245
269471,W,DOMESTIC,-84.34478,40.369189999999996,GLOBAL POSITIONING SYSTEM,SHELBY,MCLEAN,2016-02-02,143.0,,LIMESTONE,ROTARY,25.0,25.0,98.0,90,2055875
269562,W,DOMESTIC,-84.29710999999999,40.42332,GLOBAL POSITIONING SYSTEM,SHELBY,VAN BUREN,2016-09-19,178.0,,LIMESTONE,ROTARY,20.0,49.0,101.0,93,2058973
269767,W,MONITOR,-84.155,40.302222,DIGITAL MAP,SHELBY,CLINTON,2000-07-28,14.0,,SAND,AUGER,,,4.0,,911954
269821,W,DOMESTIC,-84.13500599999999,40.389174,DIGITAL MAP,SHELBY,FRANKLIN,1998-09-07,52.0,,GRAVEL,ROTARY,25.0,19.0,50.0,,883627
269860,W,DOMESTIC,-84.24982,40.42176,GLOBAL POSITIONING SYSTEM,SHELBY,VAN BUREN,2020-03-11,116.0,,SAND & GRAVEL,ROTARY,20.0,35.0,113.0,,2078514
269869,W,DOMESTIC,-84.05552,40.38748,GLOBAL POSITIONING SYSTEM,SHELBY,JACKSON,2020-04-27,95.0,,SAND & GRAVEL,ROTARY,30.0,46.0,92.0,,2079361
269919,W,DOMESTIC,-84.36958,40.297039999999996,GLOBAL POSITIONING SYSTEM,SHELBY,CYNTHIAN,2019-11-18,182.0,,LIMESTONE,ROTARY,25.0,51.0,98.0,,2076815
269934,W,DOMESTIC,-84.22573299999999,40.252494999999996,DIGITAL MAP,SHELBY,WASHINGTON,1998-02-17,153.0,,LIMESTONE,ROTARY,25.0,48.0,86.0,76,871232
269949,W,DOMESTIC,-84.41348099999999,40.244119999999995,DIGITAL MAP,SHELBY,LORAMIE,2000-06-20,106.0,,GRAVEL & SAND,AIR ROTARY,20.0,14.0,,,915415
270013,W,DOMESTIC,-84.191144,40.352623,DIGITAL MAP,SHELBY,FRANKLIN,1998-04-01,254.0,,LIMESTONE,ROTARY,20.0,70.0,197.0,188,871273
270016,W,DOMESTIC,-84.339353,40.260476,DIGITAL MAP,SHELBY,LORAMIE,1998-09-21,95.0,,GRAVEL & SAND,AIR ROTARY,20.0,39.0,93.0,,883656
270017,W,DOMESTIC,-84.342771,40.227667,DIGITAL MAP,SHELBY,LORAMIE,1998-10-14,52.0,,GRAVEL & SAND,AIR ROTARY,35.0,30.0,50.0,,886427
270060,W,DOMESTIC,-84.12863,40.45359,GLOBAL POSITIONING SYSTEM,SHELBY,DINSMORE,2018-03-29,128.0,,SAND & GRAVEL,ROTARY,18.0,44.0,125.0,,2067249
270075,W,DOMESTIC,-84.00946499999999,40.355765,DIGITAL MAP,SHELBY,SALEM,2000-11-15,106.0,575.9000244140625,SAND & GRAVEL,AIR ROTARY,25.0,31.0,103.0,,924242
270077,W,DOMESTIC,-84.334248,40.24326,DIGITAL MAP,SHELBY,LORAMIE,1998-09-03,54.0,,SAND & GRAVEL,ROTARY,15.0,35.0,52.0,,883618
270090,W,DOMESTIC,-84.106039,40.385695,DIGITAL MAP,SHELBY,SALEM,1998-03-06,140.0,,GRAVEL & SAND,AIR ROTARY,20.0,43.0,138.0,,871248
270224,W,DOMESTIC,-84.36796,40.27965,,SHELBY,CYNTHIAN,1991-06-22,140.0,948.7999877929688,LIMESTONE,ROTARY,18.0,29.0,87.0,83,734062
270250,W,DOMESTIC,-84.259051,40.392942999999995,DIGITAL MAP,SHELBY,VAN BUREN,1999-06-22,161.0,,LIMESTONE,ROTARY,20.0,18.0,66.5,61,897183
270257,W,DOMESTIC,-84.093953,40.380303,DIGITAL MAP,SHELBY,SALEM,1999-07-15,117.0,,GRAVEL & SAND,AIR HAMMER,60.0,35.0,112.0,,899063
270258,W,DOMESTIC,-84.112398,40.325956999999995,DIGITAL MAP,SHELBY,SALEM,1998-10-30,90.0,,GRAVEL,AIR ROTARY,20.0,43.0,88.0,,886459
270313,W,DOMESTIC,-84.413991,40.246953,DIGITAL MAP,SHELBY,LORAMIE,2000-05-08,122.0,,LIMESTONE,AIR ROTARY,18.0,30.0,80.5,77,915354
270382,W,DOMESTIC,-84.150255,40.23714,DIGITAL MAP,SHELBY,ORANGE,2000-08-17,146.0,,GRAVEL & SAND,AIR ROTARY,20.0,55.0,142.0,,918037
270433,W,AGRIC/IRRIG,-84.0351,40.294167,GLOBAL POSITIONING SYSTEM,SHELBY,PERRY,2018-08-10,62.0,,SAND & GRAVEL,ROTARY,60.0,13.0,60.0,,2069833
270481,W,,-84.299041,40.391721,DIGITIZED,SHELBY,MCLEAN,1963-04-18,54.0,958.9000244140625,SAND & GRAVEL,,10.0,18.0,54.0,,272729
275361,W,,-84.091961,40.253415,DIGITIZED,SHELBY,GREEN,1964-08-29,90.0,933.9000244140625,GRAVEL,,15.0,6.0,90.0,,327256
275374,W,DOMESTIC,-84.270178,40.227537,,SHELBY,WASHINGTON,1994-09-14,156.0,966.5,SAND & GRAVEL,ROTARY,20.0,64.0,154.0,,801794
275468,W,,-84.38006899999999,40.288807999999996,DIGITIZED,SHELBY,CYNTHIAN,1948-06-03,114.0,996.9000244140625,LIMESTONE,,8.0,62.0,92.0,109,36714
275485,W,DOMESTIC,-84.42228999999999,40.21145,GEOCODE,SHELBY,LORAMIE,1995-08-28,183.0,982.9000244140625,SAND & GRAVEL,ROTARY,20.0,18.0,181.0,,821843
275486,W,DOMESTIC,-84.29833099999999,40.279976999999995,,SHELBY,CYNTHIAN,1991-01-30,141.0,996.5,LIMESTONE,ROTARY,20.0,53.0,111.0,106,724320
275487,W,,-84.022736,40.217984,DIGITIZED,SHELBY,GREEN,1958-06-25,83.0,1105.5999755859375,GRAVEL,,10.0,38.0,83.0,,220324
275496,W,,-84.06597,40.468878,DIGITIZED,SHELBY,JACKSON,1963-10-01,999.0,1022.2000122070312,SAND & GRAVEL,,15.0,29.0,114.0,,272745
275497,W,,-84.299374,40.387647,DIGITIZED,SHELBY,MCLEAN,1953-08-26,25.0,960.0999755859375,GRAVEL,,,14.0,25.0,,82622
275498,W,,-84.027377,40.439628,DIGITIZED,SHELBY,JACKSON,1954-07-29,50.0,1037.300048828125,GRAVEL,,18.0,12.0,50.0,,120077
275499,W,,-84.17363999999999,40.330701999999995,DIGITIZED,SHELBY,FRANKLIN,1956-11-16,80.0,903.5,GRAVEL,,10.0,49.0,80.0,,184878
275500,W,,-84.03405099999999,40.267779,DIGITIZED,SHELBY,PERRY,1961-08-02,77.0,1066.0,SAND & GRAVEL,,10.0,10.0,77.0,,254639
275501,W,,-84.03267,40.294489999999996,DIGITIZED,SHELBY,PERRY,1960-10-11,58.0,607.0,GRAVEL,,2.0,14.0,58.0,,259513
275502,W,,-84.29941699999999,40.387612999999995,DIGITIZED,SHELBY,MCLEAN,1963-09-30,56.0,960.4000244140625,GRAVEL,,15.0,14.0,56.0,,307017
275503,W,,-84.305016,40.393277,DIGITIZED,SHELBY,MCLEAN,1964-11-30,142.0,959.4000244140625,LIMESTONE,,35.0,20.0,61.0,56,305730
275504,W,,-84.299216,40.387277,DIGITIZED,SHELBY,MCLEAN,1967-06-24,89.0,961.5,LIMESTONE,,15.0,11.0,53.0,53,371259
275505,W,,-84.243961,40.287611999999996,DIGITIZED,SHELBY,TURTLE CREEK,1959-12-22,47.0,1037.0,GRAVEL,,10.0,35.0,47.0,,246604
275506,W,,-84.093983,40.329012999999996,DIGITIZED,SHELBY,SALEM,1957-08-11,72.0,934.0999755859375,GRAVEL,,10.0,44.0,72.0,,146693
275509,W,,-84.25979,40.409718999999996,DIGITIZED,SHELBY,VAN BUREN,1962-03-30,111.0,962.2000122070312,LIMESTONE,,,9.0,95.0,93,251574
275519,W,,-84.277014,40.256558,DIGITIZED,SHELBY,WASHINGTON,1957-05-31,114.0,959.0999755859375,LIMESTONE,,8.0,54.0,98.0,95,198656
275528,W,DOMESTIC,-84.118822,40.332041,GEOCODE,SHELBY,SALEM,1997-06-10,58.0,944.7000122070312,GRAVEL & SAND,ROTARY,20.0,38.0,55.0,,857543
275578,W,,-84.20227,40.405761,DGS SURFICIAL MAPPING,SHELBY,DINSMORE,1954-05-11,246.0,1003.2000122070312,GRAVEL,,20.0,27.0,246.0,,132352
275579,W,,-84.195118,40.28127,DIGITIZED,SHELBY,CLINTON,1961-06-25,112.0,1026.800048828125,LIMESTONE,,8.0,62.0,99.0,,226730
277420,W,DOMESTIC,-84.19803399999999,40.394569,DIGITAL MAP,SHELBY,DINSMORE,1996-11-13,91.0,,GRAVEL,ROTARY,30.0,30.0,91.0,,853454
277554,W,DOMESTIC,-84.326567,40.396004999999995,,SHELBY,MCLEAN,1997-12-16,104.0,973.2999877929688,GRAVEL & SAND,ROTARY,75.0,40.0,102.0,,867166
277673,W,DOMESTIC,-84.24920999999999,40.203959999999995,,SHELBY,WASHINGTON,1997-12-04,77.0,923.7000122070312,GRAVEL,CABLE TOOL,18.0,40.0,77.0,,846647
278240,W,DOMESTIC,-84.32433999999999,40.30746,GEOCODE,SHELBY,CYNTHIAN,2001-10-30,197.0,991.2999877929688,LIMESTONE,ROTARY,25.0,48.0,121.0,114,937857
278251,W,DOMESTIC,-84.35228,40.2123,GEOCODE,SHELBY,LORAMIE,2001-11-05,63.0,968.2999877929688,GRAVEL,ROTARY,40.0,29.0,60.0,,939140
278349,W,,-84.36556,40.212129999999995,GEOCODE,SHELBY,LORAMIE,2001-10-10,117.0,975.0,GRAVEL,ROTARY,200.0,34.0,110.0,,869748
278543,W,DOMESTIC,-84.19762,40.42393,GEOCODE,SHELBY,DINSMORE,2001-12-03,60.0,984.0999755859375,GRAVEL,ROTARY,50.0,19.0,57.0,,937905
278639,W,DOMESTIC,-84.17143999999999,40.41703,GEOCODE,SHELBY,DINSMORE,2001-05-05,81.0,1017.5,GRAVEL & SAND,ROTARY,20.0,31.0,78.0,,928536
278883,W,DOMESTIC,-84.298339,40.470186999999996,DGS SURFICIAL MAPPING,SHELBY,VAN BUREN,2002-04-11,139.0,925.2000122070312,LIMESTONE,ROTARY,12.0,30.0,97.0,91,941099
279059,W,,-84.176171,40.255461,DIGITIZED,SHELBY,ORANGE,1949-04-20,30.0,972.7000122070312,LIMESTONE,,,8.0,11.0,11,49592
279103,W,DOMESTIC,-84.293798,40.466389,DGS SURFICIAL MAPPING,SHELBY,VAN BUREN,2003-03-01,195.0,929.9000244140625,LIMESTONE,ROTARY,50.0,17.0,88.0,80,959125
279323,W,,-84.32199299999999,40.294402,DIGITIZED,SHELBY,CYNTHIAN,1958-02-21,131.0,992.2999877929688,LIMESTONE,,10.0,54.0,122.0,120,198678
279362,W,,-84.073764,40.281661,DIGITIZED,SHELBY,PERRY,1959-12-17,41.0,1051.199951171875,GRAVEL,,10.0,10.0,41.0,,246602
279425,W,DOMESTIC,-84.22713,40.25343,GLOBAL POSITIONING SYSTEM,SHELBY,WASHINGTON,2003-06-28,136.0,977.9000244140625,LIMESTONE,ROTARY,18.0,34.0,71.0,62,961816
279442,W,DOMESTIC,-84.228022,40.262968,GEOCODE,SHELBY,WASHINGTON,2003-10-31,141.0,999.2999877929688,LIMESTONE,ROTARY,30.0,39.0,88.0,84,968622
279469,W,DOMESTIC,-84.31356,40.29107,GLOBAL POSITIONING SYSTEM,SHELBY,CYNTHIAN,2003-06-27,158.0,981.9000244140625,LIMESTONE,ROTARY,30.0,46.0,105.0,99,961894
279700,W,AGRIC/IRRIG,-84.33605999999999,40.40369,GLOBAL POSITIONING SYSTEM,SHELBY,MCLEAN,2004-10-25,235.0,968.2999877929688,LIMESTONE,ROTARY,50.0,34.0,137.0,131,987729
279724,W,DOMESTIC,-84.41037999999999,40.228179999999995,GLOBAL POSITIONING SYSTEM,SHELBY,LORAMIE,2004-07-03,51.0,977.0,GRAVEL & SAND,ROTARY,60.0,14.0,49.0,,982801
279730,W,DOMESTIC,-84.26589,40.39248,GLOBAL POSITIONING SYSTEM,SHELBY,VAN BUREN,2003-12-16,128.0,967.0999755859375,LIMESTONE,ROTARY,35.0,14.0,76.0,63,970546
279758,W,DOMESTIC,-84.21958,40.458529999999996,GLOBAL POSITIONING SYSTEM,SHELBY,DINSMORE,2004-06-21,106.0,999.9000244140625,GRAVEL & SAND,ROTARY,65.0,53.0,104.0,,979936
280027,W,DOMESTIC,-84.27192,40.22792,GLOBAL POSITIONING SYSTEM,SHELBY,WASHINGTON,2004-07-16,180.0,976.0,SAND & GRAVEL,ROTARY,15.0,75.0,179.0,,982831
280139,W,DOMESTIC,-84.29890999999999,40.4578,GLOBAL POSITIONING SYSTEM,SHELBY,VAN BUREN,2005-10-12,97.0,942.7999877929688,SAND & GRAVEL,ROTARY,90.0,32.0,95.0,,2000019
280388,W,PRESSURE RELIEF,-84.2412,40.214,GLOBAL POSITIONING SYSTEM,SHELBY,WASHINGTON,2006-03-14,20.0,908.0,SAND & GRAVEL,BUCKET AUGER,,,11.0,,2002254
280695,W,,-84.092191,40.36326,DIGITIZED,SHELBY,SALEM,1955-10-28,225.0,1055.9000244140625,GRAVEL,,,40.0,225.0,,82647
280710,W,,-84.098941,40.327562,DIGITIZED,SHELBY,SALEM,1959-04-07,37.0,558.7000122070312,GRAVEL,,8.0,22.0,37.0,,229454
280748,W,,-84.034083,40.267748,DIGITIZED,SHELBY,PERRY,1956-11-25,86.0,1026.4000244140625,GRAVEL,,30.0,10.0,86.0,,182977
280763,W,DOMESTIC,-84.0689,40.40278,GLOBAL POSITIONING SYSTEM,SHELBY,JACKSON,2006-05-19,179.0,1037.800048828125,LIMESTONE,ROTARY,100.0,16.0,159.0,175,2003071
281845,W,AGRIC/IRRIG,-84.17058999999999,40.47444,GLOBAL POSITIONING SYSTEM,SHELBY,DINSMORE,2007-07-30,282.0,1003.7999877929688,LIMESTONE,ROTARY,125.0,35.5,166.0,162,2011459
282191,W,,-84.032529,40.296005,DIGITIZED,SHELBY,PERRY,1965-09-29,57.0,1041.800048828125,GRAVEL,,12.0,14.0,57.0,,342857
282260,W,DOMESTIC,-84.42702,40.37414,GLOBAL POSITIONING SYSTEM,SHELBY,MCLEAN,2006-11-02,178.0,958.5999755859375,LIMESTONE,ROTARY,40.0,30.0,107.0,101,2006510
282305,W,,-84.09497499999999,40.328666,DIGITIZED,SHELBY,SALEM,1953-09-04,125.0,1031.9000244140625,SAND & GRAVEL,,20.0,25.0,125.0,,108359
282307,W,DOMESTIC,-84.13618,40.309259999999995,GLOBAL POSITIONING SYSTEM,SHELBY,CLINTON,2006-11-13,82.0,951.4000244140625,GRAVEL & SAND,ROTARY,80.0,0.2,78.0,,2006838
282343,W,,-84.34090499999999,40.371758,DIGITIZED,SHELBY,MCLEAN,1950-06-10,90.0,957.2999877929688,GRAVEL,,15.0,17.0,90.0,,56636
282344,W,,-84.134463,40.314323,DIGITIZED,SHELBY,CLINTON,1954-09-09,201.0,533.5999755859375,LIMESTONE,,30.0,80.0,175.0,175,122191
282568,W,,-84.18032,40.442173,DIGITIZED,SHELBY,DINSMORE,1942-06-10,51.0,991.5,GRAVEL,,,33.0,,,9975026
282569,W,,-84.091589,40.329356,DIGITIZED,SHELBY,SALEM,1954-10-28,56.0,794.0999755859375,SAND,,20.0,2.0,56.0,,132368
282586,W,,-84.34317899999999,40.368930999999996,DIGITIZED,SHELBY,MCLEAN,1952-10-27,64.0,956.5,,,,16.0,64.0,,82606
282587,W,,-84.35166,40.358359,DIGITIZED,SHELBY,MCLEAN,1969-06-09,212.0,955.2000122070312,LIMESTONE,,200.0,13.0,110.0,104,392156
282588,W,,-84.146254,40.198701,DIGITIZED,SHELBY,ORANGE,1963-12-24,161.0,1050.699951171875,GRAVEL,,10.0,49.0,161.0,,307039
282718,W,DOMESTIC,-84.22493999999999,40.44553,GLOBAL POSITIONING SYSTEM,SHELBY,VAN BUREN,2009-07-08,81.0,982.0,GRAVEL & SAND,ROTARY,75.0,35.7,78.0,,2022908
282959,W,AGRIC/IRRIG,-84.0776,40.266439999999996,GLOBAL POSITIONING SYSTEM,SHELBY,PERRY,2009-08-12,250.0,1040.699951171875,LIMESTONE,ROTARY,100.0,24.0,104.0,98,2023524
283366,W,DOMESTIC,-84.09425,40.28377,GLOBAL POSITIONING SYSTEM,SHELBY,PERRY,2012-04-20,86.0,1055.5,SAND & GRAVEL,ROTARY,110.0,32.6,83.0,,2037250
283382,W,AGRIC/IRRIG,-84.15890999999999,40.47725,GLOBAL POSITIONING SYSTEM,SHELBY,DINSMORE,2012-01-16,105.0,990.2999877929688,SAND & GRAVEL,ROTARY,200.0,24.8,100.0,,2036191
283397,W,DOMESTIC,-84.15379,40.38641,GLOBAL POSITIONING SYSTEM,SHELBY,FRANKLIN,2011-05-23,70.0,1042.699951171875,SAND & GRAVEL,ROTARY,50.0,44.800000000000004,67.0,,2032470
283490,W,DOMESTIC,-84.24342,40.42776,GLOBAL POSITIONING SYSTEM,SHELBY,VAN BUREN,2012-04-23,62.0,979.5999755859375,SAND & GRAVEL,ROTARY,90.0,31.2,58.0,,2037373
283630,W,DOMESTIC,-84.09246,40.328489999999995,GLOBAL POSITIONING SYSTEM,SHELBY,SALEM,2010-06-03,50.0,1051.4000244140625,GRAVEL & SAND,ROTARY,70.0,7.0,47.0,,2027375
283721,W,DOMESTIC,-84.25649,40.359519999999996,GLOBAL POSITIONING SYSTEM,SHELBY,TURTLE CREEK,2012-06-13,121.0,997.7999877929688,LIMESTONE,ROTARY,90.0,40.7,106.0,102,2038037
283809,W,DOMESTIC,-84.34134999999999,40.35329,GLOBAL POSITIONING SYSTEM,SHELBY,MCLEAN,2013-02-19,112.0,963.0,SAND & GRAVEL,ROTARY,120.0,29.2,109.0,,2041946
283949,W,DOMESTIC,-84.14920000000001,40.36083,GLOBAL POSITIONING SYSTEM,SHELBY,FRANKLIN,2014-03-01,35.0,1013.0999755859375,SAND & GRAVEL,ROTARY,20.0,15.9,32.0,,2046559
284218,W,DOMESTIC,-84.26414,40.296679999999995,GLOBAL POSITIONING SYSTEM,SHELBY,TURTLE CREEK,2014-08-18,183.0,1001.0999755859375,LIMESTONE,ROTARY,18.0,55.0,83.0,79,2048703
284229,W,DOMESTIC,-84.38362,40.21254,GLOBAL POSITIONING SYSTEM,SHELBY,LORAMIE,2014-05-13,106.0,974.5999755859375,SAND & GRAVEL,ROTARY,25.0,7.8,103.0,,2047470
284378,W,DOMESTIC,-84.07776,40.440509999999996,GLOBAL POSITIONING SYSTEM,SHELBY,JACKSON,2017-01-30,59.0,,SAND & GRAVEL,ROTARY,15.0,7.5,56.0,,2061040
284653,W,DOMESTIC,-84.39631,40.282833,GLOBAL POSITIONING SYSTEM,SHELBY,CYNTHIAN,2018-04-27,83.0,,GRAVEL,AIR ROTARY,35.0,58.0,80.0,,2067649
284804,W,DOMESTIC,-84.29221299999999,40.30789,DIGITAL MAP,SHELBY,CYNTHIAN,2000-08-08,178.0,,LIMESTONE,ROTARY,20.0,71.0,140.0,125,918056
284809,W,DOMESTIC,-84.378959,40.315256,DIGITAL MAP,SHELBY,CYNTHIAN,1998-09-10,115.0,,GRAVEL,ROTARY,20.0,61.0,112.2,,883633
284810,W,DOMESTIC,-84.326786,40.202318999999996,DIGITAL MAP,SHELBY,LORAMIE,2000-10-10,97.0,,GRAVEL,AIR ROTARY,40.0,49.0,92.0,,921177
284811,W,DOMESTIC,-84.359184,40.257459,DIGITAL MAP,SHELBY,LORAMIE,1999-11-30,62.0,,GRAVEL & SAND,AIR ROTARY,50.0,35.0,60.0,,905979
284841,W,DOMESTIC,-84.135982,40.384724999999996,DIGITAL MAP,SHELBY,FRANKLIN,1999-03-24,41.0,,GRAVEL & SAND,ROTARY,20.0,18.0,39.0,,889146
284861,W,AGRIC/IRRIG,-84.33362,40.24452,GLOBAL POSITIONING SYSTEM,SHELBY,LORAMIE,2018-08-09,104.0,,SAND & GRAVEL,ROTARY,85.0,16.0,98.0,,2069262
284913,W,DOMESTIC,-84.350145,40.226489,DIGITAL MAP,SHELBY,LORAMIE,1998-10-14,67.0,,GRAVEL & SAND,AIR ROTARY,100.0,24.0,65.0,,886426
284919,W,DOMESTIC,-84.238772,40.236526999999995,DIGITAL MAP,SHELBY,WASHINGTON,1999-06-18,142.0,,LIMESTONE,ROTARY,20.0,24.0,91.7,85,897174
284920,W,DOMESTIC,-84.28099,40.25005,GLOBAL POSITIONING SYSTEM,SHELBY,WASHINGTON,2019-04-26,115.0,,SAND & GRAVEL,ROTARY,30.0,55.0,111.0,,2073155
284923,W,DOMESTIC,-84.260061,40.391858,DIGITAL MAP,SHELBY,VAN BUREN,2000-02-02,162.0,,LIMESTONE,ROTARY,20.0,18.0,66.0,59,908460
285115,W,DOMESTIC,-84.10606,40.43866,GLOBAL POSITIONING SYSTEM,SHELBY,JACKSON,2017-11-11,104.0,,SAND & GRAVEL,ROTARY,25.0,34.0,101.0,,2065490
290138,W,,-84.15810599999999,40.258587999999996,DIGITIZED,SHELBY,ORANGE,1953-12-03,138.0,1087.5,LIMESTONE,,,74.0,114.0,111,82625
290251,W,,-84.37671,40.25586,,SHELBY,LORAMIE,1987-10-27,227.0,1018.9000244140625,LIMESTONE,ROTARY,25.0,94.0,214.0,209,674789
290252,W,,-84.09848199999999,40.249603,DIGITIZED,SHELBY,GREEN,1963-01-04,125.0,1074.699951171875,GRAVEL,,15.0,32.0,125.0,,297002
290253,W,,-84.061819,40.194507,DIGITIZED,SHELBY,GREEN,1956-06-12,70.0,1108.0,GRAVEL,,20.0,22.0,70.0,,151414
290262,W,,-84.138346,40.452948,DIGITIZED,SHELBY,DINSMORE,1956-03-09,85.0,1022.0,GRAVEL,,20.0,30.0,85.0,,166773
290266,W,,-84.107686,40.305600999999996,DIGITIZED,SHELBY,PERRY,1955-05-17,146.0,1030.4000244140625,LIMESTONE,,10.0,55.0,132.0,132,155817
290267,W,,-84.092131,40.293098,DIGITIZED,SHELBY,PERRY,1957-05-11,81.0,856.0,GRAVEL,,,32.0,81.0,,161226
290268,W,,-84.33736499999999,40.366996,DIGITIZED,SHELBY,MCLEAN,1952-06-18,83.0,955.7999877929688,GRAVEL,,7.0,15.0,83.0,,93321
290269,W,,-84.344765,40.370193,DIGITIZED,SHELBY,MCLEAN,1952-09-27,101.0,958.5999755859375,LIMESTONE,,,14.0,100.0,97,82603
290270,W,,-84.115241,40.278076,DIGITIZED,SHELBY,PERRY,1960-10-08,80.0,735.4000244140625,GRAVEL,,12.0,28.0,80.0,,259512
290271,W,,-84.30010899999999,40.391884999999995,DIGITIZED,SHELBY,MCLEAN,1955-03-17,84.0,958.2000122070312,LIMESTONE,,18.0,9.0,54.0,53,82639
290272,W,,-84.29842,40.391166,DIGITIZED,SHELBY,MCLEAN,1955-04-30,107.0,952.7999877929688,LIMESTONE,,18.0,6.0,53.0,47,82637
290273,W,,-84.299087,40.391256999999996,DIGITIZED,SHELBY,MCLEAN,1968-03-30,54.0,955.7999877929688,GRAVEL,,10.0,12.0,54.0,,374306
290274,W,,-84.312615,40.262206,DIGITIZED,SHELBY,LORAMIE,1956-06-13,42.0,928.2999877929688,GRAVEL,,10.0,28.0,42.0,,160790
290275,W,,-84.415142,40.240514999999995,DIGITIZED,SHELBY,LORAMIE,1958-06-03,59.0,971.2999877929688,GRAVEL,,20.0,8.0,59.0,,198130
290276,W,,-84.409291,40.232603999999995,DIGITIZED,SHELBY,LORAMIE,1961-10-17,47.0,972.2000122070312,GRAVEL,,12.0,7.0,47.0,,246547
290279,W,,-84.233842,40.287247,DIGITIZED,SHELBY,TURTLE CREEK,1960-11-18,100.0,750.5999755859375,LIMESTONE,,12.0,35.0,54.0,54,259519
290288,W,,-84.224457,40.265035999999995,DIGITIZED,SHELBY,WASHINGTON,1958-11-10,66.0,968.9000244140625,LIMESTONE,,21.0,14.0,53.0,53,198144
290296,W,,-84.242447,40.238682999999995,DIGITIZED,SHELBY,WASHINGTON,1966-09-08,64.0,945.9000244140625,GRAVEL,,15.0,44.0,64.0,,356593
290297,W,,-84.236587,40.213963,DIGITIZED,SHELBY,WASHINGTON,1960-10-06,59.0,950.2999877929688,LIMESTONE,,12.0,37.0,48.0,48,259511
290301,W,DOMESTIC,-84.39889,40.3489,GEOCODE,SHELBY,MCLEAN,1997-06-10,70.0,955.0,GRAVEL & SAND,ROTARY,20.0,16.0,68.0,,857544
290371,W,,-84.10130199999999,40.326429999999995,DIGITIZED,SHELBY,SALEM,1950-04-28,20.0,675.7000122070312,SAND & GRAVEL,,,,20.0,,27379
290372,W,,-84.246183,40.289058999999995,DIGITIZED,SHELBY,TURTLE CREEK,1951-08-23,33.0,601.4000244140625,GRAVEL,,5.0,9.0,29.0,,7896
290373,W,,-84.33717299999999,40.435899,DIGITIZED,SHELBY,VAN BUREN,,107.0,958.9000244140625,LIMESTONE,,18.0,39.0,84.0,88,60179
290374,W,,-84.326937,40.479264,DIGITIZED,SHELBY,VAN BUREN,,112.0,920.7999877929688,LIMESTONE,,,18.0,60.0,60,7046
290375,W,,-84.389439,40.285134,DIGITIZED,SHELBY,CYNTHIAN,1955-01-03,112.0,1004.5,LIMESTONE,,20.0,65.0,88.0,88,132373
290379,W,,-84.36511899999999,40.307352,DIGITIZED,SHELBY,CYNTHIAN,1968-06-27,107.0,1007.0,GRAVEL,,10.0,65.0,107.0,,378757
290380,W,,-84.192836,40.280252,DIGITIZED,SHELBY,CLINTON,1954-09-07,136.0,619.5999755859375,LIMESTONE,,10.0,58.0,95.0,98,131737
290381,W,,-84.188152,40.279755,DIGITIZED,SHELBY,CLINTON,1956-03-07,202.0,1123.0999755859375,LIMESTONE,,,20.0,126.0,126,180463
290382,W,,-84.188893,40.265322,DIGITIZED,SHELBY,CLINTON,1957-05-21,91.0,1014.7000122070312,LIMESTONE,,8.0,42.0,80.0,79,198655
290384,W,,-84.135468,40.274701,DIGITIZED,SHELBY,CLINTON,1963-05-06,147.0,1039.5,LIMESTONE,,10.0,105.0,5.0,123,272731
292245,W,DOMESTIC,-84.07553999999999,40.38237,GEOCODE,SHELBY,SALEM,1997-10-10,65.0,1047.300048828125,GRAVEL,ROTARY,65.0,30.0,63.0,,864556
292379,W,DOMESTIC,-84.161908,40.468728999999996,DGS SURFICIAL MAPPING,SHELBY,DINSMORE,1997-12-16,116.0,994.7999877929688,GRAVEL,ROTARY,100.0,21.0,113.0,,867165
292503,W,DOMESTIC,-84.23530000000001,40.20559,,SHELBY,WASHINGTON,1997-12-09,104.0,938.2999877929688,GRAVEL,ROTARY,11.0,58.0,104.0,,867157
293379,W,DOMESTIC,-84.224232,40.282421,GEOCODE,SHELBY,WASHINGTON,2001-02-28,70.0,705.5,GRAVEL,ROTARY,50.0,32.0,67.0,,921244
293498,W,DOMESTIC,-84.41393,40.20317,GEOCODE,SHELBY,LORAMIE,2001-03-26,49.0,984.2999877929688,GRAVEL,ROTARY,40.0,18.0,46.0,,923762
293542,W,DOMESTIC,-84.38789,40.306979999999996,GEOCODE,SHELBY,CYNTHIAN,2002-01-03,95.0,948.5,SAND & GRAVEL,ROTARY,20.0,51.0,91.0,,937913
293665,W,DOMESTIC,-84.32718,40.203869999999995,GLOBAL POSITIONING SYSTEM,SHELBY,LORAMIE,2002-06-26,115.0,1009.7999877929688,GRAVEL,ROTARY,50.0,50.0,110.0,,934406
293691,W,DOMESTIC,-84.31693,40.46468,GEOCODE,SHELBY,VAN BUREN,2002-06-05,157.0,932.9000244140625,LIMESTONE,ROTARY,12.0,40.0,120.0,111,941146
293802,W,,-84.174858,40.279249,DIGITIZED,SHELBY,CLINTON,1948-11-17,163.0,1005.2000122070312,LIMESTONE,,24.0,66.0,122.0,126,49531
293803,W,DOMESTIC,-84.37630999999999,40.249739999999996,GEOCODE,SHELBY,LORAMIE,2002-11-26,175.0,988.7999877929688,SAND & GRAVEL,ROTARY,40.0,62.0,173.0,,955456
293809,W,,-84.41170199999999,40.235803,DIGITIZED,SHELBY,LORAMIE,1950-04-19,58.0,971.7999877929688,LIMESTONE,,10.0,3.0,48.0,30,75112
293837,W,DOMESTIC,-84.32188,40.21283,GEOCODE,SHELBY,LORAMIE,2002-10-01,133.0,995.7999877929688,LIMESTONE,ROTARY,15.0,57.0,121.0,118,943987
293838,W,DOMESTIC,-84.41498,40.230869999999996,GEOCODE,SHELBY,LORAMIE,2002-10-24,173.0,974.2000122070312,LIMESTONE,ROTARY,17.0,16.0,88.0,84,955401
293891,W,DOMESTIC,-84.22794499999999,40.301885,GEOCODE,SHELBY,TURTLE CREEK,2003-01-30,156.0,602.7000122070312,LIMESTONE,ROTARY,20.0,29.0,,37,959092
293905,W,DOMESTIC,-84.258494,40.387637999999995,DGS SURFICIAL MAPPING,SHELBY,VAN BUREN,2003-03-18,100.0,973.5999755859375,LIMESTONE,ROTARY,1.0,19.0,69.0,61,959140
293931,W,DOMESTIC,-84.34778999999999,40.227019999999996,GEOCODE,SHELBY,LORAMIE,2002-08-15,53.0,963.2999877929688,SAND & GRAVEL,ROTARY,40.0,22.0,53.0,,943962
294226,W,,-84.396895,40.234608,DIGITIZED,SHELBY,LORAMIE,1967-06-29,90.0,968.2000122070312,LIMESTONE,,10.0,16.0,56.0,56,359660
294263,W,DOMESTIC,-84.09235,40.26603,GLOBAL POSITIONING SYSTEM,SHELBY,PERRY,2003-07-25,77.0,1053.800048828125,GRAVEL,ROTARY,75.0,24.0,76.0,,965141
294408,W,DOMESTIC,-84.093654,40.335611,GLOBAL POSITIONING SYSTEM,SHELBY,SALEM,2004-02-13,269.0,1026.9000244140625,SAND & GRAVEL,ROTARY,50.0,63.0,268.0,67,976781
294684,W,COMMERCIAL,-84.39775999999999,40.28134,GLOBAL POSITIONING SYSTEM,SHELBY,CYNTHIAN,2004-08-03,162.0,1012.4000244140625,,ROTARY,30.0,66.0,92.0,155,982862
294786,W,DOMESTIC,-84.11397,40.326049999999995,GLOBAL POSITIONING SYSTEM,SHELBY,SALEM,2004-05-19,81.0,1045.4000244140625,GRAVEL & SAND,ROTARY,30.0,44.0,79.0,,979891
294942,W,DOMESTIC,-84.05418999999999,40.42848,GLOBAL POSITIONING SYSTEM,SHELBY,JACKSON,2005-07-21,63.0,1030.0999755859375,,ROTARY,40.0,15.0,61.0,,997716
295029,W,MONITOR,-84.17899799999999,40.280291,GEOCODE,SHELBY,CLINTON,2005-05-02,20.0,511.1000061035156,SILT,AUGER,,,,,991134
295062,W,DOMESTIC,-84.20112,40.380919999999996,GLOBAL POSITIONING SYSTEM,SHELBY,FRANKLIN,2004-11-22,72.0,1020.0,,ROTARY,25.0,43.0,71.0,,987692
295083,W,DOMESTIC,-84.33755,40.3821,GLOBAL POSITIONING SYSTEM,SHELBY,MCLEAN,2006-01-10,90.0,967.2999877929688,GRAVEL & SAND,ROTARY,75.0,32.0,86.0,,2000843
295124,W,MUNICIPAL,-84.41821999999999,40.238879999999995,GLOBAL POSITIONING SYSTEM,SHELBY,LORAMIE,2005-10-10,221.0,972.5,LIMESTONE & SHALE,ROTARY,105.0,14.0,60.0,95,999776
295135,W,DOMESTIC,-84.02412,40.3757,GLOBAL POSITIONING SYSTEM,SHELBY,SALEM,2006-04-12,53.0,1035.5,GRAVEL & SAND,ROTARY,60.0,16.0,51.0,,2002238
295167,W,AGRIC/IRRIG,-84.2527,40.2384,GLOBAL POSITIONING SYSTEM,SHELBY,WASHINGTON,2005-07-07,402.0,935.5,,ROTARY,4.0,45.0,155.0,185,995896
295168,W,MONITOR,-84.177795,40.287769,GEOCODE,SHELBY,CLINTON,2005-06-16,16.0,670.0999755859375,SAND & SILT,AUGER,,,8.0,,976651
295169,W,MONITOR,-84.177183,40.287752999999995,GEOCODE,SHELBY,CLINTON,2005-06-22,38.0,1142.699951171875,SAND,AUGER,,,17.0,,976648
295184,W,DOMESTIC,-84.233147,40.26432,GLOBAL POSITIONING SYSTEM,SHELBY,WASHINGTON,2005-06-29,135.0,950.9000244140625,LIMESTONE,ROTARY,100.0,35.0,119.0,107,995885
295453,W,,-84.167819,40.368032,DIGITIZED,SHELBY,FRANKLIN,1948-01-05,69.0,1005.7999877929688,GRAVEL,,25.0,45.0,69.0,,23424
295471,W,,-84.18701899999999,40.381702,DIGITIZED,SHELBY,FRANKLIN,,240.0,1016.5,LIMESTONE,,,,181.0,181,54975
295591,W,DOMESTIC,-84.02735,40.30113,GLOBAL POSITIONING SYSTEM,SHELBY,PERRY,2006-09-08,222.0,1060.9000244140625,GRAVEL & SAND,ROTARY,110.0,60.0,219.0,,2005033
296443,W,DOMESTIC,-84.36407,40.367709999999995,GLOBAL POSITIONING SYSTEM,SHELBY,MCLEAN,2007-07-18,105.0,952.0,GRAVEL & SAND,ROTARY,60.0,25.2,102.0,,2011241
296700,W,DRY/NO WATER,-84.11153999999999,40.34656,GLOBAL POSITIONING SYSTEM,SHELBY,SALEM,2006-12-14,290.0,1070.5999755859375,CLAY,ROTARY,,,,,2007399
296980,W,ABANDONED,-84.24512,40.275909999999996,GLOBAL POSITIONING SYSTEM,SHELBY,TURTLE CREEK,2006-11-13,90.0,948.7999877929688,LIMESTONE,ROTARY,,,60.0,55,2006836
297005,W,,-84.24451499999999,40.325599,DIGITIZED,SHELBY,TURTLE CREEK,1960-08-12,54.0,528.2999877929688,GRAVEL,,15.0,28.0,54.0,,246646
297045,W,,-84.41774699999999,40.255126,DIGITIZED,SHELBY,LORAMIE,1966-06-04,119.0,1017.9000244140625,LIMESTONE,,10.0,58.0,113.0,113,318688
297068,W,,-84.175534,40.360420999999995,DIGITIZED,SHELBY,FRANKLIN,1966-10-31,72.0,821.0999755859375,GRAVEL,,15.0,35.0,73.0,,348783
297292,W,,-84.260316,40.461,DIGITIZED,SHELBY,VAN BUREN,1956-06-11,88.0,953.7999877929688,GRAVEL,,18.0,23.0,88.0,,161207
297369,W,TEST WELL,-84.25406699999999,40.228617,GLOBAL POSITIONING SYSTEM,SHELBY,WASHINGTON,2008-10-13,122.0,892.2999877929688,SAND & GRAVEL,CABLE TOOL,1102.0,8.9,97.0,,2020618
297382,W,TEST WELL,-84.25715,40.237432999999996,GLOBAL POSITIONING SYSTEM,SHELBY,WASHINGTON,2009-01-07,79.0,896.0,SAND & GRAVEL,CABLE TOOL,1500.0,8.6,59.0,,2020851
297387,W,AGRIC/IRRIG,-84.26249,40.32931,GLOBAL POSITIONING SYSTEM,SHELBY,TURTLE CREEK,2009-09-17,147.0,1019.0,LIMESTONE,ROTARY,50.0,60.0,112.0,107,2024060
297393,W,AGRIC/IRRIG,-84.30995,40.414249999999996,GLOBAL POSITIONING SYSTEM,SHELBY,MCLEAN,2009-07-08,160.0,974.0999755859375,LIMESTONE,ROTARY,65.0,44.7,97.0,90,2022909
297446,W,DOMESTIC,-84.41850000000001,40.26168,GLOBAL POSITIONING SYSTEM,SHELBY,LORAMIE,2008-07-28,191.0,1000.7999877929688,LIMESTONE,ROTARY,90.0,44.2,106.0,98,2017701
297494,W,DOMESTIC,-84.26281999999999,40.39354,GLOBAL POSITIONING SYSTEM,SHELBY,VAN BUREN,2009-06-17,175.0,963.5999755859375,LIMESTONE,ROTARY,45.0,19.8,69.0,60,2022605
297628,W,OBSERVATION,-84.25710000000001,40.237417,GLOBAL POSITIONING SYSTEM,SHELBY,WASHINGTON,2008-10-08,79.0,896.0999755859375,SILT/SAND/GRAVEL,AUGER,,8.0,69.0,,2020305
297666,W,HTG/COOLING,-84.14903,40.2641,GLOBAL POSITIONING SYSTEM,SHELBY,ORANGE,2008-11-07,126.0,1042.300048828125,GRAVEL & SAND,ROTARY,45.0,71.2,122.0,,2019753
297930,W,DOMESTIC,-84.37189,40.3241,GLOBAL POSITIONING SYSTEM,SHELBY,CYNTHIAN,2011-08-04,182.0,968.9000244140625,LIMESTONE,ROTARY,45.0,37.800000000000004,130.0,124,2033680
297975,W,DOMESTIC,-84.33207999999999,40.231249999999996,GLOBAL POSITIONING SYSTEM,SHELBY,LORAMIE,2012-05-14,262.0,979.0,LIMESTONE,ROTARY,20.0,52.5,114.0,105,2037576
297980,W,DOMESTIC,-84.26808,40.22656,GLOBAL POSITIONING SYSTEM,SHELBY,WASHINGTON,2012-04-18,154.0,970.2999877929688,SAND & GRAVEL,ROTARY,90.0,71.0,151.0,,2037218
298280,W,DOMESTIC,-84.02193,40.44941,GLOBAL POSITIONING SYSTEM,SHELBY,JACKSON,2011-01-24,254.0,1030.5999755859375,SAND & GRAVEL,ROTARY,120.0,24.400000000000002,251.0,,2030916
298370,W,DOMESTIC,-84.151111,40.347500000000004,GLOBAL POSITIONING SYSTEM,SHELBY,FRANKLIN,2011-11-21,230.0,1028.699951171875,LIMESTONE,AIR ROTARY,17.0,49.0,186.0,185,2035628
298421,W,DOMESTIC,-84.175833,40.256766999999996,GLOBAL POSITIONING SYSTEM,SHELBY,ORANGE,2011-02-18,122.0,708.0,LIMESTONE,ROTARY,50.0,8.0,42.0,26,2031450
298448,W,DOMESTIC,-84.0693,40.338103,GLOBAL POSITIONING SYSTEM,SHELBY,SALEM,2013-05-14,182.0,1087.0999755859375,LIMESTONE,ROTARY,30.0,0.0,158.0,146,2042940
298507,W,DOMESTIC,-84.27901,40.41665,GLOBAL POSITIONING SYSTEM,SHELBY,VAN BUREN,2013-02-15,170.0,979.5999755859375,LIMESTONE,ROTARY,30.0,35.7,102.0,95,2041953
298525,W,DOMESTIC,-84.37149,40.2928,GLOBAL POSITIONING SYSTEM,SHELBY,CYNTHIAN,2013-05-14,118.0,934.7999877929688,LIMESTONE,ROTARY,25.0,11.0,46.0,34,2042859
298606,W,DOMESTIC,-84.28918,40.370400000000004,GLOBAL POSITIONING SYSTEM,SHELBY,TURTLE CREEK,2014-01-02,145.0,968.9000244140625,LIMESTONE,ROTARY,20.0,25.6,82.0,77,2046129
298609,W,DOMESTIC,-84.21428999999999,40.25951,GLOBAL POSITIONING SYSTEM,SHELBY,WASHINGTON,2013-09-04,84.0,1008.4000244140625,SAND & GRAVEL,ROTARY,60.0,51.4,80.0,,2044355
298731,W,DOMESTIC,-84.37543,40.22943,GLOBAL POSITIONING SYSTEM,SHELBY,LORAMIE,2014-07-17,126.0,963.2999877929688,SAND & GRAVEL,ROTARY,25.0,26.0,123.0,,2048184
298810,W,DOMESTIC,-84.38902,40.36618,GLOBAL POSITIONING SYSTEM,SHELBY,MCLEAN,2014-07-21,75.0,955.5999755859375,SAND & GRAVEL,ROTARY,25.0,27.0,72.0,,2048225
298818,W,DOMESTIC,-84.30568,40.43862,GLOBAL POSITIONING SYSTEM,SHELBY,VAN BUREN,2015-04-02,143.0,968.5,LIMESTONE,ROTARY,25.0,46.0,102.0,97,2051471
298948,W,DOMESTIC,-84.2465,40.35479,GLOBAL POSITIONING SYSTEM,SHELBY,TURTLE CREEK,2015-06-11,77.0,1004.0,SAND & GRAVEL,ROTARY,20.0,34.0,74.0,,2052381
298954,W,ABANDONED,-84.02521,40.465869999999995,GLOBAL POSITIONING SYSTEM,SHELBY,JACKSON,2015-07-06,166.0,1020.5,SAND/GRAVEL/BOULDERS,ROTARY,,,163.0,,2052683
299034,W,DOMESTIC,-84.32303999999999,40.30947,GLOBAL POSITIONING SYSTEM,SHELBY,CYNTHIAN,2014-05-07,188.0,994.2999877929688,LIMESTONE,ROTARY,18.0,54.300000000000004,138.0,132,2047357
299076,W,OTHER,-84.09335,40.32958,GLOBAL POSITIONING SYSTEM,SHELBY,SALEM,2016-05-19,76.0,,SAND & GRAVEL,ROTARY,15.0,32.0,72.0,,2057153
299095,W,MONITOR,-84.043854,40.439837,MAP-OTHERS,SHELBY,JACKSON,2017-02-06,12.0,,CLAY,AUGER,,,2.0,,2061301
299101,W,DOMESTIC,-84.06026,40.31077,GLOBAL POSITIONING SYSTEM,SHELBY,PERRY,2017-03-06,83.0,,SAND & GRAVEL,ROTARY,20.0,19.0,80.0,,2061447
299215,W,DOMESTIC,-84.3358,40.29177,GLOBAL POSITIONING SYSTEM,SHELBY,CYNTHIAN,2017-09-12,78.0,,SAND & GRAVEL,ROTARY,15.0,53.0,75.0,,2064352
299292,W,,-84.307745,40.306981,DIGITIZED,SHELBY,CYNTHIAN,1948-04-19,177.0,994.7999877929688,LIMESTONE,,32.0,54.0,128.0,126,23434
299402,W,DOMESTIC,-84.135329,40.311932999999996,DIGITAL MAP,SHELBY,CLINTON,2000-04-27,222.0,,LIMESTONE,ROTARY,20.0,24.0,105.5,100,912296
299404,W,DOMESTIC,-84.23230000000001,40.21396,GLOBAL POSITIONING SYSTEM,SHELBY,WASHINGTON,2018-06-08,143.0,,LIMESTONE,ROTARY,15.0,63.0,58.0,42,2068239
299406,W,DOMESTIC,-84.190252,40.302167,DIGITAL MAP,SHELBY,CLINTON,1999-05-10,120.0,,LIMESTONE,ROTARY,15.0,44.0,104.0,102,888341
299443,W,DOMESTIC,-84.20794599999999,40.291796999999995,DIGITAL MAP,SHELBY,TURTLE CREEK,1999-10-14,119.0,,LIMESTONE,AIR ROTARY,20.0,42.0,85.0,79,902956
299519,W,DOMESTIC,-84.08783799999999,40.30103,DIGITAL MAP,SHELBY,PERRY,1999-12-06,110.0,607.5,GRAVEL & SAND,AIR ROTARY,60.0,49.0,106.0,,905997
299570,W,DOMESTIC,-84.29008,40.266749999999995,GLOBAL POSITIONING SYSTEM,SHELBY,WASHINGTON,2018-05-14,110.0,,SAND & GRAVEL,ROTARY,20.0,57.0,107.0,,2067821
299571,W,DOMESTIC,-84.317396,40.408809999999995,DIGITAL MAP,SHELBY,MCLEAN,1999-02-24,142.0,,LIMESTONE,AIR ROTARY,20.0,35.0,96.0,85,889116
299653,W,DOMESTIC,-84.017235,40.356749,DIGITAL MAP,SHELBY,SALEM,2000-04-06,79.0,,GRAVEL & SAND,AIR ROTARY,20.0,34.0,75.0,,912318
299660,W,AGRIC/IRRIG,-84.188448,40.359854,DIGITAL MAP,SHELBY,FRANKLIN,2000-07-14,153.0,,GRAVEL & SAND,ROTARY,20.0,61.0,149.5,,918014
299661,W,DOMESTIC,-84.125275,40.380468,DIGITAL MAP,SHELBY,FRANKLIN,1999-07-26,221.0,,LIMESTONE,ROTARY,20.0,23.0,199.5,194,899084
299662,W,MUNICIPAL,-84.16939699999999,40.393693,DIGITAL MAP,SHELBY,FRANKLIN,2000-05-09,103.5,,SAND & GRAVEL,BUCKET AUGER,248.0,60.5,97.3,,879092
299833,W,DOMESTIC,-84.298282,40.46854,DIGITAL MAP,SHELBY,VAN BUREN,1999-10-26,70.0,,GRAVEL & SAND,ROTARY,20.0,22.0,68.0,,905910
299842,W,DOMESTIC,-84.093723,40.336943999999995,DIGITAL MAP,SHELBY,SALEM,1998-11-13,62.0,,GRAVEL & SAND,AIR ROTARY,20.0,40.0,59.0,,886487
299848,W,DOMESTIC,-84.362562,40.371809999999996,DIGITAL MAP,SHELBY,MCLEAN,1998-05-18,85.0,,GRAVEL & SAND,AIR ROTARY,20.0,23.0,82.0,,871336
299904,W,DOMESTIC,-84.123868,40.380476,DIGITAL MAP,SHELBY,FRANKLIN,1998-05-06,50.0,,GRAVEL & SAND,ROTARY,20.0,18.0,47.0,,871317
299906,W,DOMESTIC,-84.09522299999999,40.435385,DIGITAL MAP,SHELBY,JACKSON,2000-08-04,63.0,,GRAVEL & SAND,ROTARY,20.0,11.0,60.0,,918058
299954,W,DOMESTIC,-84.160473,40.246190999999996,DIGITAL MAP,SHELBY,ORANGE,2000-01-12,182.0,,LIMESTONE,AIR ROTARY,20.0,60.0,137.0,130,908440
299969,W,DOMESTIC,-84.18943,40.194721,DIGITAL MAP,SHELBY,ORANGE,1999-06-07,79.0,,GRAVEL & SAND,AIR ROTARY,20.0,38.0,77.0,,897147
299970,W,DOMESTIC,-84.160181,40.239728,DIGITAL MAP,SHELBY,ORANGE,1999-02-08,155.0,,LIMESTONE,AIR ROTARY,30.0,60.0,124.0,122,885736
300018,W,DOMESTIC,-84.396024,40.374072,DIGITAL MAP,SHELBY,MCLEAN,1998-06-02,298.0,,LIMESTONE,AIR ROTARY,15.0,37.0,234.0,229,871362
304848,W,,-84.119744,40.232942,DIGITIZED,SHELBY,ORANGE,1961-03-10,76.0,1068.800048828125,GRAVEL,,12.0,28.0,76.0,,259532
304849,W,,-84.030507,40.184653999999995,DIGITIZED,SHELBY,GREEN,1958-10-17,203.0,1135.300048828125,LIMESTONE,,15.0,40.0,,200,205187
304863,W,DOMESTIC,-84.268152,40.226897,,SHELBY,WASHINGTON,1989-08-08,130.0,968.7000122070312,SAND & GRAVEL,ROTARY,20.0,64.0,131.0,,701170
304951,W,,-84.304357,40.308185,DIGITIZED,SHELBY,CYNTHIAN,1947-10-20,180.0,999.5,LIMESTONE,,33.0,60.0,120.0,121,23415
304952,W,,-84.40596,40.235155,DIGITIZED,SHELBY,LORAMIE,1950-05-20,55.0,976.0,GRAVEL,,20.0,3.0,55.0,,47927
304959,W,MUNICIPAL,-84.170228,40.392168999999996,,SHELBY,FRANKLIN,1990-08-01,124.0,1044.699951171875,GRAVEL & SAND,ROTARY,350.0,55.0,110.0,,717459
304966,W,,-84.081758,40.200907,DIGITIZED,SHELBY,GREEN,1959-10-31,126.0,1096.699951171875,SAND & GRAVEL,,7.0,31.0,126.0,,228574
304977,W,,-84.177695,40.315222999999996,DIGITIZED,SHELBY,CLINTON,1969-07-18,77.0,954.7000122070312,GRAVEL,,15.0,56.0,77.0,,400467
304979,W,,-84.162263,40.346686999999996,DIGITIZED,SHELBY,FRANKLIN,1969-05-13,66.0,1004.2999877929688,GRAVEL,,16.0,13.0,71.0,,374333
304980,W,,-84.33461299999999,40.407762,DIGITIZED,SHELBY,MCLEAN,1956-08-24,100.0,973.5,SAND & GRAVEL,,,36.0,100.0,,161216
304981,W,,-84.381318,40.349385999999996,DIGITIZED,SHELBY,MCLEAN,1960-09-27,80.0,947.5999755859375,GRAVEL,,40.0,5.8,80.0,,230194
304982,W,,-84.297839,40.391559,DIGITIZED,SHELBY,MCLEAN,1969-04-16,80.0,961.7000122070312,LIMESTONE,,15.0,10.0,55.0,55,392920
304983,W,,-84.16660999999999,40.338273,DIGITIZED,SHELBY,FRANKLIN,1968-04-09,81.0,741.0999755859375,GRAVEL,,15.0,33.0,81.0,,375194
304984,W,,-84.207251,40.330579,DIGITIZED,SHELBY,FRANKLIN,1969-06-17,52.0,948.5,GRAVEL,,20.0,36.0,53.0,,392159
304985,W,,-84.35806199999999,40.249703,DIGITIZED,SHELBY,LORAMIE,1964-04-15,66.0,953.5999755859375,GRAVEL,,12.0,20.0,66.0,,297680
304987,W,DOMESTIC,-84.24601,40.235009999999996,,SHELBY,WASHINGTON,1995-03-23,142.0,931.4000244140625,LIMESTONE,ROTARY,20.0,19.0,108.0,102,813872
304989,W,,-84.272401,40.281583999999995,DIGITIZED,SHELBY,TURTLE CREEK,1963-09-02,66.0,978.7999877929688,SAND & GRAVEL,,,36.0,66.0,,269727
304990,W,,-84.274683,40.315432,DIGITIZED,SHELBY,TURTLE CREEK,1963-08-26,139.0,1023.5999755859375,LIMESTONE,,12.0,66.0,96.0,96,307006
304991,W,,-84.24586599999999,40.330560999999996,DIGITIZED,SHELBY,TURTLE CREEK,1969-06-14,106.0,670.4000244140625,LIMESTONE,,14.0,35.0,58.0,58,392949
304992,W,,-84.426174,40.265162,DIGITIZED,SHELBY,LORAMIE,1965-06-23,128.0,1001.0,LIMESTONE,,30.0,42.0,124.0,124,318664
304993,W,,-84.413562,40.232563,DIGITIZED,SHELBY,LORAMIE,1966-06-18,70.0,973.7000122070312,GRAVEL,,18.0,11.0,70.0,,318690
305006,W,,-84.290228,40.212278,DIGITIZED,SHELBY,WASHINGTON,1949-09-17,120.0,989.7000122070312,GRAVEL,,20.0,70.0,,,56621
305007,W,,-84.236167,40.205265,DIGITIZED,SHELBY,WASHINGTON,1956-02-29,89.0,935.4000244140625,GRAVEL,,10.0,45.0,89.0,,151399
305017,W,,-84.244571,40.223411999999996,DIGITIZED,SHELBY,WASHINGTON,1963-03-18,87.0,909.5,LIMESTONE,,15.0,25.0,63.0,63,297010
305074,W,,-84.014106,40.321498,DIGITIZED,SHELBY,SALEM,1950-03-12,94.0,1038.300048828125,GRAVEL,,10.0,78.0,94.0,,28885
305075,W,,-84.318069,40.290276,DIGITIZED,SHELBY,CYNTHIAN,1967-06-02,102.0,984.2999877929688,GRAVEL,,14.0,54.0,102.0,,371252
305079,W,,-84.317758,40.290608,DIGITIZED,SHELBY,CYNTHIAN,1957-04-05,100.0,986.0,GRAVEL,,10.0,50.0,100.0,,197805
305080,W,,-84.12346,40.467864999999996,DIGITIZED,SHELBY,DINSMORE,1954-01-08,58.0,1019.7999877929688,GRAVEL,,20.0,35.0,58.0,,115273
305081,W,,-84.18746999999999,40.284847,DIGITIZED,SHELBY,CLINTON,1954-09-14,143.0,748.4000244140625,LIMESTONE,,10.0,71.0,133.0,135,131738
305082,W,,-84.135989,40.279627999999995,DIGITIZED,SHELBY,CLINTON,1956-09-04,157.0,720.0999755859375,LIMESTONE,,10.0,104.0,130.0,130,184857
305083,W,,-84.207538,40.295415999999996,DIGITIZED,SHELBY,CLINTON,1961-11-14,70.0,998.7999877929688,SAND & GRAVEL,,12.0,27.0,70.0,,226745
305084,W,,-84.199058,40.285222,DIGITIZED,SHELBY,CLINTON,1963-05-23,93.0,1019.7999877929688,GRAVEL,,8.0,45.0,93.0,,272696
307648,W,DOMESTIC,-84.20962,40.40931,GEOCODE,SHELBY,DINSMORE,2001-08-07,64.0,983.2999877929688,GRAVEL,ROTARY,10.0,30.0,61.0,23,934641
307848,W,DOMESTIC,-84.057119,40.363439,GEOCODE,SHELBY,SALEM,2001-10-15,81.0,830.9000244140625,SAND & GRAVEL,ROTARY,20.0,42.0,81.0,,937558
307953,W,DOMESTIC,-84.28401,40.31605,GEOCODE,SHELBY,CYNTHIAN,2001-09-05,161.0,1022.0,LIMESTONE,ROTARY,18.0,62.0,104.0,98,934670
307996,W,DOMESTIC,-84.2792,40.468618,DGS SURFICIAL MAPPING,SHELBY,VAN BUREN,2001-08-23,219.0,937.7999877929688,LIMESTONE,ROTARY,35.0,24.0,147.0,135,934649
308106,W,,-84.07994,40.253005,GEOCODE,SHELBY,GREEN,2001-10-04,101.0,876.2999877929688,LIMESTONE,ROTARY,35.0,2.0,74.0,67,933488
308125,W,DOMESTIC,-84.1872,40.197109999999995,GEOCODE,SHELBY,ORANGE,2001-06-14,141.0,977.2999877929688,LIMESTONE,ROTARY,25.0,54.0,100.0,98,923819
308189,W,DOMESTIC,-84.35798,40.255739999999996,GEOCODE,SHELBY,LORAMIE,2002-05-22,117.0,969.5,GRAVEL,ROTARY,110.0,35.0,114.0,,945186
308237,W,DOMESTIC,-84.37174999999999,40.329679999999996,GEOCODE,SHELBY,MCLEAN,2002-08-06,72.0,962.0999755859375,GRAVEL,ROTARY,20.0,37.0,70.0,,948510
308263,W,DOMESTIC,-84.37684,40.290859999999995,GEOCODE,SHELBY,CYNTHIAN,2001-10-09,161.0,988.5,LIMESTONE,ROTARY,18.0,60.0,100.0,90,937837
308286,W,DOMESTIC,-84.24519099999999,40.329657,GEOCODE,SHELBY,TURTLE CREEK,2002-01-21,64.0,872.0,GRAVEL,ROTARY,25.0,40.0,61.0,,942299
308323,W,DOMESTIC,-84.10992,40.2474,GEOCODE,SHELBY,GREEN,2002-08-22,145.0,1055.4000244140625,LIMESTONE,CABLE TOOL,20.0,40.0,130.0,126,936871
308351,W,DOMESTIC,-84.235383,40.250417,GLOBAL POSITIONING SYSTEM,SHELBY,WASHINGTON,2003-04-08,152.0,1099.800048828125,LIMESTONE,ROTARY,50.0,46.0,95.0,81,959162
308412,W,DOMESTIC,-84.135,40.39194,GEOCODE,SHELBY,FRANKLIN,2003-03-27,59.0,1033.699951171875,,ROTARY,15.0,26.0,,,959156
308438,W,DOMESTIC,-84.36904,40.30546,GEOCODE,SHELBY,CYNTHIAN,2002-08-16,181.0,996.2000122070312,LIMESTONE,ROTARY,18.0,64.0,140.0,133,948528
308561,W,DOMESTIC,-84.094464,40.340545999999996,GEOCODE,SHELBY,SALEM,2002-11-19,282.0,533.0,CLAY & SAND,ROTARY,,,,,955446
308585,W,DOMESTIC,-84.17108999999999,40.21442,GEOCODE,SHELBY,ORANGE,2002-11-25,132.0,1006.0,SAND & GRAVEL,ROTARY,25.0,39.0,129.0,,955459
308586,W,DOMESTIC,-84.258821,40.38688,DGS SURFICIAL MAPPING,SHELBY,VAN BUREN,2002-11-26,159.0,975.9000244140625,LIMESTONE,ROTARY,30.0,23.0,74.0,69,955458
308597,W,DOMESTIC,-84.24056999999999,40.48108,GEOCODE,SHELBY,VAN BUREN,2002-08-30,72.0,945.7000122070312,SAND & CLAY,ROTARY,80.0,15.0,69.0,,948547
308634,W,DOMESTIC,-84.09444599999999,40.340567,GEOCODE,SHELBY,SALEM,2002-11-27,95.0,839.9000244140625,SAND & GRAVEL,ROTARY,60.0,47.0,93.0,,955452
308702,W,DOMESTIC,-84.30400999999999,40.465759999999996,GLOBAL POSITIONING SYSTEM,SHELBY,VAN BUREN,2003-04-15,86.0,931.7999877929688,SAND & GRAVEL,ROTARY,80.0,25.0,82.0,,959168
308807,W,,-84.163679,40.395678,DGS SURFICIAL MAPPING,SHELBY,DINSMORE,1963-05-27,109.0,1067.5,GRAVEL,,8.0,74.0,109.0,,289585
308823,W,,-84.379571,40.290814,DIGITIZED,SHELBY,CYNTHIAN,1955-09-21,114.0,994.0,LIMESTONE,,12.0,75.0,103.0,100,160156
308960,W,DOMESTIC,-84.02642,40.34023,GLOBAL POSITIONING SYSTEM,SHELBY,SALEM,2003-05-30,118.0,1058.800048828125,SAND & GRAVEL,ROTARY,30.0,58.0,116.0,,961858
309009,W,DOMESTIC,-84.15807,40.25864,GLOBAL POSITIONING SYSTEM,SHELBY,ORANGE,2004-01-06,182.0,1141.800048828125,LIMESTONE,ROTARY,1.0,70.0,123.0,112,970522
309010,W,DOMESTIC,-84.13745999999999,40.1974,GLOBAL POSITIONING SYSTEM,SHELBY,ORANGE,2004-01-08,125.0,1055.5,SAND & GRAVEL,ROTARY,1.0,28.0,123.0,,970527
309065,W,,-84.161046,40.235406999999995,DIGITIZED,SHELBY,ORANGE,1963-06-23,81.0,1030.0999755859375,GRAVEL,,12.0,53.0,81.0,,297036
309203,W,DOMESTIC,-84.31540000000001,40.328939999999996,GLOBAL POSITIONING SYSTEM,SHELBY,CYNTHIAN,2004-11-02,115.0,1007.7000122070312,GRAVEL & SAND,ROTARY,65.0,64.0,113.0,,987720
309278,W,DOMESTIC,-84.26048,40.43168,GLOBAL POSITIONING SYSTEM,SHELBY,VAN BUREN,2004-01-15,120.0,973.5999755859375,GRAVEL & SAND,ROTARY,30.0,29.0,118.0,,970537
309279,W,DOMESTIC,-84.2658,40.39336,GLOBAL POSITIONING SYSTEM,SHELBY,VAN BUREN,2004-01-15,122.0,967.4000244140625,LIMESTONE,ROTARY,40.0,15.0,82.0,70,976751
309331,W,DOMESTIC,-84.337024,40.381364,DGS SURFICIAL MAPPING,SHELBY,MCLEAN,2004-01-12,102.0,965.7999877929688,GRAVEL & SAND,ROTARY,100.0,27.0,100.0,,970531
309350,W,DOMESTIC,-84.26771,40.39216,GLOBAL POSITIONING SYSTEM,SHELBY,VAN BUREN,2004-06-07,154.0,960.9000244140625,LIMESTONE,ROTARY,30.0,12.0,78.0,71,979922
309397,W,DOMESTIC,-84.41114999999999,40.22744,GLOBAL POSITIONING SYSTEM,SHELBY,LORAMIE,2005-02-22,174.0,977.7000122070312,,ROTARY,5.0,18.0,109.0,100,990077
309399,W,DOMESTIC,-84.06997,40.44369,GLOBAL POSITIONING SYSTEM,SHELBY,JACKSON,2004-08-20,53.0,1034.699951171875,SAND & GRAVEL,,2.0,15.0,52.0,,984723
309541,W,DOMESTIC,-84.03092,40.207209999999996,GLOBAL POSITIONING SYSTEM,SHELBY,GREEN,2004-12-15,119.0,1119.9000244140625,,ROTARY,110.0,33.0,118.0,,987674
309550,W,DOMESTIC,-84.38972,40.211639999999996,GLOBAL POSITIONING SYSTEM,SHELBY,LORAMIE,2004-12-15,115.0,977.9000244140625,,ROTARY,115.0,10.0,113.0,10,987675
309759,W,DOMESTIC,-84.18130000000001,40.32154,GLOBAL POSITIONING SYSTEM,SHELBY,FRANKLIN,2005-05-23,177.0,954.7999877929688,LIMESTONE,ROTARY,30.0,50.0,108.0,102,992349
309909,W,MONITOR,-84.17826199999999,40.287777,GEOCODE,SHELBY,CLINTON,2005-06-14,14.0,1035.0999755859375,CLAY & GRAVEL,AUGER,,,4.0,,976656
309910,W,MONITOR,-84.176824,40.287755,GEOCODE,SHELBY,CLINTON,2005-06-22,14.0,808.2999877929688,SAND & CLAY,AUGER,,,4.0,,976655
310227,W,,-84.269301,40.439220999999996,DIGITIZED,SHELBY,VAN BUREN,,183.0,972.2000122070312,LIMESTONE,,,,165.0,165,54979
310653,W,DOMESTIC,-84.22704,40.25127,GLOBAL POSITIONING SYSTEM,SHELBY,WASHINGTON,2006-08-18,122.0,805.2999877929688,LIMESTONE,ROTARY,25.0,38.0,75.0,68,2004587
310853,W,DOMESTIC,-84.03378,40.272349999999996,GLOBAL POSITIONING SYSTEM,SHELBY,PERRY,2006-06-30,91.0,1077.800048828125,GRAVEL,ROTARY,100.0,10.0,88.0,,2003682
311049,W,DOMESTIC,-84.10609,40.38803,GLOBAL POSITIONING SYSTEM,SHELBY,JACKSON,2006-05-30,82.0,1043.5,GRAVEL & SAND,ROTARY,60.0,25.0,78.0,,2003119
311284,W,DOMESTIC,-84.03123,40.34306,GLOBAL POSITIONING SYSTEM,SHELBY,SALEM,2007-07-16,102.0,713.4000244140625,GRAVEL,ROTARY,10.0,66.5,99.0,,2011048
311356,W,MONITOR,-84.181944,40.277778,MAP-USGS 1:24000,SHELBY,CLINTON,2007-06-09,19.0,1026.0,SAND & GRAVEL,AUGER,,12.0,9.0,,2011001
311522,W,DOMESTIC,-84.22578999999999,40.230869999999996,GLOBAL POSITIONING SYSTEM,SHELBY,WASHINGTON,2006-11-30,160.0,981.7000122070312,LIMESTONE,ROTARY,65.0,71.0,105.0,100,2007091
311625,W,,-84.25722499999999,40.226394,DIGITIZED,SHELBY,WASHINGTON,1952-10-11,65.0,954.9000244140625,GRAVEL,,10.0,10.0,65.0,,58931
311731,W,,-84.132941,40.213097999999995,DIGITIZED,SHELBY,ORANGE,1948-08-12,192.0,1066.0,LIMESTONE,,20.0,55.0,160.0,191,42430
311732,W,,-84.394083,40.283442,DIGITIZED,SHELBY,CYNTHIAN,1964-02-14,111.0,1004.2999877929688,LIMESTONE,,12.0,55.0,83.0,83,297674
311824,W,,-84.290981,40.231715,DIGITIZED,SHELBY,WASHINGTON,1958-04-09,133.0,986.0,GRAVEL,,14.0,78.0,133.0,,198126
311865,W,,-84.027335,40.237604999999995,DIGITIZED,SHELBY,GREEN,1959-06-16,68.0,1087.199951171875,GRAVEL,,10.0,29.0,68.0,,229919
312003,W,DOMESTIC,-84.35637,40.35376,GLOBAL POSITIONING SYSTEM,SHELBY,MCLEAN,2009-09-16,174.0,951.4000244140625,LIMESTONE,ROTARY,45.0,20.3,93.0,86,2024038
312113,W,OBSERVATION,-84.04301799999999,40.434433,DIGITIZED,SHELBY,JACKSON,1965-11-01,64.0,1036.0999755859375,SAND & GRAVEL,,73.0,21.5,64.0,,336607
312152,W,,-84.243804,40.260483,DIGITIZED,SHELBY,WASHINGTON,1968-11-27,66.0,822.9000244140625,GRAVEL,,15.0,46.0,66.0,,383434
312206,W,OBSERVATION,-84.254617,40.227167,GLOBAL POSITIONING SYSTEM,SHELBY,WASHINGTON,2008-07-24,115.0,893.0999755859375,SILT/SAND/GRAVEL,AUGER,,7.0,105.0,285,2020296
312215,W,OBSERVATION,-84.258467,40.238082999999996,GLOBAL POSITIONING SYSTEM,SHELBY,WASHINGTON,2008-09-10,40.0,895.5999755859375,CLAY/SAND/GRAVEL,ROTOSONIC,,10.0,30.0,69,2020429
312238,W,DOMESTIC,-84.18598999999999,40.198782,GLOBAL POSITIONING SYSTEM,SHELBY,ORANGE,2009-08-20,64.0,978.7999877929688,GRAVEL & SAND,ROTARY,100.0,27.6,61.0,,2023640
312272,W,OBSERVATION,-84.25515,40.232983,GLOBAL POSITIONING SYSTEM,SHELBY,WASHINGTON,2008-10-08,123.0,894.4000244140625,SAND & GRAVEL,AUGER,,8.0,113.0,,2020312
312299,W,DOMESTIC,-84.05742,40.453,GLOBAL POSITIONING SYSTEM,SHELBY,JACKSON,2008-10-03,319.0,1029.300048828125,LIMESTONE,ROTARY,35.0,28.5,186.0,220,2019009
312324,W,DOMESTIC,-84.29745,40.21395,GLOBAL POSITIONING SYSTEM,SHELBY,WASHINGTON,2008-11-26,137.0,983.7000122070312,GRAVEL & SAND,ROTARY,100.0,59.6,134.0,,2020101
312444,W,DOMESTIC,-84.12007,40.405989999999996,GLOBAL POSITIONING SYSTEM,SHELBY,DINSMORE,2008-06-26,70.0,1034.9000244140625,GRAVEL,ROTARY,85.0,21.6,67.0,,2017182
312468,W,DOMESTIC,-84.26272999999999,40.39255,GLOBAL POSITIONING SYSTEM,SHELBY,VAN BUREN,2008-08-28,174.0,964.7999877929688,LIMESTONE,ROTARY,85.0,19.5,66.0,59,2018358
312628,W,DOMESTIC,-84.35688999999999,40.35523,GLOBAL POSITIONING SYSTEM,SHELBY,MCLEAN,2008-02-21,168.0,954.4000244140625,LIMESTONE,ROTARY,40.0,21.7,107.0,98,2015221
312810,W,DOMESTIC,-84.10788,40.36242,GLOBAL POSITIONING SYSTEM,SHELBY,SALEM,2011-07-25,139.0,1067.5999755859375,SAND & GRAVEL,ROTARY,60.0,61.4,136.0,,2033493
312951,W,DOMESTIC,-84.11389,40.45398,GLOBAL POSITIONING SYSTEM,SHELBY,DINSMORE,2011-09-06,102.0,1041.5999755859375,SAND & GRAVEL,ROTARY,45.0,39.6,99.0,,2034299
313043,W,DOMESTIC,-84.13323299999999,40.352138,GLOBAL POSITIONING SYSTEM,SHELBY,FRANKLIN,2011-11-28,82.0,609.7999877929688,GRAVEL,AIR ROTARY,17.0,50.0,70.0,,2035654
313240,W,DOMESTIC,-84.33891,40.37111,GLOBAL POSITIONING SYSTEM,SHELBY,MCLEAN,2011-02-08,139.0,958.0999755859375,LIMESTONE,ROTARY,60.0,25.8,111.0,104,2031022
313454,W,DOMESTIC,-84.14077999999999,40.40974,GLOBAL POSITIONING SYSTEM,SHELBY,DINSMORE,2014-01-30,156.0,1074.800048828125,SAND & GRAVEL,ROTARY,20.0,70.7,153.0,,2046316
313491,W,DOMESTIC,-84.35193,40.370889999999996,GLOBAL POSITIONING SYSTEM,SHELBY,MCLEAN,2016-10-19,85.0,,SAND & GRAVEL,ROTARY,20.0,27.0,82.0,,2059550
313493,W,AGRIC/IRRIG,-84.30806,40.43949,GLOBAL POSITIONING SYSTEM,SHELBY,VAN BUREN,2015-10-30,185.0,,LIMESTONE,ROTARY,25.0,47.0,106.0,101,2054594
313632,W,DOMESTIC,-84.18683999999999,40.40947,GLOBAL POSITIONING SYSTEM,SHELBY,DINSMORE,2014-11-10,86.0,1011.9000244140625,SAND & GRAVEL,ROTARY,80.0,34.4,83.0,,2049981
313666,W,DOMESTIC,-84.37152999999999,40.36305,GLOBAL POSITIONING SYSTEM,SHELBY,MCLEAN,2016-02-02,95.0,,SAND & GRAVEL,ROTARY,75.0,26.0,92.0,,2055848
313672,W,DOMESTIC,-84.15814999999999,40.34829,GLOBAL POSITIONING SYSTEM,SHELBY,FRANKLIN,2014-08-12,75.0,1024.4000244140625,SAND & GRAVEL,ROTARY,40.0,33.0,72.0,,2048595
313757,W,DOMESTIC,-84.38691999999999,40.341139999999996,GLOBAL POSITIONING SYSTEM,SHELBY,MCLEAN,2015-10-27,47.0,,SAND & GRAVEL,ROTARY,10.0,27.0,44.0,,2054522
313778,W,DOMESTIC,-84.38541,40.35743,GLOBAL POSITIONING SYSTEM,SHELBY,MCLEAN,2014-11-20,99.0,949.2000122070312,SAND & GRAVEL,ROTARY,20.0,20.0,96.0,,2050140
313788,W,DOMESTIC,-84.10777,40.36701,GLOBAL POSITIONING SYSTEM,SHELBY,SALEM,2016-07-29,152.0,,SAND & GRAVEL,ROTARY,18.0,48.0,149.0,,2058103
313789,W,DOMESTIC,-84.175117,40.198767,GLOBAL POSITIONING SYSTEM,SHELBY,ORANGE,2015-09-10,94.0,1005.9000244140625,SAND & GRAVEL,ROTARY,40.0,27.0,92.0,,2054057
314021,W,DOMESTIC,-84.39721,40.32817,GLOBAL POSITIONING SYSTEM,SHELBY,MCLEAN,2016-08-20,81.0,,SAND & GRAVEL,ROTARY,20.0,34.0,78.0,,2058469
314230,W,DOMESTIC,-84.12671999999999,40.477669999999996,GLOBAL POSITIONING SYSTEM,SHELBY,DINSMORE,2020-01-03,64.0,,SAND & GRAVEL,ROTARY,20.0,23.0,60.0,,2077467
314411,W,DOMESTIC,-84.202879,40.270953,DIGITAL MAP,SHELBY,CLINTON,1999-11-13,158.0,,LIMESTONE,ROTARY,20.0,64.0,102.0,87,905951
314413,W,DOMESTIC,-84.08818199999999,40.312424,DIGITAL MAP,SHELBY,PERRY,1998-05-29,105.0,,GRAVEL & SAND,AIR ROTARY,20.0,66.0,102.0,,871354
314479,W,DOMESTIC,-84.19118499999999,40.350421,DIGITAL MAP,SHELBY,FRANKLIN,1999-05-20,79.0,,GRAVEL & SAND,ROTARY,20.0,54.0,76.0,,894818
314482,W,DOMESTIC,-84.335776,40.24999,DIGITAL MAP,SHELBY,LORAMIE,1998-10-14,97.0,,GRAVEL,AIR ROTARY,20.0,19.0,97.0,,8823301
314488,W,DOMESTIC,-84.137678,40.346803,DIGITAL MAP,SHELBY,FRANKLIN,1999-03-19,78.0,,GRAVEL & SAND,ROTARY,20.0,34.0,75.0,,889140
314518,W,,-84.246648,40.354366999999996,DIGITIZED,SHELBY,TURTLE CREEK,1957-08-22,64.0,904.0,GRAVEL,,14.0,41.0,64.0,,198109
314553,W,DOMESTIC,-84.07992999999999,40.396209999999996,GLOBAL POSITIONING SYSTEM,SHELBY,JACKSON,2018-12-12,73.0,,SAND & GRAVEL,ROTARY,25.0,30.0,70.0,,2071433
314562,W,DOMESTIC,-84.283441,40.33163,DIGITAL MAP,SHELBY,TURTLE CREEK,1999-11-05,162.0,,LIMESTONE,ROTARY,20.0,56.0,100.0,93,905927
314568,W,DOMESTIC,-84.296702,40.387395,DIGITAL MAP,SHELBY,VAN BUREN,1999-06-19,142.0,,LIMESTONE,ROTARY,20.0,13.0,77.7,68,897175
314583,W,DOMESTIC,-84.1155,40.269169999999995,GLOBAL POSITIONING SYSTEM,SHELBY,PERRY,2009-11-12,130.0,1051.5999755859375,SAND & GRAVEL,ROTARY,125.0,36.5,127.0,,2024950
314714,W,DOMESTIC,-84.14452299999999,40.425050999999996,DIGITAL MAP,SHELBY,DINSMORE,2000-01-01,97.0,,GRAVEL & SAND,ROTARY,20.0,46.0,95.0,,908426
314720,W,DOMESTIC,-84.240027,40.401816,DIGITAL MAP,SHELBY,VAN BUREN,2000-01-14,67.0,,GRAVEL & SAND,ROTARY,20.0,14.0,65.0,,908443
314721,W,DOMESTIC,-84.232213,40.380573999999996,DIGITAL MAP,SHELBY,VAN BUREN,1999-12-28,181.0,,LIMESTONE,ROTARY,50.0,32.0,120.7,110,908420
314777,W,DOMESTIC,-84.13674,40.47614,GLOBAL POSITIONING SYSTEM,SHELBY,DINSMORE,2018-06-04,210.0,,LIMESTONE,ROTARY,40.0,21.0,142.0,,2068138
314815,W,DOMESTIC,-84.118746,40.356069,GEOCODE,SHELBY,SALEM,1997-11-08,80.0,938.7999877929688,SAND & GRAVEL,ROTARY,20.0,47.0,78.0,,867125
314823,W,DOMESTIC,-84.23549,40.20583,GLOBAL POSITIONING SYSTEM,SHELBY,WASHINGTON,2020-04-08,50.0,,SAND & GRAVEL,ROTARY,7.0,35.0,47.0,,2079020
314833,W,DOMESTIC,-84.160082,40.440233,DIGITAL MAP,SHELBY,DINSMORE,2000-09-22,123.0,,SAND & GRAVEL,ROTARY,60.0,28.0,120.5,,920753
314834,W,DOMESTIC,-84.172326,40.416739,DIGITAL MAP,SHELBY,DINSMORE,2000-01-19,85.0,,SAND & GRAVEL,ROTARY,20.0,32.0,82.5,,908448
314845,W,DOMESTIC,-84.18511,40.240772,DIGITAL MAP,SHELBY,ORANGE,1999-11-03,139.0,,LIMESTONE,AIR ROTARY,40.0,25.0,35.0,8,905920
319856,W,,-84.11632499999999,40.232734,DIGITIZED,SHELBY,ORANGE,1964-10-17,144.0,1071.5,GRAVEL,,15.0,30.0,144.0,,327266
319857,W,,-84.139917,40.255122,DIGITIZED,SHELBY,ORANGE,1960-09-08,146.0,1049.300048828125,GRAVEL,,40.0,50.0,146.0,,230190
319858,W,,-84.157352,40.263628,DIGITIZED,SHELBY,ORANGE,1969-11-13,93.0,549.2000122070312,GRAVEL,,12.0,76.0,93.0,,403132
319864,W,,-84.253832,40.212044,,SHELBY,WASHINGTON,1980-07-28,70.0,927.5,GRAVEL,,20.0,36.0,72.0,,571269
319873,W,,-84.229396,40.265463,,SHELBY,WASHINGTON,1973-08-03,45.0,986.9000244140625,GRAVEL,,10.0,10.0,45.0,,458466
319982,W,DOMESTIC,-84.37105,40.232569999999996,GEOCODE,SHELBY,LORAMIE,1994-06-13,38.0,968.9000244140625,SAND & GRAVEL,ROTARY,20.0,23.5,35.0,,795997
319996,W,,-84.29854999999999,40.391627,DIGITIZED,SHELBY,MCLEAN,1955-07-22,105.0,958.0,LIMESTONE,,12.0,6.0,53.0,51,82638
319997,W,,-84.04086099999999,40.425008,DIGITIZED,SHELBY,JACKSON,1957-04-11,103.0,1040.0,SAND & GRAVEL,,6.0,70.0,103.0,,179328
319998,W,ABANDONED,-84.03721499999999,40.443743999999995,DIGITIZED,SHELBY,JACKSON,1968-08-17,382.0,1021.2999877929688,SHALE,,,,,424,371715
319999,W,,-84.11542299999999,40.30607,DIGITIZED,SHELBY,PERRY,1964-10-26,208.0,1015.5,LIMESTONE,,8.0,77.0,170.0,170,327267
320000,W,,-84.298031,40.372627,DIGITIZED,SHELBY,MCLEAN,1959-04-09,105.0,968.4000244140625,LIMESTONE,,14.0,16.0,82.0,82,228005
320001,W,,-84.341285,40.369899,DIGITIZED,SHELBY,MCLEAN,1969-01-16,70.0,956.4000244140625,GRAVEL,,15.0,15.0,70.0,,378781
320002,W,AGRIC/IRRIG,-84.389653,40.376258,,SHELBY,MCLEAN,1991-08-13,282.0,964.0,LIMESTONE,ROTARY,50.0,49.0,157.0,151,737851
320003,W,,-84.244462,40.285334,DIGITIZED,SHELBY,TURTLE CREEK,1957-09-09,45.0,1037.9000244140625,GRAVEL,,12.0,32.0,45.0,,198670
320004,W,,-84.21491499999999,40.300281999999996,DIGITIZED,SHELBY,TURTLE CREEK,1955-08-24,51.0,985.9000244140625,LIMESTONE,,20.0,17.0,40.0,39,153972
320005,W,,-84.24544999999999,40.285619,DIGITIZED,SHELBY,TURTLE CREEK,1955-09-22,44.0,1051.9000244140625,GRAVEL,,10.0,29.0,44.0,,160758
320006,W,,-84.249924,40.274829,DIGITIZED,SHELBY,TURTLE CREEK,1953-11-09,36.0,1035.0,GRAVEL,,10.0,13.0,36.0,,43283
320007,W,,-84.238981,40.287135,DIGITIZED,SHELBY,TURTLE CREEK,1952-12-08,65.0,763.2000122070312,LIMESTONE,,6.0,33.0,48.0,48,93338
320009,W,,-84.238596,40.480353,DIGITIZED,SHELBY,VAN BUREN,1962-04-11,63.0,952.7999877929688,GRAVEL,,10.0,19.0,63.0,,251571
320010,W,,-84.233327,40.451993,DIGITIZED,SHELBY,VAN BUREN,1961-02-06,175.0,971.5999755859375,LIMESTONE,,,32.0,149.0,142,251525
320020,W,,-84.24427899999999,40.268792999999995,DIGITIZED,SHELBY,WASHINGTON,1963-05-26,95.0,784.2999877929688,LIMESTONE,,21.0,45.0,70.0,70,280014
320028,W,,-84.28958999999999,40.215486,DIGITIZED,SHELBY,WASHINGTON,1961-05-04,237.0,988.5,GRAVEL,,10.0,79.0,237.0,,259540
320099,W,,-84.401287,40.368231,DIGITIZED,SHELBY,MCLEAN,,80.0,955.2999877929688,GRAVEL,,20.0,18.0,80.0,,88256
320101,W,,-84.22503999999999,40.264769,DIGITIZED,SHELBY,WASHINGTON,1950-03-04,56.0,966.9000244140625,LIMESTONE,,20.0,14.0,63.0,36,56626
320102,W,,-84.276907,40.228487,DIGITIZED,SHELBY,WASHINGTON,,155.0,976.7999877929688,LIMESTONE,,20.0,52.0,133.0,130,86266
320103,W,,-84.362009,40.328722,DIGITIZED,SHELBY,CYNTHIAN,1957-04-27,95.0,965.5,GRAVEL,,25.0,28.0,95.0,,185327
320104,W,,-84.198743,40.265336,DIGITIZED,SHELBY,CLINTON,1954-10-06,100.0,1018.7999877929688,LIMESTONE,,10.0,63.0,92.0,92,131190
321507,W,DOMESTIC,-84.246071,40.285812,GEOCODE,SHELBY,TURTLE CREEK,1997-06-20,135.0,588.4000244140625,LIMESTONE,ROTARY,20.0,24.0,66.0,60,857564
321970,W,DOMESTIC,-84.29934,40.283539999999995,,SHELBY,CYNTHIAN,1997-06-13,168.0,995.5999755859375,LIMESTONE,ROTARY,20.0,62.0,129.0,123,857551
322611,W,DOMESTIC,-84.40426,40.2316,GEOCODE,SHELBY,LORAMIE,2001-08-01,122.0,973.9000244140625,LIMESTONE,ROTARY,18.0,16.0,61.0,57,934618
323087,W,DOMESTIC,-84.36860999999999,40.30074,GEOCODE,SHELBY,CYNTHIAN,2001-04-05,141.0,972.5999755859375,LIMESTONE,ROTARY,18.0,48.0,106.0,102,928504
323165,W,DOMESTIC,-84.164636,40.345604,GEOCODE,SHELBY,FRANKLIN,2001-06-21,41.0,933.5999755859375,GRAVEL/SAND/ROCK,ROTARY,20.0,8.0,38.0,,931678
323274,W,DOMESTIC,-84.28984,40.25684,GEOCODE,SHELBY,WASHINGTON,2002-06-03,240.0,907.7999877929688,LIMESTONE & SHALE,ROTARY,12.0,51.0,160.0,89,945170
323410,W,DOMESTIC,-84.235807,40.394532,DGS SURFICIAL MAPPING,SHELBY,VAN BUREN,2002-08-29,68.0,987.9000244140625,SAND,ROTARY,90.0,28.0,65.0,4,948544
323414,W,DOMESTIC,-84.37749,40.27024,GEOCODE,SHELBY,CYNTHIAN,2002-08-01,161.0,999.0,LIMESTONE,ROTARY,35.0,69.0,137.0,134,946116
323419,W,DOMESTIC,-84.266036,40.39206,DGS SURFICIAL MAPPING,SHELBY,VAN BUREN,2002-12-13,64.0,966.2000122070312,GRAVEL & SAND,ROTARY,65.0,18.0,,,955477
323490,W,COMMERCIAL,-84.1656,40.30457,GEOCODE,SHELBY,CLINTON,2002-11-12,202.0,1045.4000244140625,LIMESTONE,ROTARY,95.0,84.0,141.0,136,955436
323538,W,DOMESTIC,-84.36887,40.296949999999995,GEOCODE,SHELBY,CYNTHIAN,2002-10-07,182.0,982.0999755859375,LIMESTONE,ROTARY,30.0,60.0,112.0,105,951793
323620,W,,-84.225798,40.409832,DIGITIZED,SHELBY,VAN BUREN,1960-12-05,111.0,970.7999877929688,GRAVEL,,18.0,21.0,111.0,,251523
323674,W,,-84.39538,40.35885,GLOBAL POSITIONING SYSTEM,SHELBY,MCLEAN,2003-08-04,86.0,950.0,GRAVEL & SAND,ROTARY,3.0,14.0,83.0,,965155
323678,W,DOMESTIC,-84.36189,40.278059999999996,GLOBAL POSITIONING SYSTEM,SHELBY,CYNTHIAN,2003-05-01,72.0,964.2999877929688,GRAVEL & SAND,ROTARY,35.0,30.0,69.0,,961822
323688,W,DOMESTIC,-84.13607999999999,40.427769999999995,GLOBAL POSITIONING SYSTEM,SHELBY,DINSMORE,2003-08-08,97.0,1053.300048828125,SAND & GRAVEL,ROTARY,65.0,47.0,94.0,,965163
323841,W,,-84.330755,40.249755,DIGITIZED,SHELBY,LORAMIE,1960-06-29,48.0,926.5,GRAVEL,,15.0,23.0,48.0,,246639
323910,W,DOMESTIC,-84.27924,40.39385,GLOBAL POSITIONING SYSTEM,SHELBY,VAN BUREN,2003-05-27,60.0,963.7000122070312,SAND & GRAVEL,ROTARY,20.0,13.0,56.0,,961852
323914,W,DOMESTIC,-84.4124,40.23119,GLOBAL POSITIONING SYSTEM,SHELBY,LORAMIE,2003-11-11,63.0,973.5999755859375,GRAVEL & SAND,ROTARY,30.0,15.0,60.0,,970592
323938,W,DOMESTIC,-84.15465999999999,40.41019,GLOBAL POSITIONING SYSTEM,SHELBY,DINSMORE,2003-12-09,67.0,1032.0999755859375,SAND & GRAVEL,ROTARY,50.0,37.0,65.0,,970553
324044,W,,-84.021738,40.440038,,SHELBY,JACKSON,1968-04-03,58.0,1046.800048828125,GRAVEL,,10.0,10.0,58.0,,356097
324165,W,DOMESTIC,-84.30940000000001,40.46687,GLOBAL POSITIONING SYSTEM,SHELBY,VAN BUREN,2003-10-30,84.0,936.5,SAND & GRAVEL,ROTARY,90.0,32.0,81.0,,967348
324227,W,DOMESTIC,-84.2265,40.28067,GLOBAL POSITIONING SYSTEM,SHELBY,TURTLE CREEK,2004-12-23,104.0,557.0,LIMESTONE,ROTARY,12.0,34.0,75.0,66,972086
324253,W,DOMESTIC,-84.32086,40.27711,GLOBAL POSITIONING SYSTEM,SHELBY,CYNTHIAN,2004-07-20,234.0,1020.2999877929688,SAND & GRAVEL,ROTARY,18.0,88.0,200.0,,982838
324276,W,DOMESTIC,-84.41228,40.2282,GLOBAL POSITIONING SYSTEM,SHELBY,LORAMIE,2004-06-24,46.0,976.9000244140625,,ROTARY,10.0,19.0,44.0,,979941
324288,W,DOMESTIC,-84.03129,40.21629,GLOBAL POSITIONING SYSTEM,SHELBY,GREEN,2004-08-18,116.0,1116.9000244140625,GRAVEL & SAND,ROTARY,90.0,43.0,114.0,,984720
324416,W,DOMESTIC,-84.11542,40.32485,GLOBAL POSITIONING SYSTEM,SHELBY,SALEM,2004-06-10,81.0,1039.800048828125,SAND & GRAVEL,ROTARY,35.0,39.0,80.0,,979928
324515,W,DOMESTIC,-84.25236,40.2078,GLOBAL POSITIONING SYSTEM,SHELBY,WASHINGTON,2004-12-29,65.0,915.0999755859375,,ROTARY,15.0,39.0,64.0,,987658
324594,W,DOMESTIC,-84.18105,40.32038,GLOBAL POSITIONING SYSTEM,SHELBY,FRANKLIN,2005-04-13,153.0,1037.199951171875,,ROTARY,40.0,53.0,115.0,151,990122
324595,W,,-84.41118999999999,40.36895,GLOBAL POSITIONING SYSTEM,SHELBY,MCLEAN,2005-04-05,200.0,961.7000122070312,,ROTARY,70.0,32.0,128.0,197,990112
324642,W,AGRIC/IRRIG,-84.186329,40.244876,GEOCODE,SHELBY,ORANGE,2005-04-21,141.0,572.5999755859375,,ROTARY,20.0,,20.0,8,989601
324655,W,DOMESTIC,-84.40366,40.23025,GLOBAL POSITIONING SYSTEM,SHELBY,LORAMIE,2005-05-26,54.0,978.5999755859375,,ROTARY,35.0,20.0,52.0,,992342
324662,W,MONITOR,-84.17877399999999,40.280287,GEOCODE,SHELBY,CLINTON,2005-05-03,20.0,1030.199951171875,SAND & GRAVEL,AUGER,,,,,991133
324677,W,MONITOR,-84.17967,40.28767,GLOBAL POSITIONING SYSTEM,SHELBY,CLINTON,2005-12-08,26.0,1042.9000244140625,CLAY,AUGER,,0.0,16.0,,2000728
324711,W,DOMESTIC,-84.26473,40.39309,GLOBAL POSITIONING SYSTEM,SHELBY,VAN BUREN,2006-02-21,114.0,966.2999877929688,LIMESTONE,ROTARY,50.0,14.0,71.0,63,2001294
324751,W,DOMESTIC,-84.16708,40.256043999999996,GLOBAL POSITIONING SYSTEM,SHELBY,ORANGE,2005-09-21,218.0,878.0999755859375,LIMESTONE,ROTARY,35.0,107.0,133.0,125,999750
324765,W,DOMESTIC,-84.09261,40.333529999999996,GLOBAL POSITIONING SYSTEM,SHELBY,SALEM,2006-04-11,248.0,1029.4000244140625,GRAVEL & SAND,ROTARY,100.0,61.0,245.0,,2002222
324907,W,DOMESTIC,-84.1483,40.33079,GLOBAL POSITIONING SYSTEM,SHELBY,FRANKLIN,2005-12-08,93.0,1028.300048828125,GRAVEL & SAND,ROTARY,80.0,47.0,89.0,,2000541
324949,W,DOMESTIC,-84.32082,40.27628,GLOBAL POSITIONING SYSTEM,SHELBY,CYNTHIAN,2006-02-08,109.0,1021.2999877929688,GRAVEL & SAND,ROTARY,20.0,91.0,106.0,,2001220
324950,W,DOMESTIC,-84.08767,40.47399,GLOBAL POSITIONING SYSTEM,SHELBY,JACKSON,2006-02-08,101.0,1042.300048828125,GRAVEL & SAND,ROTARY,100.0,30.0,97.0,,2001221
325066,W,,-84.04650699999999,40.353708,DIGITIZED,SHELBY,SALEM,1956-06-04,95.0,607.0999755859375,GRAVEL,,3.0,25.0,95.0,,146677
325090,W,,-84.181743,40.278053,DIGITIZED,SHELBY,CLINTON,1963-10-21,300.0,1026.4000244140625,SHALE,,125.0,48.0,113.0,112,273138
325103,W,,-84.060316,40.200331,DIGITIZED,SHELBY,GREEN,1956-12-18,135.0,1102.800048828125,LIMESTONE,,10.0,35.0,,130,182979
325221,W,DOMESTIC,-84.26138,40.330549999999995,GLOBAL POSITIONING SYSTEM,SHELBY,TURTLE CREEK,2006-08-15,134.0,1016.2999877929688,LIMESTONE,ROTARY,50.0,55.0,109.0,103,2004572
325900,W,,-84.198831,40.286322,DIGITIZED,SHELBY,CLINTON,1961-11-06,93.0,875.5,SAND & GRAVEL,,10.0,52.0,93.0,,226744
325958,W,DOMESTIC,-84.2007,40.40595,GLOBAL POSITIONING SYSTEM,SHELBY,DINSMORE,2007-09-11,256.0,1006.5999755859375,GRAVEL & SAND,ROTARY,150.0,37.1,200.0,,2012344
326163,W,PUBLIC/SEMI-PUB,-84.36346999999999,40.36987,GLOBAL POSITIONING SYSTEM,SHELBY,MCLEAN,2007-07-20,281.0,954.7000122070312,LIMESTONE,ROTARY,35.0,27.3,232.0,226,2011868
326277,W,DOMESTIC,-84.29758,40.44687,GLOBAL POSITIONING SYSTEM,SHELBY,VAN BUREN,2006-11-29,145.0,971.2000122070312,LIMESTONE,ROTARY,35.0,48.0,111.0,106,2007037
326518,W,,-84.373404,40.356795999999996,DIGITIZED,SHELBY,MCLEAN,1963-05-18,60.0,949.2999877929688,GRAVEL,,18.0,7.0,61.0,,271496
326582,W,,-84.36750099999999,40.279934,DIGITIZED,SHELBY,CYNTHIAN,1961-08-29,68.0,954.5999755859375,GRAVEL,,12.0,25.0,68.0,,246543
326583,W,,-84.351112,40.291584,DIGITIZED,SHELBY,CYNTHIAN,1966-10-13,103.0,979.2000122070312,LIMESTONE,,12.0,53.0,94.0,94,356599
326599,W,,-84.100943,40.284745,DIGITIZED,SHELBY,PERRY,1957-10-10,35.0,1071.199951171875,GRAVEL,,8.0,19.0,35.0,,197844
326661,W,,-84.299523,40.424223,DIGITIZED,SHELBY,VAN BUREN,1949-08-11,100.0,978.2000122070312,LIMESTONE,,24.0,17.0,95.0,90,66562
326878,W,,-84.176155,40.316114999999996,DIGITIZED,SHELBY,CLINTON,1950-05-18,130.0,1111.0,LIMESTONE,,,50.0,108.0,108,30772
326897,W,,-84.158608,40.285781,DIGITIZED,SHELBY,CLINTON,1955-07-21,113.0,742.2000122070312,LIMESTONE,,20.0,40.0,64.0,61,151372
326967,W,OBSERVATION,-84.247067,40.220133,GLOBAL POSITIONING SYSTEM,SHELBY,WASHINGTON,2008-07-29,40.0,902.7999877929688,SILT/SAND/GRAVEL,AUGER,,21.0,30.0,82,2020294
327025,W,DOMESTIC,-84.32703,40.32721,GLOBAL POSITIONING SYSTEM,SHELBY,CYNTHIAN,2009-10-06,179.0,994.5999755859375,LIMESTONE,ROTARY,40.0,57.0,141.0,136,2024342
327096,W,DOMESTIC,-84.36896999999999,40.2977,GLOBAL POSITIONING SYSTEM,SHELBY,CYNTHIAN,2008-08-04,179.0,986.5999755859375,LIMESTONE,ROTARY,30.0,59.2,105.0,99,2017976
327205,W,DOMESTIC,-84.05134,40.25338,GLOBAL POSITIONING SYSTEM,SHELBY,GREEN,2009-10-26,62.0,1062.699951171875,GRAVEL & SAND,ROTARY,65.0,14.9,60.0,,2024677
327508,W,DOMESTIC,-84.03629,40.30119,GLOBAL POSITIONING SYSTEM,SHELBY,PERRY,2007-11-15,141.0,1074.0999755859375,GRAVEL,ROTARY,60.0,69.8,138.0,,2013821
327513,W,DOMESTIC,-84.371667,40.330278,GLOBAL POSITIONING SYSTEM,SHELBY,MCLEAN,2010-07-16,74.0,966.7999877929688,GRAVEL,AIR ROTARY,50.0,35.0,71.0,,2027955
327780,W,AGRIC/IRRIG,-84.071983,40.317966999999996,GLOBAL POSITIONING SYSTEM,SHELBY,PERRY,2012-10-23,92.0,1050.4000244140625,SAND & GRAVEL,ROTARY,30.0,62.0,88.0,,2040422
327828,W,DOMESTIC,-84.09679,40.3838,GLOBAL POSITIONING SYSTEM,SHELBY,JACKSON,2011-06-01,222.0,1047.300048828125,LIMESTONE,ROTARY,125.0,36.7,190.0,204,2032584
327829,W,AGRIC/IRRIG,-84.3574,40.32944,GLOBAL POSITIONING SYSTEM,SHELBY,MCLEAN,2011-05-31,98.0,971.0,GRAVEL & SAND,ROTARY,100.0,35.300000000000004,95.0,,2032586
327971,W,DOMESTIC,-84.09590999999999,40.43458,GLOBAL POSITIONING SYSTEM,SHELBY,JACKSON,2012-06-26,77.0,1031.800048828125,SAND & GRAVEL,ROTARY,15.0,15.0,75.0,,2038171
327996,W,MONITOR,-84.17031999999999,40.31026,GLOBAL POSITIONING SYSTEM,SHELBY,CLINTON,2011-03-08,20.0,1054.5,CLAY,AUGER,,0.0,9.5,,2031524
328022,W,AGRIC/IRRIG,-84.42564999999999,40.345259999999996,GLOBAL POSITIONING SYSTEM,SHELBY,MCLEAN,2010-12-14,157.0,954.0999755859375,LIMESTONE,ROTARY,55.0,20.900000000000002,110.0,106,2030468
328093,W,MONITOR,-84.16412,40.29776,GLOBAL POSITIONING SYSTEM,SHELBY,CLINTON,2011-03-09,15.0,1024.800048828125,SILT,AUGER,,0.0,4.5,,2031527
328189,W,MUNICIPAL,-84.040443,40.434869,GLOBAL POSITIONING SYSTEM,SHELBY,JACKSON,2013-02-20,67.0,1035.800048828125,SAND & GRAVEL,BUCKET AUGER,374.0,16.4,57.0,,2042072
328345,W,DOMESTIC,-84.33391,40.24288,GLOBAL POSITIONING SYSTEM,SHELBY,LORAMIE,2014-12-31,166.0,963.2000122070312,SAND & GRAVEL,ROTARY,25.0,37.0,163.0,,2050594
328399,W,DOMESTIC,-84.15005,40.42461,GLOBAL POSITIONING SYSTEM,SHELBY,DINSMORE,2014-09-23,206.0,1026.9000244140625,LIMESTONE,ROTARY,20.0,37.0,146.0,141,2049313
328495,W,DOMESTIC,-84.368833,40.321332999999996,GLOBAL POSITIONING SYSTEM,SHELBY,CYNTHIAN,2014-08-19,163.0,981.4000244140625,LIMESTONE,AIR ROTARY,15.0,40.0,130.0,122,2049095
328504,W,DOMESTIC,-84.03178299999999,40.230267,GLOBAL POSITIONING SYSTEM,SHELBY,GREEN,2014-05-01,141.0,1081.4000244140625,LIMESTONE,ROTARY,12.0,35.0,130.0,125,2047342
328633,W,DOMESTIC,-84.28394999999999,40.234249999999996,GLOBAL POSITIONING SYSTEM,SHELBY,WASHINGTON,2014-07-25,156.0,979.0999755859375,SAND & GRAVEL,ROTARY,20.0,74.0,153.0,,2048318
328717,W,DOMESTIC,-84.23137,40.48162,GLOBAL POSITIONING SYSTEM,SHELBY,VAN BUREN,2016-09-14,75.0,,SAND & GRAVEL,ROTARY,30.0,24.0,72.0,,2058913
328790,W,DOMESTIC,-84.2261,40.274139999999996,GLOBAL POSITIONING SYSTEM,SHELBY,TURTLE CREEK,2017-02-27,152.0,,LIMESTONE,ROTARY,40.0,32.0,118.0,110,2061368
328794,W,DOMESTIC,-84.25806,40.41692,GLOBAL POSITIONING SYSTEM,SHELBY,VAN BUREN,2017-01-16,121.0,,SAND & GRAVEL,ROTARY,20.0,30.0,118.0,,2060866
329022,W,DOMESTIC,-84.08814,40.395759999999996,GLOBAL POSITIONING SYSTEM,SHELBY,JACKSON,2011-03-22,86.0,1077.9000244140625,SAND & GRAVEL,ROTARY,45.0,56.9,83.0,,2031512
329086,W,DOMESTIC,-84.199092,40.286829,DIGITAL MAP,SHELBY,CLINTON,2000-07-14,178.0,701.5,LIMESTONE,ROTARY,20.0,63.0,10.5,96,918015
329094,W,AGRIC/IRRIG,-84.4093,40.34589,GLOBAL POSITIONING SYSTEM,SHELBY,MCLEAN,2018-10-26,123.0,,SAND & GRAVEL,ROTARY,35.0,22.0,118.0,,2070784
329131,W,DOMESTIC,-84.135683,40.384147,DIGITAL MAP,SHELBY,FRANKLIN,1998-09-07,50.0,,GRAVEL,ROTARY,35.0,19.0,47.0,,883626
329132,W,DOMESTIC,-84.117353,40.327768999999996,DIGITAL MAP,SHELBY,SALEM,1998-04-23,81.0,,GRAVEL & SAND,AIR ROTARY,30.0,55.0,81.0,,871301
329172,W,DOMESTIC,-84.40621999999999,40.26986,GLOBAL POSITIONING SYSTEM,SHELBY,LORAMIE,2018-07-17,183.0,,LIMESTONE,ROTARY,25.0,52.0,98.0,,2068850
329200,W,DOMESTIC,-84.33878,40.45324,GLOBAL POSITIONING SYSTEM,SHELBY,VAN BUREN,2019-11-26,102.0,,LIMESTONE,ROTARY,35.0,39.0,81.0,,2076983
329229,W,DOMESTIC,-84.24292,40.254569,DIGITAL MAP,SHELBY,WASHINGTON,2000-03-30,142.0,,LIMESTONE,ROTARY,20.0,37.0,125.5,120,912336
329236,W,DOMESTIC,-84.389353,40.318523,DIGITAL MAP,SHELBY,CYNTHIAN,1998-04-03,79.0,,GRAVEL & SAND,ROTARY,20.0,39.0,75.0,,871279
329245,W,DOMESTIC,-84.166995,40.340042,DIGITAL MAP,SHELBY,FRANKLIN,1998-05-28,112.0,756.7000122070312,GRAVEL & SAND,ROTARY,20.0,28.0,109.0,,871353
329282,W,DOMESTIC,-84.208635,40.341225,DIGITAL MAP,SHELBY,FRANKLIN,2000-06-06,87.0,,GRAVEL & SAND,ROTARY,20.0,47.0,84.60000000000001,,915396
329287,W,DOMESTIC,-84.412044,40.23005,DIGITAL MAP,SHELBY,LORAMIE,1998-12-08,133.0,,LIMESTONE,AIR ROTARY,15.0,30.0,110.0,105,889043
329288,W,DOMESTIC,-84.41132999999999,40.230329999999995,DIGITAL MAP,SHELBY,LORAMIE,2000-11-17,47.0,,GRAVEL & SAND,AIR ROTARY,20.0,15.0,44.0,,924246
329336,W,,-84.20763,40.298984999999995,DIGITIZED,SHELBY,CLINTON,1962-03-26,69.0,995.5999755859375,SAND & GRAVEL,,16.0,20.0,69.0,,272661
329362,W,PUBLIC/SEMI-PUB,-84.414535,40.237926,MAP-OTHERS,SHELBY,LORAMIE,2018-05-01,220.0,,LIMESTONE,REVERSE ROTARY,105.0,11.0,61.0,50,2067985
329370,W,DOMESTIC,-84.250772,40.201640999999995,DIGITAL MAP,SHELBY,WASHINGTON,1998-12-17,84.0,,GRAVEL & SAND,ROTARY,20.0,43.0,81.5,,889059
329376,W,DOMESTIC,-84.01759899999999,40.343528,DIGITAL MAP,SHELBY,SALEM,1998-08-13,107.0,,GRAVEL & SAND,AIR ROTARY,50.0,45.0,104.0,,880772
329404,W,,-84.319017,40.212312999999995,DIGITIZED,SHELBY,LORAMIE,1981-08-10,225.0,991.7000122070312,LIMESTONE,,5.0,46.0,128.0,123,600147
329508,W,DOMESTIC,-84.33330000000001,40.291149999999995,GLOBAL POSITIONING SYSTEM,SHELBY,CYNTHIAN,2018-09-18,179.0,,LIMESTONE,ROTARY,20.0,56.0,118.0,,2070064
329511,W,DOMESTIC,-84.14224999999999,40.396179,DIGITAL MAP,SHELBY,DINSMORE,2000-10-17,201.0,,LIMESTONE,ROTARY,20.0,33.0,133.0,127,920713
329513,W,DOMESTIC,-84.29768299999999,40.466383,DIGITAL MAP,SHELBY,VAN BUREN,1999-06-22,75.0,,GRAVEL & SAND,ROTARY,75.0,19.0,73.0,,897182
329529,W,DOMESTIC,-84.404941,40.23305,DIGITAL MAP,SHELBY,LORAMIE,1998-06-04,102.0,,LIMESTONE,AIR ROTARY,25.0,12.0,56.0,52,871366
329568,W,DOMESTIC,-84.425044,40.247909,DIGITAL MAP,SHELBY,LORAMIE,1998-05-18,53.0,,GRAVEL,AIR ROTARY,50.0,21.0,50.0,,869454
329595,W,COMMERCIAL,-84.3304,40.239200000000004,GLOBAL POSITIONING SYSTEM,SHELBY,LORAMIE,2019-03-05,160.0,,LIMESTONE,ROTARY,35.0,45.0,35.0,,2072764
329662,W,DOMESTIC,-84.38856,40.34541,GLOBAL POSITIONING SYSTEM,SHELBY,MCLEAN,2019-10-02,74.0,,SAND & GRAVEL,ROTARY,20.0,24.0,71.0,,2075903
329689,W,DOMESTIC,-84.14556999999999,40.424502,DIGITAL MAP,SHELBY,DINSMORE,1998-05-26,82.0,,GRAVEL & SAND,ROTARY,20.0,43.0,80.0,,871348
329690,W,DOMESTIC,-84.329005,40.416081999999996,DIGITIZED,SHELBY,MCLEAN,2000-07-25,162.0,,LIMESTONE,AIR ROTARY,20.0,53.0,105.0,95,918072
329691,W,DOMESTIC,-84.340846,40.370956,DIGITAL MAP,SHELBY,MCLEAN,2000-03-17,162.0,,LIMESTONE,AIR ROTARY,20.0,23.0,127.0,122,912351
329696,W,DOMESTIC,-84.048926,40.467996,DIGITAL MAP,SHELBY,JACKSON,1998-12-05,75.0,,SAND & GRAVEL,ROTARY,20.0,11.0,72.0,,889037
334648,W,,-84.11122499999999,40.247247,DIGITIZED,SHELBY,ORANGE,1955-11-15,74.0,1054.4000244140625,SAND & GRAVEL,,,9.0,74.0,,155849
334651,W,DOMESTIC,-84.28058999999999,40.210409999999996,GEOCODE,SHELBY,WASHINGTON,1994-11-02,155.0,966.0999755859375,GRAVEL,ROTARY,60.0,72.0,144.0,,804832
334656,W,DOMESTIC,-84.266425,40.227441,,SHELBY,WASHINGTON,1989-12-28,98.0,969.5999755859375,GRAVEL & SAND,ROTARY,20.0,62.0,100.0,,705473
334735,W,,-84.17947699999999,40.278338,DIGITIZED,SHELBY,CLINTON,1948-09-03,100.0,1027.5,GRAVEL,,16.0,50.0,100.0,,49514
334740,W,,-84.32230799999999,40.29045,DIGITIZED,SHELBY,CYNTHIAN,1952-03-13,87.0,959.7000122070312,GRAVEL,,10.0,50.0,87.0,,58910
334741,W,,-84.18252,40.360876999999995,DIGITIZED,SHELBY,FRANKLIN,1952-01-04,42.0,1057.699951171875,GRAVEL,,8.0,15.0,42.0,,58901
334742,W,,-84.36007699999999,40.251383,DIGITIZED,SHELBY,LORAMIE,1949-06-30,73.0,964.0,GRAVEL,,9.0,50.0,73.0,,33389
334747,W,,-84.345973,40.375152,DIGITIZED,SHELBY,MCLEAN,1948-06-25,77.0,956.0,SAND & GRAVEL,,20.0,21.0,76.0,,42421
334760,W,,-84.319373,40.270637,DIGITIZED,SHELBY,LORAMIE,1970-04-30,158.0,993.4000244140625,GRAVEL,,14.0,68.0,158.0,,407281
334761,W,,-84.37245,40.23231,GEOCODE,SHELBY,LORAMIE,1982-11-25,65.0,971.9000244140625,LIMESTONE,,12.0,,40.0,40,622278
334769,W,,-84.152289,40.410244,DGS SURFICIAL MAPPING,SHELBY,DINSMORE,1964-12-16,81.0,1038.699951171875,GRAVEL,,25.0,60.0,81.0,,310600
334770,W,,-84.12857199999999,40.45386,DIGITIZED,SHELBY,DINSMORE,1952-11-11,125.0,1033.5,GRAVEL,,15.0,41.5,,,96090
334771,W,,-84.16242,40.292707,DIGITIZED,SHELBY,CLINTON,1962-11-10,150.0,1028.9000244140625,GRAVEL,,100.0,74.0,145.0,,282642
334772,W,,-84.129066,40.284836,DIGITIZED,SHELBY,CLINTON,1967-01-17,233.0,1069.199951171875,LIMESTONE,,8.0,140.0,225.0,225,357669
334775,W,,-84.021002,40.454237,DIGITIZED,SHELBY,JACKSON,1957-05-09,88.0,1026.5999755859375,SAND & GRAVEL,,10.0,24.0,88.0,,179331
334776,W,,-84.176355,40.393063999999995,DIGITIZED,SHELBY,FRANKLIN,1956-02-21,68.0,1025.9000244140625,GRAVEL,,25.0,34.0,68.0,,153998
334777,W,,-84.166659,40.339287,DIGITIZED,SHELBY,FRANKLIN,1961-09-07,85.0,876.5,MUD & GRAVEL,,2.0,35.0,85.0,,244933
334778,W,,-84.011273,40.311878,DIGITIZED,SHELBY,PERRY,1954-10-22,38.0,616.5999755859375,GRAVEL,,10.0,18.0,38.0,,131195
334779,W,,-84.106923,40.292089999999995,DIGITIZED,SHELBY,PERRY,1958-06-30,147.0,982.5,LIMESTONE,,10.0,51.0,135.0,135,220325
334780,W,,-84.176402,40.393063,DIGITIZED,SHELBY,FRANKLIN,1962-08-15,106.0,1026.0,GRAVEL,,110.0,40.0,88.0,,272715
334781,W,,-84.433139,40.245677,DIGITIZED,SHELBY,LORAMIE,1962-08-15,138.0,1003.2000122070312,LIMESTONE,,12.0,48.0,107.0,107,271470
334782,W,,-84.369892,40.232775,DIGITIZED,SHELBY,LORAMIE,1964-05-18,129.0,960.4000244140625,GRAVEL,,12.0,30.0,129.0,,297684
334783,W,,-84.42678,40.208684,DIGITIZED,SHELBY,LORAMIE,1964-07-30,92.0,982.5,GRAVEL,,12.0,20.0,92.0,,297691
334784,W,,-84.281588,40.289356,DIGITIZED,SHELBY,TURTLE CREEK,1957-08-22,134.0,1020.5999755859375,LIMESTONE,,14.0,68.0,,120,198114
334785,W,,-84.246681,40.351776,DIGITIZED,SHELBY,TURTLE CREEK,1954-12-01,85.0,997.4000244140625,GRAVEL,,15.0,50.0,85.0,,132370
334786,W,,-84.24595099999999,40.313998999999995,DIGITIZED,SHELBY,TURTLE CREEK,1959-12-23,33.0,1019.5999755859375,GRAVEL,,12.0,6.0,33.0,,246605
334787,W,,-84.02438099999999,40.376349,DIGITIZED,SHELBY,SALEM,1958-04-02,47.0,1040.4000244140625,GRAVEL,,10.0,17.0,47.0,,205170
334870,W,,-84.15140000000001,40.205641,DIGITIZED,SHELBY,ORANGE,1948-10-11,102.0,1051.300048828125,GRAVEL,,20.0,56.0,102.0,,42441
334871,W,,-84.255363,40.393786,DIGITIZED,SHELBY,VAN BUREN,1950-09-16,137.0,973.9000244140625,LIMESTONE,,16.0,15.0,67.0,66,60171
334876,W,,-84.370828,40.297336,DIGITIZED,SHELBY,CYNTHIAN,1961-11-24,119.0,981.5,LIMESTONE,,14.0,46.0,92.0,92,271452
334877,W,,-84.19587899999999,40.265439,DIGITIZED,SHELBY,CLINTON,1953-03-26,119.0,1018.0999755859375,LIMESTONE,,,56.0,77.0,79,105409
334878,W,,-84.20237999999999,40.401557,DIGITIZED,SHELBY,DINSMORE,1965-11-19,114.0,1002.7999877929688,GRAVEL,,20.0,31.0,115.0,,331785
334882,W,,-84.20760899999999,40.300235,DIGITIZED,SHELBY,CLINTON,1962-04-06,85.0,989.2999877929688,LIMESTONE,,21.0,7.0,60.0,58,272664
336954,W,DOMESTIC,-84.08655,40.24221,GEOCODE,SHELBY,GREEN,1997-12-19,141.0,1072.5,LIMESTONE,ROTARY,40.0,34.0,111.0,109,865680
337035,W,DOMESTIC,-84.37057999999999,40.32302,GEOCODE,SHELBY,CYNTHIAN,1997-11-17,178.0,970.5999755859375,LIMESTONE,ROTARY,40.0,33.0,125.0,119,867139
337821,W,DOMESTIC,-84.16659299999999,40.481974,DGS SURFICIAL MAPPING,SHELBY,DINSMORE,2001-03-20,242.0,1016.0,LIME & CLAY,ROTARY,20.0,46.0,222.0,217,928481
337925,W,DOMESTIC,-84.31636,40.35962,GEOCODE,SHELBY,MCLEAN,2001-03-22,158.0,969.2999877929688,LIMESTONE,ROTARY,20.0,29.0,113.0,108,928484
338261,W,DOMESTIC,-84.37574,40.21877,GEOCODE,SHELBY,LORAMIE,2002-08-22,98.0,970.7999877929688,GRAVEL,ROTARY,40.0,38.0,95.0,,946095
338449,W,DOMESTIC,-84.14256499999999,40.424513,DGS SURFICIAL MAPPING,SHELBY,DINSMORE,2003-02-03,242.0,1044.199951171875,LIMESTONE,ROTARY,35.0,51.0,176.0,169,959098
338547,W,DOMESTIC,-84.33308,40.27068,GEOCODE,SHELBY,LORAMIE,2002-09-26,220.0,974.4000244140625,LIMESTONE,ROTARY,15.0,67.0,120.0,108,951774
338573,W,,-84.192292,40.30227,DIGITIZED,SHELBY,CLINTON,1962-07-21,82.0,1042.0,GRAVEL,,12.0,45.0,82.0,,271468
338603,W,DOMESTIC,-84.41102,40.228649999999995,GLOBAL POSITIONING SYSTEM,SHELBY,LORAMIE,2003-07-28,177.0,978.5,LIMESTONE,ROTARY,,14.0,98.0,92,965144
338761,W,DOMESTIC,-84.13492,40.39186,GLOBAL POSITIONING SYSTEM,SHELBY,FRANKLIN,2003-06-23,173.0,1033.9000244140625,LIMESTONE,ROTARY,50.0,24.0,138.0,132,961884
338820,W,DOMESTIC,-84.20796,40.334869999999995,GLOBAL POSITIONING SYSTEM,SHELBY,FRANKLIN,2003-09-15,83.0,1034.199951171875,GRAVEL & SAND,ROTARY,40.0,49.0,81.0,,967275
338912,W,DOMESTIC,-84.02427999999999,40.18475,GLOBAL POSITIONING SYSTEM,SHELBY,GREEN,2004-02-17,117.0,1146.699951171875,SAND & GRAVEL,ROTARY,20.0,51.0,117.0,,975676
338926,W,DOMESTIC,-84.032744,40.294176,GLOBAL POSITIONING SYSTEM,SHELBY,PERRY,2004-04-13,35.0,1049.0999755859375,GRAVEL & CLAY,ROTARY,55.0,14.0,34.0,,976842
339209,W,DOMESTIC,-84.32099,40.27681,GLOBAL POSITIONING SYSTEM,SHELBY,CYNTHIAN,2004-08-25,225.0,1019.7000122070312,SAND & GRAVEL,ROTARY,75.0,86.0,197.0,89,984728
339529,W,AGRIC/IRRIG,-84.11110000000001,40.39611,GLOBAL POSITIONING SYSTEM,SHELBY,DINSMORE,2005-02-07,55.0,1042.300048828125,GRAVEL & SAND,ROTARY,75.0,23.0,53.0,45,990070
339743,W,MUNICIPAL,-84.41622,40.238800000000005,GLOBAL POSITIONING SYSTEM,SHELBY,LORAMIE,2005-10-11,221.0,968.9000244140625,LIMESTONE,ROTARY,130.0,11.0,60.0,27,999772
340037,W,,-84.09334199999999,40.350767999999995,DIGITIZED,SHELBY,SALEM,1959-05-15,96.0,1058.800048828125,GRAVEL,,60.0,70.0,96.0,,229463
340052,W,,-84.103892,40.325175,DIGITIZED,SHELBY,SALEM,1960-08-27,31.0,905.7999877929688,GRAVEL,,12.0,19.0,,,246650
340978,W,DOMESTIC,-84.40144,40.27832,GLOBAL POSITIONING SYSTEM,SHELBY,CYNTHIAN,2007-10-16,175.0,994.5,LIMESTONE,ROTARY,30.0,50.1,98.0,87,2013176
341144,W,DOMESTIC,-84.35104,40.2665,GLOBAL POSITIONING SYSTEM,SHELBY,LORAMIE,2006-12-22,107.0,992.0999755859375,GRAVEL & SAND,ROTARY,45.0,65.0,104.0,,2007481
341227,W,DOMESTIC,-84.09389,40.432379999999995,GLOBAL POSITIONING SYSTEM,SHELBY,JACKSON,2007-08-28,56.0,1037.5999755859375,GRAVEL,ROTARY,100.0,20.0,53.0,,2012067
341238,W,DOMESTIC,-84.12518,40.360279999999996,GLOBAL POSITIONING SYSTEM,SHELBY,SALEM,2007-09-05,135.0,1067.9000244140625,GRAVEL & SAND,ROTARY,65.0,56.9,133.0,,2012255
341355,W,DOMESTIC,-84.17580000000001,40.421839999999996,GLOBAL POSITIONING SYSTEM,SHELBY,DINSMORE,2007-05-22,201.0,1017.9000244140625,LIMESTONE,ROTARY,30.0,40.800000000000004,150.0,146,2009806
341377,W,DOMESTIC,-84.1115,40.34635,GLOBAL POSITIONING SYSTEM,SHELBY,SALEM,2006-12-15,125.0,1070.300048828125,GRAVEL & SAND,ROTARY,5.0,67.0,123.0,,2007400
341510,W,,-84.04499899999999,40.434162,DIGITIZED,SHELBY,JACKSON,1949-04-11,196.0,1032.9000244140625,FILL MATERIAL,,175.0,14.0,139.0,,73666
341517,W,,-84.36942599999999,40.271556,DIGITIZED,SHELBY,CYNTHIAN,1955-03-09,86.0,983.4000244140625,GRAVEL,,15.0,40.0,86.0,,132377
341518,W,,-84.16391,40.2676,DIGITIZED,SHELBY,CLINTON,1956-02-28,52.0,874.2000122070312,LIMESTONE,,20.0,18.0,30.0,28,160163
341600,W,,-84.22218699999999,40.283328,DIGITIZED,SHELBY,TURTLE CREEK,1961-04-11,75.0,982.0,LIMESTONE,,12.0,25.0,63.0,61,226724
341628,W,,-84.377521,40.290909,DIGITIZED,SHELBY,CYNTHIAN,1954-11-10,108.0,992.2000122070312,LIMESTONE,,20.0,42.0,91.0,90,122236
341629,W,,-84.356044,40.351379,DIGITIZED,SHELBY,MCLEAN,1957-06-25,81.0,959.4000244140625,GRAVEL,,21.0,15.0,81.0,,198106
341643,W,,-84.201568,40.468896,DIGITIZED,SHELBY,DINSMORE,1948-02-19,142.0,1013.9000244140625,LIMESTONE,,25.0,63.0,125.0,120,23428
341644,W,,-84.22702699999999,40.228283999999995,DIGITIZED,SHELBY,WASHINGTON,1958-10-08,134.0,986.0,LIMESTONE,,10.0,67.0,130.0,130,220341
341670,W,,-84.35187599999999,40.374835,DIGITIZED,SHELBY,MCLEAN,1948-06-24,80.0,964.9000244140625,SAND & GRAVEL,,20.0,18.0,80.0,,42420
341671,W,,-84.17270599999999,40.29994,DIGITIZED,SHELBY,CLINTON,1966-01-28,121.0,636.7000122070312,SAND & GRAVEL,,9.0,90.3,121.0,,328522
341672,W,,-84.088972,40.25439,DIGITIZED,SHELBY,GREEN,1959-05-28,96.0,936.5,GRAVEL,,15.0,21.0,96.0,,229915
341877,W,DOMESTIC,-84.01029,40.355109999999996,GLOBAL POSITIONING SYSTEM,SHELBY,SALEM,2009-08-17,138.0,1043.199951171875,GRAVEL & SAND,ROTARY,125.0,34.1,134.0,,2023591
341919,W,,-84.369362,40.306694,DIGITIZED,SHELBY,CYNTHIAN,1955-11-16,115.0,1004.2999877929688,GRAVEL,,20.0,65.0,115.0,,160159
341920,W,,-84.31371399999999,40.234099,DIGITIZED,SHELBY,LORAMIE,1952-11-06,999.0,990.5999755859375,,,20.0,65.0,169.0,,86273
341938,W,,-84.11561999999999,40.276585,DIGITIZED,SHELBY,PERRY,1963-09-07,38.0,728.4000244140625,GRAVEL,,12.0,21.0,38.0,,307009
341977,W,DOMESTIC,-84.07455,40.34849,GLOBAL POSITIONING SYSTEM,SHELBY,SALEM,2009-06-10,144.0,1067.0999755859375,GRAVEL & SAND,ROTARY,25.0,110.0,140.0,,2022524
342001,W,OBSERVATION,-84.252083,40.22755,GLOBAL POSITIONING SYSTEM,SHELBY,WASHINGTON,2008-07-16,210.0,891.9000244140625,SILT/SAND/GRAVEL,AUGER,,6.0,,,2020287
342009,W,OBSERVATION,-84.25576699999999,40.232517,GLOBAL POSITIONING SYSTEM,SHELBY,WASHINGTON,2008-08-11,115.0,893.9000244140625,SILT/SAND/GRAVEL,AUGER,,8.0,105.0,205,2020297
342014,W,DOMESTIC,-84.3678,40.27768,GLOBAL POSITIONING SYSTEM,SHELBY,CYNTHIAN,2008-12-23,129.0,947.9000244140625,LIMESTONE,ROTARY,30.0,20.2,76.0,102,2020601
342249,W,DOMESTIC,-84.32003,40.269279999999995,GLOBAL POSITIONING SYSTEM,SHELBY,LORAMIE,2008-05-29,150.0,981.9000244140625,GRAVEL,ROTARY,100.0,60.5,147.0,,2016691
342292,W,DOMESTIC,-84.03339,40.281569999999995,GLOBAL POSITIONING SYSTEM,SHELBY,PERRY,2008-02-29,38.0,1077.5999755859375,GRAVEL & SAND,ROTARY,30.0,12.4,36.0,,2015300
342551,W,DOMESTIC,-84.30436999999999,40.2198,GLOBAL POSITIONING SYSTEM,SHELBY,LORAMIE,2010-07-13,127.0,993.7999877929688,GRAVEL & SAND,ROTARY,130.0,65.5,124.0,,2027895
342759,W,DOMESTIC,-84.36935,40.321400000000004,GLOBAL POSITIONING SYSTEM,SHELBY,CYNTHIAN,2012-11-08,182.0,978.0999755859375,LIMESTONE,ROTARY,30.0,43.6,140.0,136,2040645
342815,W,DOMESTIC,-84.08774,40.33125,GLOBAL POSITIONING SYSTEM,SHELBY,SALEM,2013-01-03,52.0,958.7999877929688,SAND & GRAVEL,ROTARY,40.0,11.700000000000001,49.0,,2041371
342898,W,DOMESTIC,-84.21936,40.25325,GLOBAL POSITIONING SYSTEM,SHELBY,WASHINGTON,2010-10-21,167.0,927.0999755859375,LIMESTONE,ROTARY,25.0,63.9,112.0,106,2029545
343124,W,DOMESTIC,-84.27332,40.279889999999995,GLOBAL POSITIONING SYSTEM,SHELBY,TURTLE CREEK,2013-08-19,182.0,986.0,LIMESTONE,ROTARY,35.0,50.2,90.0,83,2044136
343237,W,DOMESTIC,-84.093948,40.328451,GLOBAL POSITIONING SYSTEM,SHELBY,SALEM,2014-03-18,38.0,989.7000122070312,SAND & GRAVEL,ROTARY,30.0,15.0,35.0,,2046727
343259,W,DOMESTIC,-84.09101,40.404219999999995,GLOBAL POSITIONING SYSTEM,SHELBY,JACKSON,2015-11-23,74.0,,SAND & GRAVEL,ROTARY,20.0,39.0,71.0,,2054971
343356,W,DOMESTIC,-84.38710999999999,40.298089999999995,GLOBAL POSITIONING SYSTEM,SHELBY,CYNTHIAN,2016-04-18,222.0,,LIMESTONE,ROTARY,15.0,60.0,104.0,93,2056718
343385,W,DOMESTIC,-84.077367,40.325627,GLOBAL POSITIONING SYSTEM,SHELBY,PERRY,2015-04-13,115.0,928.4000244140625,SAND & GRAVEL,ROTARY,17.0,88.0,112.0,,2051589
343406,W,DEWATERING WELL,-84.24,40.22,MAP-OTHERS,SHELBY,WASHINGTON,2016-06-02,30.0,,SAND & CLAY,ROTARY,,7.0,30.0,,2057443
343541,W,DOMESTIC,-84.25864,40.385419999999996,GLOBAL POSITIONING SYSTEM,SHELBY,VAN BUREN,2016-11-03,150.0,,LIMESTONE,ROTARY,30.0,26.0,84.0,74,2059807
343557,W,DOMESTIC,-84.38362,40.21254,GLOBAL POSITIONING SYSTEM,SHELBY,LORAMIE,2014-05-13,106.0,974.5999755859375,SAND & GRAVEL,ROTARY,25.0,7.8,103.0,,2047441
343621,W,DOMESTIC,-84.17545,40.25748,GLOBAL POSITIONING SYSTEM,SHELBY,ORANGE,2015-07-09,123.0,888.5,LIMESTONE,ROTARY,45.0,21.0,38.0,27,2052733
343857,W,DOMESTIC,-84.0223,40.3376,GLOBAL POSITIONING SYSTEM,SHELBY,SALEM,2017-09-26,110.0,,GRAVEL,ROTARY,30.0,45.0,108.0,,2064703
344020,W,DOMESTIC,-84.226011,40.265516999999996,DIGITAL MAP,SHELBY,WASHINGTON,1998-03-11,146.0,,LIMESTONE,ROTARY,20.0,35.0,79.5,68,871251
344041,W,AGRIC/IRRIG,-84.13615999999999,40.469648,DIGITAL MAP,SHELBY,DINSMORE,2000-10-03,88.0,,GRAVEL & SAND,ROTARY,80.0,21.0,85.5,,920735
344062,W,DOMESTIC,-84.28119699999999,40.248537999999996,DIGITAL MAP,SHELBY,WASHINGTON,1998-07-16,132.0,,GRAVEL & SAND,ROTARY,20.0,67.0,129.0,,880714
344073,W,AGRIC/IRRIG,-84.31717599999999,40.289772,DIGITAL MAP,SHELBY,CYNTHIAN,2000-05-10,182.0,,LIMESTONE,ROTARY,65.0,46.0,120.0,113,915358
344115,W,DOMESTIC,-84.33663,40.367945999999996,DIGITAL MAP,SHELBY,MCLEAN,1999-02-24,102.0,,LIMESTONE,AIR ROTARY,20.0,20.0,92.0,86,889115
344116,W,DOMESTIC,-84.149992,40.324745,DIGITAL MAP,SHELBY,FRANKLIN,1999-05-15,169.0,,LIMESTONE,ROTARY,20.0,61.0,105.5,98,894807
344137,W,DOMESTIC,-84.11587999999999,40.34164,GLOBAL POSITIONING SYSTEM,SHELBY,SALEM,2017-11-10,104.0,,SAND & GRAVEL,ROTARY,25.0,66.0,101.0,,2065489
344168,W,DOMESTIC,-84.119073,40.333709999999996,DIGITAL MAP,SHELBY,SALEM,1998-02-17,57.0,1010.0,GRAVEL & SAND,AIR ROTARY,20.0,39.0,54.0,,871231
344173,W,DOMESTIC,-84.12455899999999,40.347021,DIGITAL MAP,SHELBY,SALEM,1999-09-20,341.0,,LIMESTONE,AIR ROTARY,16.0,54.0,293.0,288,902908
344178,W,DOMESTIC,-84.26510999999999,40.444320999999995,DIGITAL MAP,SHELBY,VAN BUREN,1999-02-19,147.0,,GRAVEL & SAND,ROTARY,50.0,53.0,144.5,,889108
344179,W,MUNICIPAL,-84.227885,40.248231,DIGITAL MAP,SHELBY,WASHINGTON,1998-07-31,188.0,,LIMESTONE,CABLE TOOL,153.0,53.7,91.0,90,874285
344184,W,DOMESTIC,-84.29865699999999,40.446234,DIGITAL MAP,SHELBY,VAN BUREN,1998-02-09,173.0,,LIMESTONE,ROTARY,15.0,60.0,112.0,105,867901
344185,W,DOMESTIC,-84.11210799999999,40.328168999999995,DIGITAL MAP,SHELBY,SALEM,1998-05-13,81.0,,GRAVEL,AIR ROTARY,17.0,50.0,77.0,,871287
344350,W,AGRIC/IRRIG,-84.30857999999999,40.366209999999995,GLOBAL POSITIONING SYSTEM,SHELBY,MCLEAN,2018-09-12,163.0,,LIMESTONE,ROTARY,25.0,31.0,94.0,,2069942
344427,W,DOMESTIC,-84.13502199999999,40.387445,DIGITAL MAP,SHELBY,FRANKLIN,1998-07-16,47.0,,GRAVEL & SAND,ROTARY,20.0,12.0,44.5,,880716
344431,W,DOMESTIC,-84.207005,40.245219,DIGITAL MAP,SHELBY,CLINTON,1998-09-11,129.0,,LIMESTONE,ROTARY,20.0,19.0,103.0,97,883636
344432,W,DOMESTIC,-84.24559099999999,40.280003,DIGITAL MAP,SHELBY,TURTLE CREEK,1998-07-03,130.0,768.2000122070312,LIMESTONE,ROTARY,20.0,19.0,65.0,57,880691
344480,W,DOMESTIC,-84.146743,40.212665,DIGITAL MAP,SHELBY,ORANGE,2000-07-20,182.0,,LIMESTONE,AIR ROTARY,20.0,45.0,149.0,141,918094
344491,W,DOMESTIC,-84.09428199999999,40.345974999999996,DIGITAL MAP,SHELBY,SALEM,1998-06-18,120.0,,GRAVEL,AIR ROTARY,40.0,64.0,117.0,,878646
344540,W,DOMESTIC,-84.207838,40.328644,DIGITAL MAP,SHELBY,FRANKLIN,2000-04-04,168.0,,LIMESTONE,ROTARY,20.0,32.0,135.5,130,912323
344553,W,DOMESTIC,-84.339325,40.378363,DIGITAL MAP,SHELBY,MCLEAN,2000-05-09,86.0,,GRAVEL & SAND,AIR ROTARY,20.0,22.0,82.0,,915360
344554,W,DOMESTIC,-84.363642,40.366551,DIGITAL MAP,SHELBY,MCLEAN,1999-11-20,72.0,,GRAVEL & SAND,AIR ROTARY,12.0,25.0,70.0,,905962
344559,W,DOMESTIC,-84.08255799999999,40.252412,DIGITAL MAP,SHELBY,GREEN,1999-11-29,161.0,734.2999877929688,LIMESTONE,ROTARY,20.0,34.0,118.0,113,905972
344560,W,DOMESTIC,-84.03978599999999,40.205358,DIGITAL MAP,SHELBY,GREEN,2000-06-27,122.0,,GRAVEL & SAND,ROTARY,30.0,27.0,120.5,,915424
349564,W,,-84.17408999999999,40.193112,DIGITIZED,SHELBY,ORANGE,1954-08-30,84.0,1009.0999755859375,GRAVEL,,20.0,35.0,84.0,,122188
349565,W,,-84.164118,40.237109,DIGITIZED,SHELBY,ORANGE,1959-06-19,87.0,1023.7999877929688,SAND & GRAVEL,,10.0,55.0,87.0,,229920
349566,W,,-84.162241,40.236519,DIGITIZED,SHELBY,ORANGE,1960-08-26,100.0,1025.0999755859375,GRAVEL,,12.0,54.0,100.0,,246649
349567,W,,-84.13468999999999,40.20995,DIGITIZED,SHELBY,ORANGE,1964-01-10,166.0,1065.800048828125,LIMESTONE,,12.0,50.0,161.0,161,307044
349582,W,DOMESTIC,-84.24257399999999,40.238113999999996,,SHELBY,WASHINGTON,1991-09-27,84.0,954.0999755859375,SAND & GRAVEL,ROTARY,10.0,64.0,78.0,,740508
349583,W,DOMESTIC,-84.227325,40.229495,,SHELBY,WASHINGTON,1991-12-03,151.0,979.5,LIMESTONE,ROTARY,20.0,71.0,113.0,109,743079
349584,W,DOMESTIC,-84.234022,40.214041,,SHELBY,WASHINGTON,1992-05-13,101.0,954.0,LIMESTONE,ROTARY,15.0,28.0,58.0,56,751221
349662,W,,-84.301923,40.254906,DIGITIZED,SHELBY,LORAMIE,1948-09-24,132.0,976.0999755859375,GRAVEL,,8.0,75.0,130.0,,36724
349663,W,,-84.38282,40.234448,DIGITIZED,SHELBY,LORAMIE,1950-05-18,112.0,970.0,GRAVEL,,5.0,20.0,112.0,,75117
349671,W,,-84.336171,40.249247,DIGITIZED,SHELBY,LORAMIE,1969-05-28,88.0,940.2000122070312,GRAVEL,,15.0,20.0,88.0,,392942
349672,W,,-84.332728,40.375862,DIGITIZED,SHELBY,MCLEAN,1949-08-02,106.0,960.5999755859375,LIMESTONE,,8.0,25.0,94.0,94,36744
349680,W,,-84.141572,40.19769,DIGITIZED,SHELBY,ORANGE,1955-06-28,25.0,1053.199951171875,GRAVEL,,10.0,10.0,25.0,,146088
349681,W,DOMESTIC,-84.4,40.23335,GEOCODE,SHELBY,LORAMIE,1994-05-18,81.0,964.0,LIMESTONE,ROTARY,20.0,14.0,47.0,46,794611
349695,W,,-84.142202,40.423977,DIGITIZED,SHELBY,DINSMORE,1956-07-25,103.0,1048.300048828125,SAND & GRAVEL,,,55.0,103.0,,161211
349696,W,,-84.15337799999999,40.396747,,SHELBY,DINSMORE,1985-07-03,259.0,1055.4000244140625,LIMESTONE,,30.0,60.0,203.0,198,626622
349698,W,,-84.411351,40.231971,,SHELBY,LORAMIE,1975-08-19,52.0,972.4000244140625,GRAVEL,,12.0,10.0,,,476199
349699,W,,-84.068553,40.439693,DIGITIZED,SHELBY,JACKSON,1960-01-18,45.0,1029.5999755859375,GRAVEL,,30.0,17.0,45.0,,235035
349700,W,,-84.023212,40.438981,DIGITIZED,SHELBY,JACKSON,1954-04-12,275.0,1043.5999755859375,LIMESTONE,,,38.0,242.0,180,123369
349701,W,,-84.042779,40.396501,DIGITIZED,SHELBY,JACKSON,1957-07-10,79.0,1033.0999755859375,SAND & GRAVEL,,10.0,18.0,79.0,,179337
349702,W,,-84.332625,40.245802,DIGITIZED,SHELBY,LORAMIE,1954-11-10,122.0,965.5999755859375,GRAVEL,,65.0,42.0,122.0,,122237
349703,W,,-84.20114,40.330698999999996,DIGITIZED,SHELBY,FRANKLIN,1966-05-20,73.0,777.2000122070312,GRAVEL,,10.0,25.0,73.0,,318685
349704,W,,-84.202207,40.330546,DIGITIZED,SHELBY,FRANKLIN,1968-06-10,46.0,1007.0999755859375,GRAVEL,,15.0,25.0,46.0,,381672
349705,W,,-84.331064,40.249148999999996,DIGITIZED,SHELBY,LORAMIE,1962-06-28,139.0,941.0,GRAVEL,,15.0,18.0,136.0,,282608
349706,W,,-84.244148,40.274293,DIGITIZED,SHELBY,TURTLE CREEK,1955-08-10,70.0,910.7000122070312,LIMESTONE,,10.0,36.0,59.0,59,146096
349707,W,,-84.244626,40.285588,DIGITIZED,SHELBY,TURTLE CREEK,1952-10-11,41.0,966.0999755859375,GRAVEL,,10.0,15.0,41.0,,58928
349708,W,,-84.093468,40.329269,DIGITIZED,SHELBY,SALEM,1958-09-02,26.0,868.0,GRAVEL,,8.0,15.0,26.0,,201636
349709,W,,-84.41440399999999,40.26267,DIGITIZED,SHELBY,LORAMIE,1967-06-19,98.0,988.2999877929688,LIMESTONE,,15.0,29.0,77.0,77,359658
349710,W,,-84.221352,40.287738,DIGITIZED,SHELBY,TURTLE CREEK,1966-11-09,79.0,970.0999755859375,LIMESTONE,,12.0,35.0,55.0,55,357655
349711,W,,-84.28482699999999,40.472178,DIGITIZED,SHELBY,VAN BUREN,1957-04-25,115.0,931.0999755859375,GRAVEL,,18.0,22.0,115.0,,120098
349712,W,,-84.11016599999999,40.323857,,SHELBY,SALEM,1970-09-17,215.0,1028.800048828125,LIMESTONE,,10.0,65.0,192.0,192,410445
349719,W,DOMESTIC,-84.095366,40.336414,GEOCODE,SHELBY,SALEM,1990-10-26,261.0,884.4000244140625,GRAVEL & SAND,ROTARY,10.0,56.0,264.0,,722243
349729,W,,-84.22595299999999,40.254124,DIGITIZED,SHELBY,WASHINGTON,1958-03-12,86.0,1020.2999877929688,LIMESTONE,,12.0,37.0,72.0,70,198679
349799,W,,-84.162894,40.292237,DIGITIZED,SHELBY,CLINTON,1956-06-09,304.0,1081.0,LIMESTONE,,300.0,70.0,135.0,135,180482
349800,W,,-84.135508,40.274277999999995,DIGITIZED,SHELBY,CLINTON,1963-07-23,96.0,785.4000244140625,GRAVEL,,12.0,53.0,96.0,,297047
351497,W,DOMESTIC,-84.334772,40.45805,DGS SURFICIAL MAPPING,SHELBY,VAN BUREN,1997-07-28,134.0,939.9000244140625,LIMESTONE,ROTARY,15.0,38.0,79.0,74,852623
352605,W,DOMESTIC,-84.25453,40.2149,GEOCODE,SHELBY,WASHINGTON,2001-03-26,178.0,942.0,SAND & GRAVEL,CABLE TOOL,20.0,41.0,178.0,,922621
352737,W,OTHER,-84.07781,40.347663999999995,GEOCODE,SHELBY,SALEM,2001-06-29,104.0,1006.5,GRAVEL,ROTARY,10.0,87.0,101.0,,931690
352751,W,MONITOR,-84.156656,40.295015,GEOCODE,SHELBY,CLINTON,2000-12-15,20.0,1044.0999755859375,UNKNOWN,AUGER,,,16.0,,924099
352902,W,DOMESTIC,-84.41516999999999,40.33745,GEOCODE,SHELBY,MCLEAN,2002-05-30,122.0,955.0999755859375,SAND & GRAVEL,ROTARY,85.0,18.0,120.0,,945173
353186,W,DOMESTIC,-84.33388,40.24337,GEOCODE,SHELBY,LORAMIE,2002-03-21,181.0,965.7999877929688,LIMESTONE,ROTARY,25.0,36.0,147.0,141,942353
353187,W,,-84.22148899999999,40.288208999999995,GEOCODE,SHELBY,TURTLE CREEK,2002-03-29,140.0,966.7999877929688,LIMESTONE,ROTARY,30.0,32.0,64.0,58,942340
353211,W,DOMESTIC,-84.18691,40.19546,GEOCODE,SHELBY,ORANGE,2002-10-29,170.0,991.7999877929688,LIMESTONE,ROTARY,35.0,53.0,112.0,95,955407
353358,W,DOMESTIC,-84.143243,40.424503,DGS SURFICIAL MAPPING,SHELBY,DINSMORE,2002-09-02,238.0,1044.0,LIMESTONE,ROTARY,18.0,50.0,177.0,171,951728
353530,W,DOMESTIC,-84.02602,40.184509999999996,GLOBAL POSITIONING SYSTEM,SHELBY,GREEN,2003-10-23,146.0,1143.4000244140625,SAND & GRAVEL,ROTARY,30.0,41.0,142.0,,967339
353555,W,,-84.391166,40.333449,DIGITIZED,SHELBY,MCLEAN,1967-06-26,63.0,962.7000122070312,GRAVEL,,10.0,21.0,63.0,,359659
353586,W,DOMESTIC,-84.16208,40.241749999999996,GLOBAL POSITIONING SYSTEM,SHELBY,ORANGE,2003-07-25,105.0,1027.4000244140625,GRAVEL & SAND,ROTARY,50.0,58.0,103.0,,965143
353688,W,AGRIC/IRRIG,-84.39638,40.25499,GLOBAL POSITIONING SYSTEM,SHELBY,LORAMIE,2004-04-22,80.0,1003.7999877929688,SAND & GRAVEL,ROTARY,30.0,48.0,78.0,,979958
353832,W,DOMESTIC,-84.3878,40.35621,GLOBAL POSITIONING SYSTEM,SHELBY,MCLEAN,2004-04-30,54.0,951.0,SAND & GRAVEL,ROTARY,45.0,18.0,53.0,,979867
353834,W,,-84.32097,40.27749,GEOCODE,SHELBY,CYNTHIAN,2004-10-29,310.0,1017.4000244140625,,ROTARY,,,,83,987724
353857,W,DOMESTIC,-84.10148,40.43271,GLOBAL POSITIONING SYSTEM,SHELBY,JACKSON,2004-07-01,78.0,1032.800048828125,GRAVEL & SAND,ROTARY,50.0,11.0,77.0,,982796
354125,W,DOMESTIC,-84.33811999999999,40.42976,GLOBAL POSITIONING SYSTEM,SHELBY,VAN BUREN,2004-07-21,179.0,973.4000244140625,LIMESTONE,ROTARY,35.0,50.0,96.0,90,982836
354345,W,DOMESTIC,-84.41753,40.20538,GLOBAL POSITIONING SYSTEM,SHELBY,LORAMIE,2005-06-06,47.0,986.5999755859375,,ROTARY,17.0,14.0,46.0,,992329
354402,W,MUNICIPAL,-84.37178999999999,40.34834,GLOBAL POSITIONING SYSTEM,SHELBY,MCLEAN,2005-07-22,164.0,,LIMESTONE,ROTARY,595.0,21.0,139.0,83,995957
354471,W,DOMESTIC,-84.05445,40.37601,GLOBAL POSITIONING SYSTEM,SHELBY,SALEM,2005-06-23,262.0,1055.199951171875,LIMESTONE,ROTARY,30.0,37.0,145.0,137,992285
354558,W,DOMESTIC,-84.20303,40.41858,GLOBAL POSITIONING SYSTEM,SHELBY,DINSMORE,2005-11-23,66.0,992.2999877929688,GRAVEL & SAND,ROTARY,16.0,24.0,63.0,,2000375
354596,W,DOMESTIC,-84.40494,40.23095,GLOBAL POSITIONING SYSTEM,SHELBY,LORAMIE,2006-02-10,142.0,975.2000122070312,LIMESTONE,ROTARY,25.0,11.0,63.0,135,2001232
354706,W,,-84.093918,40.37884,DIGITIZED,SHELBY,SALEM,1964-05-08,116.0,1048.4000244140625,SAND & GRAVEL,,,32.0,116.0,,217137
354745,W,,-84.317149,40.26137,DIGITIZED,SHELBY,LORAMIE,1956-12-12,39.0,935.0,GRAVEL,,10.0,21.0,39.0,,184883
354747,W,,-84.343943,40.368759999999995,DIGITIZED,SHELBY,MCLEAN,1968-12-09,95.0,958.2000122070312,GRAVEL,,15.0,19.0,95.0,,378778
355071,W,DOMESTIC,-84.23375999999999,40.39328,GLOBAL POSITIONING SYSTEM,SHELBY,VAN BUREN,2006-06-22,56.0,990.5,GRAVEL & SAND,ROTARY,55.0,30.0,53.0,,2003574
355807,W,DOMESTIC,-84.215758,40.249407999999995,GLOBAL POSITIONING SYSTEM,SHELBY,WASHINGTON,1998-09-19,180.0,,LIMESTONE,ROTARY,20.0,70.0,132.0,126,883654
355926,W,MONITOR,-84.17625,40.28685,GLOBAL POSITIONING SYSTEM,SHELBY,CLINTON,2007-05-09,22.0,1032.5,SAND & GRAVEL,AUGER,,0.0,12.0,,2010349
356092,W,,-84.23998499999999,40.451223,DIGITIZED,SHELBY,VAN BUREN,1959-11-12,105.0,972.2000122070312,GRAVEL,,,45.0,105.0,,235030
356209,W,,-84.417892,40.226138,DIGITIZED,SHELBY,LORAMIE,1964-02-27,148.0,985.9000244140625,LIMESTONE,,12.0,21.0,134.0,134,297675
356292,W,,-84.34317999999999,40.368410999999995,DIGITIZED,SHELBY,MCLEAN,1953-06-06,76.0,952.7999877929688,GRAVEL,,25.0,14.0,76.0,,100831
356341,W,,-84.243755,40.331255,DIGITIZED,SHELBY,TURTLE CREEK,1951-10-24,2.0,1013.4000244140625,GRAVEL,,10.0,16.0,626.0,,24253
356588,W,,-84.220525,40.454989,DIGITIZED,SHELBY,DINSMORE,1949-08-18,127.0,991.0,GRAVEL,,24.0,47.0,121.0,,49509
356609,W,,-84.031526,40.467937,DIGITIZED,SHELBY,JACKSON,1948-08-17,174.0,1013.0999755859375,GRAVEL,,100.0,20.0,174.0,,42432
356610,W,,-84.409905,40.234125,DIGITIZED,SHELBY,LORAMIE,1960-06-13,71.0,969.2000122070312,LIMESTONE,,7.0,4.0,55.0,55,228050
356759,W,DOMESTIC,-84.39134,40.298539999999996,GLOBAL POSITIONING SYSTEM,SHELBY,CYNTHIAN,2009-01-21,219.0,988.9000244140625,LIMESTONE,ROTARY,70.0,58.5,100.0,91,2020879
356829,W,DOMESTIC,-84.28299,40.44759,GLOBAL POSITIONING SYSTEM,SHELBY,VAN BUREN,2009-08-25,165.0,997.7000122070312,LIMESTONE,ROTARY,40.0,70.0,121.0,115,2023683
356894,W,DOMESTIC,-84.175581,40.420974,DGS SURFICIAL MAPPING,SHELBY,DINSMORE,2009-10-05,180.0,1021.0,LIMESTONE,AIR ROTARY,15.0,50.0,164.0,156,2024644
356909,W,MONITOR,-84.246375,40.292217,GLOBAL POSITIONING SYSTEM,SHELBY,WASHINGTON,2008-09-04,68.0,709.5,SAND & GRAVEL,AUGER,,68.0,60.0,,2019558
356925,W,DOMESTIC,-84.32421,40.40813,GLOBAL POSITIONING SYSTEM,SHELBY,MCLEAN,2008-06-27,162.0,976.7999877929688,LIMESTONE,ROTARY,40.0,43.1,87.0,81,2017250
356941,W,DOMESTIC,-84.09916,40.32633,GLOBAL POSITIONING SYSTEM,SHELBY,SALEM,2009-01-26,183.0,962.7999877929688,GRAVEL & SAND,ROTARY,20.0,2.0,180.0,,2020915
356956,W,MONITOR,-84.246597,40.292842,GLOBAL POSITIONING SYSTEM,SHELBY,WASHINGTON,2008-09-03,58.0,909.2000122070312,SAND & GRAVEL,AUGER,,58.0,50.0,,2019556
357120,W,DOMESTIC,-84.10083,40.36246,GLOBAL POSITIONING SYSTEM,SHELBY,SALEM,2011-09-12,121.0,1072.4000244140625,SAND & GRAVEL,ROTARY,50.0,57.800000000000004,116.0,,2034380
357400,W,DOMESTIC,-84.22765,40.467079999999996,GLOBAL POSITIONING SYSTEM,SHELBY,VAN BUREN,2011-08-27,92.0,983.0,SAND & GRAVEL,ROTARY,27.0,48.0,90.0,,2034188
357506,W,DOMESTIC,-84.23545999999999,40.22195,GLOBAL POSITIONING SYSTEM,SHELBY,WASHINGTON,2010-06-22,137.0,966.2999877929688,LIMESTONE,ROTARY,35.0,59.6,62.0,110,2027576
357548,W,DOMESTIC,-84.24242,40.279129999999995,GLOBAL POSITIONING SYSTEM,SHELBY,TURTLE CREEK,2012-11-29,85.0,949.2000122070312,LIMESTONE,ROTARY,45.0,19.400000000000002,53.0,45,2040922
357583,W,DOMESTIC,-84.37092,40.3296,GLOBAL POSITIONING SYSTEM,SHELBY,MCLEAN,2010-09-15,91.0,970.9000244140625,GRAVEL & SAND,ROTARY,35.0,38.800000000000004,88.0,,2028926
357586,W,DOMESTIC,-84.41844999999999,40.2601,GLOBAL POSITIONING SYSTEM,SHELBY,LORAMIE,2012-11-26,222.0,999.7000122070312,LIMESTONE,ROTARY,17.0,48.0,105.0,98,2040852
357683,W,MONITOR,-84.17031999999999,40.31024,GLOBAL POSITIONING SYSTEM,SHELBY,CLINTON,2011-03-08,25.0,1054.5,CLAY,AUGER,,0.0,14.5,,2031526
357796,W,AGRIC/IRRIG,-84.00958299999999,40.453483,GLOBAL POSITIONING SYSTEM,SHELBY,JACKSON,2013-09-26,55.0,1031.0999755859375,SAND & GRAVEL,ROTARY,40.0,23.0,51.0,,2045110
357937,W,DOMESTIC,-84.07073,40.33911,GLOBAL POSITIONING SYSTEM,SHELBY,SALEM,2013-12-26,110.0,971.0999755859375,SAND & GRAVEL,ROTARY,20.0,18.7,107.0,,2046002
357940,W,DEWATERING WELL,-84.17340999999999,40.466919999999995,GLOBAL POSITIONING SYSTEM,SHELBY,DINSMORE,2013-12-05,36.0,985.0,SAND & GRAVEL,ROTARY,,14.8,16.0,,2045803
357953,W,DOMESTIC,-84.093887,40.328474,GLOBAL POSITIONING SYSTEM,SHELBY,SALEM,2014-03-18,38.0,885.7999877929688,SAND & GRAVEL,ROTARY,30.0,15.0,35.0,,2046833
358009,W,DOMESTIC,-84.28502999999999,40.32537,GLOBAL POSITIONING SYSTEM,SHELBY,CYNTHIAN,2014-08-01,182.0,1014.0,LIMESTONE,ROTARY,15.0,64.0,111.0,104,2048428
358107,W,DOMESTIC,-84.32905,40.31726,GLOBAL POSITIONING SYSTEM,SHELBY,CYNTHIAN,2014-12-15,223.0,1009.5,LIMESTONE,ROTARY,20.0,71.0,153.0,144,2050411
358224,W,DOMESTIC,-84.35412,40.334939999999996,GLOBAL POSITIONING SYSTEM,SHELBY,MCLEAN,2016-01-21,74.0,,SAND & GRAVEL,ROTARY,25.0,35.0,71.0,,2055695
358225,W,DOMESTIC,-84.33668999999999,40.280719999999995,GLOBAL POSITIONING SYSTEM,SHELBY,CYNTHIAN,2014-04-28,107.0,974.4000244140625,SAND & GRAVEL,ROTARY,25.0,54.5,104.0,,2047279
358430,W,DOMESTIC,-84.235278,40.205694,GLOBAL POSITIONING SYSTEM,SHELBY,WASHINGTON,2017-02-17,112.0,,SAND & GRAVEL,MUD ROTARY,1.0,110.0,108.0,,2061326
358501,W,DOMESTIC,-84.33861,40.43806,GLOBAL POSITIONING SYSTEM,SHELBY,VAN BUREN,2017-08-07,95.0,,LIMESTONE,AIR ROTARY,20.0,30.0,95.0,80,2064120
358534,W,DOMESTIC,-84.11175,40.269082999999995,GLOBAL POSITIONING SYSTEM,SHELBY,PERRY,2016-07-09,159.0,,LIMESTONE,ROTARY,25.0,34.0,139.0,137,2058150
358563,W,AGRIC/IRRIG,-84.12554999999999,40.285866999999996,GLOBAL POSITIONING SYSTEM,SHELBY,PERRY,2016-09-06,299.0,,LIMESTONE,ROTARY,25.0,122.0,167.0,165,2059164
358571,W,MONITOR,-84.043854,40.439837,MAP-OTHERS,SHELBY,JACKSON,2017-02-06,12.0,,CLAY,AUGER,,,2.0,,2061306
358620,W,,-84.10742599999999,40.393724999999996,DIGITIZED,SHELBY,FRANKLIN,1970-02-03,76.0,1036.0999755859375,SAND & GRAVEL,,11.0,15.0,76.0,,405958
358652,W,,-84.223773,40.28201,DIGITIZED,SHELBY,TURTLE CREEK,1959-04-22,85.0,1048.699951171875,LIMESTONE,,12.0,27.0,76.0,70,198697
358697,W,DOMESTIC,-84.12174999999999,40.42518,GLOBAL POSITIONING SYSTEM,SHELBY,DINSMORE,2018-07-19,243.0,,LIMESTONE,ROTARY,15.0,53.0,187.0,,2068886
358707,W,DOMESTIC,-84.207455,40.307331,DIGITAL MAP,SHELBY,CLINTON,1998-09-07,83.0,832.2999877929688,SAND & GRAVEL,ROTARY,20.0,33.0,80.0,,883628
358773,W,AGRIC/IRRIG,-84.17819,40.2186,GLOBAL POSITIONING SYSTEM,SHELBY,ORANGE,2020-03-11,92.0,,SAND & GRAVEL,ROTARY,20.0,36.0,89.0,,2078513
358810,W,DOMESTIC,-84.108283,40.365117,GLOBAL POSITIONING SYSTEM,SHELBY,SALEM,2018-02-20,97.0,1114.199951171875,SAND & GRAVEL,ROTARY,30.0,52.0,95.0,,2066980
358851,W,DOMESTIC,-84.349718,40.30699,DIGITAL MAP,SHELBY,CYNTHIAN,1999-03-23,89.0,,GRAVEL & SAND,ROTARY,20.0,39.0,87.0,,889144
358902,W,DOMESTIC,-84.31396099999999,40.248678999999996,DGS SURFICIAL MAPPING,SHELBY,LORAMIE,1998-12-12,131.0,,GRAVEL,AIR ROTARY,30.0,70.0,125.0,,863887
358903,W,AGRIC/IRRIG,-84.387418,40.255067,DIGITAL MAP,SHELBY,LORAMIE,1998-11-12,99.0,,GRAVEL & SAND,AIR ROTARY,20.0,70.0,96.0,,886481
358920,W,DOMESTIC,-84.41568,40.260459999999995,GLOBAL POSITIONING SYSTEM,SHELBY,LORAMIE,2017-11-01,212.0,,LIMESTONE,ROTARY,25.0,47.0,106.0,96,2065336
358960,W,DOMESTIC,-84.016928,40.33557,DIGITAL MAP,SHELBY,SALEM,1998-07-09,123.0,,GRAVEL & SAND,AIR ROTARY,20.0,78.0,121.0,,880700
358967,W,DOMESTIC,-84.208248,40.290304,DIGITAL MAP,SHELBY,TURTLE CREEK,1999-12-17,126.0,,LIMESTONE,ROTARY,20.0,37.0,81.0,74,908411
358970,W,DOMESTIC,-84.226423,40.251065,DIGITAL MAP,SHELBY,WASHINGTON,1998-10-08,142.0,,LIMESTONE,ROTARY,18.0,53.0,86.5,81,883690
358992,W,DOMESTIC,-84.070083,40.266867,GLOBAL POSITIONING SYSTEM,SHELBY,PERRY,2018-08-28,119.0,,LIMESTONE,ROTARY,20.0,15.0,110.0,,2070116
359175,W,DOMESTIC,-84.330218,40.250834,DIGITAL MAP,SHELBY,LORAMIE,1998-06-06,165.0,,GRAVEL & SAND,AIR ROTARY,75.0,21.0,162.5,,871367
359176,W,DOMESTIC,-84.3769,40.344536999999995,DIGITAL MAP,SHELBY,MCLEAN,1998-04-21,122.0,,LIMESTONE,AIR ROTARY,20.0,30.0,116.0,109,871297
359230,W,DOMESTIC,-84.40498699999999,40.233419999999995,DIGITAL MAP,SHELBY,LORAMIE,1999-10-12,101.0,,LIMESTONE,AIR HAMMER,20.0,16.0,57.5,52,902947
359237,W,DOMESTIC,-84.027309,40.468976999999995,DIGITAL MAP,SHELBY,JACKSON,2000-02-24,110.0,,GRAVEL & SAND,ROTARY,150.0,15.0,107.10000000000001,,908486
359345,W,DOMESTIC,-84.391032,40.277619,DIGITAL MAP,SHELBY,CYNTHIAN,1999-06-25,181.0,,LIMESTONE,ROTARY,18.0,46.0,100.0,95,897191
364264,W,,-84.13260000000001,40.23155,DIGITIZED,SHELBY,ORANGE,1953-01-05,126.0,1069.699951171875,GRAVEL,,10.0,50.0,126.0,,24272
364375,W,,-84.194903,40.278541,DIGITIZED,SHELBY,CLINTON,1949-04-05,299.0,1030.699951171875,SHALE & SANDSTONE,,115.0,55.0,107.0,99,32757
364402,W,,-84.144381,40.453018,DGS SURFICIAL MAPPING,SHELBY,DINSMORE,1981-04-10,65.0,1016.5999755859375,GRAVEL,,20.0,25.0,67.0,,600114
364404,W,,-84.062517,40.285585999999995,DIGITIZED,SHELBY,PERRY,1954-09-27,60.0,787.5,GRAVEL,,10.0,16.0,60.0,,131188
364405,W,,-84.10389699999999,40.284029,DIGITIZED,SHELBY,PERRY,1960-05-26,38.0,1023.2999877929688,SAND & GRAVEL,,50.0,,38.0,,228587
364406,W,,-84.100911,40.285092,DIGITIZED,SHELBY,PERRY,1955-11-01,36.0,924.9000244140625,GRAVEL,,8.0,14.0,36.0,,160767
364407,W,,-84.163175,40.381377,DIGITIZED,SHELBY,FRANKLIN,1961-09-23,198.0,1048.9000244140625,SAND & GRAVEL,,15.0,61.0,198.0,,249793
364408,W,,-84.09530699999999,40.328599,DIGITIZED,SHELBY,SALEM,1956-12-15,32.0,974.5,GRAVEL,,3.0,12.0,32.0,,146686
364409,W,,-84.30980199999999,40.269652,DIGITIZED,SHELBY,LORAMIE,1967-08-08,75.0,965.0999755859375,GRAVEL,,15.0,55.0,75.0,,371278
364410,W,,-84.31534099999999,40.477568999999995,DIGITIZED,SHELBY,VAN BUREN,1956-05-02,136.0,920.2000122070312,LIMESTONE,,,33.0,90.0,89,139026
364411,W,,-84.240701,40.397377999999996,DIGITIZED,SHELBY,VAN BUREN,1957-02-25,143.0,982.2000122070312,LIMESTONE,,,65.0,115.0,105,170268
364427,W,,-84.274132,40.23903,DIGITIZED,SHELBY,WASHINGTON,1964-05-06,118.0,981.5,LIMESTONE,,12.0,87.0,102.0,102,316119
364448,W,DOMESTIC,-84.11271699999999,40.321798,GEOCODE,SHELBY,SALEM,1997-06-09,75.0,982.7000122070312,GRAVEL,ROTARY,50.0,36.0,57.0,8,852816
364500,W,,-84.195033,40.229420999999995,DIGITIZED,SHELBY,ORANGE,1948-08-02,51.0,921.2999877929688,LIMESTONE,,6.0,15.0,5.0,5,33366
364501,W,,-84.096002,40.328679,DIGITIZED,SHELBY,SALEM,1950-03-15,125.0,975.5,SAND & GRAVEL,,,18.0,119.0,,27377
364503,W,,-84.29168299999999,40.327470999999996,DIGITIZED,SHELBY,CYNTHIAN,1964-08-21,112.0,1015.4000244140625,GRAVEL,,12.0,64.0,112.0,,327254
364504,W,,-84.370177,40.296955,DIGITIZED,SHELBY,CYNTHIAN,1967-09-27,119.0,979.0,LIMESTONE,,10.0,56.0,99.0,99,359674
364505,W,,-84.193118,40.287462,DIGITIZED,SHELBY,CLINTON,1959-06-12,120.0,678.7000122070312,LIMESTONE,,8.0,65.0,110.0,109,198699
364506,W,,-84.137168,40.289114999999995,DIGITIZED,SHELBY,CLINTON,1963-08-12,115.0,995.5,SAND & GRAVEL,,14.0,75.0,115.0,,280020
366528,W,DOMESTIC,-84.42860999999999,40.255300000000005,GEOCODE,SHELBY,LORAMIE,1997-12-17,215.0,1019.0,LIMESTONE,ROTARY,20.0,66.0,166.0,160,865675
367173,W,DOMESTIC,-84.237133,40.329623,GEOCODE,SHELBY,TURTLE CREEK,2001-10-20,222.0,569.7000122070312,LIMESTONE,ROTARY,20.0,31.0,79.0,70,937841
367323,W,DOMESTIC,-84.21180000000001,40.244209999999995,GEOCODE,SHELBY,WASHINGTON,2001-09-15,147.0,996.9000244140625,LIMESTONE,ROTARY,25.0,45.0,86.0,80,934683
367339,W,DOMESTIC,-84.20493499999999,40.330478,GEOCODE,SHELBY,FRANKLIN,2001-11-26,83.0,997.0,GRAVEL,ROTARY,25.0,29.0,80.0,,937898
367374,W,DOMESTIC,-84.381213,40.315059,,SHELBY,CYNTHIAN,2002-01-03,104.0,980.0999755859375,CLAY & GRAVEL,ROTARY,30.0,52.0,102.0,,937912
367464,W,DOMESTIC,-84.18724,40.19585,GEOCODE,SHELBY,ORANGE,2001-06-18,182.0,990.5999755859375,LIMESTONE,ROTARY,20.0,56.0,113.0,108,931672
367570,W,DOMESTIC,-84.202981,40.414500000000004,DGS SURFICIAL MAPPING,SHELBY,DINSMORE,2001-01-19,71.0,996.9000244140625,GRAVEL & SAND,ROTARY,20.0,29.0,69.0,,924301
367666,W,DOMESTIC,-84.129119,40.318166999999995,GEOCODE,SHELBY,SALEM,2002-01-21,75.0,943.9000244140625,GRAVEL,ROTARY,20.0,59.0,,,942298
367677,W,DOMESTIC,-84.215165,40.317113,GEOCODE,SHELBY,TURTLE CREEK,2002-01-04,120.0,571.9000244140625,LIMESTONE,ROTARY,25.0,14.0,72.0,64,937916
367807,W,DOMESTIC,-84.32763,40.21055,,SHELBY,LORAMIE,2002-08-22,233.0,1003.7000122070312,SHALE,ROTARY,2.0,50.0,161.0,156,948534
367896,W,DOMESTIC,-84.19917799999999,40.478418,DGS SURFICIAL MAPPING,SHELBY,DINSMORE,2002-11-13,94.0,999.0999755859375,SAND & GRAVEL,ROTARY,30.0,60.0,92.0,,955438
367967,W,DOMESTIC,-84.39116,40.3564,GEOCODE,SHELBY,MCLEAN,2002-11-08,86.0,952.5999755859375,GRAVEL & SAND,ROTARY,65.0,21.0,84.0,,955428
367984,W,DOMESTIC,-84.35582,40.267289999999996,GEOCODE,SHELBY,LORAMIE,2002-10-07,146.0,1009.7999877929688,SAND & GRAVEL,ROTARY,35.0,82.0,143.0,,951795
368004,W,,-84.05487699999999,40.248269,DIGITIZED,SHELBY,GREEN,1952-03-22,61.0,1047.300048828125,GRAVEL,,30.0,30.0,61.0,,78380
368361,W,DOMESTIC,-84.23419,40.228829999999995,GEOCODE,SHELBY,WASHINGTON,2003-10-20,135.0,969.7999877929688,,ROTARY,15.0,54.0,132.0,,968608
368535,W,DOMESTIC,-84.37938,40.315619999999996,GLOBAL POSITIONING SYSTEM,SHELBY,CYNTHIAN,2004-04-05,125.0,983.0999755859375,GRAVEL & SAND,ROTARY,20.0,55.0,124.0,84,976830
368684,W,DOMESTIC,-84.28182,40.33,GLOBAL POSITIONING SYSTEM,SHELBY,TURTLE CREEK,2003-10-30,175.0,1013.2000122070312,LIMESTONE,ROTARY,30.0,58.0,106.0,98,967349
368691,W,DOMESTIC,-84.39376999999999,40.37614,GLOBAL POSITIONING SYSTEM,SHELBY,MCLEAN,2004-05-20,125.0,967.0,GRAVEL & SAND,ROTARY,75.0,36.0,123.0,,979895
368704,W,DOMESTIC,-84.4107,40.255089999999996,GLOBAL POSITIONING SYSTEM,SHELBY,LORAMIE,2003-12-10,83.0,1008.9000244140625,SAND & GRAVEL,ROTARY,40.0,50.0,80.0,,970551
368705,W,DOMESTIC,-84.24248,40.31516,GLOBAL POSITIONING SYSTEM,SHELBY,TURTLE CREEK,2003-12-18,141.0,1003.2999877929688,LIMESTONE,ROTARY,40.0,37.0,74.0,67,970542
368939,W,DOMESTIC,-84.369,40.30383,GLOBAL POSITIONING SYSTEM,SHELBY,CYNTHIAN,2004-05-20,157.0,979.2000122070312,LIMESTONE,ROTARY,15.0,55.0,128.0,152,972045
369472,W,DRY/NO WATER,-84.09416,40.344539999999995,GLOBAL POSITIONING SYSTEM,SHELBY,SALEM,2006-02-07,290.0,1064.4000244140625,CLAY,ROTARY,,,,,2001233
369576,W,,-84.105167,40.331981,DIGITIZED,SHELBY,SALEM,1955-11-02,36.0,1049.0,GRAVEL,,20.0,21.0,32.0,,162869
369998,W,DOMESTIC,-84.13219,40.329139999999995,GLOBAL POSITIONING SYSTEM,SHELBY,FRANKLIN,2006-08-09,88.0,998.9000244140625,GRAVEL & SAND,ROTARY,60.0,31.0,84.0,,2004428
370637,W,DOMESTIC,-84.34915,40.2687,GLOBAL POSITIONING SYSTEM,SHELBY,LORAMIE,2007-07-26,114.0,986.5,GRAVEL & SAND,ROTARY,70.0,66.7,111.0,,2011365
370647,W,DOMESTIC,-84.41422,40.19909,GLOBAL POSITIONING SYSTEM,SHELBY,LORAMIE,2007-08-02,58.0,988.4000244140625,GRAVEL,AIR ROTARY,100.0,20.0,55.0,,2011578
370653,W,MONITOR,-84.15068099999999,40.281161,GLOBAL POSITIONING SYSTEM,SHELBY,CLINTON,2007-08-15,11.0,1008.9000244140625,SAND & GRAVEL,AUGER,,11.0,11.0,,2011848
370660,W,MONITOR,-84.181984,40.277878,MAP-USGS 1:24000,SHELBY,CLINTON,2007-06-09,19.0,940.0999755859375,SAND & GRAVEL,AUGER,,12.0,9.0,,2011002
371112,W,,-84.18395,40.47849,DIGITIZED,SHELBY,DINSMORE,1964-08-21,186.0,1026.800048828125,LIMESTONE,,15.0,69.0,157.0,154,306234
371113,W,,-84.29401299999999,40.205937,DIGITIZED,SHELBY,WASHINGTON,1953-11-30,142.0,987.4000244140625,GRAVEL,,10.0,59.0,142.0,,122156
371145,W,DOMESTIC,-84.24513,40.27588,GLOBAL POSITIONING SYSTEM,SHELBY,TURTLE CREEK,2006-11-17,130.0,948.5999755859375,LIMESTONE,ROTARY,80.0,21.0,61.0,46,2006837
371160,W,,-84.26174999999999,40.380119,DIGITIZED,SHELBY,VAN BUREN,1963-08-30,112.0,981.7000122070312,LIMESTONE,,12.0,45.0,84.0,83,272742
371161,W,,-84.232794,40.221987,DIGITIZED,SHELBY,WASHINGTON,1970-11-25,65.0,969.0,LIMESTONE,,10.0,40.0,52.0,52,414102
371194,W,,-84.03984899999999,40.448781,DIGITIZED,SHELBY,JACKSON,1960-11-28,80.0,1020.5,SAND & GRAVEL,,8.0,22.0,80.0,,249768
371426,W,,-84.207701,40.288095,DIGITIZED,SHELBY,TURTLE CREEK,1955-05-24,93.0,836.2000122070312,LIMESTONE,,20.0,20.0,69.0,68,132390
371427,W,,-84.233902,40.205411,DIGITIZED,SHELBY,WASHINGTON,1952-09-16,114.0,935.9000244140625,LIMESTONE,,20.0,32.0,73.0,112,78398
371533,W,DRY/NO WATER,-84.35713,40.21075,GLOBAL POSITIONING SYSTEM,SHELBY,LORAMIE,2009-10-15,158.0,975.7999877929688,GRAVEL & SAND,ROTARY,150.0,35.0,154.0,,2024507
371544,W,OBSERVATION,-84.256117,40.236582999999996,GLOBAL POSITIONING SYSTEM,SHELBY,WASHINGTON,2008-10-13,53.0,894.2000122070312,SILT/SAND/GRAVEL,AUGER,,8.0,43.0,108,2020317
371682,W,DOMESTIC,-84.26427,40.44779,GLOBAL POSITIONING SYSTEM,SHELBY,VAN BUREN,2008-07-31,154.0,991.5999755859375,GRAVEL & SAND,ROTARY,80.0,58.9,151.0,,2017802
371752,W,DOMESTIC,-84.26844,40.438449999999996,GLOBAL POSITIONING SYSTEM,SHELBY,VAN BUREN,2009-07-14,144.0,980.2999877929688,GRAVEL & SAND,ROTARY,75.0,44.0,141.0,,2022983
371827,W,DOMESTIC,-84.4165,40.261649999999996,GLOBAL POSITIONING SYSTEM,SHELBY,LORAMIE,2008-07-15,194.0,1000.7999877929688,LIMESTONE,ROTARY,80.0,43.2,104.0,99,2017519
372126,W,DOMESTIC,-84.36829,40.30424,GLOBAL POSITIONING SYSTEM,SHELBY,CYNTHIAN,2012-02-10,182.0,984.2999877929688,LIMESTONE,ROTARY,35.0,49.6,130.0,145,2036468
372143,W,AGRIC/IRRIG,-84.06094999999999,40.29275,GLOBAL POSITIONING SYSTEM,SHELBY,PERRY,2012-04-28,113.0,1061.4000244140625,SAND & GRAVEL,ROTARY,75.0,19.0,109.0,,2037689
372158,W,DOMESTIC,-84.31461999999999,40.271609999999995,GLOBAL POSITIONING SYSTEM,SHELBY,CYNTHIAN,2012-05-31,221.0,995.2000122070312,LIMESTONE,ROTARY,45.0,75.60000000000001,138.0,130,2037830
372179,W,DOMESTIC,-84.30436999999999,40.2198,GLOBAL POSITIONING SYSTEM,SHELBY,LORAMIE,2010-07-13,127.0,993.7999877929688,GRAVEL & SAND,ROTARY,130.0,65.5,124.0,,2027893
372355,W,DOMESTIC,-84.03405,40.262817,GLOBAL POSITIONING SYSTEM,SHELBY,PERRY,2012-12-12,36.0,1076.5,SAND & GRAVEL,ROTARY,40.0,5.0,34.0,,2041508
372390,W,DOMESTIC,-84.19266999999999,40.200919999999996,GLOBAL POSITIONING SYSTEM,SHELBY,ORANGE,2012-05-25,125.0,980.7000122070312,LIMESTONE,ROTARY,20.0,38.0,71.0,66,2037769
372394,W,DOMESTIC,-84.094173,40.323299,GLOBAL POSITIONING SYSTEM,SHELBY,PERRY,2012-12-12,219.0,899.7999877929688,SAND & GRAVEL,ROTARY,90.0,61.0,216.0,,2041144
372494,W,DOMESTIC,-84.33586,40.3035,GLOBAL POSITIONING SYSTEM,SHELBY,CYNTHIAN,2010-09-22,90.0,968.2999877929688,SAND & GRAVEL,ROTARY,40.0,38.6,88.0,,2029031
372548,W,DOMESTIC,-84.39314,40.35662,GLOBAL POSITIONING SYSTEM,SHELBY,MCLEAN,2011-12-26,118.0,951.4000244140625,SAND & GRAVEL,ROTARY,150.0,22.2,114.0,,2035952
372552,W,DOMESTIC,-84.39496,40.30751,GLOBAL POSITIONING SYSTEM,SHELBY,CYNTHIAN,2011-10-14,219.0,988.5999755859375,LIMESTONE,ROTARY,60.0,55.1,110.0,104,2035012
372573,W,DOMESTIC,-84.1207,40.43596,GLOBAL POSITIONING SYSTEM,SHELBY,DINSMORE,2013-04-18,131.0,1062.4000244140625,SAND & GRAVEL,ROTARY,60.0,51.7,129.0,,2042595
372622,W,DOMESTIC,-84.35699,40.35471,GLOBAL POSITIONING SYSTEM,SHELBY,MCLEAN,2013-04-22,182.0,952.5,LIMESTONE,ROTARY,32.0,20.0,98.0,93,2042633
372677,W,MONITOR,-84.18521,40.28082,GEOCODE,SHELBY,CLINTON,2014-02-13,32.0,1033.699951171875,CLAY/GRAVEL/SILT,AUGER,,20.0,22.0,,2046433
372679,W,DOMESTIC,-84.20738999999999,40.29542,GLOBAL POSITIONING SYSTEM,SHELBY,CLINTON,2013-11-11,142.0,1000.2999877929688,LIMESTONE,ROTARY,25.0,32.3,73.0,65,2045482
372738,W,DOMESTIC,-84.38548,40.35659,GLOBAL POSITIONING SYSTEM,SHELBY,MCLEAN,2014-02-07,104.0,951.4000244140625,SAND & GRAVEL,ROTARY,25.0,22.3,101.0,,2046383
372739,W,MONITOR,-84.18518,40.280609999999996,GEOCODE,SHELBY,CLINTON,2014-02-13,32.0,1033.300048828125,CLAY/GRAVEL/SILT,AUGER,,20.0,22.0,,2046435
372743,W,DOMESTIC,-84.093845,40.328494,GLOBAL POSITIONING SYSTEM,SHELBY,SALEM,2014-03-18,38.0,989.7999877929688,SAND & GRAVEL,ROTARY,30.0,15.0,35.0,,2046889
372756,W,DOMESTIC,-84.3381,40.38143,GLOBAL POSITIONING SYSTEM,SHELBY,MCLEAN,2014-02-24,183.0,960.7000122070312,LIMESTONE,ROTARY,45.0,32.1,101.0,94,2046558
372788,W,DOMESTIC,-84.285454,40.251355,MAP-OTHERS,SHELBY,WASHINGTON,2015-08-13,221.0,,LIMESTONE & SHALE,AIR ROTARY,2.0,50.0,167.0,166,2054638
372864,W,DOMESTIC,-84.10025999999999,40.467929999999996,GLOBAL POSITIONING SYSTEM,SHELBY,JACKSON,2015-09-09,345.0,1065.0,LIMESTONE,ROTARY,20.0,89.0,295.0,338,2053652
372873,W,DOMESTIC,-84.11542999999999,40.42744,GLOBAL POSITIONING SYSTEM,SHELBY,DINSMORE,2015-06-18,90.0,1049.0999755859375,SAND & GRAVEL,ROTARY,10.0,32.0,87.0,,2052478
372993,W,DOMESTIC,-84.132269,40.336199,GLOBAL POSITIONING SYSTEM,SHELBY,FRANKLIN,2015-05-27,233.0,629.5,SAND & GRAVEL,ROTARY,65.0,48.0,230.0,,2052152
373077,W,HTG/COOLING,-84.29540999999999,40.38697,GLOBAL POSITIONING SYSTEM,SHELBY,VAN BUREN,2014-11-03,150.0,955.7000122070312,LIMESTONE,ROTARY,,,,60,2049880
373166,W,DOMESTIC,-84.20326999999999,40.269239999999996,GLOBAL POSITIONING SYSTEM,SHELBY,CLINTON,2015-07-08,179.0,1020.4000244140625,LIMESTONE,ROTARY,15.0,61.0,107.0,103,2052727
373229,W,AGRIC/IRRIG,-84.10713299999999,40.2837,GLOBAL POSITIONING SYSTEM,SHELBY,PERRY,2017-06-30,64.0,,SAND & GRAVEL,ROTARY,60.0,0.0,62.0,,2063419
373296,W,DOMESTIC,-84.13395,40.45775,GLOBAL POSITIONING SYSTEM,SHELBY,DINSMORE,2016-08-19,66.0,,SAND & GRAVEL,ROTARY,20.0,32.0,63.0,,2058472
373484,W,AGRIC/IRRIG,-84.274958,40.26087,MAP-OTHERS,SHELBY,WASHINGTON,2017-10-13,161.0,,LIMESTONE,AIR ROTARY,20.0,71.0,103.0,101,2064869
373499,W,DOMESTIC,-84.31895,40.31409,GLOBAL POSITIONING SYSTEM,SHELBY,CYNTHIAN,2018-05-18,144.0,,SAND & GRAVEL,ROTARY,20.0,55.0,141.0,,2067917
373541,W,DOMESTIC,-84.12033,40.332167,DIGITAL MAP,SHELBY,SALEM,1999-09-01,66.0,1131.0,GRAVEL & SAND,AIR ROTARY,20.0,33.0,64.0,25,902873
373633,W,DOMESTIC,-84.033644,40.301389,DIGITAL MAP,SHELBY,PERRY,1999-09-24,136.0,,GRAVEL & SAND,AIR ROTARY,25.0,55.0,134.0,,902921
373657,W,DOMESTIC,-84.13521899999999,40.453916,DIGITAL MAP,SHELBY,DINSMORE,1997-10-16,94.0,,GRAVEL & SAND,ROTARY,20.0,31.0,92.0,,886431
373658,W,DOMESTIC,-84.19219199999999,40.34625,DIGITAL MAP,SHELBY,FRANKLIN,1999-06-10,63.0,,GRAVEL & SAND,ROTARY,20.0,38.0,61.5,,897163
373659,W,DOMESTIC,-84.189548,40.346587,DIGITAL MAP,SHELBY,FRANKLIN,1999-08-16,98.0,,GRAVEL & SAND,ROTARY,20.0,37.0,97.0,,899125
373678,W,DOMESTIC,-84.08543,40.43881,GLOBAL POSITIONING SYSTEM,SHELBY,JACKSON,2020-01-21,66.0,,SAND & GRAVEL,ROTARY,18.0,11.0,63.0,,2077763
373705,W,DOMESTIC,-84.15029,40.330418,DIGITAL MAP,SHELBY,FRANKLIN,2000-11-11,178.0,766.4000244140625,LIMESTONE,ROTARY,25.0,60.0,98.0,92,924240
373707,W,AGRIC/IRRIG,-84.36851,40.31325,GLOBAL POSITIONING SYSTEM,SHELBY,CYNTHIAN,2018-03-30,210.0,,LIMESTONE,ROTARY,25.0,66.0,158.0,150,2067264
373708,W,DOMESTIC,-84.34453099999999,40.369322,DIGITAL MAP,SHELBY,MCLEAN,1998-08-07,97.0,,GRAVEL & SAND,AIR ROTARY,20.0,25.0,95.0,,880760
373865,W,AGRIC/IRRIG,-84.28327999999999,40.452400000000004,GLOBAL POSITIONING SYSTEM,SHELBY,VAN BUREN,2017-10-27,178.0,,LIMESTONE,ROTARY,30.0,44.0,110.0,104,2065216
373946,W,DOMESTIC,-84.022148,40.374995999999996,DIGITAL MAP,SHELBY,SALEM,1999-09-08,52.0,,GRAVEL & SAND,AIR ROTARY,20.0,21.0,49.0,,902886
373948,W,DOMESTIC,-84.36032999999999,40.236593,DIGITAL MAP,SHELBY,LORAMIE,1999-08-04,43.0,,GRAVEL,AIR ROTARY,30.0,17.0,42.0,,899097
374006,W,AGRIC/IRRIG,-84.280862,40.337184,DIGITAL MAP,SHELBY,TURTLE CREEK,2000-05-20,262.0,,LIMESTONE,ROTARY,40.0,68.0,127.0,120,915375
374068,W,DOMESTIC,-84.157613,40.261973,DGS SURFICIAL MAPPING,SHELBY,ORANGE,1998-06-25,202.0,672.2999877929688,LIMESTONE,AIR ROTARY,18.0,64.0,109.0,103,871396
374069,W,DOMESTIC,-84.15902799999999,40.258876,DIGITAL MAP,SHELBY,ORANGE,1998-05-26,200.0,,LIMESTONE,AIR ROTARY,60.0,66.0,113.0,108,871349
379120,W,,-84.146102,40.267129,DIGITIZED,SHELBY,ORANGE,1964-10-21,178.0,1019.7000122070312,LIMESTONE,,25.0,85.0,128.0,125,305727
379121,W,,-84.160845,40.237950999999995,DIGITIZED,SHELBY,ORANGE,1954-02-26,91.0,1024.5,GRAVEL,,20.0,59.0,91.0,,122213
379126,W,DOMESTIC,-84.27707,40.20941,GEOCODE,SHELBY,WASHINGTON,1992-01-14,140.0,962.5,GRAVEL,ROTARY,30.0,32.0,77.0,16,735486
379132,W,,-84.22874,40.265463,,SHELBY,WASHINGTON,1973-08-06,89.0,988.5,LIMESTONE,,11.0,38.0,86.0,83,458467
379213,W,,-84.16978399999999,40.274853,DIGITIZED,SHELBY,CLINTON,1952-07-15,134.0,719.7000122070312,LIMESTONE,,15.0,75.0,136.0,55,78394
379214,W,,-84.09874099999999,40.257795,DIGITIZED,SHELBY,GREEN,1949-12-25,126.0,1061.4000244140625,GRAVEL,,10.0,104.0,126.0,,28881
379227,W,,-84.37643,40.259139999999995,,SHELBY,LORAMIE,1987-04-06,122.0,1020.7000122070312,SAND & GRAVEL,ROTARY,18.0,86.0,124.0,,667353
379228,W,,-84.030414,40.203966,DIGITIZED,SHELBY,GREEN,1962-07-05,41.0,1126.5,GRAVEL,,15.0,17.0,41.0,,282610
379237,W,,-84.19771,40.467399,DIGITIZED,SHELBY,DINSMORE,1957-08-05,111.0,1021.0,LIMESTONE,,25.0,59.0,108.0,104,185346
379238,W,,-84.180088,40.4392,DIGITIZED,SHELBY,DINSMORE,1959-02-07,80.0,997.4000244140625,GRAVEL,,,45.0,80.0,,193138
379239,W,,-84.128844,40.424709,DIGITIZED,SHELBY,DINSMORE,1963-04-17,115.0,1065.0999755859375,SAND,,16.0,61.0,115.0,,272692
379243,W,,-84.29780699999999,40.387096,DIGITIZED,SHELBY,MCLEAN,1954-03-30,54.0,958.2000122070312,SAND & GRAVEL,,15.0,9.0,56.0,,131708
379244,W,,-84.02053699999999,40.445788,DIGITIZED,SHELBY,JACKSON,1955-07-14,57.0,1042.699951171875,SAND & GRAVEL,,10.0,24.0,57.0,,147623
379245,W,,-84.422229,40.345766999999995,DIGITIZED,SHELBY,MCLEAN,1963-06-26,81.0,955.9000244140625,GRAVEL,,35.0,12.5,81.0,,294963
379247,W,,-84.10693599999999,40.284324,DIGITIZED,SHELBY,PERRY,1953-12-30,59.0,1013.0999755859375,GRAVEL,,8.0,2.0,59.0,,128663
379248,W,,-84.117001,40.289142,DIGITIZED,SHELBY,PERRY,1961-09-30,77.0,914.2999877929688,SAND & GRAVEL,,10.0,9.6,77.0,,254649
379249,W,,-84.114807,40.276604999999996,DIGITIZED,SHELBY,PERRY,1963-08-03,41.0,872.2999877929688,GRAVEL,,12.0,19.0,41.0,,297050
379250,W,,-84.34514899999999,40.369633,DIGITIZED,SHELBY,MCLEAN,1965-05-21,83.0,958.0,GRAVEL,,15.0,15.0,83.0,,334313
379251,W,,-84.318337,40.260929999999995,DIGITIZED,SHELBY,LORAMIE,1953-11-09,37.0,935.2999877929688,SAND & GRAVEL,,10.0,19.0,37.0,,43284
379252,W,,-84.362752,40.253797999999996,DIGITIZED,SHELBY,LORAMIE,1958-11-10,79.0,974.4000244140625,SAND,,20.0,44.0,,,205189
379253,W,,-84.16436499999999,40.360729,DIGITIZED,SHELBY,FRANKLIN,1965-12-03,115.0,1018.9000244140625,GRAVEL,,15.0,17.0,115.0,,342874
379254,W,,-84.200963,40.391762,DGS SURFICIAL MAPPING,SHELBY,FRANKLIN,1968-01-27,60.0,1021.2000122070312,GRAVEL,,30.0,33.0,62.0,,367408
379255,W,,-84.40423899999999,40.233408999999995,DIGITIZED,SHELBY,LORAMIE,1962-05-12,50.0,970.7000122070312,LIMESTONE,,18.0,6.0,48.0,48,271460
379256,W,,-84.27393599999999,40.371700000000004,DIGITIZED,SHELBY,TURTLE CREEK,1955-10-27,106.0,983.4000244140625,LIMESTONE,,15.0,31.0,97.0,97,153980
379257,W,,-84.24477999999999,40.295868,DIGITIZED,SHELBY,TURTLE CREEK,1967-09-09,60.0,973.4000244140625,GRAVEL,,20.0,30.0,60.0,,361060
379266,W,DOMESTIC,-84.096454,40.334775,,SHELBY,SALEM,1988-11-25,268.0,544.5999755859375,GRAVEL & SAND,ROTARY,10.0,68.0,270.0,,692666
379346,W,,-84.11975,40.291821,DIGITIZED,SHELBY,PERRY,1949-05-15,184.0,723.5,GRAVEL,,,44.0,182.0,,32758
379349,W,,-84.207528,40.255579999999995,DIGITIZED,SHELBY,WASHINGTON,1952-05-26,86.0,649.5999755859375,GRAVEL,,20.0,50.0,86.0,,78386
379350,W,,-84.155478,40.285806,DIGITIZED,SHELBY,CLINTON,1954-05-17,150.0,958.2999877929688,LIMESTONE,,,,54.0,55,131718
380757,W,DOMESTIC,-84.25917,40.39236,GEOCODE,SHELBY,VAN BUREN,1997-06-20,108.0,969.4000244140625,LIMESTONE,ROTARY,20.0,15.0,64.0,58,857565
380845,W,DOMESTIC,-84.281159,40.293282,,SHELBY,TURTLE CREEK,1994-08-03,,1029.800048828125,,,18.0,47.0,,,799857
381252,W,DOMESTIC,-84.29740199999999,40.45315,,SHELBY,VAN BUREN,1997-10-13,102.0,957.7999877929688,SAND & GRAVEL,ROTARY,20.0,41.0,100.0,,864560
382120,W,DOMESTIC,-84.13537,40.389759999999995,GEOCODE,SHELBY,FRANKLIN,2001-09-04,198.0,1028.0999755859375,LIMESTONE,ROTARY,20.0,21.0,122.0,115,934667
382196,W,DOMESTIC,-84.13560000000001,40.27605,GEOCODE,SHELBY,CLINTON,2001-09-14,242.0,1040.800048828125,LIMESTONE,ROTARY,18.0,109.0,145.0,138,934682
382290,W,DOMESTIC,-84.099761,40.345771,GEOCODE,SHELBY,SALEM,2002-02-08,96.0,866.0999755859375,GRAVEL,ROTARY,25.0,52.0,93.0,,942320
382547,W,DOMESTIC,-84.29248899999999,40.387564999999995,DGS SURFICIAL MAPPING,SHELBY,VAN BUREN,2002-01-04,120.0,961.0999755859375,LIMESTONE,ROTARY,20.0,11.0,72.0,66,937915
382678,W,DOMESTIC,-84.41472999999999,40.23084,,SHELBY,LORAMIE,2002-06-18,78.0,974.7999877929688,GRAVEL,ROTARY,60.0,12.0,74.0,,945136
383052,W,,-84.104377,40.208427,DIGITIZED,SHELBY,GREEN,1951-05-15,146.0,1080.300048828125,GRAVEL,,20.0,23.0,146.0,,56649
383206,W,DOMESTIC,-84.41140999999999,40.231269999999995,GLOBAL POSITIONING SYSTEM,SHELBY,LORAMIE,2003-11-11,51.0,971.9000244140625,GRAVEL & SAND,ROTARY,50.0,13.0,49.0,,970591
383234,W,DOMESTIC,-84.1121,40.331219999999995,GLOBAL POSITIONING SYSTEM,SHELBY,SALEM,2003-05-23,43.0,1036.9000244140625,GRAVEL & CLAY,ROTARY,50.0,10.0,41.0,,961844
383255,W,DOMESTIC,-84.26704,40.39324,GLOBAL POSITIONING SYSTEM,SHELBY,VAN BUREN,2003-12-16,120.0,966.7999877929688,LIMESTONE,ROTARY,60.0,14.0,80.0,72,970547
383439,W,DOMESTIC,-84.25765,40.42358,GLOBAL POSITIONING SYSTEM,SHELBY,VAN BUREN,2004-10-30,140.0,973.9000244140625,GRAVEL & SAND,ROTARY,110.0,35.0,137.0,,987723
383478,W,DOMESTIC,-84.34532,40.36994,GLOBAL POSITIONING SYSTEM,SHELBY,MCLEAN,2003-09-11,176.0,956.4000244140625,LIMESTONE,ROTARY,30.0,19.0,103.0,74,967269
383508,W,DOMESTIC,-84.33689,40.25523,GLOBAL POSITIONING SYSTEM,SHELBY,LORAMIE,2003-12-17,100.0,965.2999877929688,SAND & GRAVEL,ROTARY,75.0,41.0,98.0,,970543
383651,W,DOMESTIC,-84.13741,40.37363,GLOBAL POSITIONING SYSTEM,SHELBY,FRANKLIN,2005-04-25,61.0,1035.5999755859375,GRAVEL & SAND,ROTARY,100.0,20.0,59.0,,990141
383867,W,DOMESTIC,-84.10565,40.38616,GLOBAL POSITIONING SYSTEM,SHELBY,JACKSON,2005-02-07,90.0,1046.0999755859375,GRAVEL & SAND,ROTARY,100.0,28.0,88.0,,990069
383878,W,DOMESTIC,-84.09022999999999,40.43896,GLOBAL POSITIONING SYSTEM,SHELBY,JACKSON,2005-03-15,100.0,1029.0,,ROTARY,100.0,9.0,98.0,,990094
383971,W,TEST WELL,-84.40738999999999,40.229279999999996,GLOBAL POSITIONING SYSTEM,SHELBY,LORAMIE,2004-12-21,182.0,975.7000122070312,LIMESTONE,ROTARY,6.0,201.0,100.0,93,987669
384025,W,DOMESTIC,-84.39341,40.37592,GLOBAL POSITIONING SYSTEM,SHELBY,MCLEAN,2005-09-15,181.0,967.0,GRAVEL & SAND,ROTARY,150.0,38.0,179.0,63,999741
384138,W,DOMESTIC,-84.297,40.44611,GLOBAL POSITIONING SYSTEM,SHELBY,VAN BUREN,2005-11-11,142.0,971.0,LIMESTONE,ROTARY,50.0,52.0,105.0,101,2000224
384186,W,AGRIC/IRRIG,-84.43203,40.313759999999995,GLOBAL POSITIONING SYSTEM,SHELBY,CYNTHIAN,2005-09-08,85.0,978.9000244140625,GRAVEL & SAND,ROTARY,100.0,33.0,83.0,,999732
384342,W,,-84.01763,40.327528,DIGITIZED,SHELBY,SALEM,1954-03-31,79.0,722.9000244140625,GRAVEL & SAND,,4.0,11.0,79.0,,120134
384343,W,,-84.041781,40.376165,DIGITIZED,SHELBY,SALEM,1956-01-07,83.0,544.5,SAND & GRAVEL,,7.0,34.0,83.0,,160374
384356,W,,-84.074621,40.339692,DIGITIZED,SHELBY,SALEM,1978-02-17,276.0,1062.699951171875,LIMESTONE,,8.0,68.0,246.0,242,531705
384358,W,,-84.050125,40.35521,DIGITIZED,SHELBY,SALEM,1963-03-14,80.0,1004.2000122070312,GRAVEL,,12.0,57.0,80.0,,297009
384407,W,,-84.025849,40.376396,DIGITIZED,SHELBY,SALEM,,52.0,609.7000122070312,GRAVEL,,16.0,30.0,52.0,,120117
385467,W,MONITOR,-84.149244,40.279821999999996,GLOBAL POSITIONING SYSTEM,SHELBY,CLINTON,2007-08-15,12.0,908.5,SAND & GRAVEL,AUGER,,11.5,11.5,,2011847
385533,W,DOMESTIC,-84.09416999999999,40.34382,GLOBAL POSITIONING SYSTEM,SHELBY,SALEM,2007-09-05,102.0,1063.5,GRAVEL,ROTARY,35.0,59.800000000000004,99.0,,2012254
385571,W,DRY/NO WATER,-84.40090000000001,40.212469999999996,GLOBAL POSITIONING SYSTEM,SHELBY,LORAMIE,2007-09-24,250.0,985.7000122070312,CLAY,ROTARY,,,,,2012623
385600,W,DOMESTIC,-84.41162,40.226859999999995,GLOBAL POSITIONING SYSTEM,SHELBY,LORAMIE,2007-06-27,95.0,975.5999755859375,GRAVEL & SAND,ROTARY,120.0,15.8,92.0,,2010677
385735,W,DOMESTIC,-84.26248,40.330279999999995,GLOBAL POSITIONING SYSTEM,SHELBY,TURTLE CREEK,2007-01-26,200.0,1018.2999877929688,LIMESTONE,ROTARY,30.0,55.0,114.0,94,2008007
385832,W,,-84.368498,40.304390999999995,DIGITIZED,SHELBY,CYNTHIAN,1960-09-03,101.0,985.7999877929688,GRAVEL,,14.0,46.0,101.0,,246512
385833,W,,-84.19344199999999,40.279291,DIGITIZED,SHELBY,CLINTON,1965-09-04,84.0,723.4000244140625,SAND & GRAVEL,,400.0,61.0,62.0,,336605
385834,W,,-84.411902,40.232139,DIGITIZED,SHELBY,LORAMIE,1968-03-19,96.0,972.5,LIMESTONE,,5.0,9.0,90.0,90,359691
385902,W,,-84.375635,40.363414,DIGITIZED,SHELBY,MCLEAN,1969-01-10,121.0,952.0,GRAVEL,,15.0,11.0,121.0,,378780
385903,W,,-84.15075999999999,40.234213,DIGITIZED,SHELBY,ORANGE,1956-01-06,142.0,1038.5,GRAVEL,,5.0,73.0,142.0,,146671
386189,W,,-84.089417,40.271735,DIGITIZED,SHELBY,PERRY,1964-04-20,64.0,819.0,SAND & GRAVEL,,10.0,12.0,67.0,,292244
386329,W,DOMESTIC,-84.03245,40.29766,GLOBAL POSITIONING SYSTEM,SHELBY,PERRY,2008-08-05,75.0,1066.5999755859375,GRAVEL & SAND,ROTARY,80.0,20.8,72.0,,2017978
386530,W,DOMESTIC,-84.2587,40.38498,GLOBAL POSITIONING SYSTEM,SHELBY,VAN BUREN,2008-06-18,173.0,978.2999877929688,LIMESTONE,ROTARY,35.0,27.0,82.0,63,2016999
386769,W,DOMESTIC,-84.29326999999999,40.38747,GLOBAL POSITIONING SYSTEM,SHELBY,VAN BUREN,2007-12-05,165.0,956.2999877929688,LIMESTONE,ROTARY,25.0,12.700000000000001,70.0,62,2014113
386772,W,DOMESTIC,-84.1764,40.36044,GLOBAL POSITIONING SYSTEM,SHELBY,FRANKLIN,2007-11-19,78.0,1022.5999755859375,GRAVEL & SAND,ROTARY,65.0,36.2,75.0,,2013872
386911,W,AGRIC/IRRIG,-84.09007,40.23934,GLOBAL POSITIONING SYSTEM,SHELBY,GREEN,2012-05-24,150.0,1074.5999755859375,LIMESTONE,ROTARY,45.0,21.0,124.0,117,2037751
386995,W,HTG/COOLING,-84.33746,40.376326999999996,DGS SURFICIAL MAPPING,SHELBY,MCLEAN,2012-05-17,151.0,959.9000244140625,LIMESTONE,ROTARY,,,,109,2037655
387054,W,DOMESTIC,-84.06223299999999,40.278717,GLOBAL POSITIONING SYSTEM,SHELBY,PERRY,2012-08-13,62.0,1063.5999755859375,SAND & GRAVEL,ROTARY,30.0,12.0,60.0,,2039501
387241,W,DOMESTIC,-84.38941,40.275639999999996,GLOBAL POSITIONING SYSTEM,SHELBY,CYNTHIAN,2012-08-06,181.0,984.4000244140625,LIMESTONE,ROTARY,25.0,45.0,85.0,77,2038924
387330,W,DOMESTIC,-84.28864,40.2224,GLOBAL POSITIONING SYSTEM,SHELBY,WASHINGTON,2012-08-15,124.0,985.4000244140625,GRAVEL & SAND,ROTARY,50.0,81.7,121.0,,2039081
387413,W,DOMESTIC,-84.16801,40.26381,GLOBAL POSITIONING SYSTEM,SHELBY,ORANGE,2013-04-15,181.0,933.0,LIMESTONE,ROTARY,37.0,17.0,41.0,26,2042539
387543,W,AGRIC/IRRIG,-84.1198,40.23401,GLOBAL POSITIONING SYSTEM,SHELBY,ORANGE,2016-10-25,243.0,,LIMESTONE,ROTARY,40.0,49.0,141.0,136,2059633
387707,W,DOMESTIC,-84.225017,40.282486999999996,GLOBAL POSITIONING SYSTEM,SHELBY,TURTLE CREEK,2014-10-28,127.0,845.4000244140625,LIMESTONE,ROTARY,15.0,34.0,78.0,72,2049790
387858,W,DOMESTIC,-84.33162,40.29,GLOBAL POSITIONING SYSTEM,SHELBY,CYNTHIAN,2017-01-31,243.0,,LIMESTONE,ROTARY,12.0,59.0,133.0,127,2061061
388201,W,,-84.072121,40.383891999999996,DIGITIZED,SHELBY,JACKSON,1951-05-08,66.0,1047.5999755859375,GRAVEL,,20.0,23.0,66.0,,56650
388236,W,DOMESTIC,-84.193272,40.260127,DIGITAL MAP,SHELBY,CLINTON,1998-08-12,136.0,,LIMESTONE,ROTARY,20.0,53.0,74.3,70,880769
388237,W,DOMESTIC,-84.135733,40.281541999999995,DIGITAL MAP,SHELBY,CLINTON,1998-05-04,222.0,548.7000122070312,LIMESTONE,ROTARY,18.0,130.0,138.0,133,871314
388238,W,DOMESTIC,-84.207707,40.30529,DIGITAL MAP,SHELBY,CLINTON,1999-06-24,135.0,,LIMESTONE,ROTARY,20.0,17.0,75.0,69,897188
388384,W,DOMESTIC,-84.20273399999999,40.268657,DIGITAL MAP,SHELBY,CLINTON,1998-10-17,202.0,970.2999877929688,LIMESTONE,ROTARY,55.0,76.0,100.0,93,886433
388491,W,,-84.17593699999999,40.360433,DIGITIZED,SHELBY,FRANKLIN,1954-09-17,43.0,1007.0999755859375,GRAVEL,,5.0,35.0,43.0,,120147
388511,W,DOMESTIC,-84.318675,40.47208,DIGITAL MAP,SHELBY,VAN BUREN,2000-06-13,182.0,,LIMESTONE,ROTARY,300.0,28.0,82.0,70,915407
388661,W,DOMESTIC,-84.1644,40.33511,GLOBAL POSITIONING SYSTEM,SHELBY,FRANKLIN,2019-05-31,92.0,,SAND & GRAVEL,ROTARY,15.0,40.0,89.0,,2073880
388684,W,DOMESTIC,-84.26751,40.467421,DIGITAL MAP,SHELBY,VAN BUREN,1999-11-13,101.0,,GRAVEL,ROTARY,7.0,40.0,101.0,,906310
388690,W,DOMESTIC,-84.093321,40.353443,DIGITAL MAP,SHELBY,SALEM,2000-11-08,102.0,,GRAVEL & SAND,AIR ROTARY,20.0,53.0,99.0,,924237
388744,W,DOMESTIC,-84.31810999999999,40.364489999999996,GLOBAL POSITIONING SYSTEM,SHELBY,MCLEAN,2018-09-07,183.0,,LIMESTONE,ROTARY,20.0,33.0,127.0,,2069859
388759,W,MONITOR,-84.18900000000001,40.3774,GLOBAL POSITIONING SYSTEM,SHELBY,FRANKLIN,2019-04-04,26.0,,SAND,AUGER,,0.0,21.0,,2072841
388783,W,DOMESTIC,-84.188214,40.19576,DIGITAL MAP,SHELBY,ORANGE,1998-07-17,161.0,,LIMESTONE,AIR ROTARY,20.0,55.0,105.0,100,880719
388789,W,DOMESTIC,-84.17654999999999,40.249832,DIGITAL MAP,SHELBY,ORANGE,2000-01-11,101.0,,LIMESTONE,AIR ROTARY,25.0,24.0,33.0,33,907574
388807,W,DOMESTIC,-84.38253,40.32116,GLOBAL POSITIONING SYSTEM,SHELBY,CYNTHIAN,2018-06-08,86.0,,GRAVEL,AIR ROTARY,100.0,47.0,83.0,,2068414
388853,W,DOMESTIC,-84.36741099999999,40.321937,DIGITAL MAP,SHELBY,CYNTHIAN,2000-09-25,178.0,,LIMESTONE,ROTARY,20.0,48.0,129.0,123,920755
388858,W,DOMESTIC,-84.400059,40.22705,DIGITAL MAP,SHELBY,LORAMIE,1999-03-22,170.0,,LIMESTONE,AIR ROTARY,15.0,16.0,80.0,78,894153
388861,W,DOMESTIC,-84.343977,40.368939,DIGITAL MAP,SHELBY,MCLEAN,2000-01-11,102.0,,LIMESTONE,AIR ROTARY,20.0,25.0,97.0,90,908439
388879,W,DOMESTIC,-84.20756,40.40974,GLOBAL POSITIONING SYSTEM,SHELBY,DINSMORE,2018-12-04,59.0,,SAND & GRAVEL,ROTARY,10.0,23.0,56.0,,2071334
393774,W,,-84.145579,40.191311999999996,DIGITIZED,SHELBY,ORANGE,1954-03-25,43.0,1046.0,SAND & GRAVEL,,8.0,39.0,45.0,,124328
393775,W,,-84.135893,40.193027,DIGITIZED,SHELBY,ORANGE,1961-03-01,205.0,1054.9000244140625,LIMESTONE,,25.0,50.0,150.0,200,237644
393776,W,,-84.156645,40.263785999999996,DIGITIZED,SHELBY,ORANGE,1967-10-19,102.0,982.0999755859375,GRAVEL,,12.0,79.0,102.0,,371300
393777,W,DOMESTIC,-84.34062,40.227129999999995,GEOCODE,SHELBY,LORAMIE,1996-11-29,80.0,958.5999755859375,SAND & GRAVEL,ROTARY,20.0,24.0,77.0,,846069
393782,W,,-84.264568,40.208993,,SHELBY,WASHINGTON,1980-05-02,159.0,945.5,GRAVEL,,15.0,53.0,160.0,,537223
393789,W,,-84.22981899999999,40.265423,,SHELBY,WASHINGTON,1973-06-19,97.0,985.7000122070312,LIMESTONE,,10.0,40.0,90.0,83,458453
393866,W,,-84.40174499999999,40.306152,DIGITIZED,SHELBY,CYNTHIAN,1948-07-13,129.0,988.7999877929688,GRAVEL,,8.0,42.0,119.0,,36718
393867,W,,-84.328808,40.242446,DIGITIZED,SHELBY,LORAMIE,1950-02-08,130.0,963.4000244140625,GRAVEL,,30.0,35.0,131.0,,47925
393873,W,,-84.404653,40.235125,DIGITIZED,SHELBY,LORAMIE,1948-07-08,55.0,966.2999877929688,LIMESTONE,,20.0,4.0,49.0,46,42424
393876,W,DOMESTIC,-84.38092999999999,40.21187,GEOCODE,SHELBY,LORAMIE,1994-08-17,93.0,975.0999755859375,GRAVEL,CABLE TOOL,15.0,9.0,93.0,,761975
393877,W,DOMESTIC,-84.29308499999999,40.282793,,SHELBY,CYNTHIAN,1990-11-17,181.0,1005.9000244140625,LIMESTONE,ROTARY,15.0,65.0,128.0,123,723348
393878,W,,-84.05469,40.200125,DIGITIZED,SHELBY,GREEN,1959-10-31,39.0,1103.5,SAND & GRAVEL,,14.0,5.3,39.0,,228568
393882,W,,-84.164653,40.468742999999996,DIGITIZED,SHELBY,DINSMORE,1960-08-25,52.0,986.2999877929688,GRAVEL,,,23.0,52.0,,251512
393883,W,,-84.19178099999999,40.458653999999996,DIGITIZED,SHELBY,DINSMORE,1961-10-30,141.0,989.5,LIMESTONE,,10.0,60.0,99.0,99,249796
393884,W,,-84.185085,40.440884,DGS SURFICIAL MAPPING,SHELBY,DINSMORE,1964-12-30,73.0,989.4000244140625,SAND & GRAVEL,,12.0,30.0,75.0,,305733
393885,W,,-84.167058,40.274412,DIGITIZED,SHELBY,CLINTON,1969-08-15,119.0,659.5999755859375,LIMESTONE,,12.0,96.0,114.0,114,398855
393888,W,,-84.356612,40.357192999999995,DIGITIZED,SHELBY,MCLEAN,1953-03-24,74.0,955.5,GRAVEL,,18.0,14.0,74.0,,88287
393889,W,,-84.045329,40.396519,DIGITIZED,SHELBY,JACKSON,1963-12-07,143.0,1034.5,SAND & GRAVEL,,6.0,60.0,143.0,,305701
393890,W,OBSERVATION,-84.04296,40.434408999999995,DIGITIZED,SHELBY,JACKSON,1965-11-01,48.0,1035.5999755859375,SAND & GRAVEL,,,21.5,48.0,,336608
393891,W,DOMESTIC,-84.198843,40.286021,,SHELBY,CLINTON,1994-01-11,161.0,661.2000122070312,LIMESTONE,ROTARY,18.0,61.0,101.0,96,784506
393892,W,,-84.043177,40.287884999999996,DIGITIZED,SHELBY,PERRY,1958-05-27,45.0,1080.5,GRAVEL,,12.0,19.0,45.0,,220321
393893,W,,-84.36875599999999,40.232130999999995,DIGITIZED,SHELBY,LORAMIE,1952-10-07,75.0,966.9000244140625,SAND & GRAVEL,,25.0,28.0,75.0,,86271
393894,W,,-84.132325,40.326924,DIGITIZED,SHELBY,FRANKLIN,1962-01-30,181.0,624.4000244140625,LIMESTONE,,,28.0,166.0,165,254650
393895,W,,-84.41476999999999,40.232172,DIGITIZED,SHELBY,LORAMIE,1955-03-24,72.0,974.0999755859375,GRAVEL,,8.0,12.0,72.0,,145810
393896,W,,-84.33527099999999,40.250507999999996,DIGITIZED,SHELBY,LORAMIE,1961-02-20,59.0,938.0999755859375,GRAVEL,,12.0,25.0,59.0,,259529
393897,W,,-84.333458,40.243024,DIGITIZED,SHELBY,LORAMIE,1961-11-02,130.0,960.7999877929688,SAND & GRAVEL,,12.0,0.0,130.0,,271823
393898,W,,-84.03196,40.293315,DIGITIZED,SHELBY,PERRY,1956-10-31,71.0,725.2999877929688,GRAVEL,,10.0,16.0,,,182974
393899,W,,-84.41119499999999,40.234446999999996,DIGITIZED,SHELBY,LORAMIE,1967-06-13,74.0,967.5,LIMESTONE,,15.0,6.0,58.0,58,359657
393914,W,,-84.24071599999999,40.213681,DIGITIZED,SHELBY,WASHINGTON,1956-09-09,81.0,913.9000244140625,LIMESTONE,,10.0,30.0,41.0,80,151427
393985,W,,-84.25657,40.29031,DIGITIZED,SHELBY,TURTLE CREEK,1950-10-27,47.0,949.2000122070312,GRAVEL,,18.0,13.0,47.0,,7865
393986,W,,-84.26641599999999,40.330681,DIGITIZED,SHELBY,TURTLE CREEK,,115.0,1009.7000122070312,LIMESTONE,,21.0,52.5,106.0,106,88252
393989,W,,-84.29241999999999,40.314181,DIGITIZED,SHELBY,CYNTHIAN,1957-02-23,130.0,1018.4000244140625,GRAVEL,,6.0,60.0,130.0,,198651
393990,W,,-84.366558,40.2932,DIGITIZED,SHELBY,CYNTHIAN,1968-08-22,91.0,970.5999755859375,LIMESTONE,,10.0,40.0,90.0,90,378767
393991,W,,-84.367234,40.298311,DIGITIZED,SHELBY,CYNTHIAN,1969-08-22,136.0,992.7999877929688,LIMESTONE,,12.0,56.0,112.0,112,398856
393993,W,,-84.16363199999999,40.267666,DIGITIZED,SHELBY,CLINTON,1956-02-22,41.0,1036.800048828125,LIMESTONE,,20.0,16.0,28.0,24,160162
395956,W,PUBLIC/SEMI-PUB,-84.37635,40.25492,GEOCODE,SHELBY,LORAMIE,1997-10-20,142.0,1009.0999755859375,GRAVEL & SAND,ROTARY,20.0,70.0,139.0,,864568
396005,W,DOMESTIC,-84.142033,40.423797,DGS SURFICIAL MAPPING,SHELBY,DINSMORE,1997-10-31,215.0,1047.5999755859375,LIMESTONE,ROTARY,20.0,48.0,182.0,176,867115
396786,W,DOMESTIC,-84.2345,40.21442,GEOCODE,SHELBY,WASHINGTON,2001-11-14,137.0,953.4000244140625,LIMESTONE,ROTARY,35.0,57.0,47.0,43,937879
397015,W,DOMESTIC,-84.338201,40.380151999999995,DGS SURFICIAL MAPPING,SHELBY,MCLEAN,2001-07-07,75.0,956.0999755859375,GRAVEL & SAND,ROTARY,20.0,21.0,73.0,,931702
397028,W,DOMESTIC,-84.39165,40.3564,GEOCODE,SHELBY,MCLEAN,2001-06-22,85.0,952.2000122070312,GRAVEL/SAND/ROCK,ROTARY,20.0,19.0,80.0,,931680
397253,W,DOMESTIC,-84.39573,40.356539999999995,GEOCODE,SHELBY,MCLEAN,2002-07-10,95.0,949.7999877929688,SAND & GRAVEL,ROTARY,120.0,15.0,90.0,,948465
397316,W,DOMESTIC,-84.13534,40.277445,GEOCODE,SHELBY,CLINTON,2002-05-10,238.0,954.4000244140625,LIMESTONE,ROTARY,30.0,115.0,140.0,131,945198
397317,W,DOMESTIC,-84.33971,40.37052,GEOCODE,SHELBY,MCLEAN,2002-05-09,96.0,959.2999877929688,SAND & GRAVEL,ROTARY,110.0,22.0,92.0,,945195
397406,W,DOMESTIC,-84.10123999999999,40.46856,GEOCODE,SHELBY,DINSMORE,2002-07-01,113.0,1058.5,GRAVEL,ROTARY,15.0,46.0,110.0,,948452
397420,W,DOMESTIC,-84.36867,40.32143,GEOCODE,SHELBY,CYNTHIAN,2002-08-26,210.0,981.5,LIMESTONE,ROTARY,30.0,56.0,143.0,30,948550
397506,W,MONITOR,-84.156672,40.294619999999995,GEOCODE,SHELBY,CLINTON,2001-06-06,20.0,805.7000122070312,SILT & CLAY,AUGER,,,5.0,,945576
397564,W,DOMESTIC,-84.1023,40.2426,GEOCODE,SHELBY,PERRY,2003-05-13,77.0,1069.699951171875,GRAVEL,ROTARY,50.0,24.0,74.0,,957802
397815,W,,-84.24142499999999,40.280138,DIGITIZED,SHELBY,TURTLE CREEK,1952-03-17,30.0,941.2999877929688,GRAVEL,,10.0,12.0,30.0,,58912
397896,W,,-84.407355,40.234558,DIGITIZED,SHELBY,LORAMIE,1960-08-03,66.0,969.5999755859375,LIMESTONE,,14.0,5.0,49.0,49,246507
398008,W,DOMESTIC,-84.17988,40.31997,GLOBAL POSITIONING SYSTEM,SHELBY,FRANKLIN,2003-08-11,202.0,1044.0999755859375,LIMESTONE,ROTARY,20.0,62.0,120.0,114,965168
398028,W,DOMESTIC,-84.26,40.38538,GLOBAL POSITIONING SYSTEM,SHELBY,VAN BUREN,2003-06-30,135.0,977.7999877929688,LIMESTONE,ROTARY,20.0,19.0,76.0,67,961898
398197,W,DOMESTIC,-84.06093299999999,40.3029,,SHELBY,PERRY,2004-08-17,93.0,1061.9000244140625,SAND & GRAVEL,ROTARY,25.0,21.0,91.0,,975736
398201,W,DOMESTIC,-84.08126999999999,40.23571,GEOCODE,SHELBY,GREEN,2003-09-18,124.0,1077.4000244140625,LIMESTONE,ROTARY,25.0,35.0,119.0,116,957960
398231,W,DOMESTIC,-84.321,40.2775,GLOBAL POSITIONING SYSTEM,SHELBY,CYNTHIAN,2004-11-08,217.0,1017.2999877929688,GRAVEL & SAND,ROTARY,75.0,85.0,216.0,,987711
398535,W,DOMESTIC,-84.41776999999999,40.21125,GLOBAL POSITIONING SYSTEM,SHELBY,LORAMIE,2004-12-09,100.0,983.0,,ROTARY,45.0,21.0,98.0,,982769
398590,W,DOMESTIC,-84.24504,40.288239999999995,GLOBAL POSITIONING SYSTEM,SHELBY,TURTLE CREEK,2004-12-09,136.0,972.7999877929688,,ROTARY,90.0,36.0,80.0,63,987679
398823,W,AGRIC/IRRIG,-84.13320999999999,40.24425,GLOBAL POSITIONING SYSTEM,SHELBY,ORANGE,2005-04-13,177.0,1050.199951171875,,ROTARY,50.0,35.0,130.0,124,990123
398912,W,DOMESTIC,-84.13619,40.42637,GLOBAL POSITIONING SYSTEM,SHELBY,DINSMORE,2006-03-02,98.0,1051.4000244140625,GRAVEL & SAND,ROTARY,60.0,47.0,94.0,,2001550
398919,W,AGRIC/IRRIG,-84.41362,40.25953,GLOBAL POSITIONING SYSTEM,SHELBY,LORAMIE,2005-09-14,95.0,1003.2999877929688,GRAVEL & SAND,ROTARY,75.0,48.0,92.5,,999735
398972,W,PRESSURE RELIEF,-84.2402,40.214200000000005,GLOBAL POSITIONING SYSTEM,SHELBY,WASHINGTON,2006-03-24,43.0,913.2999877929688,SAND & GRAVEL,BUCKET AUGER,,,34.5,,2002257
399211,W,DOMESTIC,-84.25999,40.39376,GLOBAL POSITIONING SYSTEM,SHELBY,VAN BUREN,2006-03-24,135.0,969.7999877929688,LIMESTONE,ROTARY,35.0,15.0,69.0,62,2001877
399253,W,,-84.04557199999999,40.340008999999995,DIGITIZED,SHELBY,SALEM,1963-10-30,136.0,1055.9000244140625,LIMESTONE,,12.0,0.0,136.0,129,307028
399254,W,,-84.012588,40.336585,DIGITIZED,SHELBY,SALEM,1956-04-13,70.0,1014.7000122070312,GRAVEL,,10.0,51.0,70.0,,160782
399311,W,,-84.155525,40.192786,DIGITIZED,SHELBY,ORANGE,1946-05-10,174.0,1046.0,GRAVEL,,5.0,110.0,178.0,,9975030
399312,W,,-84.287668,40.452929999999995,DIGITIZED,SHELBY,VAN BUREN,1953-11-24,69.0,966.0,SAND & GRAVEL,,7.0,30.0,69.0,,120129
399313,W,,-84.24892799999999,40.372138,DIGITIZED,SHELBY,TURTLE CREEK,1965-06-07,129.0,985.0,LIMESTONE,,10.0,32.0,88.0,88,318659
399314,W,,-84.365023,40.328714,DIGITIZED,SHELBY,CYNTHIAN,1967-07-12,72.0,965.0,GRAVEL,,15.0,21.0,72.0,,359663
399665,W,DOMESTIC,-84.24248999999999,40.419709999999995,GLOBAL POSITIONING SYSTEM,SHELBY,VAN BUREN,2006-06-22,53.0,968.0,GRAVEL & SAND,ROTARY,60.0,16.0,50.0,,2003575
399734,W,DOMESTIC,-84.093333,40.343056,GLOBAL POSITIONING SYSTEM,SHELBY,SALEM,2006-09-02,104.0,1057.800048828125,CLAY,ROTARY,15.0,15.0,102.0,,2004877
399766,W,DOMESTIC,-84.30196,40.46589,GLOBAL POSITIONING SYSTEM,SHELBY,VAN BUREN,2006-09-18,160.0,924.4000244140625,LIMESTONE,ROTARY,60.0,20.0,99.0,87,2005213
400543,W,DOMESTIC,-84.38682,40.35673,GLOBAL POSITIONING SYSTEM,SHELBY,MCLEAN,2006-12-28,106.0,950.5,GRAVEL & SAND,ROTARY,200.0,18.0,101.0,,2007570
400753,W,,-84.244345,40.281228,DIGITIZED,SHELBY,TURTLE CREEK,1966-11-11,49.0,875.0,GRAVEL,,15.0,25.0,49.0,,357656
400782,W,DOMESTIC,-84.34467,40.36811,GLOBAL POSITIONING SYSTEM,SHELBY,MCLEAN,2006-10-11,137.0,956.0999755859375,LIMESTONE,ROTARY,50.0,21.0,93.0,86,2006175
400843,W,,-84.133049,40.315475,DIGITIZED,SHELBY,CLINTON,1957-07-26,46.0,830.5,GRAVEL,,10.0,26.0,46.0,,205152
400844,W,,-84.129519,40.467779,DIGITIZED,SHELBY,DINSMORE,1957-12-24,71.0,1012.5,GRAVEL,,10.0,26.0,71.0,,197845
400845,W,,-84.348759,40.212652,DIGITIZED,SHELBY,LORAMIE,1965-08-01,85.0,969.5,GRAVEL,,15.0,29.0,85.0,,381693
400913,W,,-84.114386,40.222004999999996,DIGITIZED,SHELBY,ORANGE,1948-12-06,124.0,1078.5999755859375,SAND,,20.0,32.0,124.0,,47908
401140,W,,-84.391669,40.28385,DIGITIZED,SHELBY,CYNTHIAN,1965-05-05,110.0,1004.2000122070312,LIMESTONE,,10.0,58.0,83.0,83,318657
401153,W,,-84.28253099999999,40.274235999999995,DIGITIZED,SHELBY,TURTLE CREEK,1957-05-21,74.0,987.9000244140625,GRAVEL,,,44.0,74.0,,197816
401240,W,DOMESTIC,-84.24229,40.26548,GLOBAL POSITIONING SYSTEM,SHELBY,WASHINGTON,2009-05-13,125.0,950.7000122070312,LIMESTONE,ROTARY,50.0,34.6,57.0,121,2022143
401279,W,OBSERVATION,-84.25144999999999,40.220983,GLOBAL POSITIONING SYSTEM,SHELBY,WASHINGTON,2008-10-17,75.0,873.7999877929688,SILT/SAND/GRAVEL,AUGER,,6.0,65.0,,2020304
401299,W,DOMESTIC,-84.24553999999999,40.28911,GLOBAL POSITIONING SYSTEM,SHELBY,TURTLE CREEK,2009-05-06,122.0,967.0,LIMESTONE,ROTARY,50.0,31.0,60.0,47,2022024
401492,W,DOMESTIC,-84.12355,40.30272,GLOBAL POSITIONING SYSTEM,SHELBY,PERRY,2008-09-24,71.0,1036.5,GRAVEL & SAND,ROTARY,65.0,35.5,68.0,,2018816
401642,W,DOMESTIC,-84.35755999999999,40.35546,GLOBAL POSITIONING SYSTEM,SHELBY,MCLEAN,2008-02-16,162.0,952.7999877929688,LIMESTONE,ROTARY,45.0,20.5,100.0,93,2015133
401835,W,DOMESTIC,-84.19162,40.23094,GLOBAL POSITIONING SYSTEM,SHELBY,ORANGE,2010-08-16,125.0,936.0999755859375,LIMESTONE,ROTARY,30.0,27.2,82.0,6,2028369
401842,W,AGRIC/IRRIG,-84.29391,40.206309999999995,GLOBAL POSITIONING SYSTEM,SHELBY,WASHINGTON,2011-04-19,155.0,986.2999877929688,GRAVEL & SAND,ROTARY,200.0,62.6,152.0,,2032067
402065,W,DOMESTIC,-84.35508999999999,40.35254,GLOBAL POSITIONING SYSTEM,SHELBY,MCLEAN,2011-10-10,154.0,960.2000122070312,LIMESTONE,ROTARY,80.0,26.7,110.0,101,2034894
402081,W,DOMESTIC,-84.02150999999999,40.337669999999996,GLOBAL POSITIONING SYSTEM,SHELBY,SALEM,2011-06-01,105.0,1064.0,SAND & GRAVEL,ROTARY,35.0,68.2,102.0,,2032583
402105,W,HTG/COOLING,-84.24497,40.30321,GLOBAL POSITIONING SYSTEM,SHELBY,TURTLE CREEK,2012-11-06,121.0,971.7000122070312,LIMESTONE,ROTARY,40.0,16.3,58.0,44,2040624
402239,W,DOMESTIC,-84.03992,40.456179999999996,GLOBAL POSITIONING SYSTEM,SHELBY,JACKSON,2010-06-15,282.0,1016.5999755859375,LIMESTONE,ROTARY,35.0,12.700000000000001,224.0,219,2027492
402259,W,DOMESTIC,-84.21248,40.4653,GLOBAL POSITIONING SYSTEM,SHELBY,DINSMORE,2010-09-15,150.0,1023.5,GRAVEL & SAND,ROTARY,65.0,83.3,147.0,,2028931
402331,W,DOMESTIC,-84.26817,40.40631,GLOBAL POSITIONING SYSTEM,SHELBY,VAN BUREN,2011-03-23,97.0,964.0999755859375,GRAVEL & SAND,ROTARY,100.0,15.1,94.0,,2031536
402542,W,AGRIC/IRRIG,-84.15052999999999,40.37112,GLOBAL POSITIONING SYSTEM,SHELBY,FRANKLIN,2014-02-19,284.0,1025.9000244140625,SAND & GRAVEL,ROTARY,18.0,45.0,281.0,,2046484
402729,W,DOMESTIC,-84.0252,40.46581,GLOBAL POSITIONING SYSTEM,SHELBY,JACKSON,2015-07-07,36.0,1020.2000122070312,SAND & GRAVEL,ROTARY,20.0,11.0,33.0,,2052728
402818,W,DOMESTIC,-84.40390000000001,40.35612,GLOBAL POSITIONING SYSTEM,SHELBY,MCLEAN,2014-08-12,71.0,950.2999877929688,SAND & GRAVEL,ROTARY,30.0,21.0,68.0,,2048594
402841,W,DOMESTIC,-84.38731,40.22162,GLOBAL POSITIONING SYSTEM,SHELBY,LORAMIE,2015-10-27,123.0,,LIMESTONE,ROTARY,11.0,23.0,67.0,65,2054524
402914,W,DOMESTIC,-84.26426,40.3185,GLOBAL POSITIONING SYSTEM,SHELBY,TURTLE CREEK,2016-08-15,163.0,,LIMESTONE,ROTARY,30.0,46.0,70.0,66,2058375
402970,W,DOMESTIC,-84.43361,40.28449,GLOBAL POSITIONING SYSTEM,SHELBY,CYNTHIAN,2016-04-05,88.0,,SAND & GRAVEL,ROTARY,20.0,67.0,85.0,,2056574
403116,W,DOMESTIC,-84.08927,40.33183,GLOBAL POSITIONING SYSTEM,SHELBY,SALEM,2016-12-14,46.0,,GRAVEL & SAND,ROTARY,30.0,30.0,42.0,,2060473
403133,W,DOMESTIC,-84.15964,40.41603,GLOBAL POSITIONING SYSTEM,SHELBY,DINSMORE,2017-06-27,81.0,,SAND & GRAVEL,ROTARY,25.0,31.0,78.0,,2063102
403292,W,DOMESTIC,-84.142826,40.395590999999996,DIGITAL MAP,SHELBY,DINSMORE,2000-08-22,160.0,,LIMESTONE,ROTARY,20.0,37.0,134.0,128,918027
403328,W,INDUSTRIAL,-84.194441,40.277035,GLOBAL POSITIONING SYSTEM,SHELBY,CLINTON,2019-08-14,223.0,,LIMESTONE,MUD/AIR ROTARY,209.0,64.0,112.0,,2075099
403346,W,DOMESTIC,-84.135049,40.390184,DIGITAL MAP,SHELBY,FRANKLIN,1999-12-28,162.0,,LIMESTONE,ROTARY,50.0,23.0,132.5,127,908419
403347,W,DOMESTIC,-84.19448,40.346289,DIGITAL MAP,SHELBY,FRANKLIN,1998-07-31,84.0,961.0,GRAVEL & SAND,ROTARY,20.0,59.0,81.5,,880747
403453,W,DOMESTIC,-84.370931,40.318155,DIGITAL MAP,SHELBY,CYNTHIAN,1998-05-21,182.0,,LIMESTONE,ROTARY,20.0,45.0,159.6,149,871344
403457,W,DOMESTIC,-84.357681,40.23272,DIGITAL MAP,SHELBY,LORAMIE,1999-11-16,51.0,,GRAVEL & SAND,AIR ROTARY,75.0,21.0,49.0,,905954
403506,W,DOMESTIC,-84.34799199999999,40.352328,DIGITAL MAP,SHELBY,MCLEAN,1999-06-21,98.0,,GRAVEL,AIR ROTARY,20.0,26.0,95.5,,897181
403508,W,DOMESTIC,-84.336259,40.367238,DIGITAL MAP,SHELBY,MCLEAN,1999-06-19,158.0,,LIMESTONE,AIR ROTARY,20.0,24.0,94.0,85,897176
403553,W,DOMESTIC,-84.3087,40.35664,GLOBAL POSITIONING SYSTEM,SHELBY,MCLEAN,2019-08-15,183.0,,LIMESTONE,ROTARY,25.0,38.0,126.0,,2074944
403586,W,DOMESTIC,-84.03305399999999,40.375813,DIGITAL MAP,SHELBY,SALEM,1999-12-01,47.0,,CLAY,AIR ROTARY,75.0,14.0,43.0,,905984
403597,W,DOMESTIC,-84.128917,40.381023,DIGITAL MAP,SHELBY,FRANKLIN,1999-07-21,103.0,,GRAVEL & SAND,ROTARY,20.0,19.0,100.0,,899077
403601,W,DOMESTIC,-84.26543,40.452251,DIGITAL MAP,SHELBY,VAN BUREN,1998-07-07,121.0,,GRAVEL & SAND,ROTARY,20.0,45.0,119.0,,880695
403617,W,AGRIC/IRRIG,-84.199833,40.415633,GLOBAL POSITIONING SYSTEM,SHELBY,DINSMORE,2019-07-09,90.0,,SAND & GRAVEL,ROTARY,30.0,43.0,88.0,,2074479
403623,W,,-84.033346,40.29425,DIGITIZED,SHELBY,PERRY,1961-10-12,51.0,990.5,GRAVEL,,10.0,13.0,51.0,,263118
403761,W,DOMESTIC,-84.15831,40.395635,DIGITAL MAP,SHELBY,DINSMORE,1998-08-29,112.0,,GRAVEL & SAND,ROTARY,20.0,67.0,109.5,,883608
403775,W,DOMESTIC,-84.108229,40.370138,DIGITAL MAP,SHELBY,SALEM,1999-02-11,79.0,,GRAVEL & SAND,AIR ROTARY,20.0,38.0,75.0,,889097
403838,W,DOMESTIC,-84.003822,40.400739,DIGITAL MAP,SHELBY,JACKSON,1998-05-22,64.0,,GRAVEL & SAND,ROTARY,100.0,9.0,60.0,,871343
403842,W,DOMESTIC,-84.31354999999999,40.42288,GLOBAL POSITIONING SYSTEM,SHELBY,MCLEAN,2018-06-04,179.0,,LIMESTONE,ROTARY,18.0,49.0,101.0,92,2068137
403880,W,DOMESTIC,-84.150983,40.210896999999996,DIGITAL MAP,SHELBY,ORANGE,1999-08-13,207.0,,LIMESTONE,AIR ROTARY,50.0,45.0,149.0,145,899122
403945,W,DOMESTIC,-84.10664299999999,40.438905999999996,DIGITAL MAP,SHELBY,JACKSON,2000-10-04,69.0,,GRAVEL,ROTARY,20.0,38.0,68.0,,920731
409076,W,,-84.107483,40.198609,DIGITIZED,SHELBY,GREEN,1956-08-31,141.0,1078.800048828125,SAND & GRAVEL,,10.0,24.0,141.0,,180495
409077,W,PUBLIC/SEMI-PUB,-84.32982799999999,40.255717,,SHELBY,LORAMIE,1990-06-07,41.0,934.5999755859375,SAND & GRAVEL,ROTARY,30.0,18.0,36.0,,714617
409078,W,,-84.029164,40.238530999999995,DIGITIZED,SHELBY,GREEN,1956-10-11,94.0,1084.0999755859375,GRAVEL,,10.0,30.0,94.0,,184866
409079,W,,-84.07726199999999,40.230593999999996,DIGITIZED,SHELBY,GREEN,1955-10-06,117.0,1090.699951171875,SAND & GRAVEL,,20.0,44.0,117.0,,162862
409080,W,,-84.07654,40.230627,DIGITIZED,SHELBY,GREEN,1955-08-30,129.0,1091.0999755859375,LIMESTONE,,20.0,50.0,124.0,120,151375
409088,W,,-84.28636999999999,40.21089,GEOCODE,SHELBY,WASHINGTON,1986-10-31,130.0,976.0999755859375,GRAVEL,ROTARY,25.0,69.0,131.0,,659946
409097,W,DOMESTIC,-84.25789499999999,40.226319,,SHELBY,WASHINGTON,1988-08-26,98.0,958.0,GRAVEL,ROTARY,15.0,61.0,98.0,,687813
409102,W,,-84.226593,40.264948,,SHELBY,WASHINGTON,1974-10-03,100.0,981.5,LIMESTONE,,20.0,40.0,79.0,79,459230
409184,W,,-84.136883,40.461172,DIGITIZED,SHELBY,DINSMORE,1948-03-16,60.0,1012.0,GRAVEL,,25.0,28.0,60.0,,23430
409185,W,,-84.07444199999999,40.228076,DIGITIZED,SHELBY,GREEN,1950-10-06,108.0,1091.5999755859375,GRAVEL,,15.0,33.0,106.0,,56642
409201,W,,-84.103702,40.240423,DIGITIZED,SHELBY,GREEN,1957-08-05,84.0,1067.800048828125,GRAVEL,,12.0,12.0,84.0,,161230
409209,W,,-84.17164,40.403517,DIGITIZED,SHELBY,DINSMORE,1953-05-29,82.0,1029.9000244140625,GRAVEL,,,30.0,82.0,,82615
409210,W,,-84.18169499999999,40.277606999999996,DIGITIZED,SHELBY,CLINTON,1963-11-29,300.0,1026.300048828125,SHALE,,125.0,48.0,113.0,112,273140
409212,W,,-84.054333,40.418306,DIGITIZED,SHELBY,JACKSON,1965-04-24,66.0,1031.5,SAND & GRAVEL,,12.0,39.0,68.0,,305738
409213,W,,-84.38790499999999,40.340835999999996,DIGITIZED,SHELBY,MCLEAN,1966-05-23,62.0,959.7000122070312,GRAVEL,,10.0,22.0,62.0,,318686
409214,W,,-84.150339,40.340809,DIGITIZED,SHELBY,FRANKLIN,1965-09-11,81.0,752.0999755859375,GRAVEL,,18.0,41.0,81.0,,328670
409216,W,,-84.208327,40.303961,DIGITIZED,SHELBY,TURTLE CREEK,1965-11-03,40.0,1040.800048828125,GRAVEL,,15.0,11.0,40.0,,342868
409217,W,,-84.265138,40.295339999999996,DIGITIZED,SHELBY,TURTLE CREEK,1969-08-15,118.0,1002.0999755859375,LIMESTONE,,15.0,60.0,95.0,95,400482
409218,W,DOMESTIC,-84.05707699999999,40.270323999999995,,SHELBY,PERRY,1991-09-13,100.0,1065.300048828125,SAND & GRAVEL,ROTARY,20.0,16.0,95.0,,738683
409219,W,,-84.100313,40.326751,DIGITIZED,SHELBY,SALEM,1959-07-01,36.0,777.2000122070312,GRAVEL,,5.0,12.0,36.0,,229467
409220,W,,-84.33149499999999,40.248549,DIGITIZED,SHELBY,LORAMIE,1964-09-24,143.0,946.7000122070312,GRAVEL,,15.0,22.0,143.0,,327260
409234,W,,-84.230735,40.251055,DIGITIZED,SHELBY,WASHINGTON,1955-08-04,53.0,900.0,LIMESTONE,,12.0,15.0,45.0,42,132400
409293,W,,-84.37837499999999,40.290935,DIGITIZED,SHELBY,CYNTHIAN,1955-12-15,114.0,993.4000244140625,LIMESTONE,,20.0,68.0,93.0,90,160160
409294,W,,-84.366056,40.271533999999996,DIGITIZED,SHELBY,CYNTHIAN,1957-06-10,100.0,987.5,GRAVEL,,15.0,50.0,100.0,,199308
409295,W,,-84.31289,40.328973999999995,DIGITIZED,SHELBY,CYNTHIAN,1955-09-15,137.0,1007.7999877929688,LIMESTONE,,106.0,42.0,131.0,131,155837
409296,W,,-84.19185999999999,40.266165,DIGITIZED,SHELBY,CLINTON,1953-09-25,130.0,1130.300048828125,LIMESTONE,,,58.0,100.0,95,105436
409297,W,,-84.20260499999999,40.435623,DIGITIZED,SHELBY,DINSMORE,1965-05-18,135.0,980.7999877929688,LIMESTONE,,20.0,20.0,98.0,95,326902
409298,W,,-84.198833,40.286598999999995,DIGITIZED,SHELBY,CLINTON,1961-07-10,93.0,839.7999877929688,GRAVEL,,10.0,49.0,93.0,,226732
411125,W,DOMESTIC,-84.225365,40.287611999999996,GEOCODE,SHELBY,TURTLE CREEK,1997-10-15,168.0,720.0999755859375,LIMESTONE,ROTARY,18.0,31.0,64.0,57,864562
411398,W,DOMESTIC,-84.40429,40.23262,GEOCODE,SHELBY,LORAMIE,1998-02-10,46.0,970.7999877929688,SAND & GRAVEL,ROTARY,6.0,13.0,42.0,,871225
411812,W,DOMESTIC,-84.41291,40.230019999999996,GEOCODE,SHELBY,LORAMIE,2001-08-17,58.0,972.5999755859375,,ROTARY,25.0,19.0,55.0,,934643
411909,W,DOMESTIC,-84.128818,40.330504999999995,GEOCODE,SHELBY,SALEM,2001-07-26,72.0,1022.0,SAND,ROTARY,20.0,37.0,70.0,,934606
412105,W,DOMESTIC,-84.329326,40.418403999999995,DGS SURFICIAL MAPPING,SHELBY,MCLEAN,2001-11-07,174.0,986.4000244140625,LIMESTONE,ROTARY,20.0,54.0,104.0,97,937868
412135,W,DOMESTIC,-84.230004,40.31529,GEOCODE,SHELBY,TURTLE CREEK,2002-02-27,176.0,956.7999877929688,LIMESTONE,ROTARY,25.0,36.0,68.0,56,942335
412200,W,DOMESTIC,-84.34190000000001,40.36952,GEOCODE,SHELBY,MCLEAN,2001-02-22,168.0,958.5,LIMESTONE,ROTARY,20.0,24.0,107.0,96,928457
412270,W,DOMESTIC,-84.038816,40.342998,GEOCODE,SHELBY,SALEM,2001-01-11,101.0,664.2000122070312,GRAVEL,ROTARY,35.0,68.0,98.0,,921227
412278,W,DOMESTIC,-84.29778999999999,40.46904,GEOCODE,SHELBY,VAN BUREN,2001-06-07,122.0,925.0,LIMESTONE,ROTARY,20.0,17.0,88.0,83,931658
412279,W,DOMESTIC,-84.31589799999999,40.464129,DGS SURFICIAL MAPPING,SHELBY,VAN BUREN,2001-05-21,169.0,931.5,LIMESTONE,ROTARY,60.0,28.0,142.0,136,931639
412280,W,DOMESTIC,-84.25953,40.392759999999996,GEOCODE,SHELBY,VAN BUREN,2001-01-18,102.0,968.7999877929688,LIMESTONE,ROTARY,45.0,17.0,80.0,64,924298
412331,W,DOMESTIC,-84.21152,40.40931,GEOCODE,SHELBY,DINSMORE,2001-11-30,214.0,982.0,GRAVEL,ROTARY,60.0,30.0,208.0,207,939123
412462,W,DOMESTIC,-84.268,40.39431,GEOCODE,SHELBY,VAN BUREN,2002-01-15,160.0,962.2000122070312,LIMESTONE,ROTARY,30.0,14.0,82.0,73,942289
412590,W,DOMESTIC,-84.1872,40.197179999999996,GEOCODE,SHELBY,ORANGE,2002-07-24,140.0,974.5,LIMESTONE,ROTARY,8.0,61.0,111.0,109,946128
412601,W,DOMESTIC,-84.27374999999999,40.21912,GEOCODE,SHELBY,WASHINGTON,2002-08-21,119.0,968.5,GRAVEL & SAND,ROTARY,35.0,63.0,118.0,,948533
412790,W,DOMESTIC,-84.206813,40.271988,GEOCODE,SHELBY,CLINTON,2003-03-14,88.0,583.2999877929688,GRAVEL,ROTARY,50.0,10.0,84.0,,950611
412806,W,DOMESTIC,-84.35682,40.267269999999996,GEOCODE,SHELBY,LORAMIE,2002-12-10,145.0,1004.2000122070312,SAND & GRAVEL,ROTARY,50.0,76.0,,,955472
412964,W,,-84.093169,40.270195,DIGITIZED,SHELBY,PERRY,1952-02-07,43.0,1052.199951171875,GRAVEL,,10.0,18.0,43.0,,58904
412968,W,,-84.117086,40.190968999999996,DIGITIZED,SHELBY,GREEN,1964-05-25,112.0,1069.0,SAND & GRAVEL,,14.0,15.0,112.0,,308127
413050,W,DOMESTIC,-84.33717,40.37981,GLOBAL POSITIONING SYSTEM,SHELBY,MCLEAN,2003-06-23,82.0,957.4000244140625,SAND & GRAVEL,ROTARY,75.0,19.0,78.0,,961883
413097,W,DOMESTIC,-84.11923,40.33499,GLOBAL POSITIONING SYSTEM,SHELBY,SALEM,2003-04-28,101.0,1043.4000244140625,,ROTARY,50.0,48.0,98.0,,961815
413125,W,DOMESTIC,-84.41216,40.229209999999995,GLOBAL POSITIONING SYSTEM,SHELBY,LORAMIE,2003-12-04,122.0,979.2000122070312,LIMESTONE,ROTARY,,20.0,108.0,104,970557
413129,W,DOMESTIC,-84.21034999999999,40.409169999999996,GLOBAL POSITIONING SYSTEM,SHELBY,DINSMORE,2003-08-11,91.0,987.2999877929688,SAND & GRAVEL,ROTARY,90.0,24.0,90.0,,965165
413155,W,DOMESTIC,-84.14677999999999,40.448479999999996,GLOBAL POSITIONING SYSTEM,SHELBY,DINSMORE,2004-01-22,55.0,1022.7000122070312,SAND & GRAVEL,ROTARY,35.0,29.0,53.0,,976760
413238,W,DOMESTIC,-84.05897999999999,40.31201,GLOBAL POSITIONING SYSTEM,SHELBY,PERRY,2004-03-25,84.0,1044.800048828125,GRAVEL & SAND,ROTARY,125.0,13.0,81.0,,976821
413336,W,DOMESTIC,-84.16892,40.354459999999996,GLOBAL POSITIONING SYSTEM,SHELBY,FRANKLIN,2004-09-22,43.0,901.2999877929688,GRAVEL & SAND,ROTARY,100.0,18.0,40.0,,984772
413363,W,DOMESTIC,-84.20842999999999,40.22916,GEOCODE,SHELBY,WASHINGTON,2003-09-24,222.0,935.0,LIMESTONE,ROTARY,25.0,93.0,108.0,101,967292
413462,W,DOMESTIC,-84.16544999999999,40.48056,GLOBAL POSITIONING SYSTEM,SHELBY,DINSMORE,2004-07-13,91.0,1016.0999755859375,SAND & GRAVEL,ROTARY,50.0,44.0,29.0,,982816
413617,W,DOMESTIC,-84.27427999999999,40.43091,GLOBAL POSITIONING SYSTEM,SHELBY,VAN BUREN,2005-05-06,97.0,986.4000244140625,GRAVEL & SAND,ROTARY,80.0,46.0,,,992373
413674,W,DOMESTIC,-84.2843,40.40833,GLOBAL POSITIONING SYSTEM,SHELBY,VAN BUREN,2004-11-20,181.0,975.7000122070312,LIMESTONE,ROTARY,30.0,28.0,121.0,115,987694
413841,W,DOMESTIC,-84.12031999999999,40.399159999999995,GLOBAL POSITIONING SYSTEM,SHELBY,DINSMORE,2005-03-11,78.0,1034.199951171875,,ROTARY,90.0,20.0,76.0,,990090
413960,W,DOMESTIC,-84.09823999999999,40.25054,GLOBAL POSITIONING SYSTEM,SHELBY,GREEN,2006-02-20,127.0,1071.5,SAND & GRAVEL,ROTARY,120.0,26.0,126.0,,2001295
413984,W,DOMESTIC,-84.26353,40.392900000000004,GLOBAL POSITIONING SYSTEM,SHELBY,VAN BUREN,2006-03-07,137.0,965.2000122070312,LIMESTONE,ROTARY,40.0,13.0,74.0,62,2001564
414098,W,AGRIC/IRRIG,-84.33166,40.35576,GLOBAL POSITIONING SYSTEM,SHELBY,MCLEAN,2005-10-17,124.0,961.0999755859375,GRAVEL & SAND,ROTARY,125.0,24.0,122.0,,2000069
414116,W,DOMESTIC,-84.26772,40.259029999999996,GLOBAL POSITIONING SYSTEM,SHELBY,WASHINGTON,2005-08-16,196.0,989.2999877929688,LIMESTONE,ROTARY,35.0,60.0,107.0,100,995945
414241,W,DOMESTIC,-84.13682,40.45304,GLOBAL POSITIONING SYSTEM,SHELBY,DINSMORE,2006-02-24,54.0,1019.2000122070312,GRAVEL & SAND,ROTARY,80.0,27.0,51.0,,2001332
414314,W,,-84.037621,40.339268,DIGITIZED,SHELBY,SALEM,1978-03-22,220.0,1037.5999755859375,LIMESTONE,,15.0,60.0,207.0,202,531707
414356,W,,-84.260104,40.431412,DIGITIZED,SHELBY,VAN BUREN,1961-03-16,141.0,975.5,GRAVEL,,18.0,36.0,141.0,,244922
414375,W,,-84.070742,40.33464,DIGITIZED,SHELBY,PERRY,1968-07-23,241.0,615.5,LIMESTONE,,14.0,58.0,231.0,231,381688
414768,W,DOMESTIC,-84.26391,40.391619999999996,GLOBAL POSITIONING SYSTEM,SHELBY,VAN BUREN,2006-08-10,174.0,964.5999755859375,LIMESTONE,ROTARY,85.0,15.0,68.0,60,2004457
414808,W,AGRIC/IRRIG,-84.43229,40.32188,GLOBAL POSITIONING SYSTEM,SHELBY,CYNTHIAN,2006-09-26,123.0,969.0,GRAVEL & SAND,ROTARY,80.0,24.0,120.0,,2005455
414936,W,DOMESTIC,-84.24651999999999,40.32893,GLOBAL POSITIONING SYSTEM,SHELBY,TURTLE CREEK,2006-06-30,157.0,1000.2000122070312,LIMESTONE,ROTARY,30.0,32.0,80.0,76,2003681
415195,W,DOMESTIC,-84.13926,40.410019999999996,GLOBAL POSITIONING SYSTEM,SHELBY,DINSMORE,2007-08-22,111.0,1073.5,GRAVEL & SAND,ROTARY,45.0,65.3,108.0,,2011958
415474,W,DOMESTIC,-84.04925999999999,40.33468,GLOBAL POSITIONING SYSTEM,SHELBY,PERRY,2007-03-13,318.0,1037.0,LIMESTONE,ROTARY,75.0,62.0,178.0,254,2008555
415496,W,DOMESTIC,-84.16341,40.39743,GLOBAL POSITIONING SYSTEM,SHELBY,DINSMORE,2007-10-11,140.0,1048.300048828125,GRAVEL & SAND,ROTARY,100.0,58.300000000000004,137.0,,2013045
415533,W,PUBLIC/SEMI-PUB,-84.14157,40.43952,GLOBAL POSITIONING SYSTEM,SHELBY,DINSMORE,2007-09-18,104.0,1030.199951171875,GRAVEL & SAND,ROTARY,30.0,41.6,101.0,,2012871
415545,W,,-84.20243599999999,40.270165,GEOCODE,SHELBY,CLINTON,2007-08-09,120.0,1246.300048828125,LIMESTONE,,15.0,37.0,98.0,97,1006606
415716,W,,-84.20841899999999,40.301918,DIGITIZED,SHELBY,TURTLE CREEK,1955-08-31,28.0,890.5999755859375,SAND & GRAVEL,,,5.0,28.0,,155836
415806,W,,-84.17342699999999,40.331657,DIGITIZED,SHELBY,FRANKLIN,1969-04-11,122.0,1017.2999877929688,LIMESTONE,,28.0,45.0,110.0,110,378788
415807,W,,-84.338357,40.255181,DIGITIZED,SHELBY,LORAMIE,1955-01-17,100.0,968.2000122070312,GRAVEL,,10.0,55.0,100.0,,132374
415808,W,,-84.33914899999999,40.361247,DIGITIZED,SHELBY,MCLEAN,1954-01-12,96.0,960.0999755859375,GRAVEL,,,21.0,97.0,,82627
415899,W,,-84.20266099999999,40.340002999999996,DIGITIZED,SHELBY,FRANKLIN,1957-06-26,74.0,868.4000244140625,GRAVEL,,20.0,49.0,74.0,,185340
416031,W,DOMESTIC,-84.243651,40.266024,GLOBAL POSITIONING SYSTEM,SHELBY,WASHINGTON,2008-07-23,142.0,1064.0,LIMESTONE,ROTARY,50.0,50.300000000000004,75.0,60,2017645
416213,W,,-84.333564,40.343187,DIGITIZED,SHELBY,MCLEAN,1951-05-16,94.0,969.2000122070312,GRAVEL,,20.0,16.0,94.0,,86251
416214,W,,-84.415938,40.350379,DIGITIZED,SHELBY,MCLEAN,1964-01-27,89.0,951.5,GRAVEL,,18.0,13.0,89.0,,297670
416221,W,MONITOR,-84.177048,40.287759,GEOCODE,SHELBY,CLINTON,2008-06-19,15.0,574.9000244140625,CLAY,AUGER,,0.0,10.0,,2017395
416240,W,,-84.132374,40.223517,DIGITIZED,SHELBY,ORANGE,1963-08-16,135.0,1064.199951171875,GRAVEL,,12.0,47.0,135.0,,307004
416748,W,DOMESTIC,-84.18482999999999,40.198859999999996,GLOBAL POSITIONING SYSTEM,SHELBY,ORANGE,2008-03-13,101.0,990.5999755859375,GRAVEL & SAND,ROTARY,25.0,38.4,98.0,,2015496
416885,W,HTG/COOLING,-84.31806999999999,40.43383,GLOBAL POSITIONING SYSTEM,SHELBY,VAN BUREN,2010-08-11,150.0,975.0999755859375,LIMESTONE,ROTARY,,,,85,2028347
416893,W,MONITOR,-84.3743,40.350317,GLOBAL POSITIONING SYSTEM,SHELBY,MCLEAN,2011-05-31,18.0,951.7000122070312,CLAY,GEOPROBE,,8.5,3.0,,2033121
416943,W,DOMESTIC,-84.36375,40.27814,GLOBAL POSITIONING SYSTEM,SHELBY,CYNTHIAN,2012-03-06,128.0,937.7999877929688,LIMESTONE,ROTARY,100.0,9.3,86.0,76,2036750
417123,W,DOMESTIC,-84.110508,40.286116,GLOBAL POSITIONING SYSTEM,SHELBY,PERRY,2012-10-08,34.0,1091.5,SAND & GRAVEL,ROTARY,90.0,2.0,31.0,,2040058
417221,W,DOMESTIC,-84.39036999999999,40.30711,GLOBAL POSITIONING SYSTEM,SHELBY,CYNTHIAN,2012-06-25,201.0,966.2999877929688,LIMESTONE,ROTARY,45.0,36.0,118.0,112,2038140
417387,W,DOMESTIC,-84.10464999999999,40.432559999999995,GLOBAL POSITIONING SYSTEM,SHELBY,JACKSON,2013-09-09,86.0,1032.300048828125,SAND & GRAVEL,ROTARY,15.0,16.4,83.0,,2044393
417517,W,DOMESTIC,-84.26159,40.39308,GLOBAL POSITIONING SYSTEM,SHELBY,VAN BUREN,2013-11-19,159.0,968.2000122070312,LIMESTONE,ROTARY,12.0,21.6,70.0,59,2045596
417529,W,DOMESTIC,-84.025553,40.37547,GLOBAL POSITIONING SYSTEM,SHELBY,SALEM,2013-12-30,58.0,564.7999877929688,SAND & GRAVEL,ROTARY,25.0,19.900000000000002,55.0,,2046031
417693,W,DOMESTIC,-84.11429,40.44007,GLOBAL POSITIONING SYSTEM,SHELBY,DINSMORE,2015-04-10,138.0,1060.800048828125,SAND & GRAVEL,ROTARY,20.0,60.0,135.0,,2051565
417737,W,DOMESTIC,-84.20115,40.38211,GLOBAL POSITIONING SYSTEM,SHELBY,FRANKLIN,2014-09-15,76.0,1016.7000122070312,SAND & GRAVEL,ROTARY,20.0,42.6,73.0,,2049205
417740,W,DOMESTIC,-84.32253,40.30573,GLOBAL POSITIONING SYSTEM,SHELBY,CYNTHIAN,2015-03-18,211.0,1004.5999755859375,LIMESTONE,ROTARY,12.0,68.60000000000001,146.0,140,2051353
417871,W,AGRIC/IRRIG,-84.133211,40.344086,GLOBAL POSITIONING SYSTEM,SHELBY,FRANKLIN,2015-11-05,90.0,747.0,GRAVEL,ROTARY,440.0,37.0,71.0,,2054673
417951,W,DOMESTIC,-84.28612,40.352579999999996,GLOBAL POSITIONING SYSTEM,SHELBY,MCLEAN,2016-04-20,83.0,,SAND & GRAVEL,ROTARY,18.0,39.0,79.0,,2056739
417952,W,HTG/COOLING,-84.15082,40.3072,GLOBAL POSITIONING SYSTEM,SHELBY,CLINTON,2014-06-11,165.0,1015.0999755859375,LIMESTONE,ROTARY,16.0,43.0,112.0,107,2047761
417985,W,DOMESTIC,-84.08345,40.35946,GLOBAL POSITIONING SYSTEM,SHELBY,SALEM,2016-12-02,120.0,969.7000122070312,SAND & GRAVEL,ROTARY,15.0,66.0,117.0,,2060322
418104,W,DOMESTIC,-84.28688,40.34388,GLOBAL POSITIONING SYSTEM,SHELBY,MCLEAN,2016-08-31,158.0,,LIMESTONE,ROTARY,25.0,52.0,107.0,102,2058661
418203,W,MONITOR,-84.043854,40.439837,MAP-OTHERS,SHELBY,JACKSON,2017-02-06,12.0,,CLAY,AUGER,,,2.0,,2061305
418369,W,DOMESTIC,-84.412621,40.21272,GLOBAL POSITIONING SYSTEM,SHELBY,LORAMIE,2019-12-18,114.0,,GRAVEL,AIR ROTARY,100.0,20.0,111.0,,2077285
418424,W,DOMESTIC,-84.091096,40.350938,DIGITAL MAP,SHELBY,SALEM,2000-05-22,97.0,1157.5,SAND & GRAVEL,AIR ROTARY,20.0,42.0,94.0,,915376
418485,W,AGRIC/IRRIG,-84.205029,40.231972,DIGITAL MAP,SHELBY,WASHINGTON,2000-06-10,222.0,,LIMESTONE,ROTARY,80.0,74.0,89.0,85,915404
418506,W,AGRIC/IRRIG,-84.178393,40.398742999999996,DIGITAL MAP,SHELBY,DINSMORE,1999-03-29,113.0,,SAND & GRAVEL,ROTARY,100.0,35.0,108.0,,894735
418525,W,DOMESTIC,-84.326917,40.203523,DIGITAL MAP,SHELBY,LORAMIE,2000-08-21,119.0,,GRAVEL & SAND,AIR ROTARY,20.0,50.0,116.5,,918029
418526,W,DOMESTIC,-84.33821999999999,40.37949,GLOBAL POSITIONING SYSTEM,SHELBY,MCLEAN,2018-05-15,199.0,,LIMESTONE,ROTARY,75.0,24.0,98.0,94,2067851
418538,W,DOMESTIC,-84.292968,40.387581999999995,DIGITAL MAP,SHELBY,VAN BUREN,1998-07-25,122.0,,LIMESTONE,ROTARY,20.0,30.0,94.0,84,880734
418539,W,DOMESTIC,-84.223711,40.283268,DIGITAL MAP,SHELBY,TURTLE CREEK,1998-01-24,145.0,,LIMESTONE,ROTARY,18.0,28.0,80.0,73,867199
418570,W,DOMESTIC,-84.190007,40.348354,DIGITAL MAP,SHELBY,FRANKLIN,1998-04-02,72.0,1049.300048828125,GRAVEL & SAND,ROTARY,20.0,39.0,68.0,,871274
418633,W,DOMESTIC,-84.054557,40.354445,DIGITAL MAP,SHELBY,SALEM,2000-04-18,140.0,,GRAVEL & SAND,AIR ROTARY,30.0,51.0,137.0,,912283
418639,W,DOMESTIC,-84.05561999999999,40.23782,GLOBAL POSITIONING SYSTEM,SHELBY,GREEN,2020-01-21,182.0,,LIMESTONE,ROTARY,10.0,39.0,140.0,,2077764
418642,W,DOMESTIC,-84.235041,40.331047,DIGITAL MAP,SHELBY,TURTLE CREEK,1999-08-24,139.0,,LIMESTONE,ROTARY,20.0,35.0,84.0,73,899139
418643,W,DOMESTIC,-84.271096,40.373718,DIGITAL MAP,SHELBY,TURTLE CREEK,1999-09-21,95.0,,SAND & GRAVEL,ROTARY,75.0,35.0,92.5,,902910
418644,W,DOMESTIC,-84.209037,40.320448999999996,DIGITAL MAP,SHELBY,TURTLE CREEK,2000-07-01,148.0,,LIMESTONE,ROTARY,18.0,19.0,11.5,104,915433
418754,W,,-84.259652,40.398055,DGS SURFICIAL MAPPING,SHELBY,VAN BUREN,1963-02-14,58.0,964.2999877929688,GRAVEL,,18.0,13.0,58.0,,271480
418905,W,DOMESTIC,-84.31580199999999,40.197381,DIGITAL MAP,SHELBY,LORAMIE,1999-07-13,87.0,,GRAVEL & SAND,AIR ROTARY,20.0,26.0,84.5,,899056
418906,W,DOMESTIC,-84.33574899999999,40.255977,DIGITAL MAP,SHELBY,LORAMIE,2000-04-27,110.0,,SAND & GRAVEL,CABLE TOOL,20.0,60.0,110.0,,893832
418915,W,DOMESTIC,-84.197169,40.346288,DIGITAL MAP,SHELBY,FRANKLIN,1998-04-02,62.0,870.0,GRAVEL & SAND,ROTARY,20.0,32.0,58.0,,871275
418920,W,DOMESTIC,-84.22303699999999,40.361739,DIGITAL MAP,SHELBY,TURTLE CREEK,1998-05-06,79.0,,GRAVEL & SAND,ROTARY,20.0,35.0,75.5,,871316
418976,W,,-84.25720199999999,40.439330999999996,DIGITIZED,SHELBY,VAN BUREN,1961-11-14,96.0,980.9000244140625,GRAVEL,,,48.0,96.0,,251563
419030,W,DOMESTIC,-84.028108,40.23809,DIGITAL MAP,SHELBY,GREEN,2000-01-10,101.0,,GRAVEL,CABLE TOOL,15.0,40.0,100.0,,893818
419031,W,DOMESTIC,-84.028048,40.237376,DIGITAL MAP,SHELBY,GREEN,1999-09-24,169.0,,LIMESTONE,ROTARY,18.0,32.0,137.0,132,902920
419032,W,DOMESTIC,-84.07772299999999,40.222916999999995,DIGITAL MAP,SHELBY,GREEN,2000-08-10,162.0,,LIMESTONE,ROTARY,20.0,35.0,127.0,117,918049
419033,W,DOMESTIC,-84.050766,40.25862,DIGITAL MAP,SHELBY,GREEN,2000-11-08,77.0,1088.5,SAND & GRAVEL,ROTARY,20.0,12.0,74.5,,924236
423862,W,,-84.16369499999999,40.236627,DIGITIZED,SHELBY,ORANGE,1958-11-10,100.0,1026.0,GRAVEL,,14.0,56.0,100.0,,198145
423869,W,DOMESTIC,-84.257031,40.208248999999995,,SHELBY,WASHINGTON,1991-06-05,87.0,940.0999755859375,GRAVEL & SAND,ROTARY,20.0,49.5,82.0,,733213
423881,W,DOMESTIC,-84.22597999999999,40.229881999999996,,SHELBY,WASHINGTON,1991-06-27,128.0,982.0,LIMESTONE,CABLE TOOL,15.0,66.0,105.0,103,725575
423882,W,,-84.23018599999999,40.265395999999996,,SHELBY,WASHINGTON,1973-04-03,88.0,983.7000122070312,LIMESTONE,,12.0,29.0,85.0,85,448436
423889,W,PUBLIC/SEMI-PUB,-84.245318,40.265789999999996,,SHELBY,WASHINGTON,1992-03-09,194.0,963.9000244140625,LIMESTONE,,,18.5,60.0,54,748046
423959,W,,-84.411272,40.23215,DIGITIZED,SHELBY,LORAMIE,1968-10-25,75.0,972.4000244140625,GRAVEL,,15.0,10.0,75.0,,378773
423972,W,DOMESTIC,-84.38324999999999,40.21187,GEOCODE,SHELBY,LORAMIE,1994-08-10,59.0,972.2000122070312,GRAVEL,ROTARY,100.0,10.0,48.0,,794677
423973,W,,-84.197265,40.198616,DIGITIZED,SHELBY,ORANGE,1954-02-25,64.0,973.7999877929688,GRAVEL,,20.0,30.0,64.0,,122212
423974,W,DOMESTIC,-84.34004,40.24906,,SHELBY,LORAMIE,1993-10-11,55.0,945.2000122070312,GRAVEL,ROTARY,50.0,26.0,40.0,,778235
423975,W,INDUSTRIAL,-84.18637199999999,40.373323,,SHELBY,FRANKLIN,1987-07-13,285.0,1018.2999877929688,LIMESTONE,ROTARY,400.0,30.0,158.0,156,670256
423986,W,,-84.018824,40.439014,DIGITIZED,SHELBY,JACKSON,1955-12-13,120.0,1048.800048828125,SAND & GRAVEL,,6.0,106.0,120.0,,147638
423988,W,,-84.359049,40.35985,DIGITIZED,SHELBY,MCLEAN,1953-03-20,65.0,956.9000244140625,GRAVEL,,12.0,14.0,65.0,,88286
423989,W,DOMESTIC,-84.121782,40.40947,,SHELBY,DINSMORE,1990-09-20,81.0,1032.800048828125,SAND & GRAVEL,ROTARY,20.0,19.0,76.0,,721316
423991,W,,-84.12252699999999,40.302353,DIGITIZED,SHELBY,PERRY,1955-05-25,62.0,832.2000122070312,GRAVEL,,10.0,23.0,62.0,,146080
423992,W,,-84.385464,40.369383,DIGITIZED,SHELBY,MCLEAN,1952-10-22,50.0,952.0999755859375,GRAVEL,,20.0,20.0,50.0,,88278
423993,W,,-84.338326,40.375972999999995,DIGITIZED,SHELBY,MCLEAN,1952-07-14,87.0,956.7000122070312,SAND & GRAVEL,,20.0,10.5,87.0,,96072
423994,W,,-84.413806,40.259602,DIGITIZED,SHELBY,LORAMIE,1963-04-06,80.0,1000.7999877929688,GRAVEL,,12.0,46.0,80.0,,271483
423995,W,,-84.33520299999999,40.25026,DIGITIZED,SHELBY,LORAMIE,1963-01-05,42.0,940.0999755859375,GRAVEL,,15.0,20.0,42.0,,297003
423996,W,,-84.09378799999999,40.329595,DIGITIZED,SHELBY,SALEM,1959-07-10,44.0,881.5999755859375,GRAVEL,,8.0,29.0,44.0,,229470
423999,W,,-84.31588099999999,40.45679,DGS SURFICIAL MAPPING,SHELBY,VAN BUREN,1959-02-12,130.0,936.4000244140625,LIMESTONE,,,23.0,92.0,90,193139
424012,W,DOMESTIC,-84.239875,40.380691999999996,,SHELBY,VAN BUREN,1997-01-28,158.0,989.2000122070312,LIMESTONE,ROTARY,20.0,26.0,88.0,83,849674
424013,W,,-84.243945,40.267434,DIGITIZED,SHELBY,WASHINGTON,1964-11-14,92.0,571.2999877929688,LIMESTONE,,10.0,55.0,74.0,71,294898
424020,W,,-84.25286799999999,40.237443,DIGITIZED,SHELBY,WASHINGTON,1961-11-11,182.0,932.0,LIMESTONE,,6.0,125.0,180.0,180,249797
424021,W,,-84.235074,40.235864,DIGITIZED,SHELBY,WASHINGTON,1963-08-20,62.0,959.9000244140625,GRAVEL,,,21.0,62.0,,82621
424096,W,,-84.241517,40.439502999999995,DIGITIZED,SHELBY,VAN BUREN,1948-08-24,65.0,960.7000122070312,GRAVEL,,,,65.0,,34677
424097,W,,-84.367808,40.277539,DIGITIZED,SHELBY,CYNTHIAN,1953-09-28,50.0,946.5,SAND & GRAVEL,,10.0,16.0,50.0,,43268
424098,W,,-84.367915,40.276596999999995,DIGITIZED,SHELBY,CYNTHIAN,1953-09-28,64.0,954.5,SAND & GRAVEL,,10.0,22.0,64.0,,43269
424100,W,,-84.18740299999999,40.285036999999996,DIGITIZED,SHELBY,CLINTON,1955-04-07,122.0,1039.5999755859375,SAND & GRAVEL,,15.0,70.0,122.0,,155809
424103,W,,-84.207594,40.296565,DIGITIZED,SHELBY,CLINTON,1962-01-27,71.0,1000.0,GRAVEL,,12.0,25.0,71.0,,272653
426022,W,DOMESTIC,-84.41382999999999,40.19918,GEOCODE,SHELBY,LORAMIE,1997-12-20,64.0,990.5,GRAVEL & SAND,ROTARY,20.0,14.0,60.0,,867172
426891,W,DOMESTIC,-84.18247199999999,40.316832,GEOCODE,SHELBY,FRANKLIN,2002-02-13,75.0,829.0,GRAVEL,ROTARY,25.0,50.0,74.0,,942323
426901,W,DOMESTIC,-84.32141999999999,40.3436,GEOCODE,SHELBY,MCLEAN,2001-04-19,182.0,971.9000244140625,LIMESTONE,ROTARY,20.0,48.0,146.0,110,928518
426960,W,DOMESTIC,-84.11276199999999,40.330254,GEOCODE,SHELBY,SALEM,2001-10-01,249.0,1008.7999877929688,SAND & GRAVEL,ROTARY,35.0,64.0,246.0,,934696
427093,W,DOMESTIC,-84.32979,40.240919999999996,GEOCODE,SHELBY,LORAMIE,2001-01-15,105.0,966.7999877929688,SAND & GRAVEL,CABLE TOOL,20.0,38.0,105.0,,922607
427132,W,DOMESTIC,-84.36704999999999,40.32881,GEOCODE,SHELBY,CYNTHIAN,2002-01-07,179.0,969.4000244140625,LIMESTONE,ROTARY,18.0,30.0,127.0,121,937911
427291,W,DOMESTIC,-84.12389399999999,40.302558,GEOCODE,SHELBY,PERRY,2002-08-28,72.0,1130.0,SAND & GRAVEL,ROTARY,40.0,32.0,70.0,,948538
427429,W,,-84.414155,40.336492,DIGITIZED,SHELBY,MCLEAN,1949-12-01,83.0,951.2999877929688,GRAVEL,,20.0,21.0,83.0,,75102
427490,W,DOMESTIC,-84.13494999999999,40.415479999999995,GEOCODE,SHELBY,DINSMORE,2002-12-04,238.0,1066.0,LIMESTONE,ROTARY,15.0,72.0,201.0,191,955461
427577,W,,-84.39347,40.233387,DIGITIZED,SHELBY,LORAMIE,1961-05-29,86.0,966.0,LIMESTONE,,10.0,20.0,59.0,59,279105
427738,W,,-84.37756999999999,40.291705,DIGITIZED,SHELBY,CYNTHIAN,1957-06-23,114.0,993.0,CREVICE,,20.0,58.0,97.0,97,185339
427743,W,,-84.086533,40.268695,DIGITIZED,SHELBY,PERRY,1965-08-14,51.0,1084.699951171875,GRAVEL,,15.0,2.0,51.0,,334342
427777,W,DOMESTIC,-84.15626999999999,40.41016,GLOBAL POSITIONING SYSTEM,SHELBY,DINSMORE,2003-07-18,62.0,1025.0999755859375,GRAVEL & SAND,ROTARY,60.0,30.0,60.0,,965132
427812,W,DOMESTIC,-84.13578,40.39096,GLOBAL POSITIONING SYSTEM,SHELBY,FRANKLIN,2003-11-13,182.0,1033.0999755859375,LIMESTONE,ROTARY,50.0,22.0,127.0,121,970588
427855,W,DOMESTIC,-84.19030000000001,40.35107,GLOBAL POSITIONING SYSTEM,SHELBY,FRANKLIN,2003-08-11,83.0,1039.0,GRAVEL & SAND,ROTARY,20.0,50.0,79.0,,965166
428033,W,DOMESTIC,-84.11726999999999,40.330749999999995,GLOBAL POSITIONING SYSTEM,SHELBY,SALEM,2004-09-23,214.0,967.2000122070312,GRAVEL & SAND,ROTARY,100.0,61.0,212.0,,984773
428210,W,DOMESTIC,-84.29715999999999,40.44781,GLOBAL POSITIONING SYSTEM,SHELBY,VAN BUREN,2004-09-07,155.0,968.9000244140625,LIMESTONE,ROTARY,35.0,49.0,108.0,90,984749
428227,W,,-84.251864,40.22679,GLOBAL POSITIONING SYSTEM,SHELBY,WASHINGTON,2004-08-06,51.0,892.2999877929688,,ROTARY,20.0,5.0,41.0,,950644
428281,W,MONITOR,-84.17835099999999,40.287776,GEOCODE,SHELBY,CLINTON,2004-09-22,39.0,1042.199951171875,,AUGER,,,29.0,,968326
428391,W,DOMESTIC,-84.22905,40.315329999999996,GLOBAL POSITIONING SYSTEM,SHELBY,TURTLE CREEK,2004-05-14,162.0,839.0,LIMESTONE,ROTARY,40.0,32.0,67.0,58,979886
428594,W,MONITOR,-84.179231,40.280302,GEOCODE,SHELBY,CLINTON,2005-05-02,23.0,931.7000122070312,CLAY & SILT,AUGER,,,,,991136
428676,W,DOMESTIC,-84.14160000000001,40.42469,GLOBAL POSITIONING SYSTEM,SHELBY,DINSMORE,2005-09-16,153.0,1044.4000244140625,GRAVEL & SAND,ROTARY,105.0,46.0,151.0,,999745
428690,W,DOMESTIC,-84.14057,40.2455,GEOCODE,SHELBY,ORANGE,2005-09-01,108.0,1039.800048828125,,ROTARY,115.0,39.0,105.0,,995959
428757,W,DOMESTIC,-84.26482999999999,40.393319999999996,GLOBAL POSITIONING SYSTEM,SHELBY,VAN BUREN,2006-05-04,136.0,964.9000244140625,LIMESTONE,ROTARY,30.0,14.0,70.0,62,2002670
428831,W,DOMESTIC,-84.16055,40.413669999999996,GLOBAL POSITIONING SYSTEM,SHELBY,DINSMORE,2005-11-22,97.0,1019.5999755859375,GRAVEL & SAND,ROTARY,100.0,25.0,94.0,,2000373
428862,W,DOMESTIC,-84.10579,40.38558,GLOBAL POSITIONING SYSTEM,SHELBY,JACKSON,2005-08-05,86.0,1044.0,GRAVEL & SAND,ROTARY,25.0,27.0,84.0,,995928
428997,W,,-84.09348899999999,40.337613999999995,DIGITIZED,SHELBY,SALEM,1959-05-09,56.0,592.9000244140625,GRAVEL,,8.0,42.0,54.0,,229462
428998,W,,-84.093299,40.343893,DIGITIZED,SHELBY,SALEM,1965-01-28,129.0,711.7999877929688,SAND & GRAVEL,,11.0,53.0,129.0,,328523
429010,W,,-84.08014399999999,40.337015,DIGITIZED,SHELBY,SALEM,1955-06-09,58.0,573.5,GRAVEL,,20.0,40.0,58.0,,132393
429058,W,,-84.272533,40.356989,DIGITIZED,SHELBY,TURTLE CREEK,1969-09-22,113.0,992.2000122070312,LIMESTONE,,28.0,35.0,108.0,108,398859
429059,W,,-84.244367,40.209469,DIGITIZED,SHELBY,WASHINGTON,1950-10-20,58.0,896.0,LIMESTONE,,10.0,28.0,58.0,46,7869
429060,W,,-84.181766,40.380238999999996,DIGITIZED,SHELBY,FRANKLIN,1957-01-18,85.0,1031.300048828125,GRAVEL,,30.0,42.0,86.0,,185322
429061,W,,-84.09062899999999,40.332366,DIGITIZED,SHELBY,SALEM,1966-03-09,38.0,816.5,GRAVEL,,2.0,4.0,,,207866
430193,W,DOMESTIC,-84.32934999999999,40.41762,GLOBAL POSITIONING SYSTEM,SHELBY,MCLEAN,2007-04-17,172.0,981.2999877929688,LIMESTONE,ROTARY,40.0,49.0,106.0,100,2009160
430256,W,AGRIC/IRRIG,-84.39603,40.30431,GLOBAL POSITIONING SYSTEM,SHELBY,CYNTHIAN,2007-10-16,241.0,997.2999877929688,LIMESTONE,ROTARY,50.0,66.1,118.0,108,2013173
430480,W,,-84.37119299999999,40.329312,DIGITIZED,SHELBY,MCLEAN,1956-02-24,84.0,970.5999755859375,GRAVEL,,15.0,31.5,84.0,,153984
430587,W,,-84.199719,40.286009,DIGITIZED,SHELBY,CLINTON,1961-09-19,82.0,1016.0999755859375,SAND & GRAVEL,,10.0,53.0,82.0,,226740
430606,W,,-84.207605,40.298017,DIGITIZED,SHELBY,CLINTON,1962-03-09,76.0,999.5999755859375,SAND & GRAVEL,,16.0,24.0,76.0,,272656
430612,W,,-84.271289,40.373052,DIGITIZED,SHELBY,TURTLE CREEK,1961-10-19,118.0,988.2000122070312,LIMESTONE,,38.0,32.0,103.0,103,257685
430646,W,,-84.1675,40.341666,DIGITIZED,SHELBY,FRANKLIN,1951-07-01,51.0,630.2000122070312,SAND & GRAVEL,,15.0,16.0,47.0,,131729
430676,W,,-84.186814,40.257467999999996,DIGITIZED,SHELBY,CLINTON,1963-03-15,142.0,631.9000244140625,SHALE,,21.0,50.0,72.0,70,272691
430893,W,,-84.077055,40.329654,DIGITIZED,SHELBY,PERRY,1962-12-04,108.0,658.7000122070312,SAND & GRAVEL,,15.0,90.0,102.0,,272722
430894,W,,-84.245466,40.286009,DIGITIZED,SHELBY,TURTLE CREEK,1964-07-30,42.0,1000.5999755859375,GRAVEL,,5.0,5.0,42.0,7,275850
431104,W,DOMESTIC,-84.16256,40.23611,GLOBAL POSITIONING SYSTEM,SHELBY,ORANGE,2010-01-15,110.0,1028.0,GRAVEL & SAND,ROTARY,60.0,59.4,107.0,,2025772
431115,W,TEST BORING,-84.25460000000001,40.234100000000005,GLOBAL POSITIONING SYSTEM,SHELBY,WASHINGTON,2008-07-07,30.0,897.0,SILT/SAND/GRAVEL,AUGER,,,,,2020424
431118,W,DOMESTIC,-84.13856,40.30272,GLOBAL POSITIONING SYSTEM,SHELBY,CLINTON,2008-07-07,75.0,962.7999877929688,GRAVEL & SAND,ROTARY,30.0,30.0,72.0,,2017356
431427,W,AGRIC/IRRIG,-84.22483,40.34536,GLOBAL POSITIONING SYSTEM,SHELBY,TURTLE CREEK,2007-11-14,160.0,1025.9000244140625,LIMESTONE,ROTARY,145.0,57.6,106.0,158,2013822
431746,W,DOMESTIC,-84.36957,40.30696,GLOBAL POSITIONING SYSTEM,SHELBY,CYNTHIAN,2013-01-15,134.0,1007.0999755859375,SAND & GRAVEL,ROTARY,80.0,72.60000000000001,131.0,,2041505
431808,W,DOMESTIC,-84.34353,40.36888,GLOBAL POSITIONING SYSTEM,SHELBY,MCLEAN,2013-01-07,86.0,957.5999755859375,SAND & GRAVEL,ROTARY,100.0,25.3,84.0,,2041400
431982,W,DOMESTIC,-84.052933,40.244082999999996,GLOBAL POSITIONING SYSTEM,SHELBY,GREEN,2013-10-15,162.0,1079.4000244140625,LIMESTONE,ROTARY,20.0,30.0,127.0,125,2045199
432029,W,DOMESTIC,-84.37751999999999,40.23423,GLOBAL POSITIONING SYSTEM,SHELBY,LORAMIE,2013-08-23,125.0,969.0999755859375,SAND & GRAVEL,ROTARY,20.0,30.0,121.0,,2044190
432120,W,OTHER,-84.09731,40.282889999999995,GLOBAL POSITIONING SYSTEM,SHELBY,PERRY,2013-04-01,86.0,1049.5999755859375,SAND & GRAVEL,ROTARY,70.0,25.5,84.0,,2042410
432160,W,DOMESTIC,-84.39437,40.30576,GLOBAL POSITIONING SYSTEM,SHELBY,CYNTHIAN,2014-03-03,200.0,993.2999877929688,LIMESTONE,ROTARY,25.0,66.0,124.0,157,2046578
432387,W,DOMESTIC,-84.38362,40.21254,GLOBAL POSITIONING SYSTEM,SHELBY,LORAMIE,2014-05-13,106.0,974.5999755859375,SAND & GRAVEL,ROTARY,25.0,7.8,103.0,,2047442
432443,W,DOMESTIC,-84.22498,40.408961,GLOBAL POSITIONING SYSTEM,SHELBY,VAN BUREN,2015-07-28,62.0,975.9000244140625,GRAVEL,AIR ROTARY,40.0,15.0,63.0,,2053251
432577,W,DOMESTIC,-84.035933,40.309000000000005,GLOBAL POSITIONING SYSTEM,SHELBY,PERRY,2016-09-20,69.0,,SAND & GRAVEL,ROTARY,40.0,29.0,67.0,,2059282
432632,W,AGRIC/IRRIG,-84.40075,40.36773,GLOBAL POSITIONING SYSTEM,SHELBY,MCLEAN,2017-04-28,89.0,,SAND & GRAVEL,ROTARY,25.0,30.0,85.0,,2062202
432785,W,AGRIC/IRRIG,-84.11977999999999,40.33605,GLOBAL POSITIONING SYSTEM,SHELBY,SALEM,2017-09-05,78.0,863.7999877929688,SAND & GRAVEL,ROTARY,20.0,64.0,74.0,,2064153
432855,W,DOMESTIC,-84.207861,40.331074,,SHELBY,FRANKLIN,1990-11-20,168.0,1022.0999755859375,LIMESTONE,ROTARY,12.0,60.0,132.0,132,726669
432860,W,,-84.205192,40.268465,,SHELBY,CLINTON,1974-06-30,112.0,703.5999755859375,LIMESTONE,,15.0,65.0,82.0,82,459174
432865,W,DOMESTIC,-84.26514999999999,40.32609,,SHELBY,TURTLE CREEK,1997-07-19,172.0,1025.4000244140625,LIMESTONE,ROTARY,20.0,73.0,108.0,101,860297
432976,W,COMMERCIAL,-84.205533,40.253433,GLOBAL POSITIONING SYSTEM,SHELBY,CLINTON,2018-01-03,149.0,,LIMESTONE,ROTARY,15.0,56.0,118.0,116,2066535
432977,W,DOMESTIC,-84.42443,40.32092,GLOBAL POSITIONING SYSTEM,SHELBY,CYNTHIAN,2018-12-14,171.0,,SAND & GRAVEL,ROTARY,15.0,44.0,168.0,,2071464
433061,W,DOMESTIC,-84.400273,40.279278999999995,DIGITAL MAP,SHELBY,CYNTHIAN,2000-02-17,182.0,,LIMESTONE,ROTARY,18.0,65.0,92.0,83,908481
433089,W,DOMESTIC,-84.03421,40.292609999999996,GLOBAL POSITIONING SYSTEM,SHELBY,PERRY,2019-04-08,71.0,,SAND & GRAVEL,ROTARY,40.0,18.0,68.0,,2072866
433109,W,DOMESTIC,-84.13565799999999,40.381983999999996,DIGITAL MAP,SHELBY,FRANKLIN,1998-07-11,44.0,,GRAVEL & SAND,ROTARY,20.0,20.0,41.5,,880705
433190,W,DOMESTIC,-84.313982,40.450959,DIGITAL MAP,SHELBY,VAN BUREN,2000-04-19,202.0,,LIMESTONE,ROTARY,150.0,45.0,120.0,112,912285
433191,W,DOMESTIC,-84.297767,40.465607999999996,DIGITAL MAP,SHELBY,VAN BUREN,2000-07-25,65.0,,GRAVEL & SAND,ROTARY,25.0,22.0,62.0,,918075
433194,W,DOMESTIC,-84.208709,40.341864,DIGITAL MAP,SHELBY,FRANKLIN,2000-10-03,94.0,,GRAVEL & SAND,ROTARY,20.0,45.0,92.0,,920736
433350,W,DOMESTIC,-84.10726,40.397999,DIGITAL MAP,SHELBY,DINSMORE,1998-05-19,142.0,,LIMESTONE,ROTARY,35.0,18.0,119.0,113,871338
433351,W,DOMESTIC,-84.135575,40.410995,DIGITAL MAP,SHELBY,DINSMORE,2000-02-09,76.0,,GRAVEL & SAND,ROTARY,20.0,45.0,74.0,,908471
433358,W,DOMESTIC,-84.213459,40.424307,DIGITAL MAP,SHELBY,DINSMORE,1999-08-11,80.0,,GRAVEL & SAND,ROTARY,50.0,20.0,77.5,,899116
433359,W,DOMESTIC,-84.238877,40.380474,DIGITAL MAP,SHELBY,VAN BUREN,1999-08-12,158.0,,LIMESTONE,ROTARY,20.0,33.0,95.5,89,899119
433383,W,DOMESTIC,-84.368472,40.25934,DIGITAL MAP,SHELBY,LORAMIE,1998-06-20,327.0,,SHALE,AIR ROTARY,,,327.0,324,871390
433434,W,DOMESTIC,-84.24830999999999,40.43654,GLOBAL POSITIONING SYSTEM,SHELBY,VAN BUREN,2018-12-12,71.0,,SAND & GRAVEL,ROTARY,20.0,34.0,68.0,,2071432
433443,W,DOMESTIC,-84.151326,40.331722,DIGITAL MAP,SHELBY,FRANKLIN,1999-11-13,175.0,,LIMESTONE,ROTARY,20.0,59.0,102.0,95,905950
433498,W,DOMESTIC,-84.17805299999999,40.248953,DIGITAL MAP,SHELBY,ORANGE,1999-09-16,100.0,,LIMESTONE,AIR ROTARY,15.0,29.0,40.0,11,902088
433545,W,DOMESTIC,-84.135936,40.387473,DIGITAL MAP,SHELBY,FRANKLIN,2000-10-17,46.0,,SAND & GRAVEL,ROTARY,20.0,14.0,44.0,,920714
433562,W,DOMESTIC,-84.365752,40.295854,DIGITAL MAP,SHELBY,CYNTHIAN,1999-03-18,162.0,,LIMESTONE,ROTARY,18.0,62.0,122.0,114,889139
433575,W,DOMESTIC,-84.27261299999999,40.282088,DIGITAL MAP,SHELBY,TURTLE CREEK,1999-04-12,78.0,,GRAVEL,AIR ROTARY,40.0,41.0,66.0,,894171
438519,W,,-84.16478,40.236934,DIGITIZED,SHELBY,ORANGE,1963-07-15,150.0,1023.5,GRAVEL,,12.0,56.0,150.0,,297042
438520,W,,-84.14142799999999,40.212512,DIGITIZED,SHELBY,ORANGE,1954-09-02,50.0,1054.5,GRAVEL,,10.0,20.0,50.0,,131184
438521,W,,-84.026488,40.235763,DIGITIZED,SHELBY,GREEN,1956-10-15,107.0,1089.5999755859375,GRAVEL,,10.0,40.0,107.0,,184867
438522,W,,-84.077461,40.231864,DIGITIZED,SHELBY,GREEN,1960-08-01,110.0,1090.199951171875,GRAVEL,,15.0,20.0,110.0,,246643
438625,W,,-84.15561699999999,40.269265999999995,DIGITIZED,SHELBY,CLINTON,1941-01-08,82.0,947.5,GRAVEL,,,37.0,,,9975012
438628,W,,-84.05200599999999,40.210814,DIGITIZED,SHELBY,GREEN,1949-08-18,40.0,1103.0999755859375,GRAVEL,,12.0,32.0,40.0,,47272
438635,W,,-84.344692,40.370537999999996,DIGITIZED,SHELBY,MCLEAN,1950-05-01,70.0,952.7999877929688,SAND,,21.0,12.0,70.0,,31883
438643,W,,-84.40308,40.241209999999995,,SHELBY,LORAMIE,1987-05-20,60.0,983.2000122070312,SAND & GRAVEL,ROTARY,20.0,32.0,62.0,,667391
438644,W,DOMESTIC,-84.36882,40.232549999999996,GEOCODE,SHELBY,LORAMIE,1995-03-03,84.0,964.7999877929688,SAND & GRAVEL,ROTARY,20.0,26.0,81.0,,813851
438645,W,,-84.06061,40.197168,DIGITIZED,SHELBY,GREEN,1954-04-21,68.0,1106.4000244140625,GRAVEL,,18.0,12.0,68.0,,82628
438656,W,PUBLIC/SEMI-PUB,-84.40384399999999,40.233975,,SHELBY,LORAMIE,1994-05-18,32.0,967.9000244140625,SAND & GRAVEL,ROTARY,100.0,7.0,26.0,,790351
438657,W,,-84.373441,40.331818999999996,DIGITIZED,SHELBY,MCLEAN,1955-04-29,66.0,954.5999755859375,GRAVEL,,25.0,16.0,66.0,,132384
438658,W,,-84.147182,40.357262,DIGITIZED,SHELBY,FRANKLIN,1952-10-22,47.0,574.2999877929688,GRAVEL,,,30.0,47.0,,82605
438659,W,,-84.387427,40.348721999999995,DIGITIZED,SHELBY,MCLEAN,1956-03-27,107.0,946.0999755859375,GRAVEL,,15.0,6.0,107.0,,168607
438660,W,,-84.317015,40.368227,DIGITIZED,SHELBY,MCLEAN,1956-03-28,114.0,966.0,LIMESTONE,,50.0,21.5,92.0,92,168608
438661,W,,-84.397504,40.348641,DIGITIZED,SHELBY,MCLEAN,1957-04-10,55.0,951.9000244140625,GRAVEL,,20.0,12.0,55.0,,168648
438662,W,,-84.355457,40.336918,DIGITIZED,SHELBY,MCLEAN,1962-04-11,86.0,972.0,GRAVEL,,40.0,27.0,86.0,,257699
438663,W,,-84.305955,40.395213,DIGITIZED,SHELBY,MCLEAN,1965-04-17,172.0,962.7999877929688,LIMESTONE,,36.0,32.0,68.0,65,305737
438664,W,,-84.351114,40.329384999999995,DIGITIZED,SHELBY,MCLEAN,1968-05-16,116.0,972.5,GRAVEL,,28.0,27.0,116.0,,359699
438665,W,,-84.165269,40.332209,DIGITIZED,SHELBY,FRANKLIN,1967-01-31,139.0,670.9000244140625,LIMESTONE,,14.0,55.0,134.0,134,357673
438666,W,,-84.14690499999999,40.394984,DGS SURFICIAL MAPPING,SHELBY,FRANKLIN,1969-09-05,99.0,1042.0,GRAVEL,,20.0,68.0,99.0,,400494
438667,W,,-84.179829,40.38353,DIGITIZED,SHELBY,FRANKLIN,1969-05-01,230.0,1038.0,LIMESTONE,,20.0,55.0,227.0,224,374332
438668,W,,-84.240557,40.378692,DIGITIZED,SHELBY,TURTLE CREEK,1955-11-16,71.0,992.7000122070312,SAND & GRAVEL,,,26.0,71.0,,155850
438669,W,,-84.238018,40.287169,DIGITIZED,SHELBY,TURTLE CREEK,1952-10-03,70.0,672.5999755859375,LIMESTONE,,9.0,33.0,62.0,62,93330
438670,W,,-84.257452,40.289401999999995,DIGITIZED,SHELBY,TURTLE CREEK,1961-03-16,60.0,964.7000122070312,GRAVEL,,15.0,23.0,60.0,,259533
438671,W,,-84.123874,40.302698,DIGITIZED,SHELBY,PERRY,1958-11-03,67.0,895.5,GRAVEL,,7.0,30.0,72.0,,185775
438672,W,DOMESTIC,-84.24539399999999,40.282441999999996,,SHELBY,TURTLE CREEK,1991-09-18,135.0,933.0,LIMESTONE,ROTARY,25.0,25.0,63.0,58,738692
438673,W,DOMESTIC,-84.122614,40.302589,,SHELBY,PERRY,1996-08-22,75.0,1104.199951171875,SAND & GRAVEL,ROTARY,20.0,29.0,72.0,,840373
438680,W,,-84.23688299999999,40.205431,DIGITIZED,SHELBY,WASHINGTON,1958-08-06,38.0,907.4000244140625,SAND & GRAVEL,,8.0,30.0,38.0,,155800
438681,W,,-84.234448,40.208133,DIGITIZED,SHELBY,WASHINGTON,1954-04-28,60.0,942.7999877929688,GRAVEL,,20.0,30.0,60.0,,122167
438686,W,,-84.225314,40.265026,DIGITIZED,SHELBY,WASHINGTON,1967-08-02,69.0,973.0999755859375,LIMESTONE,,15.0,23.0,65.0,65,359667
438687,W,,-84.29287599999999,40.249308,DIGITIZED,SHELBY,WASHINGTON,1969-08-01,146.0,987.7000122070312,GRAVEL,,15.0,68.0,146.0,,400474
441298,W,DOMESTIC,-84.11185499999999,40.320645999999996,,SHELBY,SALEM,2001-07-11,67.0,1006.2999877929688,SAND & GRAVEL,ROTARY,40.0,22.0,67.0,,930814
441402,W,DOMESTIC,-84.183081,40.316759999999995,GEOCODE,SHELBY,FRANKLIN,2001-11-13,159.0,643.5999755859375,LIMESTONE,ROTARY,20.0,54.0,109.0,103,937877
441565,W,DOMESTIC,-84.123402,40.424735,DGS SURFICIAL MAPPING,SHELBY,DINSMORE,2002-03-01,259.0,1056.0999755859375,LIMESTONE,ROTARY,18.0,50.0,197.0,190,942375
441714,W,MONITOR,-84.156673,40.294582,GEOCODE,SHELBY,CLINTON,2001-06-06,20.0,1090.4000244140625,UNKNOWN,AUGER,,,5.0,,929423
441715,W,MONITOR,-84.156757,40.295094999999996,GEOCODE,SHELBY,CLINTON,2000-12-15,20.0,880.4000244140625,UNKNOWN,AUGER,,,4.0,,924098
441983,W,DOMESTIC,-84.3173,40.464639999999996,GEOCODE,SHELBY,VAN BUREN,2003-01-21,86.0,932.0999755859375,SAND & GRAVEL,ROTARY,90.0,30.0,82.0,,959083
442116,W,DOMESTIC,-84.22091999999999,40.46855,DGS SURFICIAL MAPPING,SHELBY,DINSMORE,2002-10-11,87.0,989.5,,ROTARY,50.0,47.0,83.0,,951804
442117,W,DOMESTIC,-84.260194,40.432159,DGS SURFICIAL MAPPING,SHELBY,VAN BUREN,2002-10-16,94.0,977.9000244140625,SAND & GRAVEL,ROTARY,75.0,35.0,91.0,,951811
442143,W,DOMESTIC,-84.09241,40.40036,GEOCODE,SHELBY,JACKSON,2002-03-19,70.0,1043.800048828125,GRAVEL,ROTARY,30.0,37.0,68.0,,942354
442144,W,DOMESTIC,-84.341087,40.371320999999995,,SHELBY,MCLEAN,2002-04-06,159.0,958.4000244140625,LIMESTONE,ROTARY,50.0,20.0,108.0,86,942345
442389,W,,-84.195692,40.362612,DIGITIZED,SHELBY,FRANKLIN,1952-01-17,129.0,1044.5,GRAVEL,,15.0,71.0,129.0,,58902
442457,W,,-84.361986,40.255488,DIGITIZED,SHELBY,LORAMIE,1965-04-28,77.0,984.9000244140625,GRAVEL,,12.0,52.0,77.0,,334304
442787,W,DOMESTIC,-84.40375,40.230709999999995,GLOBAL POSITIONING SYSTEM,SHELBY,LORAMIE,2003-09-17,141.0,976.5,SHALE,ROTARY,15.0,17.0,61.0,57,967281
442971,W,DOMESTIC,-84.34889,40.26563,GLOBAL POSITIONING SYSTEM,SHELBY,LORAMIE,2004-01-19,104.0,987.4000244140625,GRAVEL & SAND,ROTARY,50.0,59.0,102.0,,987639
442973,W,DOMESTIC,-84.10839899999999,40.364208999999995,GLOBAL POSITIONING SYSTEM,SHELBY,SALEM,2004-01-28,151.0,692.2000122070312,,ROTARY,50.0,55.0,150.0,55,990055
442981,W,DOMESTIC,-84.38136,40.273959999999995,GLOBAL POSITIONING SYSTEM,SHELBY,CYNTHIAN,2004-06-24,142.0,988.7999877929688,LIMESTONE,ROTARY,60.0,45.0,104.0,93,979939
443067,W,,-84.11852999999999,40.35673,GLOBAL POSITIONING SYSTEM,SHELBY,SALEM,2004-07-19,307.0,1065.0,,ROTARY,,,,,982834
443191,W,DOMESTIC,-84.10915,40.33089,GLOBAL POSITIONING SYSTEM,SHELBY,SALEM,2004-07-07,207.0,1043.0,GRAVEL & SAND,ROTARY,80.0,68.0,199.0,,982808
443466,W,DOMESTIC,-84.37592,40.231739999999995,GLOBAL POSITIONING SYSTEM,SHELBY,LORAMIE,2005-09-22,95.0,962.2999877929688,GRAVEL & SAND,ROTARY,65.0,24.0,95.0,,999748
443518,W,DOMESTIC,-84.31833,40.46683,GLOBAL POSITIONING SYSTEM,SHELBY,VAN BUREN,2005-11-15,143.0,929.7999877929688,,ROTARY,15.0,30.0,102.0,86,1001574
443539,W,DOMESTIC,-84.38985,40.23469,GLOBAL POSITIONING SYSTEM,SHELBY,LORAMIE,2005-07-26,90.0,961.2999877929688,,ROTARY,150.0,17.0,89.0,,995910
443791,W,,-84.184845,40.193872,DIGITIZED,SHELBY,ORANGE,1955-10-01,101.0,988.7000122070312,GRAVEL,,20.0,60.0,101.0,,9975041
443793,W,,-84.045301,40.376200000000004,DIGITIZED,SHELBY,SALEM,1960-04-29,101.0,818.2000122070312,GRAVEL,,20.0,50.0,101.0,,217112
443809,W,DOMESTIC,-84.3392,40.37164,GLOBAL POSITIONING SYSTEM,SHELBY,MCLEAN,2006-05-10,90.0,956.7999877929688,GRAVEL & SAND,ROTARY,110.0,22.0,87.0,,2002781
443836,W,,-84.104694,40.282325,DIGITIZED,SHELBY,PERRY,,123.0,1069.4000244140625,LIMESTONE,,10.0,,66.0,65,96053
443838,W,,-84.03718099999999,40.443718,DIGITIZED,SHELBY,JACKSON,1968-09-02,136.0,1021.5,GRAVEL,,60.0,5.0,136.0,,371720
443839,W,,-82.39255,40.05764,DIGITIZED,SHELBY,TURTLE CREEK,1953-10-10,66.0,822.7000122070312,LIMESTONE,,20.0,35.0,46.0,43,100847
443840,W,,-84.167897,40.357866,DIGITIZED,SHELBY,FRANKLIN,1968-10-21,36.0,757.4000244140625,GRAVEL,,14.0,14.0,36.0,,383420
444231,W,DOMESTIC,-84.3009,40.33001,GLOBAL POSITIONING SYSTEM,SHELBY,MCLEAN,2006-09-01,167.0,1017.0,LIMESTONE,ROTARY,60.0,68.0,127.0,126,2004855
444400,W,DOMESTIC,-84.01841999999999,40.341049999999996,GLOBAL POSITIONING SYSTEM,SHELBY,SALEM,2006-07-07,97.0,1061.0,GRAVEL & SAND,ROTARY,35.0,57.0,94.0,,2003798
444700,W,DOMESTIC,-84.30031,40.42264,GLOBAL POSITIONING SYSTEM,SHELBY,VAN BUREN,2007-09-26,158.0,981.9000244140625,LIMESTONE,ROTARY,85.0,46.2,101.0,91,2012689
444865,W,DOMESTIC,-84.16170000000001,40.40907,GLOBAL POSITIONING SYSTEM,SHELBY,DINSMORE,2007-08-02,91.0,1022.7000122070312,GRAVEL & SAND,ROTARY,120.0,33.8,88.0,,2011485
445274,W,,-84.36451,40.29309,DIGITIZED,SHELBY,CYNTHIAN,1950-01-28,106.0,982.2000122070312,LIMESTONE,,20.0,27.0,77.0,77,47924
445390,W,,-84.298132,40.343503,DIGITIZED,SHELBY,MCLEAN,1956-10-12,141.0,994.7999877929688,LIMESTONE,,42.0,43.0,112.0,112,168628
445391,W,,-84.15456999999999,40.264219,DIGITIZED,SHELBY,ORANGE,1960-05-16,166.0,624.2000122070312,LIMESTONE,,,92.0,124.0,122,232376
445427,W,,-84.33536199999999,40.251597,DIGITIZED,SHELBY,LORAMIE,1960-11-08,158.0,946.2999877929688,GRAVEL,,25.0,30.0,158.0,,237635
445707,W,,-84.41105999999999,40.233291,DIGITIZED,SHELBY,LORAMIE,1965-08-11,75.0,970.0,LIMESTONE,,15.0,10.0,63.0,63,318671
445708,W,,-84.27221999999999,40.466211,DIGITIZED,SHELBY,VAN BUREN,1953-11-23,59.0,939.9000244140625,GRAVEL,,18.0,16.0,59.0,,120069
445727,W,,-84.232407,40.424402,DIGITIZED,SHELBY,VAN BUREN,1961-09-28,108.0,962.2000122070312,SAND,,18.0,15.0,108.0,,244935
445795,W,OBSERVATION,-84.254167,40.2286,GLOBAL POSITIONING SYSTEM,SHELBY,WASHINGTON,2008-08-20,110.0,892.2000122070312,SILT/SAND/GRAVEL,AUGER,,7.0,100.0,,2020428
445844,W,OBSERVATION,-84.25478299999999,40.234117,GLOBAL POSITIONING SYSTEM,SHELBY,WASHINGTON,2008-10-14,80.0,896.0,SILT/SAND/GRAVEL,AUGER,,10.0,70.0,104,2020315
445865,W,DOMESTIC,-84.14461999999999,40.26267,GLOBAL POSITIONING SYSTEM,SHELBY,ORANGE,2009-12-21,106.0,1031.800048828125,GRAVEL & SAND,ROTARY,50.0,60.800000000000004,103.0,,2025537
445972,W,DOMESTIC,-84.293,40.2795,GLOBAL POSITIONING SYSTEM,SHELBY,CYNTHIAN,2009-12-01,162.0,990.0,LIMESTONE,AIR ROTARY,15.0,40.0,113.0,108,2025261
446040,W,DRY/NO WATER,-84.11207999999999,40.34599,GLOBAL POSITIONING SYSTEM,SHELBY,SALEM,2008-07-14,180.0,1068.5,SAND & GRAVEL,ROTARY,,,,,2017502
446167,W,TEST WELL,-84.25524999999999,40.232883,GLOBAL POSITIONING SYSTEM,SHELBY,WASHINGTON,2008-12-29,132.0,894.5,SAND/GRAVEL/BOULDERS,CABLE TOOL,1999.0,8.6,103.0,,2020739
446169,W,DOMESTIC,-84.32172,40.316089999999996,GLOBAL POSITIONING SYSTEM,SHELBY,CYNTHIAN,2008-05-30,242.0,1002.9000244140625,LIMESTONE,ROTARY,60.0,62.800000000000004,158.0,241,2016700
446215,W,DOMESTIC,-84.36747,40.30731,GLOBAL POSITIONING SYSTEM,SHELBY,CYNTHIAN,2008-01-31,143.0,996.7000122070312,GRAVEL & SAND,ROTARY,65.0,64.7,140.0,,2014949
446221,W,DOMESTIC,-84.26004999999999,40.39403,GLOBAL POSITIONING SYSTEM,SHELBY,VAN BUREN,2008-01-03,165.0,967.9000244140625,LIMESTONE,ROTARY,25.0,20.3,78.0,66,2014666
446240,W,DOMESTIC,-84.31700000000001,40.364149999999995,GLOBAL POSITIONING SYSTEM,SHELBY,MCLEAN,2008-04-05,168.0,966.0,LIMESTONE,ROTARY,30.0,27.2,127.0,167,2015745
446289,W,DOMESTIC,-84.28819,40.423429999999996,GLOBAL POSITIONING SYSTEM,SHELBY,VAN BUREN,2008-05-14,175.0,986.2999877929688,LIMESTONE,ROTARY,35.0,46.800000000000004,91.0,85,2016477
446386,W,DOMESTIC,-84.41543999999999,40.36689,GLOBAL POSITIONING SYSTEM,SHELBY,MCLEAN,2011-01-25,135.0,955.4000244140625,LIMESTONE,ROTARY,110.0,32.0,113.0,103,2030926
446407,W,AGRIC/IRRIG,-84.12325,40.357639999999996,GLOBAL POSITIONING SYSTEM,SHELBY,SALEM,2011-06-09,99.0,1065.0999755859375,SAND & GRAVEL,ROTARY,40.0,54.300000000000004,97.0,,2032719
446510,W,DOMESTIC,-84.26167,40.208929999999995,GLOBAL POSITIONING SYSTEM,SHELBY,WASHINGTON,2010-10-06,132.0,931.0999755859375,SAND & GRAVEL,ROTARY,75.0,51.300000000000004,130.0,,2029294
447036,W,DOMESTIC,-84.10891699999999,40.368217,GLOBAL POSITIONING SYSTEM,SHELBY,FRANKLIN,2013-12-20,129.0,1051.9000244140625,SAND & GRAVEL,ROTARY,50.0,42.0,127.0,,2046195
447206,W,AGRIC/IRRIG,-84.04883,40.47162,GLOBAL POSITIONING SYSTEM,SHELBY,JACKSON,2015-09-23,86.0,1023.7999877929688,SAND & GRAVEL,ROTARY,25.0,18.0,83.0,,2053928
447562,W,DOMESTIC,-84.05424,40.4399,GLOBAL POSITIONING SYSTEM,SHELBY,JACKSON,2017-06-06,94.0,,SAND & GRAVEL,ROTARY,18.0,12.0,91.0,,2062734
447622,W,AGRIC/IRRIG,-84.11560999999999,40.34166,GLOBAL POSITIONING SYSTEM,SHELBY,SALEM,2017-02-23,120.0,,SAND & GRAVEL,ROTARY,65.0,66.0,115.0,,2061339
447816,W,,-84.257536,40.395565999999995,DGS SURFICIAL MAPPING,SHELBY,VAN BUREN,1966-07-20,225.0,970.7999877929688,LIMESTONE,,300.0,12.5,65.0,64,345964
447854,W,DOMESTIC,-84.29364,40.44537,GLOBAL POSITIONING SYSTEM,SHELBY,VAN BUREN,2020-04-01,202.0,,LIMESTONE,ROTARY,15.0,58.0,101.0,,2078876
447882,W,AGRIC/IRRIG,-84.18227999999999,40.47297,GLOBAL POSITIONING SYSTEM,SHELBY,DINSMORE,2020-02-20,182.0,,LIMESTONE,ROTARY,10.0,61.0,120.0,,2078222
447904,W,DOMESTIC,-84.37915,40.314616,DIGITAL MAP,SHELBY,CYNTHIAN,2000-06-14,128.0,,GRAVEL & SAND,ROTARY,20.0,50.0,126.0,,915409
447923,W,DOMESTIC,-84.09061,40.34673,GLOBAL POSITIONING SYSTEM,SHELBY,SALEM,2018-08-23,127.0,,SAND & GRAVEL,ROTARY,18.0,54.0,124.0,,2069534
447970,W,DOMESTIC,-84.367769,40.297669,DIGITAL MAP,SHELBY,CYNTHIAN,2000-08-28,189.0,,LIMESTONE,ROTARY,18.0,62.0,116.0,110,920792
448010,W,DOMESTIC,-84.12668,40.469300000000004,GLOBAL POSITIONING SYSTEM,SHELBY,DINSMORE,2019-05-31,226.0,,LIMESTONE,ROTARY,10.0,38.0,156.0,,2073657
448012,W,AGRIC/IRRIG,-84.376773,40.207103,DIGITAL MAP,SHELBY,LORAMIE,1998-06-30,187.0,,GRAVEL & SAND,AIR ROTARY,150.0,38.5,183.0,,880680
448013,W,DOMESTIC,-84.343187,40.268412,DIGITAL MAP,SHELBY,LORAMIE,1998-09-21,97.0,,GRAVEL & SAND,AIR ROTARY,20.0,37.0,94.0,,883657
448077,W,,-84.22842,40.265456,,SHELBY,WASHINGTON,1973-06-25,90.0,989.7000122070312,LIMESTONE,,10.0,35.0,85.0,80,458454
448091,W,DOMESTIC,-84.326882,40.199991,DIGITAL MAP,SHELBY,LORAMIE,1999-05-18,80.0,,GRAVEL & SAND,AIR ROTARY,20.0,30.0,78.0,,894811
448098,W,DOMESTIC,-84.208319,40.289829,DIGITAL MAP,SHELBY,TURTLE CREEK,1999-11-13,101.0,1040.0999755859375,LIMESTONE,ROTARY,25.0,40.0,83.0,82,904633
448100,W,DOMESTIC,-84.29650000000001,40.423238999999995,DIGITAL MAP,SHELBY,VAN BUREN,1998-07-25,169.0,,LIMESTONE,ROTARY,20.0,43.0,97.0,91,880732
448101,W,DOMESTIC,-84.26876399999999,40.393361,DIGITAL MAP,SHELBY,VAN BUREN,2000-06-28,81.0,,GRAVEL & SAND,ROTARY,75.0,14.0,78.5,,915430
448196,W,AGRIC/IRRIG,-84.43441,40.32136,GLOBAL POSITIONING SYSTEM,SHELBY,CYNTHIAN,2018-05-07,85.0,,SAND & GRAVEL,ROTARY,50.0,27.0,81.0,,2067731
448312,W,,-84.112901,40.468533,DIGITAL MAP,SHELBY,DINSMORE,1971-08-02,415.0,,LIMESTONE,,125.0,40.0,8.0,130,421528
448323,W,DOMESTIC,-84.35765099999999,40.233222,DIGITAL MAP,SHELBY,LORAMIE,1999-11-16,105.0,,GRAVEL & SAND,AIR ROTARY,25.0,20.0,100.0,,905955
448330,W,MUNICIPAL,-84.045515,40.434743,DIGITAL MAP,SHELBY,JACKSON,1999-07-13,69.5,,SAND & GRAVEL,BUCKET AUGER,444.0,17.5,69.5,,879072
448460,W,DOMESTIC,-84.378402,40.306568,DIGITAL MAP,SHELBY,CYNTHIAN,2000-03-21,123.0,,GRAVEL & SAND,ROTARY,25.0,70.0,0.1,,912347
448475,W,DOMESTIC,-84.112212,40.326997,DIGITAL MAP,SHELBY,SALEM,1999-06-10,226.0,,GRAVEL & SAND,AIR ROTARY,50.0,7306.0,223.0,,897155
453406,W,,-84.19096499999999,40.225142,DIGITIZED,SHELBY,ORANGE,1957-03-21,94.0,996.2000122070312,LIMESTONE,,8.0,35.0,73.0,70,198652
453407,W,,-84.114916,40.231283,DIGITIZED,SHELBY,ORANGE,1953-02-20,153.0,1075.699951171875,GRAVEL,,20.0,30.0,153.0,,100815
453408,W,,-84.163652,40.206648,DIGITIZED,SHELBY,ORANGE,1965-07-10,108.0,1039.800048828125,GRAVEL,,12.0,47.0,108.0,,334330
453409,W,,-84.11061099999999,40.253755,DIGITIZED,SHELBY,ORANGE,1970-01-21,129.0,676.7999877929688,SAND & GRAVEL,,16.0,16.0,129.0,,382941
453410,W,INDUSTRIAL,-84.396087,40.234269999999995,,SHELBY,LORAMIE,1996-08-29,175.0,976.0,SHALE,ROTARY,7.0,15.0,75.0,72,843416
453411,W,INDUSTRIAL,-84.396087,40.234269999999995,,SHELBY,LORAMIE,1996-08-29,182.0,976.0,SHALE,ROTARY,10.0,15.0,71.0,69,843417
453412,W,,-84.026427,40.247721999999996,DIGITIZED,SHELBY,GREEN,1959-05-19,65.0,716.7999877929688,GRAVEL,,8.0,20.0,65.0,,229464
453423,W,,-84.25779299999999,40.228027999999995,,SHELBY,WASHINGTON,1987-09-22,91.0,959.5,SAND & GRAVEL,ROTARY,25.0,60.0,93.0,,672398
453499,W,,-84.359054,40.322488,DIGITIZED,SHELBY,CYNTHIAN,1951-06-06,120.0,983.2000122070312,SAND & GRAVEL,,10.0,40.0,120.0,,82458
453506,W,DOMESTIC,-84.18779099999999,40.360253,,SHELBY,FRANKLIN,1995-04-11,162.0,823.7000122070312,GRAVEL & SAND,ROTARY,20.0,66.0,159.0,,813893
453507,W,,-84.42599799999999,40.341896,DIGITIZED,SHELBY,MCLEAN,1951-10-10,135.0,950.0,LIMESTONE,,9.0,20.0,128.0,128,75149
453523,W,,-84.15951799999999,40.426159,DIGITIZED,SHELBY,DINSMORE,1964-06-22,85.0,1030.699951171875,SAND & GRAVEL,,15.0,41.0,85.0,,307360
453524,W,,-84.121496,40.404016999999996,DIGITIZED,SHELBY,DINSMORE,1956-05-26,145.0,1037.9000244140625,LIMESTONE,,24.0,26.0,103.0,102,161204
453526,W,,-84.299368,40.391805999999995,DIGITIZED,SHELBY,MCLEAN,1968-04-13,84.0,958.0999755859375,LIMESTONE,,15.0,6.5,63.0,54,374305
453527,W,,-84.29784,40.358716,DIGITIZED,SHELBY,MCLEAN,1969-01-23,93.0,981.4000244140625,LIMESTONE,,15.0,21.0,88.0,88,378782
453528,W,,-84.319064,40.260746999999995,DIGITIZED,SHELBY,LORAMIE,1954-04-24,52.0,940.0,GRAVEL,,20.0,20.0,52.0,,122224
453529,W,,-84.413473,40.233017,DIGITIZED,SHELBY,LORAMIE,1958-04-09,69.0,974.5,GRAVEL,,21.0,8.0,69.0,,198127
453530,W,,-84.135187,40.345628,DIGITIZED,SHELBY,FRANKLIN,1968-05-06,217.0,994.5999755859375,GRAVEL,,14.0,48.0,217.0,,381655
453532,W,,-84.10206,40.285565,,SHELBY,PERRY,1983-04-13,140.0,1019.2999877929688,LIMESTONE,,25.0,47.0,127.0,125,640251
453533,W,,-84.236387,40.380590999999995,DIGITIZED,SHELBY,VAN BUREN,1954-01-07,133.0,996.2999877929688,LIMESTONE,,15.0,30.0,105.0,105,115272
453534,W,,-84.33537799999999,40.245549,DIGITIZED,SHELBY,LORAMIE,1959-08-15,158.0,937.0999755859375,GRAVEL,,12.0,17.0,158.0,,229935
453535,W,,-84.334075,40.243995999999996,DIGITIZED,SHELBY,LORAMIE,1960-08-08,120.0,961.5999755859375,GRAVEL,,14.0,35.0,120.0,,246513
453536,W,,-84.33205,40.247643,DIGITIZED,SHELBY,LORAMIE,1966-03-08,161.0,947.2999877929688,GRAVEL,,15.0,34.0,161.0,,342890
453539,W,,-84.262603,40.423550999999996,DIGITIZED,SHELBY,VAN BUREN,1956-06-05,114.0,981.2000122070312,GRAVEL,,18.0,38.0,114.0,,161205
453549,W,,-84.225929,40.253519,DIGITIZED,SHELBY,WASHINGTON,1962-10-12,84.0,552.9000244140625,LIMESTONE,,21.0,35.0,66.0,64,272685
453550,W,,-84.243411,40.251650999999995,DIGITIZED,SHELBY,WASHINGTON,1955-07-06,47.0,539.9000244140625,GRAVEL,,15.0,30.0,47.0,,132396
453619,W,,-84.197102,40.216781999999995,DIGITIZED,SHELBY,ORANGE,1950-01-09,90.0,980.7000122070312,LIMESTONE,,15.0,34.0,73.0,60,75106
453620,W,,-84.352609,40.307384,DIGITIZED,SHELBY,CYNTHIAN,1954-03-15,123.0,987.5999755859375,LIMESTONE,,10.0,53.0,102.0,102,43298
453621,W,,-84.368455,40.295032,DIGITIZED,SHELBY,CYNTHIAN,1955-04-04,85.0,966.5,GRAVEL,,15.0,47.0,85.0,,132380
453623,W,,-84.163505,40.398342,DGS SURFICIAL MAPPING,SHELBY,DINSMORE,1963-03-08,102.0,1046.5,GRAVEL,,16.0,34.0,102.0,,286707
453624,W,,-84.20754699999999,40.295739,DIGITIZED,SHELBY,CLINTON,1961-11-29,77.0,998.5,LIMESTONE,,12.0,28.0,70.0,65,226746
455684,W,DOMESTIC,-84.41529,40.226369999999996,GEOCODE,SHELBY,LORAMIE,1998-01-13,63.0,978.2999877929688,SAND & GRAVEL,ROTARY,20.0,21.0,62.0,,867194
456193,W,DOMESTIC,-84.30490999999999,40.27117,GEOCODE,SHELBY,CYNTHIAN,2001-08-01,182.0,992.5,LIMESTONE,ROTARY,18.0,62.0,116.0,110,934617
456335,W,DOMESTIC,-84.41175,40.23309,GEOCODE,SHELBY,LORAMIE,2001-11-09,170.0,968.5999755859375,SHALE,ROTARY,7.0,18.0,100.0,40,937871
456337,W,DOMESTIC,-84.20179,40.45026,GEOCODE,SHELBY,DINSMORE,2001-10-29,201.0,991.0,LIMESTONE,ROTARY,20.0,44.0,133.0,126,937842
456555,W,DOMESTIC,-84.23409,40.235659999999996,GEOCODE,SHELBY,WASHINGTON,2001-06-18,64.0,960.5999755859375,GRAVEL & SAND,ROTARY,20.0,22.0,62.0,,931673
456737,W,DOMESTIC,-84.150322,40.329921999999996,GEOCODE,SHELBY,FRANKLIN,2002-08-13,173.0,1312.800048828125,LIMESTONE,ROTARY,40.0,60.0,97.0,88,948520
457070,W,DOMESTIC,-84.277458,40.387434,DGS SURFICIAL MAPPING,SHELBY,VAN BUREN,2002-10-18,56.0,965.0,SAND & GRAVEL,ROTARY,75.0,18.0,52.0,,951815
457137,W,DOMESTIC,-84.28979,40.21346,GEOCODE,SHELBY,WASHINGTON,2002-11-08,154.0,991.7000122070312,GRAVEL,ROTARY,30.0,83.0,153.0,,955426
457157,W,,-84.22731499999999,40.230325,DIGITIZED,SHELBY,WASHINGTON,1950-09-11,118.0,956.2999877929688,LIMESTONE,,5.0,49.0,109.0,95,75125
457239,W,DOMESTIC,-84.11267199999999,40.3297,GEOCODE,SHELBY,SALEM,2003-01-13,65.0,1104.5999755859375,SAND & GRAVEL,ROTARY,20.0,23.0,62.0,,955495
457558,W,AGRIC/IRRIG,-84.16517999999999,40.479639999999996,GLOBAL POSITIONING SYSTEM,SHELBY,DINSMORE,2004-02-06,71.0,1012.5,GRAVEL & SAND,ROTARY,50.0,39.0,70.0,,976773
457568,W,DOMESTIC,-84.39116,40.356629999999996,GLOBAL POSITIONING SYSTEM,SHELBY,MCLEAN,2003-06-09,262.0,953.7999877929688,LIMESTONE,ROTARY,40.0,21.0,194.0,225,961869
457608,W,,-84.25188,40.380531999999995,DIGITIZED,SHELBY,VAN BUREN,1963-11-09,89.0,979.7999877929688,LIMESTONE,,20.0,23.0,63.0,61,306201
457725,W,DOMESTIC,-84.19322,40.26031,GLOBAL POSITIONING SYSTEM,SHELBY,CLINTON,2004-10-06,118.0,1009.5,LIME & CLAY,ROTARY,75.0,46.0,83.0,,984793
457751,W,,-84.2064,40.31344,GLOBAL POSITIONING SYSTEM,SHELBY,CLINTON,2004-10-15,116.0,1006.9000244140625,GRAVEL & SAND,ROTARY,100.0,26.0,113.0,,984806
457893,W,DOMESTIC,-84.25298,40.31588,GLOBAL POSITIONING SYSTEM,SHELBY,TURTLE CREEK,2004-01-19,116.0,976.2999877929688,LIMESTONE,ROTARY,35.0,16.0,49.0,42,987640
457979,W,PUBLIC/SEMI-PUB,-84.23255999999999,40.231839,,SHELBY,WASHINGTON,2005-03-10,75.0,980.2999877929688,SAND & GRAVEL,CABLE TOOL,15.0,40.0,76.0,,987358
457980,W,DOMESTIC,-84.23373,40.22194,GEOCODE,SHELBY,WASHINGTON,2005-04-26,96.0,961.5999755859375,LIMESTONE,CABLE TOOL,20.0,30.0,69.0,69,987366
458108,W,DOMESTIC,-84.31631,40.412769999999995,GLOBAL POSITIONING SYSTEM,SHELBY,MCLEAN,2004-06-07,142.0,974.5999755859375,LIMESTONE,ROTARY,30.0,34.0,100.0,84,979921
458463,W,MONITOR,-84.176576,40.287755,GEOCODE,SHELBY,CLINTON,2005-06-15,44.0,1054.699951171875,SILT & CLAY,AUGER,,,24.0,,976654
458519,W,DOMESTIC,-84.41036,40.22672,GLOBAL POSITIONING SYSTEM,SHELBY,LORAMIE,2005-11-14,177.0,978.5,SHALE & LIMESTONE,ROTARY,8.0,27.0,115.0,109,2000342
458754,W,,-84.02133099999999,40.437055,DIGITIZED,SHELBY,JACKSON,1954-05-08,290.0,1043.4000244140625,LIMESTONE,,,45.0,275.0,275,123389
458890,W,DOMESTIC,-84.38877,40.240919999999996,GLOBAL POSITIONING SYSTEM,SHELBY,LORAMIE,2006-09-06,87.0,967.2999877929688,GRAVEL & SAND,ROTARY,100.0,20.0,84.0,,2004974
458911,W,DOMESTIC,-84.07583,40.44052,GLOBAL POSITIONING SYSTEM,SHELBY,JACKSON,2006-09-21,56.0,1026.5,GRAVEL & SAND,ROTARY,75.0,8.0,53.0,,2005312
459146,W,DOMESTIC,-84.24273,40.41307,GLOBAL POSITIONING SYSTEM,SHELBY,VAN BUREN,2006-08-30,139.0,967.7999877929688,GRAVEL & SAND,ROTARY,60.0,11.0,135.0,,2004823
460142,W,,-84.225927,40.209967,DIGITIZED,SHELBY,WASHINGTON,1948-11-24,20.0,955.2000122070312,GRAVEL,,6.0,8.0,20.0,,33375
460229,W,,-84.02733099999999,40.376298,DIGITIZED,SHELBY,SALEM,1963-03-25,49.0,581.5999755859375,SAND & GRAVEL,,12.0,18.0,49.0,,297012
460230,W,,-84.221542,40.41086,DIGITIZED,SHELBY,VAN BUREN,1963-10-21,50.0,974.5999755859375,SAND & GRAVEL,,16.0,14.0,50.0,,280029
460307,W,,-84.113494,40.219660999999995,DIGITIZED,SHELBY,GREEN,1956-12-13,165.0,1077.0999755859375,SAND & GRAVEL,,10.0,26.0,162.0,,198812
460582,W,DOMESTIC,-84.11246,40.34541,GLOBAL POSITIONING SYSTEM,SHELBY,SALEM,2008-07-23,99.0,1063.199951171875,GRAVEL & SAND,ROTARY,45.0,58.1,94.0,,2017644
460593,W,DOMESTIC,-84.09303,40.35302,GLOBAL POSITIONING SYSTEM,SHELBY,SALEM,2010-04-15,96.0,1053.699951171875,GRAVEL & SAND,ROTARY,40.0,51.0,93.0,,2026681
460619,W,DOMESTIC,-84.35907999999999,40.26092,GLOBAL POSITIONING SYSTEM,SHELBY,LORAMIE,2010-02-02,119.0,982.2999877929688,GRAVEL & SAND,ROTARY,65.0,50.6,116.0,,2025971
460679,W,DOMESTIC,-84.33543,40.25116,GLOBAL POSITIONING SYSTEM,SHELBY,LORAMIE,2009-09-03,112.0,947.5999755859375,GRAVEL & SAND,ROTARY,150.0,24.400000000000002,109.0,,2023869
460747,W,OBSERVATION,-84.2543,40.231333,GLOBAL POSITIONING SYSTEM,SHELBY,WASHINGTON,2008-07-21,113.0,894.0,SILT/SAND/GRAVEL,AUGER,,8.0,103.0,117,2020285
460762,W,DOMESTIC,-84.191767,40.214133,,SHELBY,ORANGE,2008-06-05,89.0,988.4000244140625,SAND & GRAVEL,CABLE TOOL,15.0,18.0,87.0,,1006616
460772,W,PUBLIC/SEMI-PUB,-84.33041,40.24509,GLOBAL POSITIONING SYSTEM,SHELBY,LORAMIE,2009-09-11,154.0,960.2999877929688,GRAVEL & SAND,ROTARY,270.0,41.5,149.0,,2024190
460773,W,DOMESTIC,-84.24448,40.264939999999996,GLOBAL POSITIONING SYSTEM,SHELBY,WASHINGTON,2009-10-05,125.0,960.5999755859375,LIMESTONE,ROTARY,60.0,47.0,82.0,77,2024306
460778,W,DOMESTIC,-84.06873,40.21413,GLOBAL POSITIONING SYSTEM,SHELBY,GREEN,2010-02-08,165.0,1097.199951171875,LIMESTONE,ROTARY,65.0,30.0,134.0,163,2026025
460802,W,DOMESTIC,-84.11504,40.272169999999996,GLOBAL POSITIONING SYSTEM,SHELBY,PERRY,2008-07-07,141.0,1047.199951171875,GRAVEL & SAND,ROTARY,65.0,29.3,138.0,,2017355
460980,W,TEST BORING,-84.25321699999999,40.226766999999995,GLOBAL POSITIONING SYSTEM,SHELBY,WASHINGTON,2008-07-11,30.0,891.4000244140625,SILT/SAND/GRAVEL,AUGER,,,,,2020420
461015,W,DOMESTIC,-84.08583999999999,40.42516,GLOBAL POSITIONING SYSTEM,SHELBY,JACKSON,2008-01-28,56.0,1036.5999755859375,GRAVEL & SAND,ROTARY,90.0,18.2,53.0,,2014908
461033,W,DOMESTIC,-84.08297999999999,40.467079999999996,GLOBAL POSITIONING SYSTEM,SHELBY,JACKSON,2008-01-17,190.0,1029.0,GRAVEL,ROTARY,110.0,22.5,187.0,0,2014788
461266,W,DOMESTIC,-84.2359,40.205079999999995,GLOBAL POSITIONING SYSTEM,SHELBY,WASHINGTON,2011-08-29,167.0,935.7999877929688,SHALE,ROTARY,,,,160,2034203
461301,W,MONITOR,-84.333056,40.245278,GEOCODE,SHELBY,LORAMIE,2012-04-12,40.0,950.7999877929688,SILT/SAND/GRAVEL,BUCKET AUGER,,0.0,30.0,,2037809
461367,W,DOMESTIC,-84.23643,40.38381,GLOBAL POSITIONING SYSTEM,SHELBY,VAN BUREN,2011-09-06,95.0,991.7999877929688,SAND & GRAVEL,ROTARY,55.0,33.0,92.0,,2034300
461452,W,DOMESTIC,-84.24346,40.35183,GLOBAL POSITIONING SYSTEM,SHELBY,TURTLE CREEK,2011-05-31,136.0,1006.5999755859375,LIMESTONE,ROTARY,80.0,34.6,87.0,83,2032585
461454,W,DOMESTIC,-84.213889,40.200832999999996,GLOBAL POSITIONING SYSTEM,SHELBY,ORANGE,2011-06-06,155.0,966.5,LIMESTONE,AIR ROTARY,7.0,86.0,85.0,83,2032634
461466,W,DOMESTIC,-84.41409,40.20399,GLOBAL POSITIONING SYSTEM,SHELBY,LORAMIE,2011-06-08,45.0,986.5999755859375,SAND & GRAVEL,ROTARY,60.0,16.0,42.0,,2032679
461596,W,DOMESTIC,-84.22001999999999,40.447179999999996,GLOBAL POSITIONING SYSTEM,SHELBY,DINSMORE,2012-08-07,139.0,996.4000244140625,SAND & GRAVEL,ROTARY,120.0,52.2,136.0,,2038946
461626,W,DOMESTIC,-84.20245,40.45804,GLOBAL POSITIONING SYSTEM,SHELBY,DINSMORE,2011-03-24,179.0,1003.4000244140625,LIMESTONE,ROTARY,70.0,58.6,138.0,126,2031556
461671,W,DOMESTIC,-84.03341999999999,40.29443,GLOBAL POSITIONING SYSTEM,SHELBY,PERRY,2010-08-11,60.0,1061.5999755859375,SAND & GRAVEL,ROTARY,70.0,14.5,57.0,,2028319
461691,W,DRY/NO WATER,-84.36874999999999,40.29512,GLOBAL POSITIONING SYSTEM,SHELBY,CYNTHIAN,2010-12-16,81.0,963.2000122070312,LIMESTONE,ROTARY,,,,69,2030531
461772,W,VAPOR EXTRACTIO,-84.176932,40.286969,GLOBAL POSITIONING SYSTEM,SHELBY,CLINTON,2013-03-09,20.0,1034.199951171875,FILL MATERIAL,ROTOSONIC,,0.0,10.0,,2042412
461778,W,DOMESTIC,-84.13401999999999,40.34571,GLOBAL POSITIONING SYSTEM,SHELBY,FRANKLIN,2013-06-25,78.0,1031.800048828125,SAND & GRAVEL,ROTARY,60.0,42.7,75.0,,2043402
461784,W,DOMESTIC,-84.11241,40.45298,GLOBAL POSITIONING SYSTEM,SHELBY,DINSMORE,2013-08-29,105.0,1045.5,SAND & GRAVEL,ROTARY,20.0,42.7,102.0,,2044246
461851,W,DOMESTIC,-84.13772999999999,40.260909999999996,GLOBAL POSITIONING SYSTEM,SHELBY,ORANGE,2013-10-10,134.0,1049.5999755859375,SAND & GRAVEL,ROTARY,25.0,57.4,130.0,,2044960
461934,W,DOMESTIC,-84.38817,40.29924,GLOBAL POSITIONING SYSTEM,SHELBY,CYNTHIAN,2014-03-04,219.0,994.0,LIMESTONE,ROTARY,25.0,61.800000000000004,104.0,96,2046582
461974,W,DOMESTIC,-84.1825,40.23428,GLOBAL POSITIONING SYSTEM,SHELBY,ORANGE,2014-04-29,93.0,1007.5999755859375,SAND & GRAVEL,ROTARY,15.0,51.7,90.0,,2047288
462057,W,DOMESTIC,-84.247176,40.282779,GLOBAL POSITIONING SYSTEM,SHELBY,TURTLE CREEK,2014-11-10,129.0,1168.5999755859375,LIMESTONE,ROTARY,20.0,28.0,58.0,53,2049980
462168,W,DOMESTIC,-84.21834,40.45286,GLOBAL POSITIONING SYSTEM,SHELBY,DINSMORE,2014-07-23,86.0,991.4000244140625,SAND & GRAVEL,ROTARY,40.0,46.0,82.0,,2048271
462209,W,DOMESTIC,-84.41614,40.341609999999996,GLOBAL POSITIONING SYSTEM,SHELBY,MCLEAN,2014-05-23,203.0,954.2999877929688,LIMESTONE,ROTARY,25.0,19.5,153.0,147,2047585
462252,W,AGRIC/IRRIG,-84.42115,40.292429999999996,GLOBAL POSITIONING SYSTEM,SHELBY,CYNTHIAN,2017-05-17,150.0,,LIMESTONE,ROTARY,25.0,60.0,112.0,116,2062420
462269,W,AGRIC/IRRIG,-84.09273,40.274629999999995,GLOBAL POSITIONING SYSTEM,SHELBY,PERRY,2016-02-22,74.0,,SAND & GRAVEL,ROTARY,75.0,0.0,70.0,,2056076
462283,W,DOMESTIC,-84.245167,40.327925,MAP-OTHERS,SHELBY,TURTLE CREEK,2015-09-18,70.0,623.4000244140625,GRAVEL,AIR ROTARY,65.0,34.0,53.0,69,2053871
462365,W,DOMESTIC,-84.16426,40.24183,GLOBAL POSITIONING SYSTEM,SHELBY,ORANGE,2017-06-13,203.0,,LIMESTONE,ROTARY,20.0,67.0,161.0,141,2062844
462420,W,AGRIC/IRRIG,-84.02224,40.31378,GLOBAL POSITIONING SYSTEM,SHELBY,PERRY,2016-05-23,122.0,,SAND & GRAVEL,ROTARY,25.0,70.0,117.0,,2057170
462423,W,DOMESTIC,-84.40915,40.30067,GLOBAL POSITIONING SYSTEM,SHELBY,CYNTHIAN,2016-07-14,202.0,,LIMESTONE,ROTARY,15.0,74.0,132.0,128,2057845
462509,W,DOMESTIC,-84.16194,40.42378,GLOBAL POSITIONING SYSTEM,SHELBY,DINSMORE,2017-08-10,82.0,,SAND & GRAVEL,ROTARY,10.0,23.0,79.0,,2063691
462652,W,DOMESTIC,-84.142009,40.396251,DIGITAL MAP,SHELBY,DINSMORE,1999-08-25,222.0,,LIMESTONE,ROTARY,20.0,42.0,138.0,130,899140
462698,W,DOMESTIC,-84.39739,40.227129999999995,GLOBAL POSITIONING SYSTEM,SHELBY,LORAMIE,2019-11-25,182.0,,LIMESTONE,ROTARY,9.0,21.0,103.0,,2076962
462817,W,DOMESTIC,-84.303105,40.307068,DIGITAL MAP,SHELBY,CYNTHIAN,1998-10-08,162.0,,LIMESTONE,ROTARY,25.0,66.0,122.0,116,883691
462863,W,DOMESTIC,-84.135694,40.389103,DIGITAL MAP,SHELBY,FRANKLIN,2000-08-22,52.0,,GRAVEL & SAND,ROTARY,20.0,19.0,,,920800
462877,W,DOMESTIC,-84.01365,40.402159999999995,GLOBAL POSITIONING SYSTEM,SHELBY,JACKSON,2018-06-29,75.0,,SAND & GRAVEL,ROTARY,20.0,17.0,72.0,,2068582
462934,W,DOMESTIC,-84.24694699999999,40.284718,DIGITAL MAP,SHELBY,TURTLE CREEK,2000-05-22,127.0,1030.4000244140625,LIMESTONE,ROTARY,18.0,21.0,61.5,50,915377
462935,W,DOMESTIC,-84.281671,40.239204,DIGITAL MAP,SHELBY,WASHINGTON,1998-09-15,185.0,,LIMESTONE,ROTARY,25.0,93.0,153.0,53,881865
463142,W,DOMESTIC,-84.08970000000001,40.311,GLOBAL POSITIONING SYSTEM,SHELBY,SALEM,2019-01-15,43.0,,SAND & GRAVEL,ROTARY,15.0,15.0,40.0,,2071837
463151,W,DOMESTIC,-84.43059199999999,40.212157,DIGITAL MAP,SHELBY,LORAMIE,2000-02-04,98.0,,GRAVEL & SAND,AIR ROTARY,20.0,19.0,95.5,,908465
463263,W,DOMESTIC,-84.26375,40.394279999999995,GLOBAL POSITIONING SYSTEM,SHELBY,VAN BUREN,2019-03-20,123.0,,LIMESTONE,ROTARY,45.0,16.0,70.0,,2072607
468268,W,,-84.14799699999999,40.191449999999996,DIGITIZED,SHELBY,ORANGE,1957-03-07,32.0,1052.300048828125,GRAVEL,,,10.0,32.0,,184899
468269,W,,-84.164366,40.236604,DIGITIZED,SHELBY,ORANGE,1962-05-01,102.0,1023.9000244140625,GRAVEL,,15.0,58.0,102.0,,271843
468270,W,,-84.162446,40.236090999999995,DIGITIZED,SHELBY,ORANGE,1965-05-19,105.0,1027.800048828125,GRAVEL,,12.0,58.0,105.0,,334312
468281,W,DOMESTIC,-84.247281,40.232549,,SHELBY,WASHINGTON,1993-08-13,85.0,931.7999877929688,GRAVEL & SAND,ROTARY,20.0,41.0,81.0,,777272
468371,W,,-84.15561699999999,40.269265999999995,DIGITIZED,SHELBY,CLINTON,1942-06-10,46.0,1079.699951171875,LIMESTONE,,,6.0,,18,9975009
468383,W,,-84.33421899999999,40.245349,DIGITIZED,SHELBY,LORAMIE,1948-07-01,132.0,932.2000122070312,GRAVEL,,16.0,40.0,132.0,,42422
468384,W,,-84.406014,40.235898,DIGITIZED,SHELBY,LORAMIE,1950-02-08,84.0,976.0999755859375,LIMESTONE,,8.0,20.0,53.0,40,75108
468389,W,,-84.41417299999999,40.251068,DIGITIZED,SHELBY,LORAMIE,1968-06-05,124.0,1018.7999877929688,LIMESTONE,,10.0,56.0,110.0,110,378752
468394,W,,-84.169619,40.393661,,SHELBY,FRANKLIN,1987-10-22,120.0,1051.300048828125,GRAVEL/SAND/CLAY,,200.0,58.6,98.0,65,651616
468395,W,DOMESTIC,-84.29313599999999,40.28273,,SHELBY,CYNTHIAN,1991-05-20,198.0,1005.2999877929688,LIMESTONE,ROTARY,20.0,62.0,127.0,123,732267
468396,W,,-84.079714,40.210698,DIGITIZED,SHELBY,GREEN,1953-07-04,110.0,1101.300048828125,GRAVEL,,,38.2,110.0,,103259
468411,W,,-84.18177299999999,40.278501,DIGITIZED,SHELBY,CLINTON,1965-12-10,300.0,826.5999755859375,SHALE,,90.0,60.0,118.0,111,336611
468413,W,DOMESTIC,-84.38323,40.21159,GEOCODE,SHELBY,LORAMIE,1992-04-10,129.0,972.2999877929688,SAND & GRAVEL,ROTARY,25.0,14.0,121.0,,748074
468414,W,DOMESTIC,-84.38265,40.23347,GEOCODE,SHELBY,LORAMIE,1992-06-25,123.0,974.9000244140625,SAND & GRAVEL,ROTARY,20.0,32.0,121.0,,756607
468415,W,DOMESTIC,-84.329825,40.255674,,SHELBY,LORAMIE,1993-08-04,124.0,932.7999877929688,SAND & GRAVEL,ROTARY,40.0,6.0,120.0,,777185
468416,W,,-84.074221,40.431925,DIGITIZED,SHELBY,JACKSON,1961-04-15,73.0,1037.800048828125,SAND & GRAVEL,,8.0,23.0,73.0,,249778
468417,W,,-84.093288,40.395573,DIGITIZED,SHELBY,JACKSON,1964-01-11,118.0,1056.0,SAND & GRAVEL,,20.0,75.0,119.0,,305705
468418,W,,-84.042868,40.434363999999995,DIGITIZED,SHELBY,JACKSON,1967-11-03,52.0,1035.300048828125,SAND & GRAVEL,,300.0,18.0,44.0,,9975002
468419,W,,-84.083344,40.303929,DIGITIZED,SHELBY,PERRY,1955-09-19,125.0,869.9000244140625,GRAVEL,,,33.0,126.0,,82646
468420,W,,-84.340265,40.370413,DIGITIZED,SHELBY,MCLEAN,1958-10-01,93.0,957.2000122070312,GRAVEL,,12.0,16.0,93.0,,224751
468421,W,,-84.358147,40.356631,DIGITIZED,SHELBY,MCLEAN,1959-02-23,83.0,958.5,GRAVEL,,21.0,13.0,83.0,,228002
468422,W,,-84.40244,40.356033,DIGITIZED,SHELBY,MCLEAN,1966-09-02,116.0,953.0,GRAVEL,,35.0,16.0,116.0,,345969
468423,W,,-84.344978,40.369341999999996,DIGITIZED,SHELBY,MCLEAN,1969-05-23,89.0,956.5999755859375,GRAVEL,,12.0,14.0,89.0,,378793
468424,W,,-84.414037,40.233540999999995,DIGITIZED,SHELBY,LORAMIE,1956-04-20,44.0,973.7000122070312,GRAVEL,,15.0,10.0,44.0,,151409
468425,W,,-84.33299199999999,40.242346,DIGITIZED,SHELBY,LORAMIE,1958-03-14,44.0,960.5,GRAVEL,,10.0,19.0,44.0,,220304
468426,W,,-84.409318,40.234244,DIGITIZED,SHELBY,LORAMIE,1963-05-18,67.0,968.4000244140625,LIMESTONE,,12.0,10.0,55.0,55,271495
468427,W,,-84.408309,40.226689,DIGITIZED,SHELBY,LORAMIE,1963-04-06,47.0,978.2999877929688,GRAVEL,,12.0,16.0,47.0,,271482
468428,W,,-84.229902,40.442039,DIGITIZED,SHELBY,VAN BUREN,1956-05-18,67.0,989.9000244140625,SAND & GRAVEL,,24.0,40.0,68.0,,161203
468429,W,,-84.2273,40.409107999999996,DIGITIZED,SHELBY,VAN BUREN,1955-09-09,117.0,978.7999877929688,GRAVEL,,12.0,27.0,117.0,,82645
468433,W,,-84.28931,40.21629,DIGITIZED,SHELBY,WASHINGTON,1964-08-19,144.0,986.7000122070312,GRAVEL,,10.0,80.0,144.0,,327253
468512,W,,-84.215983,40.286814,DIGITIZED,SHELBY,TURTLE CREEK,1951-04-20,78.0,991.7999877929688,LIMESTONE,,20.0,17.0,51.0,48,47949
468514,W,,-84.327153,40.29152,DIGITIZED,SHELBY,CYNTHIAN,1964-12-07,165.0,981.9000244140625,GRAVEL,,12.0,51.0,165.0,,327273
468515,W,,-84.12673099999999,40.46944,DIGITIZED,SHELBY,DINSMORE,1962-05-06,176.0,1019.0999755859375,LIMESTONE,,,40.0,154.0,153,251575
468517,W,,-84.13606399999999,40.277556,DIGITIZED,SHELBY,CLINTON,1957-10-15,203.0,529.5,LIMESTONE,,8.0,110.0,125.0,124,179344
468518,W,,-84.19972,40.285756,DIGITIZED,SHELBY,CLINTON,1962-06-29,101.0,1004.9000244140625,LIMESTONE,,12.0,60.0,101.0,95,272677
468520,W,,-84.19972,40.284816,DIGITIZED,SHELBY,CLINTON,1963-05-20,88.0,981.7000122070312,SAND & GRAVEL,,12.0,45.0,88.0,,272695
470446,W,DOMESTIC,-84.07588,40.381009999999996,GEOCODE,SHELBY,SALEM,1997-10-10,68.0,1046.5999755859375,GRAVEL,ROTARY,18.0,34.0,66.0,,864555
470497,W,DOMESTIC,-84.28905999999999,40.307700000000004,GEOCODE,SHELBY,CYNTHIAN,1997-10-29,156.0,1007.4000244140625,LIMESTONE,ROTARY,20.0,64.0,108.0,102,867109
470581,W,AGRIC/IRRIG,-84.29299,40.35844,GEOCODE,SHELBY,MCLEAN,1998-01-20,162.0,982.7000122070312,LIMESTONE,ROTARY,35.0,37.0,94.0,86,867195
470604,W,DOMESTIC,-84.24040000000001,40.379529999999995,GEOCODE,SHELBY,TURTLE CREEK,1998-02-06,70.0,991.2000122070312,SAND & GRAVEL,ROTARY,25.0,32.0,67.0,,871216
471102,W,DOMESTIC,-84.33134,40.239959999999996,GEOCODE,SHELBY,LORAMIE,2001-08-13,182.0,970.4000244140625,LIMESTONE,ROTARY,20.0,44.0,140.0,131,934635
471465,W,DOMESTIC,-84.3439,40.36914,GEOCODE,SHELBY,MCLEAN,2001-07-11,132.0,959.0999755859375,LIMESTONE,ROTARY,20.0,27.0,103.0,95,931710
471630,W,DOMESTIC,-84.13257999999999,40.346824,GEOCODE,SHELBY,FRANKLIN,2001-06-14,239.0,962.0999755859375,GRAVEL & SAND,ROTARY,20.0,49.0,237.0,,931668
471953,W,DOMESTIC,-84.22558,40.2402,GEOCODE,SHELBY,WASHINGTON,2002-04-02,134.0,986.2999877929688,LIMESTONE,ROTARY,15.0,15.0,71.0,61,942343
471998,W,DOMESTIC,-84.191462,40.250876999999996,GEOCODE,SHELBY,CLINTON,2002-09-10,160.0,891.2999877929688,CLAY/SAND/GRAVEL,ROTARY,18.0,54.0,85.0,72,951744
472157,W,,-84.135414,40.271522999999995,DIGITIZED,SHELBY,CLINTON,1962-11-01,169.0,1066.300048828125,LIMESTONE,,8.0,96.0,143.0,141,272686
472204,W,DOMESTIC,-84.27320999999999,40.30055,GLOBAL POSITIONING SYSTEM,SHELBY,TURTLE CREEK,2003-08-27,198.0,1030.5999755859375,LIMESTONE,ROTARY,15.0,76.0,108.0,103,965194
472367,W,DOMESTIC,-84.39198999999999,40.35662,GLOBAL POSITIONING SYSTEM,SHELBY,MCLEAN,2003-04-29,270.0,952.4000244140625,SHALE,ROTARY,15.0,25.0,167.0,211,961819
472396,W,DOMESTIC,-84.09418,40.345569999999995,GLOBAL POSITIONING SYSTEM,SHELBY,SALEM,2003-11-05,113.0,1069.199951171875,GRAVEL & SAND,ROTARY,50.0,62.0,110.0,,970602
472405,W,DOMESTIC,-84.17468,40.233109999999996,GLOBAL POSITIONING SYSTEM,SHELBY,ORANGE,2003-06-06,103.0,1019.4000244140625,GRAVEL & SAND,ROTARY,20.0,50.0,101.0,,961866
472421,W,DOMESTIC,-84.16467999999999,40.46563,GLOBAL POSITIONING SYSTEM,SHELBY,DINSMORE,2004-01-08,65.0,998.2000122070312,SAND & GRAVEL,ROTARY,2.0,23.0,62.0,,970526
472487,W,,-84.35512399999999,40.356792999999996,DIGITIZED,SHELBY,MCLEAN,1969-03-14,106.0,957.5999755859375,LIMESTONE,,45.0,30.0,100.0,100,336551
472496,W,DOMESTIC,-84.41094,40.22905,GLOBAL POSITIONING SYSTEM,SHELBY,LORAMIE,2004-04-21,169.0,978.5999755859375,LIMESTONE & SHALE,ROTARY,10.0,22.0,94.0,90,979955
472625,W,DOMESTIC,-84.32959,40.2509,GLOBAL POSITIONING SYSTEM,SHELBY,LORAMIE,2004-11-02,45.0,945.5,GRAVEL & SAND,ROTARY,15.0,31.0,432.0,,987719
472707,W,DOMESTIC,-84.29826,40.4056,GLOBAL POSITIONING SYSTEM,SHELBY,MCLEAN,2004-07-13,131.0,974.5999755859375,LIMESTONE,,60.0,27.0,85.0,80,982821
472708,W,DOMESTIC,-84.16569,40.33352,GLOBAL POSITIONING SYSTEM,SHELBY,FRANKLIN,2004-06-22,91.0,1031.199951171875,GRAVEL & SAND,ROTARY,20.0,45.0,89.0,,979944
472780,W,DOMESTIC,-84.09639,40.23901,GLOBAL POSITIONING SYSTEM,SHELBY,GREEN,2004-08-23,119.0,1082.4000244140625,SAND & GRAVEL,ROTARY,100.0,27.0,117.0,,984725
472923,W,DOMESTIC,-84.37715,40.19788,GLOBAL POSITIONING SYSTEM,SHELBY,LORAMIE,2004-12-06,112.0,983.0,,ROTARY,100.0,15.0,111.0,,987687
472995,W,DOMESTIC,-84.26820000000001,40.391909999999996,GLOBAL POSITIONING SYSTEM,SHELBY,VAN BUREN,2004-07-08,153.0,966.0,LIMESTONE,ROTARY,18.0,14.0,82.0,73,982809
473272,W,DOMESTIC,-84.33914999999999,40.22705,GLOBAL POSITIONING SYSTEM,SHELBY,LORAMIE,2005-09-19,148.0,966.9000244140625,LIMESTONE,ROTARY,60.0,28.0,86.0,121,999759
473293,W,DOMESTIC,-84.36328,40.36638,GLOBAL POSITIONING SYSTEM,SHELBY,MCLEAN,2005-10-04,78.0,956.4000244140625,SAND & GRAVEL,ROTARY,20.0,24.0,76.0,,997752
473336,W,PRESSURE RELIEF,-84.2419,40.2136,GLOBAL POSITIONING SYSTEM,SHELBY,WASHINGTON,2006-03-16,31.0,904.5999755859375,SAND & GRAVEL,BUCKET AUGER,,,17.0,,2002252
473460,W,DOMESTIC,-84.03429,40.22054,GLOBAL POSITIONING SYSTEM,SHELBY,GREEN,2005-08-08,113.0,1117.9000244140625,GRAVEL & SAND,ROTARY,18.0,48.0,110.0,,995932
473461,W,DOMESTIC,-84.40489,40.23095,GLOBAL POSITIONING SYSTEM,SHELBY,LORAMIE,2005-07-28,142.0,975.4000244140625,LIMESTONE & SHALE,ROTARY,17.0,17.0,65.0,130,995918
473462,W,DOMESTIC,-84.07024,40.28078,GLOBAL POSITIONING SYSTEM,SHELBY,PERRY,2005-08-05,111.0,1066.199951171875,GRAVEL & SAND,ROTARY,110.0,24.0,110.0,,995926
474039,W,AGRIC/IRRIG,-84.25860999999999,40.359809999999996,GLOBAL POSITIONING SYSTEM,SHELBY,TURTLE CREEK,2006-09-13,95.0,997.7999877929688,GRAVEL & SAND,ROTARY,55.0,40.0,92.0,,2005107
474041,W,DOMESTIC,-84.08215,40.311433,,SHELBY,PERRY,2006-08-31,190.0,1053.800048828125,,ROTARY,,,,,1004562
474719,W,AGRIC/IRRIG,-84.17490000000001,40.428889999999996,GLOBAL POSITIONING SYSTEM,SHELBY,DINSMORE,2007-03-08,231.0,1009.5,LIMESTONE,ROTARY,85.0,39.0,161.0,157,2008556
474765,W,DOMESTIC,-84.26080999999999,40.329409999999996,GLOBAL POSITIONING SYSTEM,SHELBY,TURTLE CREEK,2007-09-18,182.0,1013.7999877929688,LIMESTONE,ROTARY,35.0,54.4,101.0,96,2012501
474865,W,DOMESTIC,-84.33354,40.24241,GLOBAL POSITIONING SYSTEM,SHELBY,LORAMIE,2006-10-06,128.0,964.7000122070312,GRAVEL & SAND,ROTARY,100.0,37.0,125.0,,2006108
475046,W,,-84.411243,40.234711,DIGITIZED,SHELBY,LORAMIE,1954-07-05,79.0,969.2999877929688,LIMESTONE,,25.0,6.0,,78,100760
475209,W,,-84.171042,40.384139999999995,DGS SURFICIAL MAPPING,SHELBY,FRANKLIN,1948-06-12,999.0,1055.199951171875,,,24.0,52.0,32.0,,23447
475491,W,OBSERVATION,-84.253867,40.234083,GLOBAL POSITIONING SYSTEM,SHELBY,WASHINGTON,2008-08-06,132.0,900.5,SILT/SAND/GRAVEL,AUGER,,9.0,122.0,,2020300
475650,W,DOMESTIC,-84.37628,40.2132,GLOBAL POSITIONING SYSTEM,SHELBY,LORAMIE,2009-11-30,135.0,974.9000244140625,GRAVEL & SAND,ROTARY,25.0,24.7,133.0,,2025168
475660,W,DOMESTIC,-84.20448999999999,40.369009999999996,GLOBAL POSITIONING SYSTEM,SHELBY,FRANKLIN,2009-02-16,202.0,1028.5999755859375,LIMESTONE,ROTARY,45.0,52.1,146.0,139,2021123
475670,W,DOMESTIC,-84.10003999999999,40.40837,GLOBAL POSITIONING SYSTEM,SHELBY,JACKSON,2009-08-26,65.0,1036.300048828125,GRAVEL & SAND,ROTARY,100.0,18.3,62.0,,2023696
475739,W,DOMESTIC,-84.26154,40.39151,GLOBAL POSITIONING SYSTEM,SHELBY,VAN BUREN,2008-01-28,175.0,966.4000244140625,LIMESTONE,ROTARY,120.0,18.6,73.0,58,2014907
475917,W,DRY/NO WATER,-84.09622999999999,40.31971,GLOBAL POSITIONING SYSTEM,SHELBY,PERRY,2008-02-06,286.0,1044.0999755859375,CLAY,ROTARY,,,,,2015044
476082,W,DOMESTIC,-84.207399,40.306526999999996,GLOBAL POSITIONING SYSTEM,SHELBY,CLINTON,2011-08-04,139.0,880.5,LIMESTONE,ROTARY,50.0,25.0,87.0,83,2033679
476141,W,DOMESTIC,-84.10925999999999,40.364000000000004,GLOBAL POSITIONING SYSTEM,SHELBY,SALEM,2012-02-02,302.0,1066.4000244140625,LIMESTONE,ROTARY,60.0,57.0,258.0,246,2036385
476418,W,DOMESTIC,-84.172778,40.215556,GLOBAL POSITIONING SYSTEM,SHELBY,ORANGE,2011-08-09,83.0,1014.5999755859375,GRAVEL,AIR ROTARY,65.0,41.0,80.0,,2033816
476432,W,DOMESTIC,-84.373,40.315000000000005,GLOBAL POSITIONING SYSTEM,SHELBY,CYNTHIAN,2012-10-04,248.0,981.5,LIMESTONE,AIR ROTARY,75.0,50.0,136.0,128,2040010
476441,W,DOMESTIC,-84.33896999999999,40.366009999999996,GLOBAL POSITIONING SYSTEM,SHELBY,MCLEAN,2012-05-14,84.0,956.4000244140625,SAND & GRAVEL,ROTARY,100.0,22.8,81.0,,2037577
476541,W,DOMESTIC,-84.28004,40.45116,GLOBAL POSITIONING SYSTEM,SHELBY,VAN BUREN,2010-10-01,94.0,976.7000122070312,SAND & GRAVEL,ROTARY,60.0,52.5,92.0,,2029193
476613,W,AGRIC/IRRIG,-84.05064,40.35308,GLOBAL POSITIONING SYSTEM,SHELBY,SALEM,2012-08-03,92.0,1048.4000244140625,GRAVEL,ROTARY,27.0,53.7,89.0,,2038885
476693,W,AGRIC/IRRIG,-84.27203,40.33085,GLOBAL POSITIONING SYSTEM,SHELBY,TURTLE CREEK,2013-07-08,295.0,1013.7999877929688,LIMESTONE,ROTARY,45.0,59.5,106.0,98,2043538
476781,W,DOMESTIC,-84.06766999999999,40.266929999999995,GLOBAL POSITIONING SYSTEM,SHELBY,PERRY,2013-06-12,102.0,1069.0999755859375,SAND & GRAVEL,ROTARY,120.0,13.8,98.0,,2043228
476846,W,DOMESTIC,-84.13615,40.27986,GLOBAL POSITIONING SYSTEM,SHELBY,CLINTON,2016-07-06,230.0,,LIMESTONE,ROTARY,20.0,117.0,141.0,131,2057685
476921,W,DOMESTIC,-84.1205,40.39402,GLOBAL POSITIONING SYSTEM,SHELBY,FRANKLIN,2015-02-27,73.0,1035.699951171875,SAND & GRAVEL,ROTARY,20.0,25.0,70.0,,2051180
477024,W,DOMESTIC,-84.26053,40.39384,GLOBAL POSITIONING SYSTEM,SHELBY,VAN BUREN,2015-01-16,138.0,967.5999755859375,LIMESTONE,ROTARY,40.0,19.5,67.0,61,2050783
477046,W,AGRIC/IRRIG,-84.1525,40.23775,GLOBAL POSITIONING SYSTEM,SHELBY,ORANGE,2015-09-11,130.0,1037.699951171875,GRAVEL,MUD ROTARY,15.0,55.0,127.0,,2053715
477436,W,,-84.229896,40.265419,,SHELBY,WASHINGTON,1973-02-28,81.0,807.4000244140625,LIMESTONE,,15.0,35.0,76.0,76,448431
477439,W,DOMESTIC,-84.0288,40.3403,GLOBAL POSITIONING SYSTEM,SHELBY,SALEM,2017-09-27,260.0,,LIMESTONE,ROTARY,40.0,61.0,242.0,242,2064708
477525,W,DOMESTIC,-84.199708,40.285343999999995,DIGITAL MAP,SHELBY,CLINTON,1999-09-08,161.0,1050.4000244140625,LIMESTONE,ROTARY,20.0,63.0,107.0,101,902887
477674,W,DOMESTIC,-84.337766,40.271527,DIGITAL MAP,SHELBY,CYNTHIAN,1998-07-20,121.0,,GRAVEL & SAND,ROTARY,20.0,50.0,119.0,,880721
477675,W,DOMESTIC,-84.371838,40.319769,DIGITAL MAP,SHELBY,CYNTHIAN,1998-03-06,96.0,,GRAVEL & SAND,ROTARY,20.0,46.0,94.0,,871249
477677,W,DOMESTIC,-84.18879,40.251187,DIGITAL MAP,SHELBY,CLINTON,1998-11-05,142.0,817.2999877929688,LIMESTONE,ROTARY,18.0,63.0,78.0,72,886470
477682,W,DOMESTIC,-84.13643499999999,40.451693,DIGITAL MAP,SHELBY,DINSMORE,1999-08-02,90.0,,GRAVEL & SAND,ROTARY,20.0,42.0,79.0,,899096
477683,W,DOMESTIC,-84.135093,40.385912,DIGITAL MAP,SHELBY,FRANKLIN,1999-07-28,86.0,,GRAVEL & SAND,ROTARY,75.0,16.0,84.5,,899087
477727,W,DOMESTIC,-84.412325,40.212630999999995,DIGITAL MAP,SHELBY,LORAMIE,1998-10-26,50.0,,GRAVEL,AIR ROTARY,20.0,19.0,47.0,,881827
477798,W,DOMESTIC,-84.021382,40.41823,DIGITAL MAP,SHELBY,JACKSON,2000-04-14,56.0,,GRAVEL & SAND,AIR ROTARY,20.0,15.0,54.0,,912281
477803,W,DOMESTIC,-84.274474,40.427105,DIGITAL MAP,SHELBY,VAN BUREN,2000-06-13,119.0,,GRAVEL & SAND,ROTARY,18.0,51.0,116.5,,915408
477861,W,DOMESTIC,-84.20815999999999,40.290788,DIGITAL MAP,SHELBY,TURTLE CREEK,1998-09-27,118.0,,LIMESTONE,ROTARY,20.0,41.0,82.60000000000001,78,902927
477869,W,DOMESTIC,-84.23950099999999,40.373816999999995,DIGITAL MAP,SHELBY,TURTLE CREEK,1998-10-26,169.0,,LIMESTONE,ROTARY,20.0,29.0,94.60000000000001,86,886448
477981,W,DOMESTIC,-84.297069,40.461109,DIGITAL MAP,SHELBY,VAN BUREN,1999-06-12,158.0,,LIMESTONE,ROTARY,15.0,30.0,97.0,91,889207
477996,W,DOMESTIC,-84.14348,40.42574,GLOBAL POSITIONING SYSTEM,SHELBY,DINSMORE,2018-07-18,105.0,,SAND & GRAVEL,ROTARY,20.0,51.0,102.0,,2068867
478153,W,AGRIC/IRRIG,-84.027,40.212433,GLOBAL POSITIONING SYSTEM,SHELBY,GREEN,2017-12-26,190.0,,LIMESTONE,ROTARY,50.0,56.0,142.0,140,2066423
478171,W,DOMESTIC,-84.409537,40.277685,DIGITAL MAP,SHELBY,CYNTHIAN,2000-07-21,182.0,,LIMESTONE,ROTARY,18.0,54.0,104.0,97,918092
478173,W,DOMESTIC,-84.07485,40.377733,GLOBAL POSITIONING SYSTEM,SHELBY,SALEM,2018-02-13,77.0,,SAND & GRAVEL,ROTARY,30.0,28.0,75.0,,2066837
478175,W,DOMESTIC,-84.340372,40.371027999999995,DIGITAL MAP,SHELBY,MCLEAN,2000-03-17,168.0,,LIMESTONE,AIR ROTARY,20.0,24.0,118.0,113,912352
478180,W,DOMESTIC,-84.06206999999999,40.194610999999995,DIGITAL MAP,SHELBY,GREEN,2000-01-17,133.0,,GRAVEL & SAND,ROTARY,20.0,33.0,130.5,,908444
478181,W,DOMESTIC,-84.041069,40.185613,DIGITAL MAP,SHELBY,GREEN,1999-11-29,135.0,,GRAVEL & SAND,ROTARY,50.0,26.0,133.0,,905971
